Date,Open,High,Low,Close,Adj Close,Volume,Dividends,Stock Splits
2017-04-03,30.030000686645508,31.5,30.030000686645508,31.0,26.735559463500977,15500,0.0,0.0
2017-04-04,32.0,32.5,26.510000228881836,27.25,23.50141716003418,3711300,0.0,0.0
2017-04-05,27.989999771118164,28.5,26.0,28.0,24.14824676513672,3178500,0.0,0.0
2017-04-06,28.149999618530273,28.6200008392334,27.010000228881836,27.549999237060547,23.760149002075195,1614400,0.0,0.0
2017-04-07,27.450000762939453,27.881999969482422,27.1200008392334,27.56999969482422,23.77739715576172,418400,0.0,0.0
2017-04-10,28.0,28.469999313354492,27.260000228881836,27.979999542236328,24.13098907470703,816300,0.0,0.0
2017-04-11,27.649999618530273,27.899999618530273,27.020000457763672,27.489999771118164,23.70840072631836,593500,0.0,0.0
2017-04-12,27.43000030517578,27.610000610351562,25.479999542236328,25.75,22.207763671875,1003000,0.0,0.0
2017-04-13,25.780000686645508,25.889999389648438,23.280000686645508,23.81999969482422,20.543254852294922,3700900,0.0,0.0
2017-04-17,23.950000762939453,23.989999771118164,22.610000610351562,23.420000076293945,20.198286056518555,1934800,0.0,0.0
2017-04-18,23.40999984741211,24.649999618530273,23.40999984741211,24.0,20.698495864868164,3042200,0.0,0.0
2017-04-19,24.5,25.149999618530273,24.43000030517578,24.940000534057617,21.509187698364258,1081100,0.0,0.0
2017-04-20,25.059999465942383,25.290000915527344,24.719999313354492,25.0,21.56093406677246,491400,0.0,0.0
2017-04-21,25.1200008392334,25.950000762939453,25.1200008392334,25.690000534057617,22.15601921081543,524600,0.0,0.0
2017-04-24,26.700000762939453,26.950000762939453,26.010000228881836,26.389999389648438,22.759721755981445,261400,0.0,0.0
2017-04-25,26.989999771118164,27.0,25.459999084472656,26.100000381469727,22.509613037109375,544800,0.0,0.0
2017-04-26,26.75,27.0,26.0,26.530000686645508,22.880462646484375,851800,0.0,0.0
2017-04-27,26.729999542236328,26.75,26.030000686645508,26.209999084472656,22.604480743408203,568100,0.0,0.0
2017-04-28,26.5,26.5,25.190000534057617,25.40999984741211,21.91452980041504,415100,0.0,0.0
2017-05-01,25.739999771118164,26.010000228881836,25.309999465942383,25.75,22.207763671875,461800,0.0,0.0
2017-05-02,25.899999618530273,26.5,25.75,26.030000686645508,22.44924545288086,915700,0.0,0.0
2017-05-03,26.049999237060547,26.829999923706055,24.801000595092773,25.06999969482422,21.621307373046875,2050900,0.0,0.0
2017-05-04,25.040000915527344,25.100000381469727,23.780000686645508,23.790000915527344,20.517385482788086,4993400,0.0,0.0
2017-05-05,24.15999984741211,24.360000610351562,23.6299991607666,23.959999084472656,20.66399574279785,1169100,0.0,0.0
2017-05-08,24.0,24.704999923706055,23.8799991607666,24.200000762939453,20.870981216430664,1351200,0.0,0.0
2017-05-09,24.229999542236328,25.079999923706055,24.110000610351562,24.959999084472656,21.52643585205078,708800,0.0,0.0
2017-05-10,24.959999084472656,25.6299991607666,24.690000534057617,25.260000228881836,21.78516960144043,990900,0.0,0.0
2017-05-11,25.139999389648438,25.34000015258789,24.530000686645508,24.739999771118164,21.336698532104492,560300,0.0,0.0
2017-05-12,24.6200008392334,25.09000015258789,24.450000762939453,25.010000228881836,21.569562911987305,536000,0.0,0.0
2017-05-15,24.969999313354492,25.25,24.639999389648438,24.760000228881836,21.35394859313965,450500,0.0,0.0
2017-05-16,24.639999389648438,24.889999389648438,23.829999923706055,24.1299991607666,20.81060791015625,1434300,0.0,0.0
2017-05-17,23.969999313354492,24.469999313354492,22.969999313354492,23.399999618530273,20.181034088134766,931700,0.0,0.0
2017-05-18,23.329999923706055,24.190000534057617,22.8700008392334,23.459999084472656,20.23278045654297,582300,0.0,0.0
2017-05-19,23.209999084472656,24.06399917602539,23.100000381469727,23.299999237060547,20.094789505004883,736700,0.0,0.0
2017-05-22,23.350000381469727,23.75,23.06999969482422,23.290000915527344,20.086166381835938,1002200,0.0,0.0
2017-05-23,23.350000381469727,23.860000610351562,23.079999923706055,23.56999969482422,20.32765007019043,720800,0.0,0.0
2017-05-24,23.510000228881836,24.479999542236328,23.329999923706055,24.0,20.698495864868164,511200,0.0,0.0
2017-05-25,24.280000686645508,24.600000381469727,23.56999969482422,23.969999313354492,20.672626495361328,715900,0.0,0.0
2017-05-26,23.93000030517578,24.760000228881836,23.740999221801758,24.760000228881836,21.35394859313965,551200,0.0,0.0
2017-05-30,24.84000015258789,24.93000030517578,24.459999084472656,24.84000015258789,21.422943115234375,610000,0.0,0.0
2017-05-31,24.790000915527344,24.790000915527344,23.90999984741211,24.290000915527344,20.948604583740234,463900,0.0,0.0
2017-06-01,24.299999237060547,24.450000762939453,23.520000457763672,24.1299991607666,20.81060791015625,570300,0.0,0.0
2017-06-02,24.15999984741211,24.15999984741211,22.799999237060547,23.399999618530273,20.181034088134766,1578700,0.0,0.0
2017-06-05,23.510000228881836,24.100000381469727,23.270999908447266,24.0,20.698495864868164,1154900,0.0,0.0
2017-06-06,24.020000457763672,24.774999618530273,23.959999084472656,24.25,20.914106369018555,786800,0.0,0.0
2017-06-07,24.200000762939453,24.899999618530273,23.790000915527344,24.239999771118164,20.905481338500977,1127000,0.0,0.0
2017-06-08,24.139999389648438,24.290000915527344,23.600000381469727,23.790000915527344,20.517385482788086,796300,0.0,0.0
2017-06-09,23.770000457763672,24.639999389648438,23.68000030517578,24.43000030517578,21.069345474243164,1202400,0.0,0.0
2017-06-12,24.43000030517578,24.905000686645508,24.229999542236328,24.770000457763672,21.36256980895996,1064200,0.0,0.0
2017-06-13,24.68000030517578,25.68000030517578,24.600000381469727,25.1200008392334,21.664424896240234,1554900,0.0,0.0
2017-06-14,25.229999542236328,26.18000030517578,25.12299919128418,25.6299991607666,22.104265213012695,1686900,0.0,0.0
2017-06-15,25.540000915527344,25.610000610351562,23.670000076293945,24.100000381469727,20.78474235534668,1417800,0.0,0.0
2017-06-16,24.100000381469727,24.100000381469727,22.59000015258789,23.459999084472656,20.23278045654297,9049900,0.0,0.0
2017-06-19,23.479999542236328,23.610000610351562,22.87700080871582,23.510000228881836,20.27589988708496,1111500,0.0,0.0
2017-06-20,23.270000457763672,23.5,22.770000457763672,23.40999984741211,20.189653396606445,935700,0.0,0.0
2017-06-21,23.40999984741211,23.579999923706055,23.0,23.360000610351562,20.146535873413086,1244500,0.0,0.0
2017-06-22,23.440000534057617,23.809999465942383,23.170000076293945,23.440000534057617,20.215530395507812,964800,0.0,0.0
2017-06-23,23.40999984741211,23.40999984741211,22.579999923706055,23.010000228881836,19.844680786132812,6528500,0.0,0.0
2017-06-26,22.899999618530273,23.459999084472656,22.760000228881836,23.309999465942383,20.103418350219727,1352900,0.0,0.0
2017-06-27,23.510000228881836,23.8700008392334,23.290000915527344,23.489999771118164,20.25865364074707,1398000,0.0,0.0
2017-06-28,23.549999237060547,23.739999771118164,23.334999084472656,23.530000686645508,20.293155670166016,714100,0.0,0.0
2017-06-29,23.520000457763672,24.450000762939453,23.420000076293945,24.350000381469727,21.000350952148438,1087400,0.0,0.0
2017-06-30,24.450000762939453,24.600000381469727,24.149999618530273,24.450000762939453,21.08659553527832,932600,0.0,0.0
2017-07-03,24.469999313354492,25.0,24.3700008392334,24.850000381469727,21.43156623840332,544100,0.0,0.0
2017-07-05,24.959999084472656,25.40999984741211,24.559999465942383,25.389999389648438,21.897281646728516,770700,0.0,0.0
2017-07-06,25.31999969482422,25.764999389648438,25.0,25.09000015258789,21.638551712036133,968500,0.0,0.0
2017-07-07,25.09000015258789,25.360000610351562,24.645000457763672,25.309999465942383,21.828289031982422,653300,0.0,0.0
2017-07-10,25.309999465942383,25.78499984741211,24.93000030517578,25.729999542236328,22.190509796142578,562300,0.0,0.0
2017-07-11,25.520000457763672,25.959999084472656,25.420000076293945,25.8799991607666,22.31987762451172,873900,0.0,0.0
2017-07-12,26.200000762939453,26.700000762939453,26.079999923706055,26.3700008392334,22.742475509643555,1179700,0.0,0.0
2017-07-13,26.3799991607666,27.479999542236328,26.34000015258789,27.34000015258789,23.579042434692383,1136000,0.0,0.0
2017-07-14,27.329999923706055,27.8799991607666,27.15999984741211,27.309999465942383,23.55316162109375,844100,0.0,0.0
2017-07-17,27.15999984741211,27.639999389648438,26.850000381469727,26.940000534057617,23.234066009521484,590200,0.0,0.0
2017-07-18,26.760000228881836,27.049999237060547,26.309999465942383,26.3799991607666,22.751096725463867,796900,0.0,0.0
2017-07-19,26.5,27.179000854492188,26.434999465942383,26.920000076293945,23.216815948486328,1299300,0.0,0.0
2017-07-20,27.190000534057617,27.25,26.670000076293945,26.700000762939453,23.027074813842773,1169900,0.0,0.0
2017-07-21,26.959999084472656,27.165000915527344,26.75,26.989999771118164,23.277185440063477,968600,0.0,0.0
2017-07-24,27.239999771118164,27.420000076293945,26.81999969482422,27.25,23.50141716003418,905200,0.0,0.0
2017-07-25,27.399999618530273,27.920000076293945,27.1200008392334,27.350000381469727,23.58765983581543,847300,0.0,0.0
2017-07-26,27.610000610351562,27.799999237060547,27.280000686645508,27.56999969482422,23.77739715576172,741500,0.0,0.0
2017-07-27,27.700000762939453,27.829999923706055,26.840999603271484,27.049999237060547,23.328929901123047,1076100,0.0,0.0
2017-07-28,26.950000762939453,27.459999084472656,26.610000610351562,27.399999618530273,23.630779266357422,687800,0.0,0.0
2017-07-31,27.399999618530273,28.3799991607666,27.200000762939453,28.040000915527344,24.1827449798584,1621500,0.0,0.0
2017-08-01,29.829999923706055,30.950000762939453,29.295000076293945,30.100000381469727,25.959365844726562,4069300,0.0,0.0
2017-08-02,30.299999237060547,30.6299991607666,29.920000076293945,30.209999084472656,26.054229736328125,1031200,0.0,0.0
2017-08-03,30.280000686645508,30.280000686645508,28.639999389648438,28.729999542236328,24.777820587158203,1479400,0.0,0.0
2017-08-04,28.700000762939453,28.780000686645508,28.149999618530273,28.219999313354492,24.337980270385742,1724400,0.0,0.0
2017-08-07,28.25,29.239999771118164,28.25,29.010000228881836,25.019306182861328,1484800,0.0,0.0
2017-08-08,29.059999465942383,29.59000015258789,28.719999313354492,28.760000228881836,24.80369758605957,764700,0.0,0.0
2017-08-09,28.729999542236328,28.93000030517578,28.25,28.420000076293945,24.51047134399414,852900,0.0,0.0
2017-08-10,28.40999984741211,28.535999298095703,28.145000457763672,28.40999984741211,24.501842498779297,839400,0.0,0.0
2017-08-11,28.219999313354492,28.700000762939453,27.709999084472656,28.25,24.36385726928711,905600,0.0,0.0
2017-08-14,28.479999542236328,28.790000915527344,28.270000457763672,28.530000686645508,24.605342864990234,691900,0.0,0.0
2017-08-15,28.549999237060547,28.649999618530273,28.049999237060547,28.219999313354492,24.337980270385742,1017100,0.0,0.0
2017-08-16,28.219999313354492,28.329999923706055,27.770000457763672,28.209999084472656,24.329357147216797,1659900,0.0,0.0
2017-08-17,28.010000228881836,28.25,27.889999389648438,27.940000534057617,24.096500396728516,542900,0.0,0.0
2017-08-18,27.329999923706055,27.329999923706055,26.729999542236328,27.209999084472656,23.4669189453125,4177200,0.0,0.0
2017-08-21,27.290000915527344,27.940000534057617,27.0,27.84000015258789,24.01025390625,1102100,0.0,0.0
2017-08-22,28.0,28.040000915527344,27.479999542236328,27.479999542236328,23.699779510498047,790600,0.0,0.0
2017-08-23,27.450000762939453,28.15999984741211,27.40999984741211,27.989999771118164,24.13962173461914,1058300,0.0,0.0
2017-08-24,28.049999237060547,28.049999237060547,27.739999771118164,27.809999465942383,23.9843807220459,2470300,0.0,0.0
2017-08-25,28.0,28.15999984741211,27.829999923706055,27.8799991607666,24.044750213623047,1019900,0.0,0.0
2017-08-28,27.8799991607666,28.6200008392334,27.75,28.59000015258789,24.65708351135254,1343100,0.0,0.0
2017-08-29,28.329999923706055,28.520000457763672,27.920000076293945,27.969999313354492,24.122373580932617,1086600,0.0,0.0
2017-08-30,27.950000762939453,28.25,27.84000015258789,28.1200008392334,24.251739501953125,1014200,0.0,0.0
2017-08-31,28.239999771118164,29.170000076293945,28.219999313354492,29.0,25.01068878173828,2325000,0.0,0.0
2017-09-01,29.170000076293945,30.559999465942383,29.170000076293945,30.100000381469727,25.959365844726562,1048900,0.0,0.0
2017-09-05,30.1200008392334,30.299999237060547,29.045000076293945,29.09000015258789,25.088306427001953,682200,0.0,0.0
2017-09-06,30.0,30.280000686645508,29.280000686645508,30.079999923706055,25.94211769104004,894600,0.0,0.0
2017-09-07,30.030000686645508,30.274999618530273,29.030000686645508,29.899999618530273,25.786882400512695,1315500,0.0,0.0
2017-09-08,29.690000534057617,29.809999465942383,29.030000686645508,29.290000915527344,25.260793685913086,1053600,0.0,0.0
2017-09-11,29.440000534057617,30.360000610351562,29.440000534057617,29.600000381469727,25.52814483642578,1033500,0.0,0.0
2017-09-12,29.59000015258789,30.09000015258789,29.520000457763672,29.790000915527344,25.6920108795166,587600,0.0,0.0
2017-09-13,29.709999084472656,30.690000534057617,29.709999084472656,30.610000610351562,26.399208068847656,1130200,0.0,0.0
2017-09-14,30.450000762939453,30.520000457763672,30.059999465942383,30.170000076293945,26.019731521606445,616900,0.0,0.0
2017-09-15,30.170000076293945,30.170000076293945,29.459999084472656,29.579999923706055,25.510896682739258,2550000,0.0,0.0
2017-09-18,29.65999984741211,30.0,29.65999984741211,29.809999465942383,25.70926284790039,612300,0.0,0.0
2017-09-19,29.850000381469727,29.8799991607666,29.149999618530273,29.31999969482422,25.28666114807129,552600,0.0,0.0
2017-09-20,29.350000381469727,29.559999465942383,29.059999465942383,29.09000015258789,25.088306427001953,570200,0.0,0.0
2017-09-21,28.93000030517578,29.520000457763672,28.84000015258789,29.40999984741211,25.364280700683594,1255100,0.0,0.0
2017-09-22,29.149999618530273,30.09000015258789,29.149999618530273,29.520000457763672,25.459150314331055,2369200,0.0,0.0
2017-09-25,29.639999389648438,30.25,29.639999389648438,29.760000228881836,25.6661376953125,1091600,0.0,0.0
2017-09-26,29.690000534057617,30.059999465942383,29.6200008392334,29.68000030517578,25.59714126586914,714500,0.0,0.0
2017-09-27,29.75,30.229999542236328,29.43000030517578,29.520000457763672,25.459150314331055,923700,0.0,0.0
2017-09-28,29.40999984741211,29.559999465942383,29.045000076293945,29.110000610351562,25.10555076599121,738900,0.0,0.0
2017-09-29,29.0,29.1299991607666,28.6200008392334,29.010000228881836,25.019306182861328,1355000,0.0,0.0
2017-10-02,29.110000610351562,30.1299991607666,28.979999542236328,29.899999618530273,25.786882400512695,1284000,0.0,0.0
2017-10-03,29.899999618530273,30.100000381469727,29.440000534057617,29.6200008392334,25.545398712158203,804700,0.0,0.0
2017-10-04,29.530000686645508,29.979999542236328,29.489999771118164,29.6200008392334,25.545398712158203,595100,0.0,0.0
2017-10-05,29.68000030517578,30.420000076293945,29.68000030517578,29.84000015258789,25.73512840270996,746500,0.0,0.0
2017-10-06,29.729999542236328,29.829999923706055,29.389999389648438,29.489999771118164,25.43327522277832,660100,0.0,0.0
2017-10-09,29.6200008392334,29.90999984741211,29.200000762939453,29.34000015258789,25.303911209106445,621300,0.0,0.0
2017-10-10,29.59000015258789,29.8799991607666,28.959999084472656,29.399999618530273,25.35565757751465,734500,0.0,0.0
2017-10-11,29.31999969482422,29.579999923706055,29.100000381469727,29.110000610351562,25.10555076599121,462400,0.0,0.0
2017-10-12,28.979999542236328,29.270000457763672,28.600000381469727,28.6299991607666,24.691579818725586,534200,0.0,0.0
2017-10-13,28.829999923706055,29.219999313354492,28.079999923706055,28.389999389648438,24.484600067138672,919200,0.0,0.0
2017-10-16,28.459999084472656,28.979999542236328,28.459999084472656,28.850000381469727,24.881319046020508,698400,0.0,0.0
2017-10-17,28.860000610351562,29.299999237060547,28.854999542236328,28.989999771118164,25.002058029174805,638400,0.0,0.0
2017-10-18,29.030000686645508,29.219999313354492,28.56999969482422,28.989999771118164,25.002058029174805,902300,0.0,0.0
2017-10-19,28.940000534057617,29.31999969482422,28.84000015258789,29.31999969482422,25.28666114807129,1511200,0.0,0.0
2017-10-20,29.530000686645508,30.059999465942383,29.469999313354492,29.959999084472656,25.838619232177734,1288700,0.0,0.0
2017-10-23,30.020000457763672,30.049999237060547,29.420000076293945,29.43000030517578,25.381528854370117,1228500,0.0,0.0
2017-10-24,29.350000381469727,30.139999389648438,29.350000381469727,30.030000686645508,25.89899253845215,2091800,0.0,0.0
2017-10-25,30.690000534057617,31.700000762939453,30.020000457763672,31.0,26.735559463500977,2456400,0.0,0.0
2017-10-26,31.34000015258789,31.540000915527344,30.360000610351562,30.940000534057617,26.68381118774414,1071300,0.0,0.0
2017-10-27,30.75,31.170000076293945,30.549999237060547,30.690000534057617,26.468204498291016,1177100,0.0,0.0
2017-10-30,30.610000610351562,30.8799991607666,30.260000228881836,30.59000015258789,26.381959915161133,1256000,0.0,0.0
2017-10-31,30.709999084472656,31.040000915527344,30.59000015258789,30.889999389648438,26.64069366455078,1112900,0.0,0.0
2017-11-01,31.030000686645508,32.040000915527344,31.030000686645508,31.729999542236328,27.365137100219727,1571100,0.0,0.0
2017-11-02,31.6299991607666,32.06999969482422,31.440000534057617,31.700000762939453,27.339265823364258,958700,0.0,0.0
2017-11-03,31.579999923706055,31.860000610351562,31.459999084472656,31.549999237060547,27.209901809692383,649000,0.0,0.0
2017-11-06,31.549999237060547,32.0,31.549999237060547,31.8799991607666,27.494504928588867,1000000,0.0,0.0
2017-11-07,31.959999084472656,31.959999084472656,31.524999618530273,31.639999389648438,27.287517547607422,615500,0.0,0.0
2017-11-08,31.510000228881836,31.690000534057617,31.1200008392334,31.520000457763672,27.18402671813965,502100,0.0,0.0
2017-11-09,31.290000915527344,31.799999237060547,30.540000915527344,31.06999969482422,26.795930862426758,907200,0.0,0.0
2017-11-10,30.8799991607666,31.229999542236328,30.829999923706055,31.100000381469727,26.821805953979492,603500,0.0,0.0
2017-11-13,30.989999771118164,31.700000762939453,30.920000076293945,31.18000030517578,26.890798568725586,675900,0.0,0.0
2017-11-14,31.25,31.889999389648438,31.1299991607666,31.389999389648438,27.071908950805664,1866400,0.0,0.0
2017-11-15,31.25,31.420000076293945,30.489999771118164,31.200000762939453,26.90804672241211,1057500,0.0,0.0
2017-11-16,31.18000030517578,31.6299991607666,31.059999465942383,31.440000534057617,27.115028381347656,658000,0.0,0.0
2017-11-17,31.350000381469727,31.594999313354492,31.200000762939453,31.489999771118164,27.158151626586914,1270300,0.0,0.0
2017-11-20,31.489999771118164,32.02000045776367,31.440000534057617,31.969999313354492,27.572120666503906,1250500,0.0,0.0
2017-11-21,32.04999923706055,32.2400016784668,31.8700008392334,31.959999084472656,27.56349754333496,1230100,0.0,0.0
2017-11-22,32.0,32.810001373291016,31.899999618530273,32.11000061035156,27.6928653717041,1598500,0.0,0.0
2017-11-24,32.29999923706055,33.15999984741211,32.29999923706055,32.689998626708984,28.193078994750977,1739600,0.0,0.0
2017-11-27,32.65999984741211,32.79999923706055,31.840999603271484,32.400001525878906,27.942968368530273,820300,0.0,0.0
2017-11-28,32.45000076293945,33.02000045776367,32.369998931884766,32.9900016784668,28.451810836791992,985300,0.0,0.0
2017-11-29,33.0,33.34000015258789,32.86000061035156,32.93000030517578,28.400066375732422,771100,0.0,0.0
2017-11-30,33.27000045776367,33.95000076293945,33.040000915527344,33.310001373291016,28.727794647216797,2890700,0.0,0.0
2017-12-01,33.29999923706055,34.369998931884766,33.29999923706055,33.900001525878906,29.236631393432617,1238600,0.0,0.0
2017-12-04,34.11000061035156,34.470001220703125,33.61000061035156,33.630001068115234,29.003772735595703,1475000,0.0,0.0
2017-12-05,33.779998779296875,34.279998779296875,33.08000183105469,33.18000030517578,28.615673065185547,3159600,0.0,0.0
2017-12-06,33.20000076293945,33.665000915527344,33.189998626708984,33.540000915527344,28.926151275634766,1027800,0.0,0.0
2017-12-07,33.45000076293945,34.130001068115234,33.4109992980957,33.9900016784668,29.314252853393555,957400,0.0,0.0
2017-12-08,34.130001068115234,34.7400016784668,34.060001373291016,34.2400016784668,29.529855728149414,738500,0.0,0.0
2017-12-11,34.43000030517578,35.279998779296875,34.43000030517578,35.189998626708984,30.349170684814453,1331000,0.0,0.0
2017-12-12,35.119998931884766,35.529998779296875,35.06999969482422,35.22999954223633,30.383665084838867,827200,0.0,0.0
2017-12-13,35.310001373291016,35.959999084472656,35.180999755859375,35.81999969482422,30.89250946044922,1609700,0.0,0.0
2017-12-14,35.900001525878906,36.58000183105469,35.45000076293945,35.5099983215332,30.625144958496094,1043100,0.0,0.0
2017-12-15,35.599998474121094,36.04999923706055,35.38999938964844,35.5,30.616527557373047,1395900,0.0,0.0
2017-12-18,35.93000030517578,36.459999084472656,35.72999954223633,36.31999969482422,31.323728561401367,943400,0.0,0.0
2017-12-19,36.400001525878906,36.4900016784668,36.06999969482422,36.400001525878906,31.39272117614746,636400,0.0,0.0
2017-12-20,36.81999969482422,37.36000061035156,36.64500045776367,37.15999984741211,32.04816818237305,1393000,0.0,0.0
2017-12-21,37.15999984741211,38.04999923706055,37.15999984741211,38.0,32.77262878417969,1609700,0.0,0.0
2017-12-22,38.0,38.540000915527344,37.90999984741211,38.45000076293945,33.16071319580078,925200,0.0,0.0
2017-12-26,38.630001068115234,39.150001525878906,38.448001861572266,39.09000015258789,33.712677001953125,908100,0.0,0.0
2017-12-27,39.11000061035156,39.150001525878906,38.68000030517578,38.709999084472656,33.384952545166016,560200,0.0,0.0
2017-12-28,38.84000015258789,39.689998626708984,38.84000015258789,39.540000915527344,34.100772857666016,535200,0.0,0.0
2017-12-29,39.81999969482422,39.85900115966797,39.07500076293945,39.369998931884766,33.954158782958984,598700,0.0,0.0
2018-01-02,39.54999923706055,39.689998626708984,39.20000076293945,39.43000030517578,34.00590133666992,823200,0.0,0.0
2018-01-03,39.619998931884766,39.849998474121094,39.08000183105469,39.150001525878906,33.76442337036133,974100,0.0,0.0
2018-01-04,39.220001220703125,39.52000045776367,38.90999984741211,39.47999954223633,34.04903030395508,485600,0.0,0.0
2018-01-05,39.72999954223633,40.08000183105469,39.5099983215332,39.95000076293945,34.45437240600586,621700,0.0,0.0
2018-01-08,39.79999923706055,40.150001525878906,39.33000183105469,40.0,34.497493743896484,865600,0.0,0.0
2018-01-09,39.959999084472656,39.97999954223633,39.2599983215332,39.84000015258789,34.3594970703125,664000,0.0,0.0
2018-01-10,39.720001220703125,39.88999938964844,39.20000076293945,39.88999938964844,34.402626037597656,1006200,0.0,0.0
2018-01-11,40.060001373291016,40.80500030517578,39.959999084472656,40.29999923706055,34.756221771240234,1661600,0.0,0.0
2018-01-12,40.540000915527344,40.91999816894531,40.27000045776367,40.61000061035156,35.023582458496094,1313400,0.0,0.0
2018-01-16,40.779998779296875,40.86000061035156,39.529998779296875,39.58000183105469,34.13526916503906,1057000,0.0,0.0
2018-01-17,39.72999954223633,40.540000915527344,39.63999938964844,40.0,34.497493743896484,1261500,0.0,0.0
2018-01-18,39.86000061035156,40.13999938964844,39.599998474121094,39.790000915527344,34.316383361816406,773100,0.0,0.0
2018-01-19,39.619998931884766,40.189998626708984,39.619998931884766,39.9900016784668,34.48887634277344,1032500,0.0,0.0
2018-01-22,40.119998931884766,40.36000061035156,40.0,40.220001220703125,34.687225341796875,789400,0.0,0.0
2018-01-23,39.9900016784668,40.20000076293945,39.099998474121094,39.9900016784668,34.48887634277344,918900,0.0,0.0
2018-01-24,40.09000015258789,40.41999816894531,39.900001525878906,40.09000015258789,34.575111389160156,1539000,0.0,0.0
2018-01-25,40.41999816894531,40.790000915527344,40.18000030517578,40.310001373291016,34.76485061645508,700400,0.0,0.0
2018-01-26,40.380001068115234,41.09000015258789,40.349998474121094,40.90999984741211,35.282318115234375,596100,0.0,0.0
2018-01-29,40.83000183105469,41.130001068115234,40.720001220703125,40.81999969482422,35.20469284057617,419700,0.0,0.0
2018-01-30,40.7400016784668,40.7400016784668,39.88999938964844,40.41999816894531,34.859718322753906,687100,0.0,0.0
2018-01-31,40.11000061035156,40.5099983215332,39.720001220703125,40.40999984741211,34.85108947753906,687100,0.0,0.0
2018-02-01,40.22999954223633,41.16999816894531,39.525001525878906,40.86000061035156,35.23918533325195,1084000,0.0,0.0
2018-02-02,40.650001525878906,40.790000915527344,39.630001068115234,40.04999923706055,34.54061508178711,1266000,0.0,0.0
2018-02-05,39.66999816894531,40.56999969482422,38.56999969482422,38.9900016784668,33.626426696777344,1067800,0.0,0.0
2018-02-06,38.310001373291016,40.599998474121094,37.97999954223633,40.540000915527344,34.96320724487305,2434200,0.0,0.0
2018-02-07,40.599998474121094,41.0,39.369998931884766,40.310001373291016,34.76485061645508,2123100,0.0,0.0
2018-02-08,40.0,40.79999923706055,37.58000183105469,37.61000061035156,32.43626403808594,1977800,0.0,0.0
2018-02-09,37.83000183105469,38.79999923706055,37.47999954223633,38.209999084472656,32.9537353515625,2207000,0.0,0.0
2018-02-12,38.4900016784668,39.2599983215332,37.98899841308594,38.7400016784668,33.41082000732422,1141800,0.0,0.0
2018-02-13,38.560001373291016,40.040000915527344,38.349998474121094,39.939998626708984,34.44575119018555,1469100,0.0,0.0
2018-02-14,39.47999954223633,41.47999954223633,39.47999954223633,41.349998474121094,35.66177749633789,2294500,0.0,0.0
2018-02-15,41.5,41.97999954223633,40.63999938964844,41.43000030517578,35.83042907714844,1586700,0.115,0.0
2018-02-16,41.18000030517578,41.59000015258789,40.540000915527344,40.54999923706055,35.06936264038086,698900,0.0,0.0
2018-02-20,40.52000045776367,40.560001373291016,39.86000061035156,39.880001068115234,34.48992156982422,1051600,0.0,0.0
2018-02-21,39.959999084472656,41.04999923706055,39.70000076293945,39.720001220703125,34.3515510559082,1152400,0.0,0.0
2018-02-22,39.90999984741211,40.47999954223633,39.349998474121094,39.77000045776367,34.39479064941406,1358300,0.0,0.0
2018-02-23,40.099998474121094,41.099998474121094,40.099998474121094,40.91999816894531,35.38936233520508,1852700,0.0,0.0
2018-02-26,41.209999084472656,41.939998626708984,41.119998931884766,41.369998931884766,35.778533935546875,1174400,0.0,0.0
2018-02-27,41.279998779296875,41.599998474121094,40.630001068115234,41.11000061035156,35.553680419921875,1034900,0.0,0.0
2018-02-28,41.22999954223633,41.5,40.68000030517578,40.709999084472656,35.207740783691406,1553500,0.0,0.0
2018-03-01,40.79999923706055,41.5,40.36000061035156,40.90999984741211,35.380714416503906,920500,0.0,0.0
2018-03-02,40.7400016784668,41.349998474121094,40.33000183105469,41.27000045776367,35.69206237792969,761600,0.0,0.0
2018-03-05,41.08000183105469,41.279998779296875,40.63999938964844,40.66999816894531,35.173152923583984,917900,0.0,0.0
2018-03-06,40.84000015258789,41.369998931884766,40.689998626708984,41.099998474121094,35.54502868652344,1222800,0.0,0.0
2018-03-07,40.68000030517578,41.279998779296875,40.56999969482422,40.9900016784668,35.44989776611328,1075900,0.0,0.0
2018-03-08,41.02000045776367,41.29999923706055,39.81999969482422,39.970001220703125,34.567752838134766,1011700,0.0,0.0
2018-03-09,40.0099983215332,40.22999954223633,38.18000030517578,38.5099983215332,33.30509948730469,1672600,0.0,0.0
2018-03-12,38.5,38.720001220703125,38.18000030517578,38.40999984741211,33.21860885620117,1432200,0.0,0.0
2018-03-13,38.47999954223633,39.72999954223633,38.279998779296875,39.220001220703125,33.91911697387695,1283700,0.0,0.0
2018-03-14,39.41999816894531,39.689998626708984,39.18000030517578,39.36000061035156,34.04021453857422,979100,0.0,0.0
2018-03-15,39.529998779296875,40.0,39.529998779296875,39.849998474121094,34.4639778137207,1123600,0.0,0.0
2018-03-16,40.06999969482422,40.459999084472656,39.900001525878906,40.13999938964844,34.714778900146484,1444300,0.0,0.0
2018-03-19,40.0099983215332,40.15999984741211,38.47999954223633,38.619998931884766,33.40021896362305,1259500,0.0,0.0
2018-03-20,38.7599983215332,39.90999984741211,38.66999816894531,39.83000183105469,34.44667434692383,1246100,0.0,0.0
2018-03-21,39.959999084472656,40.529998779296875,39.65999984741211,39.959999084472656,34.559112548828125,998300,0.0,0.0
2018-03-22,39.5,39.7599983215332,38.220001220703125,38.2599983215332,33.08887481689453,957700,0.0,0.0
2018-03-23,38.2599983215332,38.869998931884766,37.83000183105469,37.88999938964844,32.76888656616211,1094400,0.0,0.0
2018-03-26,38.290000915527344,39.83000183105469,38.099998474121094,38.77000045776367,33.52994918823242,1395700,0.0,0.0
2018-03-27,38.72999954223633,38.900001525878906,37.02000045776367,37.2400016784668,32.20674133300781,1142200,0.0,0.0
2018-03-28,37.2400016784668,37.33000183105469,36.25,36.47999954223633,31.54945945739746,953900,0.0,0.0
2018-03-29,36.47999954223633,36.959999084472656,36.29999923706055,36.5,31.566757202148438,1053300,0.0,0.0
2018-04-02,36.29999923706055,37.09000015258789,36.27000045776367,36.970001220703125,31.973224639892578,964000,0.0,0.0
2018-04-03,37.29999923706055,38.040000915527344,37.2400016784668,37.77000045776367,32.665103912353516,775700,0.0,0.0
2018-04-04,37.150001525878906,37.4900016784668,36.63999938964844,37.16999816894531,32.14619827270508,793400,0.0,0.0
2018-04-05,36.900001525878906,37.720001220703125,36.43000030517578,36.47999954223633,31.54945945739746,979300,0.0,0.0
2018-04-06,36.20000076293945,36.86000061035156,35.560001373291016,35.869998931884766,31.021907806396484,1116400,0.0,0.0
2018-04-09,35.7400016784668,36.34000015258789,35.540000915527344,36.130001068115234,31.24675750732422,2374800,0.0,0.0
2018-04-10,36.599998474121094,37.18000030517578,36.279998779296875,37.06999969482422,32.059715270996094,1537200,0.0,0.0
2018-04-11,37.060001373291016,37.40999984741211,36.38999938964844,36.400001525878906,31.480268478393555,712600,0.0,0.0
2018-04-12,36.470001220703125,36.93000030517578,36.470001220703125,36.630001068115234,31.679189682006836,455100,0.0,0.0
2018-04-13,36.709999084472656,36.849998474121094,36.06999969482422,36.75,31.782968521118164,637900,0.0,0.0
2018-04-16,36.810001373291016,36.900001525878906,35.58000183105469,35.650001525878906,30.83163833618164,1103300,0.0,0.0
2018-04-17,35.86000061035156,36.54999923706055,35.755001068115234,36.4900016784668,31.5581111907959,917200,0.0,0.0
2018-04-18,36.7400016784668,37.970001220703125,36.7400016784668,37.290000915527344,32.249977111816406,1602800,0.0,0.0
2018-04-19,37.400001525878906,38.81999969482422,37.26499938964844,38.34000015258789,33.15807342529297,1696300,0.0,0.0
2018-04-20,38.13999938964844,38.7599983215332,37.90999984741211,38.540000915527344,33.33103561401367,911900,0.0,0.0
2018-04-23,38.41999816894531,38.76900100708008,37.529998779296875,38.27000045776367,33.09752655029297,997900,0.0,0.0
2018-04-24,38.29999923706055,38.516998291015625,37.630001068115234,37.9900016784668,32.85537338256836,1653600,0.0,0.0
2018-04-25,37.709999084472656,38.93000030517578,36.470001220703125,37.84000015258789,32.725643157958984,2200700,0.0,0.0
2018-04-26,37.849998474121094,38.125,36.22999954223633,36.79999923706055,31.826202392578125,1767400,0.0,0.0
2018-04-27,36.619998931884766,37.130001068115234,35.52000045776367,36.13999938964844,31.25541114807129,1431800,0.0,0.0
2018-04-30,36.02000045776367,37.540000915527344,35.900001525878906,36.849998474121094,31.869449615478516,1222400,0.0,0.0
2018-05-01,36.720001220703125,37.279998779296875,36.13999938964844,36.470001220703125,31.540813446044922,1199400,0.0,0.0
2018-05-02,36.59000015258789,37.650001525878906,36.59000015258789,37.099998474121094,32.08565139770508,1139900,0.0,0.0
2018-05-03,37.130001068115234,37.70000076293945,36.95000076293945,37.279998779296875,32.241329193115234,1050000,0.0,0.0
2018-05-04,37.31999969482422,38.400001525878906,37.15999984741211,37.869998931884766,32.75159454345703,992300,0.0,0.0
2018-05-07,38.02000045776367,38.779998779296875,37.970001220703125,38.0,32.86402130126953,740300,0.0,0.0
2018-05-08,37.959999084472656,38.0,37.08000183105469,37.22999954223633,32.198089599609375,811500,0.0,0.0
2018-05-09,37.400001525878906,38.130001068115234,37.34000015258789,37.619998931884766,32.53537368774414,996500,0.0,0.0
2018-05-10,37.810001373291016,38.34000015258789,37.720001220703125,38.060001373291016,32.91591262817383,683400,0.0,0.0
2018-05-11,38.209999084472656,38.959999084472656,38.209999084472656,38.75,33.51265335083008,671100,0.0,0.0
2018-05-14,38.84000015258789,40.2400016784668,38.84000015258789,39.91999816894531,34.524513244628906,1076500,0.0,0.0
2018-05-15,39.779998779296875,40.25,39.220001220703125,40.08000183105469,34.66289138793945,927900,0.0,0.0
2018-05-16,40.29999923706055,41.400001525878906,40.20000076293945,41.310001373291016,35.726654052734375,1637600,0.0,0.0
2018-05-17,41.31999969482422,42.65999984741211,41.31999969482422,42.11000061035156,36.41852569580078,1412500,0.0,0.0
2018-05-18,42.16999816894531,42.25,41.33000183105469,41.63999938964844,36.11066436767578,864200,0.115,0.0
2018-05-21,41.63999938964844,42.27000045776367,41.04999923706055,42.22999954223633,36.6223258972168,833300,0.0,0.0
2018-05-22,42.119998931884766,42.77000045776367,40.90999984741211,40.95000076293945,35.51228332519531,927500,0.0,0.0
2018-05-23,40.40999984741211,41.279998779296875,40.099998474121094,41.2599983215332,35.781124114990234,957300,0.0,0.0
2018-05-24,41.04999923706055,41.83000183105469,40.77000045776367,41.459999084472656,35.95456314086914,652100,0.0,0.0
2018-05-25,41.099998474121094,41.52000045776367,40.970001220703125,41.459999084472656,35.95456314086914,646600,0.0,0.0
2018-05-29,41.150001525878906,42.130001068115234,41.150001525878906,41.790000915527344,36.240753173828125,935500,0.0,0.0
2018-05-30,42.18000030517578,43.7599983215332,41.86000061035156,43.11000061035156,37.385459899902344,1409600,0.0,0.0
2018-05-31,43.13999938964844,43.75,42.95000076293945,43.27000045776367,37.52421188354492,1040900,0.0,0.0
2018-06-01,43.4900016784668,46.22999954223633,43.4900016784668,45.349998474121094,39.3280143737793,1975500,0.0,0.0
2018-06-04,45.70000076293945,46.05500030517578,44.5,45.470001220703125,39.43207931518555,1430600,0.0,0.0
2018-06-05,45.4900016784668,46.88999938964844,45.4900016784668,46.65999984741211,40.46406173706055,1960300,0.0,0.0
2018-06-06,47.16999816894531,47.84000015258789,46.209999084472656,46.79999923706055,40.58547592163086,2055700,0.0,0.0
2018-06-07,47.099998474121094,47.56999969482422,46.36000061035156,46.880001068115234,40.654842376708984,1193600,0.0,0.0
2018-06-08,47.0,47.56999969482422,46.41999816894531,46.86000061035156,40.63750076293945,863000,0.0,0.0
2018-06-11,46.709999084472656,47.310001373291016,46.400001525878906,46.54999923706055,40.36867141723633,796900,0.0,0.0
2018-06-12,46.599998474121094,46.84000015258789,46.119998931884766,46.40999984741211,40.24726486206055,659400,0.0,0.0
2018-06-13,46.380001068115234,46.66999816894531,45.810001373291016,45.849998474121094,39.761619567871094,822200,0.0,0.0
2018-06-14,46.119998931884766,47.52000045776367,45.91999816894531,47.459999084472656,41.1578254699707,1445800,0.0,0.0
2018-06-15,47.04999923706055,47.20000076293945,45.599998474121094,46.81999969482422,40.602821350097656,2210100,0.0,0.0
2018-06-18,46.61000061035156,47.06999969482422,46.130001068115234,46.63999938964844,40.44672393798828,956900,0.0,0.0
2018-06-19,46.20000076293945,46.75,45.290000915527344,46.13999938964844,40.01311111450195,1066200,0.0,0.0
2018-06-20,46.29999923706055,46.439998626708984,45.439998626708984,46.29999923706055,40.15187072753906,1020600,0.0,0.0
2018-06-21,46.45000076293945,46.61000061035156,45.459999084472656,45.66999816894531,39.60551834106445,1067500,0.0,0.0
2018-06-22,46.58000183105469,46.7599983215332,45.81999969482422,46.0,39.89170455932617,2529900,0.0,0.0
2018-06-25,45.650001525878906,45.97999954223633,44.290000915527344,44.61000061035156,38.6862907409668,1074500,0.0,0.0
2018-06-26,45.029998779296875,45.540000915527344,44.41999816894531,45.09000015258789,39.102542877197266,918800,0.0,0.0
2018-06-27,45.380001068115234,46.119998931884766,44.810001373291016,44.84000015258789,38.88573455810547,1014300,0.0,0.0
2018-06-28,44.61000061035156,44.88999938964844,44.189998626708984,44.5,38.59088897705078,791300,0.0,0.0
2018-06-29,45.189998626708984,45.72999954223633,45.029998779296875,45.47999954223633,39.44075393676758,1046100,0.0,0.0
2018-07-02,45.119998931884766,45.86000061035156,44.75,45.130001068115234,39.13722610473633,1053900,0.0,0.0
2018-07-03,45.470001220703125,46.2400016784668,44.63999938964844,44.88999938964844,38.92910385131836,482700,0.0,0.0
2018-07-05,45.29999923706055,45.79999923706055,44.72999954223633,44.88999938964844,38.92910385131836,738900,0.0,0.0
2018-07-06,44.70000076293945,45.4900016784668,44.45000076293945,45.279998779296875,39.267311096191406,976100,0.0,0.0
2018-07-09,45.470001220703125,46.09000015258789,45.060001373291016,45.459999084472656,39.42340850830078,679600,0.0,0.0
2018-07-10,45.59000015258789,46.27000045776367,45.59000015258789,45.900001525878906,39.80498123168945,640300,0.0,0.0
2018-07-11,45.150001525878906,45.79999923706055,43.9900016784668,44.290000915527344,38.408775329589844,900300,0.0,0.0
2018-07-12,44.5,44.900001525878906,43.75,44.33000183105469,38.44346237182617,671400,0.0,0.0
2018-07-13,44.06999969482422,44.68000030517578,43.7400016784668,43.810001373291016,37.992515563964844,621200,0.0,0.0
2018-07-16,43.70000076293945,44.060001373291016,43.034000396728516,43.86000061035156,38.03588104248047,993900,0.0,0.0
2018-07-17,43.54999923706055,44.20000076293945,43.27000045776367,43.97999954223633,38.139930725097656,1174200,0.0,0.0
2018-07-18,44.0099983215332,44.849998474121094,43.810001373291016,44.720001220703125,38.78167724609375,640600,0.0,0.0
2018-07-19,44.529998779296875,45.2400016784668,43.86000061035156,44.09000015258789,38.23532485961914,1068400,0.0,0.0
2018-07-20,44.119998931884766,44.63999938964844,43.9900016784668,44.34000015258789,38.45213317871094,894300,0.0,0.0
2018-07-23,44.349998474121094,44.349998474121094,43.25,43.41999816894531,37.654293060302734,1889900,0.0,0.0
2018-07-24,44.09000015258789,44.68000030517578,41.599998474121094,43.5,37.72367477416992,2385100,0.0,0.0
2018-07-25,44.189998626708984,44.77199935913086,42.790000915527344,43.20000076293945,37.4635124206543,1119300,0.0,0.0
2018-07-26,43.04999923706055,44.400001525878906,42.93000030517578,44.040000915527344,38.19196701049805,1157700,0.0,0.0
2018-07-27,43.84000015258789,44.220001220703125,43.3650016784668,43.90999984741211,38.0792350769043,920500,0.0,0.0
2018-07-30,43.86000061035156,43.915000915527344,42.02000045776367,42.459999084472656,36.82177734375,1646100,0.0,0.0
2018-07-31,42.619998931884766,42.93000030517578,41.689998626708984,42.4900016784668,36.84779357910156,1023000,0.0,0.0
2018-08-01,42.130001068115234,42.79999923706055,41.95000076293945,42.540000915527344,37.0,805000,0.125,0.0
2018-08-02,41.959999084472656,43.31999969482422,41.880001068115234,43.25,37.61753845214844,627500,0.0,0.0
2018-08-03,43.02000045776367,43.20000076293945,41.900001525878906,43.029998779296875,37.42618942260742,538500,0.0,0.0
2018-08-06,43.09000015258789,43.349998474121094,42.63999938964844,43.029998779296875,37.42618942260742,978600,0.0,0.0
2018-08-07,43.349998474121094,44.029998779296875,43.06999969482422,43.2400016784668,37.60884094238281,759400,0.0,0.0
2018-08-08,43.33000183105469,43.97999954223633,43.22999954223633,43.88999938964844,38.1742057800293,639100,0.0,0.0
2018-08-09,43.77000045776367,43.939998626708984,43.209999084472656,43.560001373291016,37.88716506958008,665600,0.0,0.0
2018-08-10,43.2400016784668,43.689998626708984,42.650001525878906,43.369998931884766,37.72190475463867,371500,0.0,0.0
2018-08-13,43.369998931884766,43.470001220703125,42.279998779296875,42.540000915527344,37.0,453300,0.0,0.0
2018-08-14,42.790000915527344,42.79999923706055,42.150001525878906,42.41999816894531,36.8956298828125,851200,0.0,0.0
2018-08-15,42.06999969482422,42.14500045776367,40.470001220703125,40.70000076293945,35.39961624145508,1607800,0.0,0.0
2018-08-16,41.11000061035156,42.08000183105469,40.9900016784668,41.34000015258789,35.956275939941406,1527700,0.0,0.0
2018-08-17,41.189998626708984,41.959999084472656,41.09000015258789,41.70000076293945,36.26939010620117,1120200,0.0,0.0
2018-08-20,42.0099983215332,42.25,41.779998779296875,42.0,36.530330657958984,847400,0.0,0.0
2018-08-21,42.16999816894531,43.369998931884766,42.16999816894531,42.880001068115234,37.29573059082031,992400,0.0,0.0
2018-08-22,43.0,43.279998779296875,42.66999816894531,42.81999969482422,37.2435417175293,629000,0.0,0.0
2018-08-23,42.75,42.97999954223633,41.63999938964844,42.150001525878906,36.660789489746094,612000,0.0,0.0
2018-08-24,42.40999984741211,42.48500061035156,41.72999954223633,41.97999954223633,36.512935638427734,329300,0.0,0.0
2018-08-27,42.040000915527344,42.4900016784668,41.939998626708984,42.0,36.530330657958984,681300,0.0,0.0
2018-08-28,42.0,42.18000030517578,41.529998779296875,41.720001220703125,36.28679275512695,578100,0.0,0.0
2018-08-29,41.7400016784668,41.939998626708984,40.86000061035156,41.279998779296875,35.904090881347656,1035500,0.0,0.0
2018-08-30,41.13999938964844,41.29999923706055,40.40999984741211,40.77000045776367,35.460506439208984,739700,0.0,0.0
2018-08-31,40.709999084472656,41.36000061035156,40.36000061035156,41.310001373291016,35.93019104003906,656300,0.0,0.0
2018-09-04,41.11000061035156,41.880001068115234,41.0,41.31999969482422,35.938880920410156,534900,0.0,0.0
2018-09-05,41.27000045776367,42.060001373291016,40.93000030517578,41.81999969482422,36.37377166748047,927500,0.0,0.0
2018-09-06,41.720001220703125,43.029998779296875,41.720001220703125,42.33000183105469,36.817352294921875,1642100,0.0,0.0
2018-09-07,42.06999969482422,42.72999954223633,41.7400016784668,42.560001373291016,37.017398834228516,1182100,0.0,0.0
2018-09-10,42.650001525878906,43.40999984741211,42.47999954223633,42.52000045776367,36.982608795166016,677800,0.0,0.0
2018-09-11,42.630001068115234,43.61000061035156,42.5,43.2599983215332,37.626220703125,952500,0.0,0.0
2018-09-12,43.56999969482422,44.2400016784668,43.27000045776367,44.08000183105469,38.33944320678711,877300,0.0,0.0
2018-09-13,44.2400016784668,44.709999084472656,43.66999816894531,43.86000061035156,38.148109436035156,1388200,0.0,0.0
2018-09-14,43.810001373291016,44.09000015258789,43.380001068115234,43.7599983215332,38.06111526489258,1180000,0.0,0.0
2018-09-17,43.86000061035156,43.86000061035156,42.20000076293945,42.349998474121094,36.83474349975586,1135600,0.0,0.0
2018-09-18,42.400001525878906,43.474998474121094,42.400001525878906,42.9900016784668,37.39139938354492,869400,0.0,0.0
2018-09-19,43.7400016784668,44.13999938964844,42.63999938964844,43.130001068115234,37.51316833496094,1071600,0.0,0.0
2018-09-20,43.47999954223633,43.68000030517578,41.2599983215332,41.84000015258789,36.39116668701172,1520000,0.0,0.0
2018-09-21,42.25,42.790000915527344,41.529998779296875,42.0099983215332,36.53902053833008,2278500,0.0,0.0
2018-09-24,42.189998626708984,42.529998779296875,41.720001220703125,42.119998931884766,36.634700775146484,736900,0.0,0.0
2018-09-25,42.18000030517578,42.540000915527344,41.86000061035156,42.349998474121094,36.83474349975586,716000,0.0,0.0
2018-09-26,42.2400016784668,42.33000183105469,41.7599983215332,41.93000030517578,36.46944046020508,840400,0.0,0.0
2018-09-27,41.970001220703125,42.119998931884766,40.90999984741211,41.18000030517578,35.817108154296875,902600,0.0,0.0
2018-09-28,40.86000061035156,40.91999816894531,35.099998474121094,35.63999938964844,30.99859619140625,5905100,0.0,0.0
2018-10-01,35.63999938964844,36.650001525878906,35.56999969482422,35.619998931884766,30.981189727783203,1807600,0.0,0.0
2018-10-02,35.349998474121094,36.209999084472656,35.040000915527344,35.90999984741211,31.233428955078125,1133700,0.0,0.0
2018-10-03,35.599998474121094,37.040000915527344,35.40999984741211,36.04999923706055,31.355192184448242,1362500,0.0,0.0
2018-10-04,36.04999923706055,36.119998931884766,35.0,35.5,30.876815795898438,940200,0.0,0.0
2018-10-05,35.470001220703125,36.42499923706055,35.349998474121094,36.29999923706055,31.57263946533203,623300,0.0,0.0
2018-10-08,36.279998779296875,36.9900016784668,35.970001220703125,36.7400016784668,31.95534324645996,789700,0.0,0.0
2018-10-09,36.650001525878906,36.720001220703125,35.33000183105469,35.689998626708984,31.04207992553711,940400,0.0,0.0
2018-10-10,35.720001220703125,35.79999923706055,34.150001525878906,34.18000030517578,29.728721618652344,768000,0.0,0.0
2018-10-11,33.779998779296875,35.459999084472656,33.77000045776367,35.11000061035156,30.53761100769043,1092400,0.0,0.0
2018-10-12,35.63999938964844,35.689998626708984,34.310001373291016,35.040000915527344,30.476722717285156,813700,0.0,0.0
2018-10-15,35.0,35.77000045776367,34.95000076293945,35.220001220703125,30.633289337158203,540600,0.0,0.0
2018-10-16,35.380001068115234,36.45000076293945,35.06999969482422,36.38999938964844,31.650924682617188,573900,0.0,0.0
2018-10-17,36.279998779296875,36.599998474121094,35.81999969482422,36.099998474121094,31.398685455322266,565100,0.0,0.0
2018-10-18,35.97999954223633,36.470001220703125,35.619998931884766,35.86000061035156,31.189939498901367,661300,0.0,0.0
2018-10-19,35.77000045776367,36.220001220703125,35.470001220703125,35.560001373291016,30.929014205932617,353100,0.0,0.0
2018-10-22,35.65999984741211,35.95000076293945,35.224998474121094,35.70000076293945,31.05077362060547,396600,0.0,0.0
2018-10-23,35.06999969482422,35.91999816894531,34.709999084472656,35.61000061035156,30.972496032714844,435000,0.0,0.0
2018-10-24,35.83000183105469,35.959999084472656,33.959999084472656,34.029998779296875,29.5982608795166,621600,0.0,0.0
2018-10-25,34.310001373291016,35.439998626708984,34.06999969482422,35.130001068115234,30.555015563964844,697700,0.0,0.0
2018-10-26,34.65999984741211,35.3650016784668,34.209999084472656,35.0,30.44194793701172,942900,0.0,0.0
2018-10-29,35.369998931884766,35.540000915527344,33.7599983215332,33.900001525878906,29.485191345214844,1255700,0.0,0.0
2018-10-30,35.5,35.81999969482422,34.310001373291016,35.060001373291016,30.61151885986328,1574100,0.13,0.0
2018-10-31,35.04999923706055,35.97999954223633,35.0,35.45000076293945,30.9520320892334,1269300,0.0,0.0
2018-11-01,35.369998931884766,35.55500030517578,33.959999084472656,34.150001525878906,29.816972732543945,1586300,0.0,0.0
2018-11-02,34.43000030517578,34.93000030517578,34.060001373291016,34.47999954223633,30.1051082611084,980600,0.0,0.0
2018-11-05,34.650001525878906,35.36000061035156,34.540000915527344,34.849998474121094,30.428157806396484,651600,0.0,0.0
2018-11-06,34.72999954223633,35.599998474121094,34.72999954223633,35.29999923706055,30.821062088012695,891700,0.0,0.0
2018-11-07,35.70000076293945,36.047000885009766,35.34000015258789,35.81999969482422,31.275083541870117,813100,0.0,0.0
2018-11-08,35.90999984741211,36.1349983215332,35.439998626708984,35.7400016784668,31.205236434936523,527000,0.0,0.0
2018-11-09,35.369998931884766,35.560001373291016,34.849998474121094,35.220001220703125,30.751205444335938,637800,0.0,0.0
2018-11-12,35.38999938964844,35.86000061035156,35.150001525878906,35.41999816894531,30.92583656311035,516800,0.0,0.0
2018-11-13,35.65999984741211,36.709999084472656,35.599998474121094,36.29999923706055,31.694177627563477,796300,0.0,0.0
2018-11-14,36.68000030517578,37.119998931884766,35.43000030517578,35.70000076293945,31.17030143737793,787100,0.0,0.0
2018-11-15,35.52000045776367,35.91999816894531,35.0099983215332,35.2400016784668,30.7686824798584,1239900,0.0,0.0
2018-11-16,35.209999084472656,35.470001220703125,34.810001373291016,35.279998779296875,30.803600311279297,1361100,0.0,0.0
2018-11-19,35.31999969482422,35.56999969482422,34.22999954223633,34.459999084472656,30.087642669677734,732800,0.0,0.0
2018-11-20,34.06999969482422,34.06999969482422,31.959999084472656,32.11000061035156,28.035818099975586,4660100,0.0,0.0
2018-11-21,32.2400016784668,32.63999938964844,31.940000534057617,32.310001373291016,28.21044158935547,828500,0.0,0.0
2018-11-23,31.799999237060547,31.799999237060547,30.579999923706055,31.190000534057617,27.2325439453125,567300,0.0,0.0
2018-11-26,31.31999969482422,31.329999923706055,29.959999084472656,30.239999771118164,26.40308952331543,1403800,0.0,0.0
2018-11-27,30.190000534057617,30.950000762939453,29.65999984741211,30.09000015258789,26.272117614746094,1518900,0.0,0.0
2018-11-28,30.079999923706055,31.520000457763672,30.079999923706055,31.40999984741211,27.424631118774414,1192400,0.0,0.0
2018-11-29,31.459999084472656,31.950000762939453,31.1200008392334,31.149999618530273,27.197622299194336,1041700,0.0,0.0
2018-11-30,31.0,31.389999389648438,30.600000381469727,31.139999389648438,27.188894271850586,1380800,0.0,0.0
2018-12-03,31.809999465942383,33.18000030517578,31.200000762939453,32.88999938964844,28.71684455871582,1266000,0.0,0.0
2018-12-04,32.86000061035156,33.529998779296875,32.474998474121094,32.709999084472656,28.55968475341797,1694400,0.0,0.0
2018-12-06,32.189998626708984,32.189998626708984,29.889999389648438,30.670000076293945,26.77852439880371,1667400,0.0,0.0
2018-12-07,31.020000457763672,31.709999084472656,30.860000610351562,30.969999313354492,27.04045867919922,1391300,0.0,0.0
2018-12-10,30.770000457763672,31.299999237060547,29.770000457763672,31.18000030517578,27.223814010620117,1733700,0.0,0.0
2018-12-11,31.700000762939453,31.809999465942383,30.68000030517578,31.239999771118164,27.27620506286621,1047300,0.0,0.0
2018-12-12,31.670000076293945,32.439998626708984,31.40999984741211,31.600000381469727,27.59052276611328,968100,0.0,0.0
2018-12-13,31.799999237060547,32.61000061035156,31.530000686645508,32.4900016784668,28.36760139465332,798700,0.0,0.0
2018-12-14,32.130001068115234,32.709999084472656,30.459999084472656,30.479999542236328,26.612634658813477,1123500,0.0,0.0
2018-12-17,30.5,32.02000045776367,30.020000457763672,31.25,27.284934997558594,1507400,0.0,0.0
2018-12-18,31.170000076293945,31.559999465942383,30.850000381469727,31.139999389648438,27.188894271850586,1027000,0.0,0.0
2018-12-19,31.329999923706055,31.989999771118164,30.952999114990234,31.100000381469727,27.15396499633789,1243100,0.0,0.0
2018-12-20,31.010000228881836,31.25,30.1299991607666,30.420000076293945,26.56024742126465,936400,0.0,0.0
2018-12-21,30.270000457763672,30.81999969482422,29.920000076293945,29.920000076293945,26.123689651489258,1516000,0.0,0.0
2018-12-24,29.690000534057617,30.170000076293945,29.639999389648438,29.65999984741211,25.896678924560547,444100,0.0,0.0
2018-12-26,29.719999313354492,30.6200008392334,29.079999923706055,30.59000015258789,26.708677291870117,550100,0.0,0.0
2018-12-27,29.90999984741211,30.530000686645508,29.510000228881836,30.520000457763672,26.647560119628906,620300,0.0,0.0
2018-12-28,30.709999084472656,30.799999237060547,29.90999984741211,30.479999542236328,26.612634658813477,534400,0.0,0.0
2018-12-31,30.6200008392334,30.860000610351562,30.100000381469727,30.479999542236328,26.612634658813477,582900,0.0,0.0
2019-01-02,30.0,31.350000381469727,29.8700008392334,31.149999618530273,27.197622299194336,695600,0.0,0.0
2019-01-03,31.190000534057617,31.190000534057617,30.329999923706055,30.43000030517578,26.56897735595703,664400,0.0,0.0
2019-01-04,31.0,31.989999771118164,30.8799991607666,31.479999542236328,27.485748291015625,1155100,0.0,0.0
2019-01-07,31.559999465942383,32.41999816894531,30.399999618530273,30.479999542236328,26.612634658813477,1492700,0.0,0.0
2019-01-08,30.690000534057617,31.270000457763672,30.25,31.229999542236328,27.267473220825195,1410900,0.0,0.0
2019-01-09,31.670000076293945,32.15999984741211,31.4060001373291,31.75,27.721494674682617,880200,0.0,0.0
2019-01-10,31.5,32.060001373291016,31.0,31.989999771118164,27.931039810180664,717400,0.0,0.0
2019-01-11,31.719999313354492,32.2599983215332,31.65999984741211,31.920000076293945,27.86992073059082,640900,0.0,0.0
2019-01-14,31.709999084472656,32.41999816894531,31.510000228881836,32.290000915527344,28.192981719970703,614300,0.0,0.0
2019-01-15,32.400001525878906,32.650001525878906,31.399999618530273,31.540000915527344,27.53813934326172,679900,0.0,0.0
2019-01-16,31.8799991607666,32.77000045776367,31.8799991607666,32.59000015258789,28.45491600036621,753700,0.0,0.0
2019-01-17,32.45000076293945,34.150001525878906,32.45000076293945,34.13999938964844,29.808246612548828,908700,0.0,0.0
2019-01-18,34.310001373291016,34.880001068115234,33.939998626708984,34.68000030517578,30.279726028442383,802400,0.0,0.0
2019-01-22,34.5099983215332,34.56999969482422,33.7400016784668,34.08000183105469,29.7558650970459,598400,0.0,0.0
2019-01-23,34.38999938964844,34.790000915527344,34.27000045776367,34.5,30.122560501098633,975500,0.0,0.0
2019-01-24,34.59000015258789,35.130001068115234,34.400001525878906,34.970001220703125,30.53293228149414,638900,0.0,0.0
2019-01-25,35.38999938964844,35.849998474121094,35.224998474121094,35.439998626708984,30.94329833984375,594200,0.0,0.0
2019-01-28,35.2599983215332,35.834999084472656,34.939998626708984,35.68000030517578,31.15284538269043,493200,0.0,0.0
2019-01-29,35.97999954223633,36.0,35.29999923706055,35.29999923706055,30.821062088012695,662600,0.0,0.0
2019-01-30,35.720001220703125,36.29999923706055,35.34000015258789,36.189998626708984,31.598134994506836,913900,0.0,0.0
2019-01-31,36.34000015258789,36.529998779296875,35.5099983215332,35.70000076293945,31.17030143737793,683700,0.0,0.0
2019-02-01,35.720001220703125,36.060001373291016,35.56999969482422,35.77000045776367,31.23142433166504,554500,0.0,0.0
2019-02-04,35.56999969482422,36.29999923706055,35.2599983215332,35.47999954223633,30.978219985961914,767700,0.0,0.0
2019-02-05,35.54999923706055,35.88999938964844,35.5,35.849998474121094,31.301271438598633,901400,0.0,0.0
2019-02-06,37.369998931884766,37.369998931884766,31.350000381469727,32.04999923706055,27.983423233032227,2333900,0.0,0.0
2019-02-07,31.860000610351562,32.150001525878906,30.68000030517578,30.889999389648438,26.970611572265625,1298600,0.0,0.0
2019-02-08,30.700000762939453,30.80299949645996,29.399999618530273,29.729999542236328,25.957794189453125,1538700,0.0,0.0
2019-02-11,29.649999618530273,29.84600067138672,29.209999084472656,29.639999389648438,25.879215240478516,972600,0.0,0.0
2019-02-12,29.8799991607666,30.3700008392334,29.600000381469727,30.34000015258789,26.490398406982422,831800,0.0,0.0
2019-02-13,30.350000381469727,31.239999771118164,30.040000915527344,31.09000015258789,27.14523696899414,1102900,0.0,0.0
2019-02-14,31.049999237060547,31.6200008392334,30.57699966430664,30.860000610351562,26.944416046142578,895500,0.0,0.0
2019-02-15,31.149999618530273,31.520000457763672,30.770000457763672,31.170000076293945,27.215085983276367,503600,0.0,0.0
2019-02-19,30.8700008392334,31.459999084472656,30.8700008392334,31.110000610351562,27.276458740234375,727200,0.13,0.0
2019-02-20,31.06999969482422,31.3700008392334,30.719999313354492,31.040000915527344,27.215085983276367,758500,0.0,0.0
2019-02-21,30.829999923706055,30.969999313354492,29.729999542236328,29.799999237060547,26.127887725830078,1144000,0.0,0.0
2019-02-22,30.219999313354492,31.219999313354492,30.219999313354492,31.010000228881836,27.18878173828125,479400,0.0,0.0
2019-02-25,30.920000076293945,30.93000030517578,30.389999389648438,30.600000381469727,26.82930564880371,458700,0.0,0.0
2019-02-26,30.540000915527344,31.020000457763672,30.25,30.530000686645508,26.76793098449707,678900,0.0,0.0
2019-02-27,31.290000915527344,32.099998474121094,31.110000610351562,31.850000381469727,27.925270080566406,897300,0.0,0.0
2019-02-28,31.850000381469727,31.850000381469727,30.75,30.850000381469727,27.04849624633789,1133100,0.0,0.0
2019-03-01,30.969999313354492,32.220001220703125,30.90999984741211,32.209999084472656,28.240907669067383,872200,0.0,0.0
2019-03-04,32.220001220703125,32.25,30.829999923706055,31.239999771118164,27.39044189453125,786200,0.0,0.0
2019-03-05,31.3799991607666,32.06999969482422,31.3700008392334,31.809999465942383,27.89019775390625,546700,0.0,0.0
2019-03-06,31.700000762939453,31.90999984741211,31.40999984741211,31.600000381469727,27.70607566833496,852000,0.0,0.0
2019-03-07,31.670000076293945,31.90999984741211,31.299999237060547,31.450000762939453,27.574562072753906,896400,0.0,0.0
2019-03-08,31.399999618530273,31.399999618530273,30.3700008392334,30.649999618530273,26.873138427734375,1011800,0.0,0.0
2019-03-11,28.799999237060547,29.209999084472656,28.06999969482422,28.950000762939453,27.013107299804688,814800,1.85,0.0
2019-03-12,28.969999313354492,29.15999984741211,28.65999984741211,29.15999984741211,27.209054946899414,656800,0.0,0.0
2019-03-13,29.420000076293945,29.84000015258789,29.209999084472656,29.540000915527344,27.56363296508789,998600,0.0,0.0
2019-03-14,29.459999084472656,29.56999969482422,28.825000762939453,28.950000762939453,27.013107299804688,1032300,0.0,0.0
2019-03-15,29.1299991607666,29.719999313354492,28.809999465942383,29.43000030517578,27.46099090576172,1525400,0.0,0.0
2019-03-18,29.6200008392334,29.959999084472656,29.530000686645508,29.899999618530273,27.89954376220703,680300,0.0,0.0
2019-03-19,30.229999542236328,30.270000457763672,29.850000381469727,29.989999771118164,27.983524322509766,657800,0.0,0.0
2019-03-20,29.950000762939453,30.020000457763672,29.399999618530273,29.59000015258789,27.610286712646484,899500,0.0,0.0
2019-03-21,29.510000228881836,30.489999771118164,29.510000228881836,30.010000228881836,28.00218391418457,593000,0.0,0.0
2019-03-22,29.760000228881836,30.010000228881836,28.889999389648438,28.950000762939453,27.013107299804688,684400,0.0,0.0
2019-03-25,28.950000762939453,29.100000381469727,28.40999984741211,28.43000030517578,26.527896881103516,622400,0.0,0.0
2019-03-26,28.709999084472656,28.899999618530273,27.989999771118164,28.3799991607666,26.48124122619629,979200,0.0,0.0
2019-03-27,28.229999542236328,28.510000228881836,28.059999465942383,28.149999618530273,26.266624450683594,766100,0.0,0.0
2019-03-28,28.1299991607666,28.520000457763672,27.8799991607666,28.360000610351562,26.462583541870117,669900,0.0,0.0
2019-03-29,28.809999465942383,28.854000091552734,28.290000915527344,28.329999923706055,26.434589385986328,874100,0.0,0.0
2019-04-01,28.75,29.190000534057617,28.610000610351562,28.670000076293945,26.7518367767334,607800,0.0,0.0
2019-04-02,28.670000076293945,28.690000534057617,28.0,28.110000610351562,26.229305267333984,833600,0.0,0.0
2019-04-03,28.260000228881836,28.34000015258789,27.100000381469727,27.239999771118164,25.417510986328125,900000,0.0,0.0
2019-04-04,27.170000076293945,28.239999771118164,27.1200008392334,28.040000915527344,26.16399383544922,1131400,0.0,0.0
2019-04-05,28.010000228881836,28.100000381469727,27.649999618530273,27.989999771118164,26.117334365844727,855100,0.0,0.0
2019-04-08,27.899999618530273,28.239999771118164,27.850000381469727,28.079999923706055,26.201313018798828,451300,0.0,0.0
2019-04-09,27.8700008392334,27.90999984741211,27.469999313354492,27.530000686645508,25.688114166259766,1106600,0.0,0.0
2019-04-10,27.530000686645508,28.0,27.30500030517578,27.940000534057617,26.070680618286133,657900,0.0,0.0
2019-04-11,27.760000228881836,28.30500030517578,27.760000228881836,28.06999969482422,26.19198226928711,737500,0.0,0.0
2019-04-12,28.43000030517578,29.309999465942383,28.31999969482422,28.950000762939453,27.013107299804688,952500,0.0,0.0
2019-04-15,28.799999237060547,29.100000381469727,27.920000076293945,28.030000686645508,26.154661178588867,855600,0.0,0.0
2019-04-16,27.950000762939453,28.315000534057617,27.850000381469727,28.09000015258789,26.21064567565918,604900,0.0,0.0
2019-04-17,28.219999313354492,28.489999771118164,27.770000457763672,28.260000228881836,26.36927032470703,426000,0.0,0.0
2019-04-18,28.280000686645508,28.969999313354492,28.190000534057617,28.6200008392334,26.705183029174805,730200,0.0,0.0
2019-04-22,28.899999618530273,29.209999084472656,28.600000381469727,28.989999771118164,27.050430297851562,562200,0.0,0.0
2019-04-23,28.950000762939453,29.954999923706055,28.93000030517578,29.760000228881836,27.76891326904297,682700,0.0,0.0
2019-04-24,29.670000076293945,29.940000534057617,29.274999618530273,29.850000381469727,27.852890014648438,921800,0.0,0.0
2019-04-25,29.68000030517578,29.940000534057617,29.329999923706055,29.399999618530273,27.432994842529297,804600,0.0,0.0
2019-04-26,29.360000610351562,30.3700008392334,29.360000610351562,30.360000610351562,28.328771591186523,658300,0.0,0.0
2019-04-29,30.190000534057617,30.540000915527344,29.889999389648438,29.899999618530273,27.89954376220703,888500,0.0,0.0
2019-04-30,29.989999771118164,30.09000015258789,28.729999542236328,28.770000457763672,26.84514808654785,1100700,0.0,0.0
2019-05-01,29.290000915527344,29.290000915527344,26.8799991607666,27.15999984741211,25.342864990234375,1456200,0.0,0.0
2019-05-02,27.200000762939453,27.920000076293945,26.610000610351562,27.59000015258789,25.744098663330078,1046300,0.0,0.0
2019-05-03,27.8700008392334,29.149999618530273,27.760000228881836,29.010000228881836,27.069093704223633,712800,0.0,0.0
2019-05-06,28.43000030517578,29.420000076293945,28.43000030517578,29.200000762939453,27.246379852294922,614800,0.0,0.0
2019-05-07,28.93000030517578,29.15999984741211,28.639999389648438,28.969999313354492,27.031768798828125,431500,0.0,0.0
2019-05-08,28.860000610351562,28.989999771118164,28.270000457763672,28.280000686645508,26.387935638427734,587000,0.0,0.0
2019-05-09,28.1299991607666,29.15999984741211,28.024999618530273,29.030000686645508,27.087757110595703,533100,0.0,0.0
2019-05-10,29.1200008392334,29.610000610351562,28.739999771118164,29.600000381469727,27.619619369506836,528500,0.0,0.0
2019-05-13,29.100000381469727,29.1299991607666,27.360000610351562,27.540000915527344,25.69744300842285,608500,0.0,0.0
2019-05-14,27.709999084472656,28.610000610351562,27.590999603271484,28.420000076293945,26.518566131591797,837200,0.0,0.0
2019-05-15,28.1299991607666,28.559999465942383,27.959999084472656,28.40999984741211,26.509231567382812,335900,0.0,0.0
2019-05-16,28.59000015258789,28.850000381469727,28.030000686645508,28.1200008392334,26.238637924194336,337100,0.0,0.0
2019-05-17,27.850000381469727,27.860000610351562,26.530000686645508,26.6200008392334,24.838993072509766,615900,0.0,0.0
2019-05-20,26.549999237060547,26.8799991607666,26.309999465942383,26.690000534057617,24.904312133789062,347800,0.0,0.0
2019-05-21,26.770000457763672,27.190000534057617,26.479999542236328,26.530000686645508,24.88555145263672,454600,0.14,0.0
2019-05-22,26.209999084472656,26.420000076293945,25.18000030517578,25.309999465942383,23.74117088317871,938800,0.0,0.0
2019-05-23,24.84000015258789,25.190000534057617,24.23699951171875,24.450000762939453,22.934478759765625,1329100,0.0,0.0
2019-05-24,24.739999771118164,25.139999389648438,24.520000457763672,25.0,23.45038604736328,698300,0.0,0.0
2019-05-28,25.030000686645508,25.31999969482422,24.790000915527344,24.8799991607666,23.337825775146484,868700,0.0,0.0
2019-05-29,24.290000915527344,24.65999984741211,24.09000015258789,24.479999542236328,22.962617874145508,1069400,0.0,0.0
2019-05-30,24.43000030517578,24.670000076293945,23.635000228881836,23.670000076293945,22.20282745361328,659000,0.0,0.0
2019-05-31,23.3700008392334,23.59000015258789,23.1200008392334,23.520000457763672,22.06212615966797,918200,0.0,0.0
2019-06-03,23.610000610351562,24.020000457763672,23.530000686645508,23.709999084472656,22.240345001220703,677200,0.0,0.0
2019-06-04,23.850000381469727,24.440000534057617,23.690000534057617,24.100000381469727,22.606172561645508,1141500,0.0,0.0
2019-06-05,23.959999084472656,24.0,23.170000076293945,23.40999984741211,21.95893669128418,495300,0.0,0.0
2019-06-06,23.3700008392334,23.719999313354492,23.100000381469727,23.229999542236328,21.790102005004883,462400,0.0,0.0
2019-06-07,23.239999771118164,23.56999969482422,23.010000228881836,23.459999084472656,22.005842208862305,348500,0.0,0.0
2019-06-10,23.520000457763672,23.81999969482422,23.420000076293945,23.6200008392334,22.15592384338379,457100,0.0,0.0
2019-06-11,23.81999969482422,24.045000076293945,23.34000015258789,23.3700008392334,21.921422958374023,535200,0.0,0.0
2019-06-12,23.030000686645508,23.709999084472656,22.489999771118164,22.520000457763672,21.124109268188477,416700,0.0,0.0
2019-06-13,22.93000030517578,22.950000762939453,22.190000534057617,22.260000228881836,20.880226135253906,775300,0.0,0.0
2019-06-14,22.15999984741211,22.229999542236328,21.639999389648438,21.739999771118164,20.392454147338867,451900,0.0,0.0
2019-06-17,21.690000534057617,22.190000534057617,21.420000076293945,22.139999389648438,20.76766586303711,1626100,0.0,0.0
2019-06-18,22.25,23.239999771118164,22.100000381469727,22.469999313354492,21.077205657958984,571800,0.0,0.0
2019-06-19,23.5,23.989999771118164,23.280000686645508,23.31999969482422,21.874521255493164,1260400,0.0,0.0
2019-06-20,23.600000381469727,23.950000762939453,23.420000076293945,23.510000228881836,22.05274200439453,790900,0.0,0.0
2019-06-21,23.43000030517578,24.219999313354492,23.43000030517578,23.809999465942383,22.33414649963379,1726700,0.0,0.0
2019-06-24,23.899999618530273,24.350000381469727,23.799999237060547,23.809999465942383,22.33414649963379,1091800,0.0,0.0
2019-06-25,23.860000610351562,23.860000610351562,22.780000686645508,22.799999237060547,21.386751174926758,681100,0.0,0.0
2019-06-26,22.989999771118164,23.5,22.93000030517578,23.0,21.574356079101562,665700,0.0,0.0
2019-06-27,23.110000610351562,23.239999771118164,22.790000915527344,22.950000762939453,21.52745246887207,770000,0.0,0.0
2019-06-28,23.059999465942383,24.110000610351562,22.989999771118164,24.100000381469727,22.606172561645508,1974100,0.0,0.0
2019-07-01,24.280000686645508,24.559999465942383,24.0,24.18000030517578,22.681215286254883,731900,0.0,0.0
2019-07-02,24.270000457763672,24.329999923706055,22.905000686645508,22.950000762939453,21.52745246887207,590600,0.0,0.0
2019-07-03,23.010000228881836,23.350000381469727,22.850000381469727,22.979999542236328,21.555593490600586,624100,0.0,0.0
2019-07-05,22.950000762939453,23.649999618530273,22.790000915527344,23.5,22.043363571166992,1173800,0.0,0.0
2019-07-08,23.459999084472656,24.25,23.459999084472656,23.75,22.27786636352539,635900,0.0,0.0
2019-07-09,23.5,23.6200008392334,22.299999237060547,22.920000076293945,21.49931526184082,797600,0.0,0.0
2019-07-10,23.06999969482422,23.43000030517578,23.0,23.200000762939453,21.7619571685791,874500,0.0,0.0
2019-07-11,23.190000534057617,23.190000534057617,22.3700008392334,22.959999084472656,21.53683090209961,802300,0.0,0.0
2019-07-12,22.8799991607666,23.489999771118164,22.8799991607666,23.239999771118164,21.799476623535156,710500,0.0,0.0
2019-07-15,23.34000015258789,23.520000457763672,22.920000076293945,23.0,21.574356079101562,491900,0.0,0.0
2019-07-16,22.780000686645508,23.3799991607666,22.56999969482422,22.979999542236328,21.555593490600586,909000,0.0,0.0
2019-07-17,23.010000228881836,23.149999618530273,22.479999542236328,22.850000381469727,21.433652877807617,637700,0.0,0.0
2019-07-18,22.610000610351562,22.899999618530273,22.520000457763672,22.610000610351562,21.208528518676758,589800,0.0,0.0
2019-07-19,22.530000686645508,22.899999618530273,22.530000686645508,22.739999771118164,21.33047103881836,765200,0.0,0.0
2019-07-22,22.690000534057617,23.3799991607666,22.690000534057617,23.010000228881836,21.58373260498047,966700,0.0,0.0
2019-07-23,23.290000915527344,23.6299991607666,23.059999465942383,23.440000534057617,21.98708152770996,825000,0.0,0.0
2019-07-24,23.239999771118164,23.729999542236328,23.235000610351562,23.579999923706055,22.118408203125,559800,0.0,0.0
2019-07-25,23.549999237060547,23.709999084472656,22.6200008392334,22.649999618530273,21.246051788330078,550700,0.0,0.0
2019-07-26,22.65999984741211,22.920000076293945,22.520000457763672,22.780000686645508,21.367992401123047,588400,0.0,0.0
2019-07-29,22.809999465942383,22.989999771118164,21.989999771118164,22.040000915527344,20.67385482788086,622700,0.0,0.0
2019-07-30,21.799999237060547,22.540000915527344,21.43000030517578,22.1200008392334,20.7489013671875,1324700,0.0,0.0
2019-07-31,22.1200008392334,22.780000686645508,20.719999313354492,21.059999465942383,19.754610061645508,2338300,0.0,0.0
2019-08-01,20.809999465942383,20.920000076293945,17.850000381469727,18.610000610351562,17.456470489501953,2364700,0.0,0.0
2019-08-02,18.399999618530273,18.649999618530273,18.09000015258789,18.420000076293945,17.278247833251953,1482600,0.0,0.0
2019-08-05,17.829999923706055,18.290000915527344,17.65999984741211,18.049999237060547,16.931175231933594,1347200,0.0,0.0
2019-08-06,17.940000534057617,18.239999771118164,17.559999465942383,17.889999389648438,16.781091690063477,1362700,0.0,0.0
2019-08-07,17.309999465942383,17.739999771118164,17.200000762939453,17.65999984741211,16.565349578857422,1271400,0.0,0.0
2019-08-08,17.790000915527344,18.729999542236328,17.790000915527344,18.5,17.353282928466797,1355200,0.0,0.0
2019-08-09,18.459999084472656,18.510000228881836,17.979999542236328,18.1299991607666,17.0062198638916,993100,0.0,0.0
2019-08-12,18.049999237060547,18.469999313354492,17.899999618530273,18.440000534057617,17.297000885009766,794400,0.0,0.0
2019-08-13,18.40999984741211,19.579999923706055,18.219999313354492,18.790000915527344,17.62531089782715,1079600,0.0,0.0
2019-08-14,18.219999313354492,18.889999389648438,18.170000076293945,18.31999969482422,17.184444427490234,1264500,0.0,0.0
2019-08-15,18.299999237060547,18.94499969482422,18.239999771118164,18.8799991607666,17.70973014831543,888000,0.0,0.0
2019-08-16,18.969999313354492,19.40999984741211,18.8700008392334,19.18000030517578,17.991140365600586,1046200,0.0,0.0
2019-08-19,18.829999923706055,19.709999084472656,18.670000076293945,19.56999969482422,18.356962203979492,1118800,0.0,0.0
2019-08-20,19.209999084472656,19.520000457763672,18.6299991607666,19.350000381469727,18.28608512878418,752800,0.145,0.0
2019-08-21,19.549999237060547,19.889999389648438,19.44499969482422,19.65999984741211,18.579042434692383,661700,0.0,0.0
2019-08-22,19.56999969482422,19.899999618530273,18.135000228881836,18.190000534057617,17.18986701965332,876900,0.0,0.0
2019-08-23,17.899999618530273,18.020000457763672,17.100000381469727,17.510000228881836,16.547252655029297,726000,0.0,0.0
2019-08-26,17.649999618530273,18.030000686645508,17.389999389648438,17.90999984741211,16.925260543823242,530000,0.0,0.0
2019-08-27,18.010000228881836,18.350000381469727,17.299999237060547,17.389999389648438,16.433853149414062,679600,0.0,0.0
2019-08-28,17.360000610351562,17.760000228881836,17.270000457763672,17.40999984741211,16.45275115966797,723900,0.0,0.0
2019-08-29,17.639999389648438,18.084999084472656,17.639999389648438,17.969999313354492,16.981958389282227,546600,0.0,0.0
2019-08-30,18.190000534057617,18.719999313354492,18.190000534057617,18.43000030517578,17.416669845581055,563900,0.0,0.0
2019-09-03,18.010000228881836,18.489999771118164,17.8799991607666,18.389999389648438,17.378868103027344,725000,0.0,0.0
2019-09-04,18.75,18.860000610351562,18.530000686645508,18.600000381469727,17.577322006225586,1073200,0.0,0.0
2019-09-05,18.709999084472656,18.774999618530273,16.40999984741211,16.559999465942383,15.64948558807373,2248700,0.0,0.0
2019-09-06,16.59000015258789,17.219999313354492,16.440000534057617,16.90999984741211,15.980243682861328,1501000,0.0,0.0
2019-09-09,16.90999984741211,18.0,16.780000686645508,17.969999313354492,16.981958389282227,1328600,0.0,0.0
2019-09-10,18.1299991607666,19.020000457763672,18.100000381469727,18.649999618530273,17.62457275390625,1557000,0.0,0.0
2019-09-11,18.84000015258789,19.290000915527344,18.200000762939453,18.530000686645508,17.51117515563965,1279800,0.0,0.0
2019-09-12,18.34000015258789,19.15999984741211,18.25,18.3700008392334,17.359968185424805,1100400,0.0,0.0
2019-09-13,18.510000228881836,18.645000457763672,18.229999542236328,18.260000228881836,17.25601577758789,1570300,0.0,0.0
2019-09-16,19.0,19.200000762939453,18.628999710083008,18.780000686645508,17.7474308013916,836500,0.0,0.0
2019-09-17,18.399999618530273,19.059999465942383,17.809999465942383,18.520000457763672,17.501720428466797,820600,0.0,0.0
2019-09-18,18.15999984741211,18.329999923706055,16.905000686645508,17.420000076293945,16.462203979492188,929200,0.0,0.0
2019-09-19,17.540000915527344,17.729999542236328,16.950000762939453,17.030000686645508,16.093647003173828,880100,0.0,0.0
2019-09-20,16.729999542236328,16.90999984741211,15.319999694824219,15.5,14.647768020629883,2760700,0.0,0.0
2019-09-23,15.420000076293945,15.649999618530273,14.949999809265137,15.029999732971191,14.203611373901367,1242100,0.0,0.0
2019-09-24,14.899999618530273,15.600000381469727,14.199999809265137,14.5,13.702752113342285,1362000,0.0,0.0
2019-09-25,14.489999771118164,15.289999961853027,14.420000076293945,14.989999771118164,14.165807723999023,1037900,0.0,0.0
2019-09-26,14.899999618530273,15.050000190734863,14.680000305175781,14.979999542236328,14.156359672546387,570200,0.0,0.0
2019-09-27,14.920000076293945,15.319999694824219,14.880000114440918,14.949999809265137,14.128008842468262,562900,0.0,0.0
2019-09-30,14.880000114440918,15.039999961853027,14.460000038146973,14.720000267028809,13.910655975341797,1201200,0.0,0.0
2019-10-01,14.75,15.3100004196167,14.0600004196167,14.289999961853027,13.504297256469727,1015000,0.0,0.0
2019-10-02,14.130000114440918,14.75,13.890000343322754,14.510000228881836,13.712201118469238,1050000,0.0,0.0
2019-10-03,14.319999694824219,14.670000076293945,14.180000305175781,14.5,13.702752113342285,572800,0.0,0.0
2019-10-04,14.529999732971191,14.779999732971191,14.239999771118164,14.6899995803833,13.882305145263672,658000,0.0,0.0
2019-10-07,14.739999771118164,14.800000190734863,14.479999542236328,14.489999771118164,13.693302154541016,566000,0.0,0.0
2019-10-08,14.34000015258789,14.390000343322754,13.899999618530273,14.039999961853027,13.268044471740723,759200,0.0,0.0
2019-10-09,14.170000076293945,14.529999732971191,14.170000076293945,14.420000076293945,13.627151489257812,524000,0.0,0.0
2019-10-10,14.579999923706055,15.109999656677246,14.579999923706055,14.760000228881836,13.948456764221191,764000,0.0,0.0
2019-10-11,15.079999923706055,15.75,14.9350004196167,15.510000228881836,14.657217025756836,1444600,0.0,0.0
2019-10-14,15.220000267028809,15.585000038146973,15.029999732971191,15.430000305175781,14.581618309020996,682600,0.0,0.0
2019-10-15,15.270000457763672,16.05500030517578,15.25,15.819999694824219,14.950175285339355,627500,0.0,0.0
2019-10-16,15.680000305175781,16.110000610351562,15.579999923706055,15.710000038146973,14.846224784851074,592800,0.0,0.0
2019-10-17,15.890000343322754,16.100000381469727,15.649999618530273,15.970000267028809,15.091927528381348,505900,0.0,0.0
2019-10-18,15.880000114440918,16.059999465942383,15.15999984741211,15.399999618530273,14.553268432617188,784200,0.0,0.0
2019-10-21,15.579999923706055,16.040000915527344,15.25,15.279999732971191,14.439865112304688,650200,0.0,0.0
2019-10-22,15.25,15.90999984741211,15.25,15.859999656677246,14.98797607421875,770300,0.0,0.0
2019-10-23,15.890000343322754,16.75,15.5600004196167,16.280000686645508,15.384882926940918,710700,0.0,0.0
2019-10-24,16.469999313354492,16.56999969482422,15.670000076293945,15.8100004196167,14.940726280212402,586100,0.0,0.0
2019-10-25,15.75,16.209999084472656,15.399999618530273,15.760000228881836,14.893474578857422,891900,0.0,0.0
2019-10-28,15.8100004196167,16.399999618530273,15.770000457763672,16.040000915527344,15.158080101013184,959400,0.0,0.0
2019-10-29,14.399999618530273,15.140000343322754,12.40999984741211,12.479999542236328,11.901402473449707,4435100,0.145,0.0
2019-10-30,11.970000267028809,12.720000267028809,11.545000076293945,11.84000015258789,11.291075706481934,2470900,0.0,0.0
2019-10-31,11.510000228881836,11.640000343322754,10.199999809265137,10.529999732971191,10.041810989379883,3007400,0.0,0.0
2019-11-01,10.579999923706055,10.899999618530273,10.119999885559082,10.220000267028809,9.74618148803711,3243800,0.0,0.0
2019-11-04,10.430000305175781,10.829999923706055,10.3149995803833,10.40999984741211,9.927373886108398,1434700,0.0,0.0
2019-11-05,10.470000267028809,10.949999809265137,10.439000129699707,10.800000190734863,10.29929256439209,1544300,0.0,0.0
2019-11-06,10.789999961853027,11.055000305175781,10.609999656677246,10.869999885559082,10.366045951843262,1571700,0.0,0.0
2019-11-07,10.9399995803833,11.100000381469727,10.569999694824219,10.859999656677246,10.356507301330566,1271200,0.0,0.0
2019-11-08,10.779999732971191,11.050000190734863,10.630000114440918,10.640000343322754,10.146712303161621,1228600,0.0,0.0
2019-11-11,10.5,10.680000305175781,10.399999618530273,10.510000228881836,10.022736549377441,1254900,0.0,0.0
2019-11-12,10.529999732971191,10.630000114440918,9.630000114440918,9.630000114440918,9.183536529541016,1395100,0.0,0.0
2019-11-13,9.5,9.789999961853027,9.300000190734863,9.699999809265137,9.250288963317871,1617200,0.0,0.0
2019-11-14,9.739999771118164,9.90999984741211,9.529999732971191,9.649999618530273,9.202604293823242,1071400,0.0,0.0
2019-11-15,9.649999618530273,9.739999771118164,9.199999809265137,9.510000228881836,9.069099426269531,1401400,0.0,0.0
2019-11-18,9.539999961853027,9.5600004196167,8.760000228881836,8.989999771118164,8.573204040527344,1387700,0.0,0.0
2019-11-19,9.0600004196167,9.140000343322754,8.649999618530273,9.0600004196167,8.639962196350098,1275200,0.0,0.0
2019-11-20,8.930000305175781,9.25,8.824999809265137,8.960000038146973,8.544597625732422,1674600,0.0,0.0
2019-11-21,8.9399995803833,9.125,8.789999961853027,9.020000457763672,8.601816177368164,1106800,0.0,0.0
2019-11-22,9.09000015258789,9.779999732971191,9.0,9.449999809265137,9.011880874633789,1746600,0.0,0.0
2019-11-25,9.489999771118164,9.970000267028809,9.274999618530273,9.819999694824219,9.364727020263672,1551600,0.0,0.0
2019-11-26,9.850000381469727,10.300000190734863,9.529999732971191,9.600000381469727,9.154927253723145,1584900,0.0,0.0
2019-11-27,9.550000190734863,9.850000381469727,9.5,9.699999809265137,9.250288963317871,939200,0.0,0.0
2019-11-29,9.699999809265137,9.880000114440918,9.430000305175781,9.680000305175781,9.231216430664062,656600,0.0,0.0
2019-12-02,9.739999771118164,9.899999618530273,8.880000114440918,9.069999694824219,8.649495124816895,1934400,0.0,0.0
2019-12-03,8.970000267028809,9.25,8.649999618530273,9.100000381469727,8.678107261657715,1866900,0.0,0.0
2019-12-04,9.1899995803833,9.1899995803833,8.770000457763672,9.050000190734863,8.630426406860352,1540100,0.0,0.0
2019-12-05,9.140000343322754,9.354999542236328,8.979999542236328,9.229999542236328,8.802079200744629,1595700,0.0,0.0
2019-12-06,9.270000457763672,9.720000267028809,9.239999771118164,9.630000114440918,9.183536529541016,1358200,0.0,0.0
2019-12-09,9.630000114440918,9.979999542236328,9.630000114440918,9.869999885559082,9.412406921386719,1083800,0.0,0.0
2019-12-10,9.869999885559082,9.949999809265137,9.670000076293945,9.90999984741211,9.450553894042969,1043300,0.0,0.0
2019-12-11,9.90999984741211,10.109999656677246,9.635000228881836,9.859999656677246,9.402872085571289,1042800,0.0,0.0
2019-12-12,9.920000076293945,10.220000267028809,9.720000267028809,10.130000114440918,9.660354614257812,1948200,0.0,0.0
2019-12-13,10.109999656677246,10.600000381469727,10.100000381469727,10.100000381469727,9.631746292114258,2887600,0.0,0.0
2019-12-16,10.15999984741211,10.680000305175781,10.149999618530273,10.319999694824219,9.84154224395752,1693300,0.0,0.0
2019-12-17,10.239999771118164,10.34000015258789,9.390000343322754,9.579999923706055,9.135852813720703,2299100,0.0,0.0
2019-12-18,9.5,9.75,9.130000114440918,9.649999618530273,9.202604293823242,1674900,0.0,0.0
2019-12-19,9.6899995803833,9.779999732971191,9.079999923706055,9.09000015258789,8.668571472167969,2662200,0.0,0.0
2019-12-20,9.140000343322754,9.225000381469727,8.970000267028809,9.039999961853027,8.62088680267334,5583600,0.0,0.0
2019-12-23,9.140000343322754,9.279999732971191,8.75,9.050000190734863,8.630426406860352,2880200,0.0,0.0
2019-12-24,9.100000381469727,9.170000076293945,8.90999984741211,9.15999984741211,8.735325813293457,1071600,0.0,0.0
2019-12-26,9.199999809265137,9.539999961853027,9.180000305175781,9.34000015258789,8.906981468200684,871900,0.0,0.0
2019-12-27,9.40999984741211,9.6899995803833,9.350000381469727,9.539999961853027,9.097708702087402,1260700,0.0,0.0
2019-12-30,9.5600004196167,9.618000030517578,9.140000343322754,9.149999618530273,8.725789070129395,1316200,0.0,0.0
2019-12-31,9.149999618530273,9.25,9.0,9.119999885559082,8.697179794311523,2246000,0.0,0.0
2020-01-02,9.279999732971191,10.609999656677246,9.279999732971191,9.989999771118164,9.52684497833252,5027100,0.0,0.0
2020-01-03,10.050000190734863,10.319999694824219,9.78499984741211,10.039999961853027,9.5745267868042,2016400,0.0,0.0
2020-01-06,9.989999771118164,10.25,9.84000015258789,9.90999984741211,9.450553894042969,1526600,0.0,0.0
2020-01-07,9.710000038146973,9.960000038146973,9.25,9.479999542236328,9.040489196777344,1790900,0.0,0.0
2020-01-08,9.5,9.770000457763672,8.949999809265137,9.229999542236328,8.802079200744629,2306200,0.0,0.0
2020-01-09,9.039999961853027,9.154999732971191,8.5,9.010000228881836,8.592278480529785,2009700,0.0,0.0
2020-01-10,8.920000076293945,9.0,8.600000381469727,8.619999885559082,8.220359802246094,1905100,0.0,0.0
2020-01-13,8.600000381469727,9.420000076293945,8.529999732971191,9.039999961853027,8.62088680267334,2131300,0.0,0.0
2020-01-14,9.0,9.34000015258789,8.800000190734863,9.0,8.582742691040039,2306600,0.0,0.0
2020-01-15,8.989999771118164,9.069999694824219,8.350000381469727,8.430000305175781,8.039170265197754,2580100,0.0,0.0
2020-01-16,8.609999656677246,8.989999771118164,8.5600004196167,8.6899995803833,8.287116050720215,1667200,0.0,0.0
2020-01-17,8.770000457763672,8.859999656677246,8.470000267028809,8.569999694824219,8.17267894744873,1842800,0.0,0.0
2020-01-21,8.470000267028809,8.520000457763672,7.869999885559082,8.100000381469727,7.724467754364014,1954500,0.0,0.0
2020-01-22,8.109999656677246,8.109999656677246,7.659999847412109,7.929999828338623,7.562350749969482,2293000,0.0,0.0
2020-01-23,7.820000171661377,7.880000114440918,7.480000019073486,7.619999885559082,7.266722202301025,2891200,0.0,0.0
2020-01-24,7.539999961853027,7.639999866485596,7.275000095367432,7.46999979019165,7.123676300048828,2004300,0.0,0.0
2020-01-27,7.25,7.519999980926514,7.0,7.460000038146973,7.114140510559082,1567100,0.0,0.0
2020-01-28,7.480000019073486,7.539999961853027,6.940000057220459,6.949999809265137,6.627784729003906,1957300,0.0,0.0
2020-01-29,6.949999809265137,7.0,6.489999771118164,6.920000076293945,6.599176406860352,2179500,0.0,0.0
2020-01-30,6.820000171661377,7.199999809265137,6.809999942779541,6.980000019073486,6.656394004821777,1262000,0.0,0.0
2020-01-31,6.849999904632568,6.849999904632568,6.449999809265137,6.760000228881836,6.44659423828125,1991800,0.0,0.0
2020-02-03,6.75,6.880000114440918,6.5,6.789999961853027,6.475202560424805,1401200,0.0,0.0
2020-02-04,6.949999809265137,7.489999771118164,6.909999847412109,7.409999847412109,7.0664591789245605,3319800,0.0,0.0
2020-02-05,7.059999942779541,9.869999885559082,7.059999942779541,9.3100004196167,8.878372192382812,9613500,0.0,0.0
2020-02-06,9.449999809265137,9.449999809265137,8.380000114440918,8.949999809265137,8.53506088256836,3733000,0.0,0.0
2020-02-07,8.890000343322754,8.9399995803833,8.239999771118164,8.5,8.105924606323242,2318500,0.0,0.0
2020-02-10,8.420000076293945,8.529999732971191,8.100000381469727,8.3100004196167,7.924731731414795,2230300,0.0,0.0
2020-02-11,8.470000267028809,8.539999961853027,8.050000190734863,8.069999694824219,7.695858478546143,1767900,0.0,0.0
2020-02-12,8.220000267028809,8.470000267028809,7.639999866485596,7.71999979019165,7.362086772918701,2058400,0.0,0.0
2020-02-13,7.670000076293945,7.769999980926514,7.449999809265137,7.769999980926514,7.4097676277160645,1287400,0.0,0.0
2020-02-14,7.760000228881836,7.849999904632568,7.380000114440918,7.449999809265137,7.104604244232178,1130900,0.0,0.0
2020-02-18,7.340000152587891,7.460000038146973,7.0,7.380000114440918,7.0378499031066895,2213400,0.0,0.0
2020-02-19,7.389999866485596,7.769999980926514,7.349999904632568,7.730000019073486,7.371622562408447,1759800,0.0,0.0
2020-02-20,7.699999809265137,7.849999904632568,7.440000057220459,7.53000020980835,7.180896282196045,1770100,0.0,0.0
2020-02-21,7.489999771118164,7.489999771118164,6.789999961853027,6.940000057220459,6.618249416351318,2493100,0.0,0.0
2020-02-24,6.679999828338623,7.03000020980835,6.329999923706055,6.690000057220459,6.379838466644287,1647000,0.0,0.0
2020-02-25,6.710000038146973,6.710000038146973,6.184999942779541,6.449999809265137,6.150965213775635,2093000,0.0,0.0
2020-02-26,6.449999809265137,6.449999809265137,5.46999979019165,5.5,5.245008945465088,2435300,0.0,0.0
2020-02-27,5.409999847412109,5.980000019073486,5.03000020980835,5.940000057220459,5.664609909057617,2719300,0.0,0.0
2020-02-28,5.619999885559082,6.21999979019165,5.590000152587891,5.840000152587891,5.569246292114258,3798700,0.0,0.0
2020-03-02,5.889999866485596,5.96999979019165,4.90500020980835,5.130000114440918,4.89216423034668,2946500,0.0,0.0
2020-03-03,5.159999847412109,5.300000190734863,4.900000095367432,5.090000152587891,4.854018688201904,3429800,0.0,0.0
2020-03-04,5.150000095367432,5.510000228881836,4.900000095367432,5.119999885559082,4.882627010345459,2610900,0.0,0.0
2020-03-05,5.019999980926514,5.039999961853027,4.690000057220459,4.909999847412109,4.682363510131836,1986100,0.0,0.0
2020-03-06,4.800000190734863,4.96999979019165,4.5,4.650000095367432,4.434417247772217,1786000,0.0,0.0
2020-03-09,3.9000000953674316,4.170000076293945,3.619999885559082,3.759999990463257,3.585679531097412,3281800,0.0,0.0
2020-03-10,4.119999885559082,4.179999828338623,3.5,3.7799999713897705,3.6047523021698,3229300,0.0,0.0
2020-03-11,3.630000114440918,3.6549999713897705,2.7699999809265137,2.8499999046325684,2.7178685665130615,2516900,0.0,0.0
2020-03-12,2.5999999046325684,2.859999895095825,2.509999990463257,2.5799999237060547,2.46038556098938,2254400,0.0,0.0
2020-03-13,2.799999952316284,3.490000009536743,2.640000104904175,3.490000009536743,3.3281970024108887,3085200,0.0,0.0
2020-03-16,2.7699999809265137,3.5399999618530273,2.7300000190734863,3.450000047683716,3.2900516986846924,2740300,0.0,0.0
2020-03-17,3.450000047683716,5.309999942779541,3.450000047683716,4.349999904632568,4.148325443267822,4907000,0.0,0.0
2020-03-18,4.130000114440918,4.130000114440918,2.7899999618530273,3.2899999618530273,3.1374692916870117,2680100,0.0,0.0
2020-03-19,3.25,3.8949999809265137,3.0,3.809999942779541,3.6333611011505127,2714800,0.0,0.0
2020-03-20,3.740000009536743,3.930000066757202,3.0899999141693115,3.309999942779541,3.1565425395965576,3313500,0.0,0.0
2020-03-23,3.5399999618530273,3.8299999237060547,2.9200000762939453,3.180000066757202,3.03256893157959,2315200,0.0,0.0
2020-03-24,3.440000057220459,3.5999999046325684,3.059999942779541,3.2899999618530273,3.1374692916870117,1753100,0.0,0.0
2020-03-25,3.440000057220459,3.440000057220459,3.005000114440918,3.119999885559082,2.9753506183624268,2033500,0.0,0.0
2020-03-26,3.140000104904175,3.259999990463257,2.559999942779541,2.8399999141693115,2.7083323001861572,4058800,0.0,0.0
2020-03-27,2.8299999237060547,2.947999954223633,2.609999895095825,2.809999942779541,2.6797232627868652,2305300,0.0,0.0
2020-03-30,2.809999942779541,2.8299999237060547,2.5199999809265137,2.700000047683716,2.5748231410980225,2081800,0.0,0.0
2020-03-31,2.700000047683716,2.9000000953674316,2.5299999713897705,2.9000000953674316,2.765550374984741,1960000,0.0,0.0
2020-04-01,2.7899999618530273,3.2100000381469727,2.569999933242798,3.2100000381469727,3.061178684234619,1764400,0.0,0.0
2020-04-02,3.180000066757202,3.799999952316284,3.1500000953674316,3.390000104904175,3.23283314704895,2781200,0.0,0.0
2020-04-03,3.380000114440918,3.4000000953674316,2.9549999237060547,3.009999990463257,2.870450735092163,2297000,0.0,0.0
2020-04-06,3.0899999141693115,3.3499999046325684,3.0399999618530273,3.2699999809265137,3.1183972358703613,1999400,0.0,0.0
2020-04-07,3.3399999141693115,3.440000057220459,2.940000057220459,3.0,2.860914468765259,2515300,0.0,0.0
2020-04-08,2.9100000858306885,3.0,2.819999933242798,2.9700000286102295,2.8323049545288086,2548500,0.0,0.0
2020-04-09,3.059999942779541,3.5,3.049999952316284,3.3399999141693115,3.1851513385772705,2912200,0.0,0.0
2020-04-13,3.4000000953674316,3.759999990463257,3.240000009536743,3.6500000953674316,3.480778694152832,2548100,0.0,0.0
2020-04-14,3.7200000286102295,4.349999904632568,3.6600000858306885,4.019999980926514,3.833625316619873,3014800,0.0,0.0
2020-04-15,3.7699999809265137,3.8550000190734863,3.25,3.509999990463257,3.3472700119018555,2044400,0.0,0.0
2020-04-16,3.5,3.509999990463257,3.059999942779541,3.130000114440918,2.984886884689331,1607400,0.0,0.0
2020-04-17,3.240000009536743,3.640000104904175,3.200000047683716,3.3499999046325684,3.1946871280670166,1710800,0.0,0.0
2020-04-20,3.2799999713897705,3.490000009536743,3.0,3.4800000190734863,3.3186609745025635,1387400,0.0,0.0
2020-04-21,3.319999933242798,3.4100000858306885,3.240000009536743,3.3399999141693115,3.1851513385772705,1146300,0.0,0.0
2020-04-22,3.440000057220459,3.680000066757202,3.319999933242798,3.3399999141693115,3.1851513385772705,2291500,0.0,0.0
2020-04-23,3.440000057220459,3.4700000286102295,2.950000047683716,2.990000009536743,2.8513777256011963,3125400,0.0,0.0
2020-04-24,3.0399999618530273,3.109999895095825,2.609999895095825,2.6600000858306885,2.5366780757904053,4510900,0.0,0.0
2020-04-27,2.7899999618530273,3.0299999713897705,2.5299999713897705,2.869999885559082,2.73694109916687,3304300,0.0,0.0
2020-04-28,2.9600000381469727,3.0799999237060547,2.7320001125335693,3.0,2.860914468765259,2679500,0.0,0.0
2020-04-29,2.890000104904175,3.4700000286102295,2.700000047683716,3.259999990463257,3.108860492706299,4255300,0.0,0.0
2020-04-30,3.180000066757202,3.4600000381469727,2.9700000286102295,3.390000104904175,3.23283314704895,3204000,0.0,0.0
2020-05-01,3.2100000381469727,3.430000066757202,3.049999952316284,3.2300000190734863,3.0802509784698486,3242700,0.0,0.0
2020-05-04,3.069999933242798,3.4649999141693115,3.0350000858306885,3.240000009536743,3.089787244796753,1501600,0.0,0.0
2020-05-05,3.2899999618530273,3.380000114440918,2.9149999618530273,2.950000047683716,2.813232183456421,2010800,0.0,0.0
2020-05-06,2.990000009536743,3.0799999237060547,2.799999952316284,2.809999942779541,2.6797232627868652,1349300,0.0,0.0
2020-05-07,2.940000057220459,3.0959999561309814,2.6500000953674316,2.7300000190734863,2.6034319400787354,2857900,0.0,0.0
2020-05-08,2.809999942779541,3.7149999141693115,2.809999942779541,3.700000047683716,3.528461456298828,6503000,0.0,0.0
2020-05-11,3.640000104904175,3.9000000953674316,3.2799999713897705,3.700000047683716,3.528461456298828,2855800,0.0,0.0
2020-05-12,3.740000009536743,4.150000095367432,3.5,3.509999990463257,3.3472700119018555,2758500,0.0,0.0
2020-05-13,3.5,3.5399999618530273,2.9519999027252197,3.0,2.860914468765259,2738800,0.0,0.0
2020-05-14,3.009999990463257,3.069999933242798,2.7100000381469727,3.0199999809265137,2.8799872398376465,4179200,0.0,0.0
2020-05-15,3.009999990463257,3.130000114440918,2.9000000953674316,2.940000057220459,2.803696632385254,3694000,0.0,0.0
2020-05-18,3.119999885559082,3.3499999046325684,3.0,3.2200000286102295,3.0707147121429443,3264600,0.0,0.0
2020-05-19,3.2300000190734863,3.380000114440918,3.0999999046325684,3.1500000953674316,3.003960132598877,1663500,0.0,0.0
2020-05-20,3.240000009536743,3.384999990463257,3.1700000762939453,3.319999933242798,3.166078567504883,1756100,0.0,0.0
2020-05-21,3.3299999237060547,3.4800000190734863,3.2249999046325684,3.430000066757202,3.270979166030884,1858400,0.0,0.0
2020-05-22,3.3499999046325684,3.4000000953674316,3.109999895095825,3.2100000381469727,3.061178684234619,1485600,0.0,0.0
2020-05-26,3.3299999237060547,3.430000066757202,3.134999990463257,3.1500000953674316,3.003960132598877,1391300,0.0,0.0
2020-05-27,3.25,3.299999952316284,3.119999885559082,3.25,3.0993239879608154,1644700,0.0,0.0
2020-05-28,3.2200000286102295,3.380000114440918,3.130000114440918,3.2799999713897705,3.1279332637786865,1738200,0.0,0.0
2020-05-29,3.200000047683716,3.2799999713897705,3.0999999046325684,3.1500000953674316,3.003960132598877,2342200,0.0,0.0
2020-06-01,3.1600000858306885,3.200000047683716,3.0399999618530273,3.0399999618530273,2.899060010910034,1704100,0.0,0.0
2020-06-02,3.140000104904175,3.194999933242798,3.0199999809265137,3.0399999618530273,2.899060010910034,1781000,0.0,0.0
2020-06-03,3.140000104904175,3.180000066757202,3.0199999809265137,3.0399999618530273,2.899060010910034,2694000,0.0,0.0
2020-06-04,3.0799999237060547,3.3450000286102295,3.009999990463257,3.3299999237060547,3.175614595413208,2900300,0.0,0.0
2020-06-05,3.440000057220459,4.440000057220459,3.4200000762939453,4.320000171661377,4.119717121124268,5901200,0.0,0.0
2020-06-08,4.75,5.119999885559082,4.590000152587891,5.03000020980835,4.79680061340332,4860100,0.0,0.0
2020-06-09,4.730000019073486,5.21999979019165,4.610000133514404,4.920000076293945,4.69189977645874,3595800,0.0,0.0
2020-06-10,4.849999904632568,5.050000190734863,4.369999885559082,4.510000228881836,4.300908088684082,2659000,0.0,0.0
2020-06-11,3.869999885559082,3.869999885559082,3.430000066757202,3.450000047683716,3.2900516986846924,3960400,0.0,0.0
2020-06-12,3.7100000381469727,3.749000072479248,3.359999895095825,3.490000009536743,3.3281970024108887,2315500,0.0,0.0
2020-06-15,3.259999990463257,3.4700000286102295,3.1500000953674316,3.4100000858306885,3.251906394958496,2466400,0.0,0.0
2020-06-16,3.630000114440918,3.7149999141693115,3.450000047683716,3.5299999713897705,3.366342782974243,2169600,0.0,0.0
2020-06-17,3.5399999618530273,3.559999942779541,3.2100000381469727,3.2200000286102295,3.0707147121429443,2399300,0.0,0.0
2020-06-18,3.240000009536743,3.309999942779541,3.0799999237060547,3.0999999046325684,2.9562783241271973,2941600,0.0,0.0
2020-06-19,3.1600000858306885,3.2300000190734863,3.0250000953674316,3.140000104904175,2.9944241046905518,5987700,0.0,0.0
2020-06-22,3.140000104904175,3.2049999237060547,3.049999952316284,3.130000114440918,2.984886884689331,1744400,0.0,0.0
2020-06-23,3.1500000953674316,3.174999952316284,3.049999952316284,3.130000114440918,2.984886884689331,1807500,0.0,0.0
2020-06-24,3.0799999237060547,3.1700000762939453,3.0,3.0899999141693115,2.946741819381714,2147400,0.0,0.0
2020-06-25,3.059999942779541,3.1449999809265137,3.0,3.0999999046325684,2.9562783241271973,1427000,0.0,0.0
2020-06-26,3.059999942779541,3.059999942779541,2.8459999561309814,3.0399999618530273,2.899060010910034,3161000,0.0,0.0
2020-06-29,3.0,3.130000114440918,2.9040000438690186,2.9600000381469727,2.8227689266204834,1827600,0.0,0.0
2020-06-30,2.9600000381469727,2.9800000190734863,2.8399999141693115,2.880000114440918,2.7464776039123535,1600200,0.0,0.0
2020-07-01,2.9000000953674316,3.0,2.7100000381469727,2.740000009536743,2.6129682064056396,2040100,0.0,0.0
2020-07-02,2.819999933242798,2.8980000019073486,2.680000066757202,2.75,2.622504472732544,1900000,0.0,0.0
2020-07-06,2.8499999046325684,3.0,2.765000104904175,2.890000104904175,2.756014108657837,1575000,0.0,0.0
2020-07-07,2.859999895095825,3.0,2.819999933242798,2.8399999141693115,2.7083323001861572,1092300,0.0,0.0
2020-07-08,2.809999942779541,2.859999895095825,2.7100000381469727,2.759999990463257,2.6320414543151855,1256000,0.0,0.0
2020-07-09,2.7899999618530273,2.799999952316284,2.6500000953674316,2.700000047683716,2.5748231410980225,954700,0.0,0.0
2020-07-10,2.680000066757202,2.869999885559082,2.6600000858306885,2.869999885559082,2.73694109916687,994700,0.0,0.0
2020-07-13,2.9200000762939453,2.938999891281128,2.690000057220459,2.7799999713897705,2.6511142253875732,1313200,0.0,0.0
2020-07-14,2.759999990463257,2.8399999141693115,2.690000057220459,2.7200000286102295,2.5938961505889893,916300,0.0,0.0
2020-07-15,2.799999952316284,2.984999895095825,2.7300000190734863,2.9600000381469727,2.8227689266204834,1544000,0.0,0.0
2020-07-16,2.930000066757202,3.0399999618530273,2.819999933242798,2.9800000190734863,2.841841697692871,854500,0.0,0.0
2020-07-17,3.0,3.119999885559082,2.8499999046325684,2.9700000286102295,2.8323049545288086,701500,0.0,0.0
2020-07-20,2.990000009536743,2.990000009536743,2.869999885559082,2.9000000953674316,2.765550374984741,752200,0.0,0.0
2020-07-21,2.9700000286102295,3.1389999389648438,2.950000047683716,3.009999990463257,2.870450735092163,1506600,0.0,0.0
2020-07-22,3.0299999713897705,3.0399999618530273,2.859999895095825,2.869999885559082,2.73694109916687,771700,0.0,0.0
2020-07-23,2.890000104904175,3.140000104904175,2.8350000381469727,3.0999999046325684,2.9562783241271973,1532000,0.0,0.0
2020-07-24,3.0999999046325684,3.450000047683716,3.0899999141693115,3.4100000858306885,3.251906394958496,3554700,0.0,0.0
2020-07-27,3.390000104904175,3.390000104904175,3.049999952316284,3.140000104904175,2.9944241046905518,2156100,0.0,0.0
2020-07-28,3.109999895095825,3.240000009536743,3.009999990463257,3.2200000286102295,3.0707147121429443,880800,0.0,0.0
2020-07-29,3.2300000190734863,3.380000114440918,3.0899999141693115,3.299999952316284,3.147006034851074,1151300,0.0,0.0
2020-07-30,3.190000057220459,3.3589999675750732,3.1600000858306885,3.200000047683716,3.0516417026519775,1217100,0.0,0.0
2020-07-31,3.140000104904175,3.180000066757202,2.9600000381469727,3.119999885559082,2.9753506183624268,1090000,0.0,0.0
2020-08-03,3.0999999046325684,3.190000057220459,3.005000114440918,3.119999885559082,2.9753506183624268,1034500,0.0,0.0
2020-08-04,3.0899999141693115,3.2799999713897705,3.0799999237060547,3.1500000953674316,3.003960132598877,1400200,0.0,0.0
2020-08-05,3.0299999713897705,3.109999895095825,2.8350000381469727,2.9000000953674316,2.765550374984741,1982500,0.0,0.0
2020-08-06,2.859999895095825,2.890000104904175,2.674999952316284,2.700000047683716,2.5748231410980225,2670800,0.0,0.0
2020-08-07,2.619999885559082,2.6589999198913574,2.430000066757202,2.5199999809265137,2.403167486190796,3345500,0.0,0.0
2020-08-10,2.5399999618530273,2.869999885559082,2.5399999618530273,2.819999933242798,2.6892597675323486,3521000,0.0,0.0
2020-08-11,2.8399999141693115,2.950000047683716,2.700000047683716,2.7899999618530273,2.6606507301330566,2759100,0.0,0.0
2020-08-12,2.890000104904175,2.890000104904175,2.619999885559082,2.7100000381469727,2.5843594074249268,2045100,0.0,0.0
2020-08-13,2.700000047683716,2.7300000190734863,2.549999952316284,2.559999942779541,2.4413135051727295,1671100,0.0,0.0
2020-08-14,2.559999942779541,2.859999895095825,2.509999990463257,2.759999990463257,2.6320414543151855,2636700,0.0,0.0
2020-08-17,2.809999942779541,2.809999942779541,2.6649999618530273,2.75,2.622504472732544,1533600,0.0,0.0
2020-08-18,2.7200000286102295,2.7699999809265137,2.6600000858306885,2.740000009536743,2.6129682064056396,1416400,0.0,0.0
2020-08-19,2.75,2.7899999618530273,2.569999933242798,2.6600000858306885,2.5366780757904053,3166300,0.0,0.0
2020-08-20,2.619999885559082,2.619999885559082,2.430000066757202,2.569999933242798,2.450849771499634,2122200,0.0,0.0
2020-08-21,2.549999952316284,2.549999952316284,2.369999885559082,2.390000104904175,2.2791953086853027,1961300,0.0,0.0
2020-08-24,2.450000047683716,2.490000009536743,2.2699999809265137,2.369999885559082,2.260122299194336,2475600,0.0,0.0
2020-08-25,2.4100000858306885,2.430000066757202,2.309999942779541,2.3499999046325684,2.2410497665405273,1687400,0.0,0.0
2020-08-26,2.3399999141693115,2.440000057220459,2.2799999713897705,2.380000114440918,2.2696590423583984,2220700,0.0,0.0
2020-08-27,2.380000114440918,2.4769999980926514,2.3399999141693115,2.390000104904175,2.2791953086853027,1119200,0.0,0.0
2020-08-28,2.430000066757202,2.5999999046325684,2.390000104904175,2.569999933242798,2.450849771499634,2085900,0.0,0.0
2020-08-31,2.549999952316284,2.75,2.509999990463257,2.609999895095825,2.4889957904815674,3163600,0.0,0.0
2020-09-01,2.5899999141693115,2.6600000858306885,2.5299999713897705,2.619999885559082,2.4985320568084717,828600,0.0,0.0
2020-09-02,2.630000114440918,2.700000047683716,2.4800000190734863,2.5999999046325684,2.479459047317505,1308400,0.0,0.0
2020-09-03,2.5899999141693115,2.7300000190734863,2.5799999237060547,2.630000114440918,2.508068561553955,1629900,0.0,0.0
2020-09-04,2.680000066757202,2.819999933242798,2.559999942779541,2.700000047683716,2.5748231410980225,1535900,0.0,0.0
2020-09-08,2.700000047683716,2.7699999809265137,2.569999933242798,2.630000114440918,2.508068561553955,1436600,0.0,0.0
2020-09-09,2.640000104904175,2.7300000190734863,2.5799999237060547,2.7100000381469727,2.5843594074249268,1066400,0.0,0.0
2020-09-10,2.7100000381469727,3.0850000381469727,2.6700000762939453,2.7100000381469727,2.5843594074249268,2934100,0.0,0.0
2020-09-11,2.7200000286102295,2.940000057220459,2.680000066757202,2.9100000858306885,2.7750866413116455,2401800,0.0,0.0
2020-09-14,2.9000000953674316,3.0299999713897705,2.7799999713897705,2.9200000762939453,2.784623146057129,2244800,0.0,0.0
2020-09-15,2.990000009536743,3.1700000762939453,2.859999895095825,3.0299999713897705,2.889523506164551,3040700,0.0,0.0
2020-09-16,3.059999942779541,3.319999933242798,3.009999990463257,3.2100000381469727,3.061178684234619,3744100,0.0,0.0
2020-09-17,3.190000057220459,3.819999933242798,3.109999895095825,3.7300000190734863,3.557070255279541,6934600,0.0,0.0
2020-09-18,3.7100000381469727,4.170000076293945,3.619999885559082,4.070000171661377,3.881307363510132,5854600,0.0,0.0
2020-09-21,3.950000047683716,4.019999980926514,3.740000009536743,3.859999895095825,3.6810433864593506,3089300,0.0,0.0
2020-09-22,3.8299999237060547,4.045000076293945,3.7899999618530273,3.9200000762939453,3.7382616996765137,2407300,0.0,0.0
2020-09-23,3.930000066757202,4.013000011444092,3.509999990463257,3.5199999809265137,3.3568062782287598,1796800,0.0,0.0
2020-09-24,3.4800000190734863,3.6500000953674316,3.390000104904175,3.4000000953674316,3.2423691749572754,2148400,0.0,0.0
2020-09-25,3.3499999046325684,3.440000057220459,3.0299999713897705,3.049999952316284,2.9085960388183594,1809300,0.0,0.0
2020-09-28,3.059999942779541,3.309999942779541,2.990000009536743,3.119999885559082,2.9753506183624268,2076800,0.0,0.0
2020-09-29,3.059999942779541,3.059999942779541,2.4000000953674316,2.440000057220459,2.3268771171569824,5623700,0.0,0.0
2020-09-30,2.4600000381469727,2.490000009536743,2.299999952316284,2.299999952316284,2.1933672428131104,3125100,0.0,0.0
2020-10-01,2.319999933242798,2.3399999141693115,2.1500000953674316,2.200000047683716,2.0980031490325928,3553300,0.0,0.0
2020-10-02,2.1500000953674316,2.4049999713897705,2.0999999046325684,2.390000104904175,2.2791953086853027,2858800,0.0,0.0
2020-10-05,2.5,2.5199999809265137,2.1700000762939453,2.180000066757202,2.0789310932159424,3092000,0.0,0.0
2020-10-06,2.2899999618530273,2.309999942779541,2.119999885559082,2.119999885559082,2.0217130184173584,2395600,0.0,0.0
2020-10-07,2.140000104904175,2.1500000953674316,2.049999952316284,2.069999933242798,1.9740307331085205,2276800,0.0,0.0
2020-10-08,2.109999895095825,2.1500000953674316,2.009999990463257,2.059999942779541,1.9644947052001953,2532000,0.0,0.0
2020-10-09,2.0799999237060547,2.109999895095825,1.899999976158142,2.0399999618530273,1.9454216957092285,4655600,0.0,0.0
2020-10-12,2.0299999713897705,2.049999952316284,1.899999976158142,1.9199999570846558,1.8309849500656128,2371000,0.0,0.0
2020-10-13,1.899999976158142,1.909999966621399,1.7300000190734863,1.75,1.668866753578186,3178900,0.0,0.0
2020-10-14,1.7599999904632568,1.8450000286102295,1.7100000381469727,1.7400000095367432,1.6593304872512817,2007000,0.0,0.0
2020-10-15,1.7300000190734863,1.7400000095367432,1.600000023841858,1.659999966621399,1.5830392837524414,2292000,0.0,0.0
2020-10-16,1.6799999475479126,1.7699999809265137,1.6200000047683716,1.649999976158142,1.573503017425537,2080000,0.0,0.0
2020-10-19,1.659999966621399,1.6679999828338623,1.5099999904632568,1.5299999713897705,1.459066390991211,2337000,0.0,0.0
2020-10-20,1.5499999523162842,1.659999966621399,1.5399999618530273,1.6299999952316284,1.5544302463531494,2185200,0.0,0.0
2020-10-21,1.6399999856948853,1.7699999809265137,1.621000051498413,1.6799999475479126,1.60211181640625,2962400,0.0,0.0
2020-10-22,1.6699999570846558,1.7000000476837158,1.5299999713897705,1.590000033378601,1.516284465789795,2368800,0.0,0.0
2020-10-23,1.600000023841858,1.6449999809265137,1.5399999618530273,1.5700000524520874,1.4972120523452759,1452400,0.0,0.0
2020-10-26,1.5800000429153442,1.600000023841858,1.4600000381469727,1.5299999713897705,1.459066390991211,1619800,0.0,0.0
2020-10-27,1.5399999618530273,1.5700000524520874,1.4299999475479126,1.440000057220459,1.3732388019561768,2166200,0.0,0.0
2020-10-28,1.3899999856948853,1.399999976158142,1.2799999713897705,1.2799999713897705,1.2206567525863647,2273500,0.0,0.0
2020-10-29,1.2599999904632568,1.309999942779541,1.1699999570846558,1.2999999523162842,1.2397295236587524,2583200,0.0,0.0
2020-10-30,1.309999942779541,1.409999966621399,1.2400000095367432,1.2899999618530273,1.23019278049469,1569900,0.0,0.0
2020-11-02,1.309999942779541,1.3600000143051147,1.2300000190734863,1.309999942779541,1.2492660284042358,10960500,0.0,0.0
2020-11-03,1.340000033378601,1.3600000143051147,1.2599999904632568,1.309999942779541,1.2492660284042358,1790900,0.0,0.0
2020-11-04,1.3300000429153442,1.3300000429153442,1.2000000476837158,1.2000000476837158,1.144365906715393,1315000,0.0,0.0
2020-11-05,1.2000000476837158,1.2599999904632568,1.1799999475479126,1.2300000190734863,1.172974944114685,2128000,0.0,0.0
2020-11-06,1.2300000190734863,1.2599999904632568,1.149999976158142,1.1699999570846558,1.1157567501068115,1674500,0.0,0.0
2020-11-09,1.2799999713897705,1.4550000429153442,1.059999942779541,1.0800000429153442,1.029929280281067,5234400,0.0,0.0
2020-11-10,1.0800000429153442,1.100000023841858,0.800000011920929,0.8309999704360962,0.7924732565879822,12825300,0.0,0.0
2020-11-11,0.8500000238418579,0.9700000286102295,0.8399999737739563,0.8999999761581421,0.8582742214202881,6429700,0.0,0.0
2020-11-12,0.9300000071525574,1.0199999809265137,0.8690000176429749,0.9860000014305115,0.9402871131896973,3934200,0.0,0.0
2020-11-13,0.9700000286102295,1.0700000524520874,0.9599999785423279,1.0499999523162842,1.0013201236724854,2845800,0.0,0.0
2020-11-16,1.1699999570846558,1.2000000476837158,1.100000023841858,1.2000000476837158,1.144365906715393,3182100,0.0,0.0
2020-11-17,1.159999966621399,1.190000057220459,1.0800000429153442,1.1399999856948853,1.0871474742889404,2395100,0.0,0.0
2020-11-18,1.1399999856948853,1.159999966621399,1.1200000047683716,1.149999976158142,1.0966836214065552,2098200,0.0,0.0
2020-11-19,1.1299999952316284,1.1799999475479126,1.0499999523162842,1.1799999475479126,1.1252927780151367,2159400,0.0,0.0
2020-11-20,1.1699999570846558,1.1699999570846558,1.1200000047683716,1.1699999570846558,1.1157567501068115,1902100,0.0,0.0
2020-11-23,1.1799999475479126,1.3899999856948853,1.1799999475479126,1.3700000047683716,1.3064841032028198,5670100,0.0,0.0
2020-11-24,1.4800000190734863,1.659999966621399,1.4500000476837158,1.5,1.4304572343826294,5873400,0.0,0.0
2020-11-25,1.4900000095367432,1.4900000095367432,1.2999999523162842,1.4800000190734863,1.4113844633102417,2739000,0.0,0.0
2020-11-27,1.4500000476837158,1.6449999809265137,1.440000057220459,1.6200000047683716,1.5448936223983765,1609100,0.0,0.0
2020-11-30,1.6299999952316284,1.649999976158142,1.350000023841858,1.350000023841858,1.2874115705490112,4691100,0.0,0.0
2020-12-01,1.4600000381469727,1.4600000381469727,1.309999942779541,1.340000033378601,1.2778749465942383,2061500,0.0,0.0
2020-12-02,1.3600000143051147,1.4199999570846558,1.350000023841858,1.399999976158142,1.3350931406021118,1872900,0.0,0.0
2020-12-03,1.4299999475479126,1.4500000476837158,1.2599999904632568,1.2899999618530273,1.23019278049469,2390200,0.0,0.0
2020-12-04,1.309999942779541,1.3300000429153442,1.2799999713897705,1.2999999523162842,1.2397295236587524,1808000,0.0,0.0
2020-12-07,1.3300000429153442,1.3300000429153442,1.2100000381469727,1.25,1.1920477151870728,2602500,0.0,0.0
2020-12-08,1.2599999904632568,1.6699999570846558,1.2300000190734863,1.6699999570846558,1.5925756692886353,8494200,0.0,0.0
2020-12-09,1.649999976158142,1.659999966621399,1.4700000286102295,1.4800000190734863,1.4113844633102417,3639800,0.0,0.0
2020-12-10,1.4800000190734863,2.1760001182556152,1.4800000190734863,2.0399999618530273,1.9454216957092285,11272300,0.0,0.0
2020-12-11,2.2899999618530273,2.4000000953674316,1.850000023841858,1.9900000095367432,1.897740125656128,7843000,0.0,0.0
2020-12-14,2.059999942779541,2.440000057220459,1.9800000190734863,2.069999933242798,1.9740307331085205,7563300,0.0,0.0
2020-12-15,2.119999885559082,2.1500000953674316,1.8600000143051147,2.0199999809265137,1.92634916305542,3969100,0.0,0.0
2020-12-16,2.0,2.140000104904175,1.9500000476837158,2.119999885559082,2.0217130184173584,2744200,0.0,0.0
2020-12-17,2.130000114440918,2.140000104904175,1.9900000095367432,2.109999895095825,2.012176752090454,2586800,0.0,0.0
2020-12-18,2.0999999046325684,2.25,2.0399999618530273,2.0999999046325684,2.0026402473449707,5029000,0.0,0.0
2020-12-21,2.0,2.0799999237060547,1.899999976158142,1.9900000095367432,1.897740125656128,2786900,0.0,0.0
2020-12-22,1.9900000095367432,2.049999952316284,1.8700000047683716,1.909999966621399,1.8214489221572876,2769300,0.0,0.0
2020-12-23,1.899999976158142,1.9900000095367432,1.7999999523162842,1.8600000143051147,1.7737668752670288,2772900,0.0,0.0
2020-12-24,1.8899999856948853,1.8899999856948853,1.7100000381469727,1.7200000286102295,1.640257716178894,1441900,0.0,0.0
2020-12-28,2.5199999809265137,2.950000047683716,2.319999933242798,2.4000000953674316,2.288731813430786,18184000,0.0,0.0
2020-12-29,2.450000047683716,2.4600000381469727,2.069999933242798,2.2699999809265137,2.1647589206695557,4715500,0.0,0.0
2020-12-30,2.259999990463257,2.369999885559082,2.200000047683716,2.2699999809265137,2.1647589206695557,2420900,0.0,0.0
2020-12-31,2.240000009536743,2.5199999809265137,2.2200000286102295,2.4100000858306885,2.2982676029205322,3798800,0.0,0.0
2021-01-04,2.4600000381469727,2.9600000381469727,2.450000047683716,2.940000057220459,2.803696632385254,5766000,0.0,0.0
2021-01-05,3.049999952316284,3.75,3.049999952316284,3.430000066757202,3.270979166030884,9013300,0.0,0.0
2021-01-06,3.5399999618530273,3.549999952316284,3.0799999237060547,3.2899999618530273,3.1374692916870117,5795900,0.0,0.0
2021-01-07,3.319999933242798,3.569999933242798,3.259999990463257,3.2699999809265137,3.1183972358703613,2103900,0.0,0.0
2021-01-08,3.359999895095825,3.5399999618530273,3.0999999046325684,3.2100000381469727,3.061178684234619,2580000,0.0,0.0
2021-01-11,3.059999942779541,3.5399999618530273,2.930000066757202,3.319999933242798,3.166078567504883,4094800,0.0,0.0
2021-01-12,3.4100000858306885,3.690000057220459,3.36299991607666,3.4600000381469727,3.299588203430176,3855200,0.0,0.0
2021-01-13,3.5999999046325684,4.129000186920166,3.380000114440918,3.990000009536743,3.805016040802002,6755500,0.0,0.0
2021-01-14,4.130000114440918,4.514999866485596,4.010000228881836,4.199999809265137,4.005280494689941,5795900,0.0,0.0
2021-01-15,4.150000095367432,4.340000152587891,3.7799999713897705,3.9600000381469727,3.776407480239868,4202100,0.0,0.0
2021-01-19,4.099999904632568,4.21999979019165,3.950000047683716,4.059999942779541,3.8717703819274902,3062100,0.0,0.0
2021-01-20,4.110000133514404,4.150000095367432,3.640000104904175,3.9700000286102295,3.7859432697296143,3436400,0.0,0.0
2021-01-21,3.9600000381469727,3.9800000190734863,3.3299999237060547,3.450000047683716,3.2900516986846924,4473500,0.0,0.0
2021-01-22,3.3399999141693115,3.430000066757202,3.2300000190734863,3.380000114440918,3.223297119140625,2509400,0.0,0.0
2021-01-25,3.309999942779541,3.319999933242798,3.069999933242798,3.2100000381469727,3.061178684234619,3258100,0.0,0.0
2021-01-26,3.490000009536743,3.7899999618530273,3.3299999237060547,3.700000047683716,3.528461456298828,4612100,0.0,0.0
2021-01-27,3.5299999713897705,5.210000038146973,3.5199999809265137,4.670000076293945,4.453490734100342,12742500,0.0,0.0
2021-01-28,4.630000114440918,4.650000095367432,3.930999994277954,4.300000190734863,4.100644111633301,4252400,0.0,0.0
2021-01-29,4.340000152587891,4.389999866485596,3.7039999961853027,3.8299999237060547,3.6524338722229004,3524600,0.0,0.0
2021-02-01,4.070000171661377,4.139999866485596,3.7100000381469727,4.03000020980835,3.8431620597839355,2440000,0.0,0.0
2021-02-02,4.380000114440918,4.519999980926514,4.03000020980835,4.340000152587891,4.138790130615234,3818100,0.0,0.0
2021-02-03,4.300000190734863,4.630000114440918,4.210000038146973,4.349999904632568,4.148325443267822,3086700,0.0,0.0
2021-02-04,3.680000066757202,4.059999942779541,3.5299999713897705,3.700000047683716,3.528461456298828,7768100,0.0,0.0
2021-02-05,3.799999952316284,3.869999885559082,3.2699999809265137,3.569999933242798,3.4044876098632812,4921600,0.0,0.0
2021-02-08,3.6600000858306885,3.8499999046325684,3.5,3.7200000286102295,3.5475337505340576,3888900,0.0,0.0
2021-02-09,3.6600000858306885,3.799999952316284,3.509999990463257,3.7300000190734863,3.557070255279541,2871700,0.0,0.0
2021-02-10,3.7300000190734863,3.8399999141693115,3.4800000190734863,3.630000114440918,3.4617068767547607,2326300,0.0,0.0
2021-02-11,3.5899999141693115,3.880000114440918,3.5299999713897705,3.7699999809265137,3.5952155590057373,3184300,0.0,0.0
2021-02-12,3.7799999713897705,4.420000076293945,3.7139999866485596,4.21999979019165,4.024353504180908,5128300,0.0,0.0
2021-02-16,4.5,4.630000114440918,4.074999809265137,4.150000095367432,3.9575984477996826,4433600,0.0,0.0
2021-02-17,4.170000076293945,4.230000019073486,3.9100000858306885,4.119999885559082,3.9289894104003906,2696100,0.0,0.0
2021-02-18,4.070000171661377,4.085000038146973,3.759999990463257,3.890000104904175,3.7096521854400635,2362000,0.0,0.0
2021-02-19,3.930000066757202,4.135000228881836,3.8350000381469727,3.869999885559082,3.6905791759490967,2180200,0.0,0.0
2021-02-22,3.9000000953674316,4.659999847412109,3.9000000953674316,4.46999979019165,4.262762069702148,4928800,0.0,0.0
2021-02-23,4.369999885559082,5.110000133514404,4.110000133514404,5.0,4.768190860748291,7017800,0.0,0.0
2021-02-24,4.900000095367432,5.300000190734863,4.900000095367432,5.090000152587891,4.854018688201904,4063400,0.0,0.0
2021-02-25,5.03000020980835,5.150000095367432,4.340000152587891,4.369999885559082,4.167398452758789,4554900,0.0,0.0
2021-02-26,4.309999942779541,4.519999980926514,4.190000057220459,4.300000190734863,4.100644111633301,2642900,0.0,0.0
2021-03-01,4.340000152587891,4.46999979019165,4.074999809265137,4.079999923706055,3.890843391418457,2997300,0.0,0.0
2021-03-02,4.090000152587891,4.590000152587891,4.010000228881836,4.309999942779541,4.110179901123047,2491500,0.0,0.0
2021-03-03,4.340000152587891,4.800000190734863,4.170000076293945,4.170000076293945,3.976670980453491,3670500,0.0,0.0
2021-03-04,4.260000228881836,4.440000057220459,3.880000114440918,3.9700000286102295,3.7859432697296143,3460900,0.0,0.0
2021-03-05,4.019999980926514,4.210000038146973,3.759999990463257,4.019999980926514,3.833625316619873,2708400,0.0,0.0
2021-03-08,4.099999904632568,4.1570000648498535,3.609999895095825,3.7200000286102295,3.5475337505340576,3602900,0.0,0.0
2021-03-09,3.8499999046325684,3.9200000762939453,3.7109999656677246,3.9000000953674316,3.719188690185547,2178200,0.0,0.0
2021-03-10,3.940000057220459,4.130000114440918,3.7899999618530273,3.859999895095825,3.6810433864593506,2194900,0.0,0.0
2021-03-11,3.9200000762939453,4.059000015258789,3.619999885559082,3.740000009536743,3.5666067600250244,4402200,0.0,0.0
2021-03-12,3.740000009536743,3.890000104904175,3.700000047683716,3.7699999809265137,3.5952155590057373,2068400,0.0,0.0
2021-03-15,3.819999933242798,4.340000152587891,3.7799999713897705,4.050000190734863,3.862233877182007,5301600,0.0,0.0
2021-03-16,4.010000228881836,4.085000038146973,3.8299999237060547,3.9000000953674316,3.719188690185547,2311300,0.0,0.0
2021-03-17,3.8299999237060547,3.9800000190734863,3.6500000953674316,3.819999933242798,3.642897844314575,2665200,0.0,0.0
2021-03-18,3.799999952316284,3.9000000953674316,3.450000047683716,3.5199999809265137,3.3568062782287598,3378200,0.0,0.0
2021-03-19,3.490000009536743,3.630000114440918,3.305000066757202,3.559999942779541,3.394951820373535,3007100,0.0,0.0
2021-03-22,3.5999999046325684,3.63700008392334,3.200000047683716,3.2100000381469727,3.061178684234619,4066600,0.0,0.0
2021-03-23,3.1600000858306885,3.174999952316284,2.869999885559082,2.930000066757202,2.794159173965454,6406100,0.0,0.0
2021-03-24,3.009999990463257,3.130000114440918,2.75,2.75,2.622504472732544,3577000,0.0,0.0
2021-03-25,2.690000057220459,2.9600000381469727,2.609999895095825,2.930000066757202,2.794159173965454,3815600,0.0,0.0
2021-03-26,3.0,3.0299999713897705,2.7950000762939453,2.869999885559082,2.73694109916687,2580000,0.0,0.0
2021-03-29,2.799999952316284,3.059999942779541,2.7799999713897705,2.9600000381469727,2.8227689266204834,2008100,0.0,0.0
2021-03-30,3.0199999809265137,3.0199999809265137,2.609999895095825,2.7300000190734863,2.6034319400787354,5756400,0.0,0.0
2021-03-31,2.7300000190734863,3.0899999141693115,2.700000047683716,3.059999942779541,2.918132781982422,3639000,0.0,0.0
2021-04-01,3.049999952316284,3.200000047683716,2.950000047683716,3.009999990463257,2.870450735092163,2720400,0.0,0.0
2021-04-05,3.059999942779541,3.549999952316284,3.059999942779541,3.3499999046325684,3.1946871280670166,5468000,0.0,0.0
2021-04-06,3.390000104904175,3.437999963760376,3.134999990463257,3.319999933242798,3.166078567504883,2602900,0.0,0.0
2021-04-07,3.309999942779541,3.5199999809265137,3.299999952316284,3.430000066757202,3.270979166030884,2434600,0.0,0.0
2021-04-08,3.4600000381469727,3.5399999618530273,3.2899999618530273,3.380000114440918,3.223297119140625,1620900,0.0,0.0
2021-04-09,3.4100000858306885,3.5399999618530273,3.2899999618530273,3.319999933242798,3.166078567504883,1570600,0.0,0.0
2021-04-12,3.3499999046325684,3.4700000286102295,3.2200000286102295,3.2899999618530273,3.1374692916870117,2264900,0.0,0.0
2021-04-13,3.359999895095825,3.6989998817443848,3.3299999237060547,3.5,3.337733507156372,5540900,0.0,0.0
2021-04-14,3.4700000286102295,3.940000057220459,3.450000047683716,3.740000009536743,3.5666067600250244,5624600,0.0,0.0
2021-04-15,3.7899999618530273,3.9800000190734863,3.640000104904175,3.930000066757202,3.747797727584839,2678600,0.0,0.0
2021-04-16,3.9700000286102295,3.9800000190734863,3.7100000381469727,3.869999885559082,3.6905791759490967,2035500,0.0,0.0
2021-04-19,3.869999885559082,3.940000057220459,3.700000047683716,3.859999895095825,3.6810433864593506,2058200,0.0,0.0
2021-04-20,3.799999952316284,3.809999942779541,3.509999990463257,3.6500000953674316,3.480778694152832,1812800,0.0,0.0
2021-04-21,3.640000104904175,3.880000114440918,3.509999990463257,3.8399999141693115,3.6619699001312256,1521500,0.0,0.0
2021-04-22,3.9100000858306885,4.079999923706055,3.8580000400543213,4.050000190734863,3.862233877182007,2606200,0.0,0.0
2021-04-23,4.019999980926514,4.289999961853027,3.930000066757202,4.170000076293945,3.976670980453491,3339100,0.0,0.0
2021-04-26,4.199999809265137,4.565000057220459,4.125,4.449999809265137,4.243689060211182,2904700,0.0,0.0
2021-04-27,4.480000019073486,4.690000057220459,4.380000114440918,4.53000020980835,4.319981098175049,2597200,0.0,0.0
2021-04-28,4.510000228881836,4.53000020980835,4.119999885559082,4.289999961853027,4.0911078453063965,2912700,0.0,0.0
2021-04-29,3.8399999141693115,3.9000000953674316,3.440000057220459,3.890000104904175,3.7096521854400635,10250200,0.0,0.0
2021-04-30,3.759999990463257,3.944999933242798,3.559999942779541,3.700000047683716,3.528461456298828,4520800,0.0,0.0
2021-05-03,3.859999895095825,4.369999885559082,3.75,4.199999809265137,4.005280494689941,8270500,0.0,0.0
2021-05-04,4.039999961853027,4.380000114440918,3.940000057220459,4.150000095367432,3.9575984477996826,4181200,0.0,0.0
2021-05-05,4.199999809265137,4.860000133514404,4.184999942779541,4.739999771118164,4.520244598388672,5947600,0.0,0.0
2021-05-06,4.760000228881836,4.78000020980835,4.349999904632568,4.610000133514404,4.396270751953125,5424000,0.0,0.0
2021-05-07,4.630000114440918,5.119999885559082,4.519999980926514,5.119999885559082,4.882627010345459,3942400,0.0,0.0
2021-05-10,5.179999828338623,6.269999980926514,5.177999973297119,5.909999847412109,5.636001110076904,17619200,0.0,0.0
2021-05-11,5.699999809265137,6.590000152587891,5.579999923706055,6.519999980926514,6.217720985412598,8385700,0.0,0.0
2021-05-12,6.75,7.170000076293945,6.429999828338623,6.679999828338623,6.370302677154541,8591300,0.0,0.0
2021-05-13,6.650000095367432,7.099999904632568,6.070000171661377,6.340000152587891,6.046065807342529,6595100,0.0,0.0
2021-05-14,6.53000020980835,6.966000080108643,6.25,6.5,6.198647975921631,4758600,0.0,0.0
2021-05-17,6.550000190734863,8.699999809265137,6.550000190734863,8.600000381469727,8.201288223266602,44749700,0.0,0.0
2021-05-18,8.300000190734863,8.510000228881836,6.610000133514404,6.670000076293945,6.360766410827637,24176900,0.0,0.0
2021-05-19,6.309999942779541,6.650000095367432,5.809999942779541,6.420000076293945,6.122357368469238,10817700,0.0,0.0
2021-05-20,6.460000038146973,6.510000228881836,5.980000019073486,6.389999866485596,6.093746662139893,3942100,0.0,0.0
2021-05-21,6.440000057220459,6.599999904632568,5.800000190734863,5.840000152587891,5.569246292114258,6434300,0.0,0.0
2021-05-24,5.829999923706055,5.949999809265137,5.425000190734863,5.820000171661377,5.550173282623291,7318900,0.0,0.0
2021-05-25,5.679999828338623,5.7870001792907715,5.369999885559082,5.369999885559082,5.121036529541016,5573900,0.0,0.0
2021-05-26,5.489999771118164,5.769999980926514,5.440000057220459,5.670000076293945,5.40712833404541,3910300,0.0,0.0
2021-05-27,5.75,6.755000114440918,5.730000019073486,6.480000019073486,6.179574489593506,9866600,0.0,0.0
2021-05-28,6.480000019073486,6.670000076293945,6.090000152587891,6.630000114440918,6.3226213455200195,5956700,0.0,0.0
2021-06-01,7.099999904632568,7.449999809265137,6.909999847412109,7.409999847412109,7.0664591789245605,6165000,0.0,0.0
2021-06-02,7.550000190734863,7.679999828338623,7.150000095367432,7.510000228881836,7.1618218421936035,4922000,0.0,0.0
2021-06-03,7.409999847412109,8.239999771118164,7.300000190734863,7.820000171661377,7.457450866699219,6577700,0.0,0.0
2021-06-04,7.920000076293945,8.380000114440918,7.579999923706055,8.300000190734863,7.915196895599365,4602600,0.0,0.0
2021-06-07,8.029999732971191,8.279999732971191,7.400000095367432,7.630000114440918,7.27625846862793,5045000,0.0,0.0
2021-06-08,7.699999809265137,8.619999885559082,7.639999866485596,8.489999771118164,8.096388816833496,7098500,0.0,0.0
2021-06-09,8.430000305175781,8.970000267028809,8.154999732971191,8.609999656677246,8.210824966430664,5996300,0.0,0.0
2021-06-10,8.75,9.390000343322754,8.739999771118164,8.949999809265137,8.53506088256836,5779600,0.0,0.0
2021-06-11,9.149999618530273,9.529000282287598,8.9399995803833,9.210000038146973,8.783007621765137,4768900,0.0,0.0
2021-06-14,9.510000228881836,9.755999565124512,8.569999694824219,8.739999771118164,8.334796905517578,7908600,0.0,0.0
2021-06-15,8.739999771118164,9.0,8.25,8.640000343322754,8.239434242248535,4133800,0.0,0.0
2021-06-16,8.4399995803833,8.9399995803833,8.149999618530273,8.460000038146973,8.067778587341309,5657200,0.0,0.0
2021-06-17,8.399999618530273,8.529999732971191,7.21999979019165,7.699999809265137,7.343013763427734,11163700,0.0,0.0
2021-06-18,7.510000228881836,8.119999885559082,7.329999923706055,7.510000228881836,7.1618218421936035,13608900,0.0,0.0
2021-06-21,7.5,7.5,6.954999923706055,7.170000076293945,6.837584972381592,9487100,0.0,0.0
2021-06-22,7.130000114440918,7.7170000076293945,7.010000228881836,7.590000152587891,7.238112926483154,6736000,0.0,0.0
2021-06-23,7.730000019073486,8.149999618530273,7.480000019073486,8.0,7.629105567932129,6010700,0.0,0.0
2021-06-24,7.949999809265137,8.510000228881836,7.829999923706055,8.449999809265137,8.058243751525879,5288800,0.0,0.0
2021-06-25,8.4399995803833,8.510000228881836,7.769999980926514,7.769999980926514,7.4097676277160645,8022600,0.0,0.0
2021-06-28,7.769999980926514,7.840000152587891,6.78000020980835,6.989999771118164,6.665930271148682,8671100,0.0,0.0
2021-06-29,7.119999885559082,7.480000019073486,6.860000133514404,6.920000076293945,6.599176406860352,5141000,0.0,0.0
2021-06-30,6.949999809265137,7.940000057220459,6.920000076293945,7.929999828338623,7.562350749969482,7418900,0.0,0.0
2021-07-01,8.050000190734863,8.420000076293945,7.849999904632568,8.1899995803833,7.810296058654785,6815000,0.0,0.0
2021-07-02,8.239999771118164,8.710000038146973,8.109999656677246,8.529999732971191,8.134533882141113,6369400,0.0,0.0
2021-07-06,8.640000343322754,8.670000076293945,7.760000228881836,8.039999961853027,7.667250633239746,7149100,0.0,0.0
2021-07-07,8.050000190734863,10.539999961853027,8.010000228881836,10.010000228881836,9.545917510986328,45548100,0.0,0.0
2021-07-08,9.029999732971191,9.979999542236328,8.819999694824219,9.859999656677246,9.402872085571289,10703800,0.0,0.0
2021-07-09,10.029999732971191,11.180000305175781,9.928000450134277,11.010000228881836,10.499556541442871,13051200,0.0,0.0
2021-07-12,10.779999732971191,11.269000053405762,10.510000228881836,10.529999732971191,10.041810989379883,6869200,0.0,0.0
2021-07-13,10.470000267028809,11.100000381469727,10.09000015258789,10.34000015258789,9.86061954498291,5493600,0.0,0.0
2021-07-14,10.680000305175781,11.789999961853027,10.579999923706055,11.0,10.490017890930176,12002100,0.0,0.0
2021-07-15,10.970000267028809,11.510000228881836,10.095000267028809,10.40999984741211,9.927373886108398,7932500,0.0,0.0
2021-07-16,10.489999771118164,10.600000381469727,8.65999984741211,8.710000038146973,8.306188583374023,9152500,0.0,0.0
2021-07-19,8.25,9.25,8.020000457763672,8.869999885559082,8.458768844604492,7812800,0.0,0.0
2021-07-20,8.90999984741211,9.399999618530273,8.479999542236328,9.109999656677246,8.687644004821777,6544500,0.0,0.0
2021-07-21,9.510000228881836,10.824999809265137,9.510000228881836,10.630000114440918,10.13717269897461,10295800,0.0,0.0
2021-07-22,10.359999656677246,11.210000038146973,10.079999923706055,10.979999542236328,10.470945358276367,8469000,0.0,0.0
2021-07-23,10.8100004196167,11.460000038146973,10.449999809265137,10.930000305175781,10.423263549804688,10153700,0.0,0.0
2021-07-26,10.920000076293945,12.234999656677246,10.920000076293945,12.029999732971191,11.472267150878906,12061500,0.0,0.0
2021-07-27,11.960000038146973,11.979999542236328,10.029999732971191,10.260000228881836,9.78432846069336,9221300,0.0,0.0
2021-07-28,10.5,11.149999618530273,10.085000038146973,10.770000457763672,10.270683288574219,8295400,0.0,0.0
2021-07-29,10.170000076293945,11.890000343322754,9.600000381469727,11.75,11.20524787902832,10727700,0.0,0.0
2021-07-30,11.609999656677246,12.149999618530273,11.220000267028809,11.710000038146973,11.167102813720703,6434800,0.0,0.0
2021-08-02,11.84000015258789,12.399999618530273,11.529999732971191,11.699999809265137,11.157564163208008,5464700,0.0,0.0
2021-08-03,11.699999809265137,11.937000274658203,11.130000114440918,11.390000343322754,10.861939430236816,6058800,0.0,0.0
2021-08-04,11.220000267028809,11.600000381469727,10.880000114440918,11.010000228881836,10.499556541442871,4384800,0.0,0.0
2021-08-05,11.229999542236328,12.170000076293945,10.979999542236328,11.65999984741211,11.119420051574707,6994100,0.0,0.0
2021-08-06,12.0,12.520000457763672,11.677000045776367,12.350000381469727,11.777430534362793,6600200,0.0,0.0
2021-08-09,11.949999809265137,12.270000457763672,11.218000411987305,11.550000190734863,11.014521598815918,7584800,0.0,0.0
2021-08-10,11.65999984741211,12.920000076293945,11.520000457763672,12.720000267028809,12.13027572631836,8257300,0.0,0.0
2021-08-11,12.59000015258789,13.930000305175781,12.270000457763672,13.529999732971191,12.902721405029297,8357100,0.0,0.0
2021-08-12,13.319999694824219,13.76200008392334,12.699999809265137,13.699999809265137,13.064842224121094,5825300,0.0,0.0
2021-08-13,13.539999961853027,13.770000457763672,13.0600004196167,13.4399995803833,12.81689453125,3772600,0.0,0.0
2021-08-16,13.199999809265137,14.3100004196167,12.609999656677246,13.930000305175781,13.284178733825684,6688900,0.0,0.0
2021-08-17,13.770000457763672,14.229999542236328,12.9399995803833,13.350000381469727,12.731067657470703,6262700,0.0,0.0
2021-08-18,13.34000015258789,13.817000389099121,12.5600004196167,12.609999656677246,12.02537727355957,5320800,0.0,0.0
2021-08-19,12.199999809265137,12.930000305175781,11.350000381469727,11.970000267028809,11.415050506591797,8942900,0.0,0.0
2021-08-20,11.920000076293945,12.920000076293945,11.859999656677246,12.649999618530273,12.063522338867188,5705000,0.0,0.0
2021-08-23,13.180000305175781,14.199999809265137,13.140000343322754,13.760000228881836,13.122061729431152,6583400,0.0,0.0
2021-08-24,13.979999542236328,14.229999542236328,13.369999885559082,13.609999656677246,12.979015350341797,5479500,0.0,0.0
2021-08-25,13.609999656677246,14.8149995803833,13.399999618530273,14.289999961853027,13.627488136291504,6161200,0.0,0.0
2021-08-26,14.130000114440918,14.470000267028809,13.72599983215332,14.069999694824219,13.417688369750977,5114200,0.0,0.0
2021-08-27,14.319999694824219,15.890000343322754,14.201000213623047,15.600000381469727,14.876754760742188,6042000,0.0,0.0
2021-08-30,15.9399995803833,16.100000381469727,14.869999885559082,15.760000228881836,15.029338836669922,7082800,0.0,0.0
2021-08-31,15.5600004196167,16.09000015258789,15.279999732971191,15.979999542236328,15.239136695861816,4869800,0.0,0.0
2021-09-01,15.869999885559082,17.170000076293945,15.550000190734863,17.170000076293945,16.37397003173828,6840900,0.0,0.0
2021-09-02,17.5,18.280000686645508,16.469999313354492,17.110000610351562,16.316747665405273,7903800,0.0,0.0
2021-09-03,17.43000030517578,17.969999313354492,17.020000457763672,17.540000915527344,16.726810455322266,3695100,0.0,0.0
2021-09-07,17.739999771118164,18.93000030517578,17.649999618530273,18.729999542236328,17.861642837524414,5348700,0.0,0.0
2021-09-08,18.709999084472656,19.260000228881836,18.1299991607666,18.479999542236328,17.62323570251465,4740200,0.0,0.0
2021-09-09,18.510000228881836,19.260000228881836,18.264999389648438,18.809999465942383,17.937931060791016,3634900,0.0,0.0
2021-09-10,19.030000686645508,19.829999923706055,18.850000381469727,18.969999313354492,18.090518951416016,4178000,0.0,0.0
2021-09-13,19.290000915527344,19.440000534057617,17.290000915527344,17.530000686645508,16.717275619506836,6323400,0.0,0.0
2021-09-14,17.549999237060547,18.510000228881836,17.1200008392334,17.760000228881836,16.936613082885742,3703900,0.0,0.0
2021-09-15,17.899999618530273,18.799999237060547,16.579999923706055,16.90999984741211,16.126020431518555,7934100,0.0,0.0
2021-09-16,16.790000915527344,16.889999389648438,15.460000038146973,15.550000190734863,14.829073905944824,6673700,0.0,0.0
2021-09-17,15.220000267028809,15.59000015258789,14.649999618530273,14.720000267028809,14.037552833557129,9138800,0.0,0.0
2021-09-20,13.65999984741211,14.680000305175781,13.569999694824219,14.199999809265137,13.54166030883789,6841900,0.0,0.0
2021-09-21,14.470000267028809,14.479999542236328,13.329999923706055,13.979999542236328,13.331860542297363,5490600,0.0,0.0
2021-09-22,14.600000381469727,15.140000343322754,13.977999687194824,14.029999732971191,13.379542350769043,7030500,0.0,0.0
2021-09-23,14.100000381469727,14.350000381469727,13.210000038146973,13.449999809265137,12.826432228088379,7190100,0.0,0.0
2021-09-24,13.229999542236328,13.430000305175781,12.789999961853027,12.970000267028809,12.36868667602539,6233200,0.0,0.0
2021-09-27,13.220000267028809,14.5,13.170000076293945,14.109999656677246,13.45583438873291,9460600,0.0,0.0
2021-09-28,14.329999923706055,14.5,13.359999656677246,13.90999984741211,13.265107154846191,7974900,0.0,0.0
2021-09-29,13.920000076293945,14.029999732971191,12.5600004196167,13.229999542236328,12.616632461547852,8671900,0.0,0.0
2021-09-30,13.380000114440918,14.880000114440918,13.279999732971191,14.789999961853027,14.104310035705566,10201500,0.0,0.0
2021-10-01,14.960000038146973,15.932999610900879,14.710000038146973,15.649999618530273,14.924436569213867,9548000,0.0,0.0
2021-10-04,16.739999771118164,18.100000381469727,16.510000228881836,17.030000686645508,16.240459442138672,18132300,0.0,0.0
2021-10-05,17.979999542236328,18.420000076293945,17.1200008392334,17.489999771118164,16.67913055419922,11682900,0.0,0.0
2021-10-06,16.6299991607666,17.0,15.579999923706055,16.65999984741211,15.887611389160156,9211100,0.0,0.0
2021-10-07,16.299999237060547,16.933000564575195,15.460000038146973,16.450000762939453,15.687346458435059,6806000,0.0,0.0
2021-10-08,16.440000534057617,16.937999725341797,15.779999732971191,16.049999237060547,15.305891990661621,5051800,0.0,0.0
2021-10-11,17.0,17.899999618530273,16.110000610351562,16.690000534057617,15.916219711303711,8257200,0.0,0.0
2021-10-12,16.780000686645508,17.0,15.9399995803833,16.520000457763672,15.754098892211914,4986600,0.0,0.0
2021-10-13,16.510000228881836,16.551000595092773,15.619999885559082,16.450000762939453,15.687346458435059,3873200,0.0,0.0
2021-10-14,16.770000457763672,17.3799991607666,15.510000228881836,15.670000076293945,14.943510055541992,7379000,0.0,0.0
2021-10-15,15.930000305175781,16.739999771118164,15.619999885559082,15.960000038146973,15.220064163208008,5878900,0.0,0.0
2021-10-18,16.149999618530273,19.719999313354492,16.1299991607666,19.65999984741211,18.74852752685547,22257000,0.0,0.0
2021-10-19,19.0,19.159000396728516,15.850000381469727,15.899999618530273,15.162845611572266,22452200,0.0,0.0
2021-10-20,15.729999542236328,15.819999694824219,13.960000038146973,14.489999771118164,13.818216323852539,19259300,0.0,0.0
2021-10-21,14.100000381469727,14.779999732971191,13.550000190734863,14.010000228881836,13.360469818115234,9394100,0.0,0.0
2021-10-22,13.779999732971191,14.649999618530273,13.574999809265137,14.149999618530273,13.493980407714844,7315500,0.0,0.0
2021-10-25,14.359999656677246,14.710000038146973,13.8100004196167,13.989999771118164,13.341397285461426,5379800,0.0,0.0
2021-10-26,13.8100004196167,14.199999809265137,13.270000457763672,13.8100004196167,13.169742584228516,6481300,0.0,0.0
2021-10-27,13.319999694824219,13.649999618530273,12.760000228881836,13.050000190734863,12.444977760314941,8009600,0.0,0.0
2021-10-28,12.109999656677246,13.180000305175781,11.710000038146973,12.020000457763672,11.462730407714844,11626900,0.0,0.0
2021-10-29,12.449999809265137,12.520000457763672,11.289999961853027,11.890000343322754,11.338759422302246,7496800,0.0,0.0
2021-11-01,12.079999923706055,12.630000114440918,11.829999923706055,12.119999885559082,11.558094024658203,5642800,0.0,0.0
2021-11-02,12.0,12.010000228881836,10.961000442504883,11.510000228881836,10.976375579833984,6302500,0.0,0.0
2021-11-03,11.680000305175781,12.569999694824219,11.680000305175781,12.100000381469727,11.539022445678711,6214200,0.0,0.0
2021-11-04,12.15999984741211,12.300000190734863,11.199999809265137,11.289999961853027,10.76657485961914,4997500,0.0,0.0
2021-11-05,11.300000190734863,11.850000381469727,11.050000190734863,11.640000343322754,11.100346565246582,4790300,0.0,0.0
2021-11-08,11.710000038146973,12.619999885559082,11.710000038146973,12.25,11.6820650100708,4725000,0.0,0.0
2021-11-09,12.329999923706055,12.34000015258789,11.149999618530273,11.8100004196167,11.262465476989746,5185700,0.0,0.0
2021-11-10,11.699999809265137,11.819999694824219,10.789999961853027,10.930000305175781,10.423263549804688,5258800,0.0,0.0
2021-11-11,11.050000190734863,11.640000343322754,10.869999885559082,11.550000190734863,11.014521598815918,3855800,0.0,0.0
2021-11-12,11.140000343322754,11.779999732971191,11.109999656677246,11.5600004196167,11.024056434631348,3510800,0.0,0.0
2021-11-15,11.220000267028809,11.550000190734863,10.399999618530273,10.609999656677246,10.1181001663208,6824200,0.0,0.0
2021-11-16,10.720000267028809,11.031999588012695,10.220000267028809,10.529999732971191,10.041810989379883,4956400,0.0,0.0
2021-11-17,10.390000343322754,10.789999961853027,10.25,10.34000015258789,9.86061954498291,2963900,0.0,0.0
2021-11-18,10.239999771118164,10.289999961853027,9.670000076293945,10.1899995803833,9.717571258544922,5066500,0.0,0.0
2021-11-19,10.0,10.1899995803833,9.789999961853027,9.869999885559082,9.412406921386719,4100100,0.0,0.0
2021-11-22,10.079999923706055,11.050000190734863,10.0,10.630000114440918,10.13717269897461,5274800,0.0,0.0
2021-11-23,10.949999809265137,11.930000305175781,10.90999984741211,11.569999694824219,11.033590316772461,7760700,0.0,0.0
2021-11-24,11.399999618530273,12.170000076293945,11.399999618530273,11.65999984741211,11.119420051574707,5229200,0.0,0.0
2021-11-26,10.899999618530273,10.899999618530273,10.069999694824219,10.5,10.013200759887695,4087900,0.0,0.0
2021-11-29,11.050000190734863,11.140000343322754,10.385000228881836,10.640000343322754,10.146712303161621,3669200,0.0,0.0
2021-11-30,10.4399995803833,10.569999694824219,9.369999885559082,9.960000038146973,9.498235702514648,7399100,0.0,0.0
2021-12-01,10.270000457763672,10.289999961853027,9.420000076293945,9.479999542236328,9.040489196777344,4314000,0.0,0.0
2021-12-02,9.5,10.0600004196167,9.479999542236328,10.010000228881836,9.545917510986328,3455000,0.0,0.0
2021-12-03,10.119999885559082,10.5,9.87399959564209,10.029999732971191,9.564990997314453,5569100,0.0,0.0
2021-12-06,9.850000381469727,9.850000381469727,9.020000457763672,9.65999984741211,9.212143898010254,6090800,0.0,0.0
2021-12-07,9.90999984741211,10.114999771118164,9.569999694824219,9.779999732971191,9.326581001281738,4396900,0.0,0.0
2021-12-08,9.829999923706055,10.444999694824219,9.829999923706055,10.020000457763672,9.55545425415039,5135400,0.0,0.0
2021-12-09,10.020000457763672,10.020000457763672,9.369999885559082,9.630000114440918,9.183536529541016,3409800,0.0,0.0
2021-12-10,9.65999984741211,9.850000381469727,9.085000038146973,9.359999656677246,8.926054000854492,3327100,0.0,0.0
2021-12-13,9.199999809265137,9.550000190734863,8.960000038146973,9.1899995803833,8.763935089111328,4845700,0.0,0.0
2021-12-14,9.100000381469727,9.539999961853027,9.081999778747559,9.119999885559082,8.697179794311523,3739600,0.0,0.0
2021-12-15,9.09000015258789,9.649999618530273,8.579999923706055,9.479999542236328,9.040489196777344,5126900,0.0,0.0
2021-12-16,9.869999885559082,10.28499984741211,9.625,9.760000228881836,9.30750846862793,5672300,0.0,0.0
2021-12-17,9.779999732971191,10.649999618530273,9.645000457763672,10.180000305175781,9.708037376403809,11359700,0.0,0.0
2021-12-20,9.880000114440918,10.130000114440918,9.569999694824219,10.039999961853027,9.5745267868042,4035400,0.0,0.0
2021-12-21,10.170000076293945,11.09000015258789,10.149999618530273,10.829999923706055,10.327899932861328,4186300,0.0,0.0
2021-12-22,10.729999542236328,11.232999801635742,10.600000381469727,10.90999984741211,10.404192924499512,3737100,0.0,0.0
2021-12-23,11.09000015258789,11.180000305175781,10.5600004196167,10.579999923706055,10.089491844177246,2519900,0.0,0.0
2021-12-27,10.460000038146973,10.914999961853027,10.23799991607666,10.869999885559082,10.366045951843262,2146600,0.0,0.0
2021-12-28,10.880000114440918,10.939000129699707,10.300000190734863,10.6899995803833,10.194392204284668,2460100,0.0,0.0
2021-12-29,10.6899995803833,10.979999542236328,10.319999694824219,10.420000076293945,9.936909675598145,2975800,0.0,0.0
2021-12-30,10.390000343322754,10.527999877929688,10.020000457763672,10.229999542236328,9.755716323852539,2372800,0.0,0.0
2021-12-31,10.170000076293945,10.279999732971191,9.899999618530273,10.069999694824219,9.603134155273438,2276400,0.0,0.0
2022-01-03,10.40999984741211,11.890000343322754,10.40999984741211,11.34000015258789,10.81425666809082,6782100,0.0,0.0
2022-01-04,11.604999542236328,11.779999732971191,11.125,11.239999771118164,10.718893051147461,4172300,0.0,0.0
2022-01-05,11.300000190734863,12.180000305175781,11.270000457763672,11.399999618530273,10.871474266052246,5642600,0.0,0.0
2022-01-06,11.65999984741211,11.725000381469727,10.829999923706055,11.380000114440918,10.852402687072754,3677200,0.0,0.0
2022-01-07,11.399999618530273,12.0,11.309000015258789,11.369999885559082,10.842864990234375,3055900,0.0,0.0
2022-01-10,11.4399995803833,12.140000343322754,11.029999732971191,11.300000190734863,10.776111602783203,4891100,0.0,0.0
2022-01-11,11.350000381469727,12.15999984741211,11.170000076293945,11.979999542236328,11.424585342407227,4947900,0.0,0.0
2022-01-12,12.34000015258789,13.270000457763672,12.16100025177002,13.220000267028809,12.607096672058105,6237200,0.0,0.0
2022-01-13,13.010000228881836,13.510000228881836,12.380000114440918,12.470000267028809,11.891867637634277,5220500,0.0,0.0
2022-01-14,12.569999694824219,13.449999809265137,12.380999565124512,13.4399995803833,12.81689453125,7378400,0.0,0.0
2022-01-18,13.649999618530273,14.130000114440918,12.880000114440918,13.130000114440918,12.521268844604492,6212000,0.0,0.0
2022-01-19,13.289999961853027,13.4399995803833,12.460000038146973,12.479999542236328,11.901402473449707,4941400,0.0,0.0
2022-01-20,12.34000015258789,12.4399995803833,11.255000114440918,11.300000190734863,10.776111602783203,6151300,0.0,0.0
2022-01-21,11.130000114440918,11.25,10.569999694824219,10.75,10.251607894897461,6441700,0.0,0.0
2022-01-24,10.239999771118164,10.779999732971191,9.829999923706055,10.729999542236328,10.232535362243652,6937100,0.0,0.0
2022-01-25,10.5600004196167,11.0600004196167,10.1899995803833,10.979999542236328,10.470945358276367,5974500,0.0,0.0
2022-01-26,11.460000038146973,11.880000114440918,10.90999984741211,11.119999885559082,10.604456901550293,5581800,0.0,0.0
2022-01-27,11.199999809265137,11.765000343322754,10.75,11.039999961853027,10.528165817260742,4065500,0.0,0.0
2022-01-28,11.15999984741211,11.616000175476074,10.699999809265137,11.229999542236328,10.709355354309082,4841300,0.0,0.0
2022-01-31,11.15999984741211,11.350000381469727,10.640000343322754,10.800000190734863,10.29929256439209,6358800,0.0,0.0
2022-02-01,10.800000190734863,12.289999961853027,10.59000015258789,11.960000038146973,11.405510902404785,5710200,0.0,0.0
2022-02-02,11.989999771118164,12.470000267028809,11.890000343322754,12.25,11.6820650100708,6750800,0.0,0.0
2022-02-03,12.239999771118164,12.899999618530273,12.109999656677246,12.220000267028809,11.653458595275879,5183900,0.0,0.0
2022-02-04,12.369999885559082,13.399999618530273,12.34000015258789,13.039999961853027,12.435441970825195,5230700,0.0,0.0
2022-02-07,13.1899995803833,13.387999534606934,12.461000442504883,12.65999984741211,12.07305908203125,4207200,0.0,0.0
2022-02-08,12.84000015258789,13.670000076293945,12.819999694824219,13.149999618530273,12.5403413772583,4944000,0.0,0.0
2022-02-09,13.420000076293945,13.859999656677246,13.069999694824219,13.59000015258789,12.959940910339355,6293900,0.0,0.0
2022-02-10,14.4399995803833,16.459999084472656,14.359999656677246,14.9399995803833,14.247352600097656,18780700,0.0,0.0
2022-02-11,14.979999542236328,17.100000381469727,14.899999618530273,17.020000457763672,16.23092269897461,12603600,0.0,0.0
2022-02-14,16.899999618530273,18.200000762939453,16.15999984741211,18.020000457763672,17.18455696105957,10662100,0.0,0.0
2022-02-15,17.6200008392334,17.7450008392334,16.690000534057617,17.209999084472656,16.412113189697266,8374700,0.0,0.0
2022-02-16,17.5,17.93000030517578,16.219999313354492,16.350000381469727,15.591981887817383,7856100,0.0,0.0
2022-02-17,16.420000076293945,17.809999465942383,16.315000534057617,17.43000030517578,16.621912002563477,7354000,0.0,0.0
2022-02-18,17.43000030517578,17.780000686645508,16.579999923706055,16.780000686645508,16.002050399780273,5716200,0.0,0.0
2022-02-22,17.25,17.600000381469727,15.9399995803833,16.799999237060547,16.021121978759766,7711100,0.0,0.0
2022-02-23,16.940000534057617,19.600000381469727,16.799999237060547,18.799999237060547,17.92839813232422,12703900,0.0,0.0
2022-02-24,18.045000076293945,18.280000686645508,14.890000343322754,14.979999542236328,14.28549861907959,21131000,0.0,0.0
2022-02-25,14.5600004196167,16.030000686645508,14.34000015258789,16.010000228881836,15.267746925354004,18856500,0.0,0.0
2022-02-28,16.020000457763672,17.75,16.020000457763672,17.34000015258789,16.536083221435547,13902400,0.0,0.0
2022-03-01,17.90999984741211,19.440000534057617,17.729999542236328,18.760000228881836,17.890249252319336,12322500,0.0,0.0
2022-03-02,19.459999084472656,21.5,19.43000030517578,20.809999465942383,19.845211029052734,21822300,0.0,0.0
2022-03-03,20.469999313354492,24.030000686645508,19.959999084472656,22.969999313354492,21.905065536499023,24834700,0.0,0.0
2022-03-04,22.959999084472656,27.280000686645508,22.899999618530273,26.350000381469727,25.12837028503418,30961400,0.0,0.0
2022-03-07,24.709999084472656,26.350000381469727,19.93000030517578,22.0,20.98003578186035,32778600,0.0,0.0
2022-03-08,21.854999542236328,24.43000030517578,20.860000610351562,22.56999969482422,21.523611068725586,19629100,0.0,0.0
2022-03-09,21.770000457763672,21.809999465942383,19.989999771118164,21.149999618530273,20.169445037841797,17021100,0.0,0.0
2022-03-10,21.68000030517578,23.899999618530273,21.670000076293945,23.59000015258789,22.496322631835938,15147900,0.0,0.0
2022-03-11,23.110000610351562,23.549999237060547,21.81999969482422,23.020000457763672,21.95275115966797,11441900,0.0,0.0
2022-03-14,21.378999710083008,21.378999710083008,18.899999618530273,19.860000610351562,18.939250946044922,14843300,0.0,0.0
2022-03-15,18.719999313354492,21.645999908447266,18.56999969482422,21.1200008392334,20.140838623046875,12430800,0.0,0.0
2022-03-16,20.75,21.100000381469727,19.290000915527344,20.239999771118164,19.301633834838867,10916600,0.0,0.0
2022-03-17,21.110000610351562,22.700000762939453,20.93000030517578,21.920000076293945,20.903745651245117,13569700,0.0,0.0
2022-03-18,22.110000610351562,22.170000076293945,21.059999465942383,21.8799991607666,20.8656005859375,14127500,0.0,0.0
2022-03-21,22.719999313354492,25.31999969482422,22.719999313354492,23.829999923706055,22.725194931030273,11998100,0.0,0.0
2022-03-22,23.75,24.298999786376953,23.200000762939453,23.59000015258789,22.496322631835938,7310600,0.0,0.0
2022-03-23,24.799999237060547,26.40999984741211,24.799999237060547,26.040000915527344,24.83273696899414,8624500,0.0,0.0
2022-03-24,26.010000228881836,26.700000762939453,24.850000381469727,25.25,24.079362869262695,7695500,0.0,0.0
2022-03-25,24.979999542236328,27.700000762939453,24.579999923706055,25.950000762939453,24.746906280517578,7855200,0.0,0.0
2022-03-28,25.079999923706055,25.42300033569336,23.554000854492188,24.43000030517578,23.297380447387695,6882900,0.0,0.0
2022-03-29,22.549999237060547,23.75,21.889999389648438,23.709999084472656,22.610759735107422,8237200,0.0,0.0
2022-03-30,24.729999542236328,26.149999618530273,24.214000701904297,24.489999771118164,23.354597091674805,6106000,0.0,0.0
2022-03-31,24.09000015258789,25.040000915527344,23.299999237060547,24.530000686645508,23.392744064331055,6865800,0.0,0.0
2022-04-01,24.75,26.299999237060547,24.75,26.020000457763672,24.813661575317383,5468900,0.0,0.0
2022-04-04,26.84000015258789,26.969999313354492,24.149999618530273,24.989999771118164,23.8314151763916,6111400,0.0,0.0
2022-04-05,26.420000076293945,28.399999618530273,24.780000686645508,24.780000686645508,23.631155014038086,16151700,0.0,0.0
2022-04-06,25.309999465942383,26.709999084472656,24.200000762939453,25.1299991607666,23.964923858642578,10084000,0.0,0.0
2022-04-07,25.209999084472656,27.229999542236328,24.850000381469727,27.149999618530273,25.89127540588379,8294600,0.0,0.0
2022-04-08,27.559999465942383,28.878000259399414,26.329999923706055,27.25,25.986637115478516,6902700,0.0,0.0
2022-04-11,27.219999313354492,27.260000228881836,25.52400016784668,25.709999084472656,24.518035888671875,7333600,0.0,0.0
2022-04-12,26.209999084472656,29.489999771118164,26.15999984741211,29.149999618530273,27.798547744750977,12136300,0.0,0.0
2022-04-13,29.450000762939453,30.729999542236328,28.219999313354492,30.719999313354492,29.295759201049805,9082100,0.0,0.0
2022-04-14,30.399999618530273,32.689998626708984,30.3700008392334,32.540000915527344,31.031387329101562,8393400,0.0,0.0
2022-04-18,33.029998779296875,33.290000915527344,31.200000762939453,32.0099983215332,30.525957107543945,7582300,0.0,0.0
2022-04-19,31.299999237060547,31.656999588012695,29.889999389648438,31.059999465942383,29.619998931884766,5802200,0.0,0.0
2022-04-20,30.520000457763672,31.440000534057617,29.1200008392334,31.200000762939453,29.753509521484375,5846400,0.0,0.0
2022-04-21,30.850000381469727,30.850000381469727,27.0,27.25,25.986637115478516,10043200,0.0,0.0
2022-04-22,27.200000762939453,27.979999542236328,24.489999771118164,24.510000228881836,23.373672485351562,9534400,0.0,0.0
2022-04-25,23.639999389648438,25.1299991607666,23.139999389648438,24.239999771118164,23.116188049316406,9881600,0.0,0.0
2022-04-26,24.989999771118164,26.540000915527344,24.389999389648438,25.510000228881836,24.327308654785156,10178400,0.0,0.0
2022-04-27,25.920000076293945,27.049999237060547,25.1299991607666,26.5,25.271411895751953,8417900,0.0,0.0
2022-04-28,23.299999237060547,25.149999618530273,20.711000442504883,24.5,23.3641300201416,26915300,0.0,0.0
2022-04-29,24.520000457763672,25.540000915527344,22.530000686645508,22.639999389648438,21.590368270874023,11751500,0.0,0.0
2022-05-02,22.25,22.350000381469727,20.6299991607666,21.420000076293945,20.42692756652832,11788600,0.0,0.0
2022-05-03,21.600000381469727,22.739999771118164,20.920000076293945,21.530000686645508,20.531827926635742,9287500,0.0,0.0
2022-05-04,22.209999084472656,22.760000228881836,21.56999969482422,22.670000076293945,21.618974685668945,7144400,0.0,0.0
2022-05-05,23.40999984741211,23.5,20.780000686645508,22.219999313354492,21.189842224121094,6960900,0.0,0.0
2022-05-06,22.209999084472656,23.05900001525879,21.329999923706055,22.43000030517578,21.390106201171875,6176700,0.0,0.0
2022-05-09,21.3799991607666,21.399999618530273,20.024999618530273,20.850000381469727,19.88335418701172,8141600,0.0,0.0
2022-05-10,21.360000610351562,22.459999084472656,20.15999984741211,20.969999313354492,19.9977970123291,6322500,0.0,0.0
2022-05-11,21.360000610351562,22.799999237060547,21.0,21.229999542236328,20.245738983154297,6082700,0.0,0.0
2022-05-12,21.0,21.360000610351562,19.5,20.139999389648438,19.206268310546875,7353500,0.0,0.0
2022-05-13,20.850000381469727,21.899999618530273,20.850000381469727,21.399999618530273,20.407854080200195,4710300,0.0,0.0
2022-05-16,21.799999237060547,22.709999084472656,21.549999237060547,22.1299991607666,21.104013442993164,3792700,0.0,0.0
2022-05-17,22.790000915527344,23.354999542236328,22.389999389648438,22.8799991607666,21.819238662719727,4194600,0.0,0.0
2022-05-18,23.020000457763672,23.3700008392334,21.110000610351562,21.649999618530273,20.646265029907227,4599200,0.0,0.0
2022-05-19,21.139999389648438,23.0,20.950000762939453,21.989999771118164,20.97049903869629,4499600,0.0,0.0
2022-05-20,22.049999237060547,22.40999984741211,20.420000076293945,21.399999618530273,20.407854080200195,4723000,0.0,0.0
2022-05-23,21.899999618530273,24.239999771118164,21.572999954223633,24.139999389648438,23.020822525024414,6063200,0.0,0.0
2022-05-24,24.020000457763672,25.100000381469727,23.350000381469727,24.459999084472656,23.325986862182617,6791500,0.0,0.0
2022-05-25,24.06999969482422,24.959999084472656,23.639999389648438,24.780000686645508,23.631155014038086,6970000,0.0,0.0
2022-05-26,24.75,26.18000030517578,24.172000885009766,25.780000686645508,24.58479118347168,6782900,0.0,0.0
2022-05-27,25.420000076293945,25.639999389648438,24.270000457763672,25.1299991607666,23.964923858642578,5464800,0.0,0.0
2022-05-31,25.790000915527344,26.639999389648438,23.329999923706055,23.610000610351562,22.515396118164062,7814400,0.0,0.0
2022-06-01,23.75,25.290000915527344,23.65999984741211,25.200000762939453,24.031681060791016,5680800,0.0,0.0
2022-06-02,24.700000762939453,26.93000030517578,24.600000381469727,26.280000686645508,25.061613082885742,4968600,0.0,0.0
2022-06-03,25.600000381469727,26.100000381469727,24.100000381469727,25.40999984741211,24.231945037841797,5587300,0.0,0.0
2022-06-06,26.09000015258789,26.780000686645508,24.724000930786133,26.06999969482422,24.861345291137695,4784000,0.0,0.0
2022-06-07,27.479999542236328,29.860000610351562,27.079999923706055,28.549999237060547,27.226369857788086,11247100,0.0,0.0
2022-06-08,28.799999237060547,28.809999465942383,27.270000457763672,27.6299991607666,26.34902572631836,5151300,0.0,0.0
2022-06-09,27.239999771118164,27.25,26.09000015258789,26.170000076293945,24.956708908081055,4520800,0.0,0.0
2022-06-10,25.540000915527344,27.156999588012695,25.149999618530273,26.079999923706055,24.87088394165039,4255600,0.0,0.0
2022-06-13,24.190000534057617,24.440000534057617,23.06999969482422,23.329999923706055,22.248376846313477,6766000,0.0,0.0
2022-06-14,23.729999542236328,24.18899917602539,22.09000015258789,22.829999923706055,21.77155876159668,6064300,0.0,0.0
2022-06-15,22.895000457763672,24.0,22.511999130249023,23.389999389648438,22.305593490600586,5001800,0.0,0.0
2022-06-16,22.6299991607666,23.549999237060547,22.40999984741211,22.530000686645508,21.4854679107666,6485400,0.0,0.0
2022-06-17,22.540000915527344,22.7450008392334,20.559999465942383,21.940000534057617,20.922819137573242,11380000,0.0,0.0
2022-06-21,22.850000381469727,24.600000381469727,22.760000228881836,23.6200008392334,22.524930953979492,7175800,0.0,0.0
2022-06-22,22.239999771118164,22.68000030517578,21.709999084472656,22.3700008392334,21.332889556884766,5948800,0.0,0.0
2022-06-23,22.709999084472656,22.81999969482422,20.270000457763672,21.139999389648438,20.1599063873291,6605400,0.0,0.0
2022-06-24,21.809999465942383,22.579999923706055,21.030000686645508,21.59000015258789,20.589046478271484,8314500,0.0,0.0
2022-06-27,22.100000381469727,23.739999771118164,21.899999618530273,23.5,22.41049575805664,4829800,0.0,0.0
2022-06-28,24.200000762939453,24.799999237060547,23.360000610351562,23.799999237060547,22.69658660888672,4656800,0.0,0.0
2022-06-29,24.190000534057617,24.479999542236328,22.350000381469727,22.940000534057617,21.87645721435547,4305900,0.0,0.0
2022-06-30,22.09000015258789,22.600000381469727,20.75,21.329999923706055,20.341102600097656,7749200,0.0,0.0
2022-07-01,21.350000381469727,22.200000762939453,20.34000015258789,21.040000915527344,20.06454849243164,4449300,0.0,0.0
2022-07-05,20.299999237060547,20.68000030517578,18.1200008392334,18.440000534057617,17.5850830078125,9734200,0.0,0.0
2022-07-06,18.43000030517578,19.0,17.420000076293945,18.760000228881836,17.890249252319336,7241200,0.0,0.0
2022-07-07,19.8799991607666,20.940000534057617,19.68000030517578,20.399999618530273,19.45421600341797,5507800,0.0,0.0
2022-07-08,20.469999313354492,21.020000457763672,20.0,20.899999618530273,19.93103790283203,4109500,0.0,0.0
2022-07-11,20.690000534057617,21.649999618530273,20.559999465942383,20.799999237060547,19.83567237854004,4000200,0.0,0.0
2022-07-12,20.260000228881836,21.239999771118164,19.829999923706055,20.530000686645508,19.578189849853516,3577200,0.0,0.0
2022-07-13,20.31999969482422,22.0,20.270000457763672,21.389999389648438,20.398317337036133,7087000,0.0,0.0
2022-07-14,20.530000686645508,21.316999435424805,19.719999313354492,20.700000762939453,19.740306854248047,6944300,0.0,0.0
2022-07-15,21.010000228881836,21.274999618530273,20.040000915527344,20.989999771118164,20.016862869262695,5802000,0.0,0.0
2022-07-18,21.829999923706055,22.790000915527344,21.229999542236328,21.3799991607666,20.388784408569336,6130200,0.0,0.0
2022-07-19,21.209999084472656,22.18000030517578,20.920000076293945,21.65999984741211,20.655799865722656,3954400,0.0,0.0
2022-07-20,21.75,21.920000076293945,21.155000686645508,21.770000457763672,20.76070213317871,3795300,0.0,0.0
2022-07-21,21.040000915527344,21.31999969482422,19.854999542236328,20.729999542236328,19.768918991088867,5065300,0.0,0.0
2022-07-22,20.850000381469727,21.8799991607666,20.441999435424805,20.940000534057617,19.96918487548828,4353500,0.0,0.0
2022-07-25,21.350000381469727,22.290000915527344,21.040000915527344,22.010000228881836,20.989574432373047,5507200,0.0,0.0
2022-07-26,22.690000534057617,22.889999389648438,21.520000457763672,21.84000015258789,20.827455520629883,4272300,0.0,0.0
2022-07-27,21.959999084472656,22.969999313354492,21.200000762939453,22.809999465942383,21.752487182617188,6154100,0.0,0.0
2022-07-28,23.729999542236328,24.84000015258789,20.979999542236328,22.100000381469727,21.07539939880371,9263700,0.0,0.0
2022-07-29,22.329999923706055,22.360000610351562,20.424999237060547,20.989999771118164,20.016862869262695,8951000,0.0,0.0
2022-08-01,20.639999389648438,20.809999465942383,19.209999084472656,19.469999313354492,18.56733512878418,6026400,0.0,0.0
2022-08-02,19.579999923706055,20.014999389648438,18.889999389648438,19.450000762939453,18.54826545715332,4469800,0.0,0.0
2022-08-03,19.719999313354492,19.790000915527344,19.010000228881836,19.389999389648438,18.49104118347168,4424300,0.0,0.0
2022-08-04,19.25,19.719999313354492,18.729999542236328,18.90999984741211,18.033296585083008,3548900,0.0,0.0
2022-08-05,18.520000457763672,19.940000534057617,18.350000381469727,19.299999237060547,18.405208587646484,3870600,0.0,0.0
2022-08-08,19.309999465942383,19.714000701904297,19.010000228881836,19.219999313354492,18.32892417907715,3008000,0.0,0.0
2022-08-09,19.670000076293945,20.950000762939453,19.670000076293945,20.670000076293945,19.711700439453125,5094200,0.0,0.0
2022-08-10,20.56999969482422,21.885000228881836,20.209999084472656,21.600000381469727,20.59858512878418,5708900,0.0,0.0
2022-08-11,22.0,23.06999969482422,21.84000015258789,22.399999618530273,21.36149024963379,4457700,0.0,0.0
2022-08-12,22.040000915527344,23.40999984741211,21.809999465942383,23.399999618530273,22.315128326416016,5134800,0.0,0.0
2022-08-15,22.25,23.56999969482422,22.09000015258789,23.15999984741211,22.086257934570312,3677200,0.0,0.0
2022-08-16,23.639999389648438,24.23900032043457,23.18000030517578,23.469999313354492,22.38188934326172,3667500,0.0,0.0
2022-08-17,23.315000534057617,25.020000457763672,23.209999084472656,23.239999771118164,22.162546157836914,5577600,0.0,0.0
2022-08-18,23.729999542236328,26.479999542236328,23.700000762939453,25.889999389648438,24.6896915435791,10194100,0.0,0.0
2022-08-19,25.5,26.6299991607666,25.34000015258789,26.049999237060547,24.842269897460938,6049500,0.0,0.0
2022-08-22,26.25,28.170000076293945,26.239999771118164,27.239999771118164,25.977100372314453,6812300,0.0,0.0
2022-08-23,27.899999618530273,28.309999465942383,26.399999618530273,27.360000610351562,26.09153938293457,6194100,0.0,0.0
2022-08-24,26.8700008392334,28.219999313354492,26.600000381469727,27.639999389648438,26.358558654785156,4396400,0.0,0.0
2022-08-25,28.06999969482422,28.68000030517578,27.059999465942383,27.889999389648438,26.596969604492188,4622500,0.0,0.0
2022-08-26,28.030000686645508,29.139999389648438,27.709999084472656,27.780000686645508,26.492069244384766,5133000,0.0,0.0
2022-08-29,27.0,27.670000076293945,26.1200008392334,26.799999237060547,25.557497024536133,4895800,0.0,0.0
2022-08-30,26.149999618530273,26.34000015258789,23.2450008392334,24.3700008392334,23.24015998840332,10172200,0.0,0.0
2022-08-31,23.700000762939453,24.950000762939453,23.639999389648438,24.65999984741211,23.51671600341797,3632400,0.0,0.0
2022-09-01,23.969999313354492,24.209999084472656,23.190000534057617,23.329999923706055,22.248376846313477,4387300,0.0,0.0
2022-09-02,24.170000076293945,24.7549991607666,22.790000915527344,24.729999542236328,23.583473205566406,6226400,0.0,0.0
2022-09-06,26.5,26.8799991607666,24.889999389648438,25.209999084472656,24.041215896606445,7675200,0.0,0.0
2022-09-07,24.450000762939453,24.520000457763672,23.25,23.709999084472656,22.610759735107422,4845300,0.0,0.0
2022-09-08,23.719999313354492,23.959999084472656,22.15999984741211,22.549999237060547,21.504539489746094,6630300,0.0,0.0
2022-09-09,23.09000015258789,23.860000610351562,22.700000762939453,23.329999923706055,22.248376846313477,5704600,0.0,0.0
2022-09-12,23.6299991607666,23.700000762939453,22.510000228881836,23.06999969482422,22.000429153442383,4141800,0.0,0.0
2022-09-13,22.690000534057617,23.950000762939453,22.5,22.530000686645508,21.4854679107666,4850500,0.0,0.0
2022-09-14,22.8799991607666,23.719999313354492,22.549999237060547,23.190000534057617,22.114864349365234,5061400,0.0,0.0
2022-09-15,23.040000915527344,23.3799991607666,21.489999771118164,21.520000457763672,20.52229118347168,5502400,0.0,0.0
2022-09-16,21.170000076293945,21.469999313354492,20.40999984741211,20.600000381469727,19.644947052001953,7458500,0.0,0.0
2022-09-19,19.90999984741211,21.270000457763672,19.780000686645508,21.229999542236328,20.245738983154297,5316600,0.0,0.0
2022-09-20,20.979999542236328,22.15999984741211,20.56999969482422,22.06999969482422,21.046794891357422,5082400,0.0,0.0
2022-09-21,22.5,22.889999389648438,21.360000610351562,21.389999389648438,20.398317337036133,5000700,0.0,0.0
2022-09-22,21.709999084472656,22.18199920654297,21.299999237060547,21.959999084472656,20.941890716552734,4479700,0.0,0.0
2022-09-23,21.010000228881836,21.149999618530273,19.489999771118164,19.899999618530273,18.97739601135254,8839600,0.0,0.0
2022-09-26,19.510000228881836,21.059999465942383,19.399999618530273,20.360000610351562,19.416074752807617,5469100,0.0,0.0
2022-09-27,21.139999389648438,22.540000915527344,20.8700008392334,22.260000228881836,21.227985382080078,6176800,0.0,0.0
2022-09-28,22.579999923706055,25.079999923706055,22.444000244140625,24.850000381469727,23.697908401489258,8858000,0.0,0.0
2022-09-29,24.450000762939453,25.06999969482422,23.59000015258789,24.600000381469727,23.459495544433594,6144700,0.0,0.0
2022-09-30,24.09000015258789,25.350000381469727,23.780000686645508,24.81999969482422,23.66929817199707,4262700,0.0,0.0
2022-10-03,25.899999618530273,26.56999969482422,25.600000381469727,26.299999237060547,25.0806827545166,6334800,0.0,0.0
2022-10-04,26.989999771118164,27.450000762939453,25.440000534057617,26.209999084472656,24.994853973388672,7132100,0.0,0.0
2022-10-05,26.170000076293945,27.959999084472656,26.07699966430664,27.760000228881836,26.472997665405273,5386500,0.0,0.0
2022-10-06,27.3700008392334,28.739999771118164,27.273000717163086,27.649999618530273,26.368093490600586,6265700,0.0,0.0
2022-10-07,27.549999237060547,27.610000610351562,26.3700008392334,26.8799991607666,25.6337890625,5388400,0.0,0.0
2022-10-10,26.8799991607666,28.329999923706055,26.65999984741211,27.1299991607666,25.872203826904297,3343900,0.0,0.0
2022-10-11,26.510000228881836,27.329999923706055,25.860000610351562,26.420000076293945,25.195119857788086,4749400,0.0,0.0
2022-10-12,26.15999984741211,27.06999969482422,24.729999542236328,26.68000030517578,25.443065643310547,6444100,0.0,0.0
2022-10-13,26.489999771118164,27.579999923706055,25.850000381469727,26.700000762939453,25.462135314941406,4056100,0.0,0.0
2022-10-14,26.5,26.549999237060547,25.360000610351562,25.860000610351562,24.661081314086914,3618200,0.0,0.0
2022-10-17,26.06999969482422,27.729999542236328,25.799999237060547,26.850000381469727,25.605180740356445,5239200,0.0,0.0
2022-10-18,27.21500015258789,27.3799991607666,25.959999084472656,26.56999969482422,25.338163375854492,5182300,0.0,0.0
2022-10-19,26.68000030517578,27.049999237060547,24.200000762939453,24.309999465942383,23.18294334411621,6947500,0.0,0.0
2022-10-20,24.440000534057617,24.780000686645508,22.920000076293945,23.06999969482422,22.000429153442383,6331700,0.0,0.0
2022-10-21,23.209999084472656,24.089000701904297,22.836999893188477,23.8700008392334,22.76334571838379,4093600,0.0,0.0
2022-10-24,23.5,23.920000076293945,22.469999313354492,23.729999542236328,22.629833221435547,4753200,0.0,0.0
2022-10-25,23.600000381469727,24.739999771118164,23.389999389648438,24.059999465942383,22.944534301757812,5335100,0.0,0.0
2022-10-26,24.100000381469727,24.559999465942383,23.540000915527344,23.559999465942383,22.467714309692383,3479700,0.0,0.0
2022-10-27,23.739999771118164,25.139999389648438,23.059999465942383,24.520000457763672,23.383209228515625,5178300,0.0,0.0
2022-10-28,24.299999237060547,24.549999237060547,23.145000457763672,23.950000762939453,22.839632034301758,6120000,0.0,0.0
2022-10-31,23.760000228881836,24.979999542236328,23.489999771118164,23.899999618530273,22.791954040527344,3973400,0.0,0.0
2022-11-01,24.43000030517578,24.440000534057617,23.7450008392334,24.0,22.88731575012207,3529000,0.0,0.0
2022-11-02,24.200000762939453,24.239999771118164,22.934999465942383,23.219999313354492,22.143470764160156,4011500,0.0,0.0
2022-11-03,25.40999984741211,27.6299991607666,23.399999618530273,23.84000015258789,22.73473358154297,19326900,0.0,0.0
2022-11-04,24.719999313354492,27.469999313354492,24.559999465942383,26.989999771118164,25.738693237304688,11538000,0.0,0.0
2022-11-07,28.530000686645508,30.05500030517578,27.575000762939453,30.010000228881836,28.61867904663086,10959900,0.0,0.0
2022-11-08,29.40999984741211,29.899999618530273,28.469999313354492,29.610000610351562,28.237224578857422,4813300,0.0,0.0
2022-11-09,28.799999237060547,29.1200008392334,26.18000030517578,26.40999984741211,25.18558120727539,7426300,0.0,0.0
2022-11-10,27.639999389648438,27.780000686645508,26.459999084472656,27.719999313354492,26.43484878540039,3701800,0.0,0.0
2022-11-11,28.34000015258789,28.799999237060547,26.714000701904297,27.25,25.986637115478516,5133600,0.0,0.0
2022-11-14,27.450000762939453,29.33099937438965,27.415000915527344,27.959999084472656,26.663721084594727,5008600,0.0,0.0
2022-11-15,28.34000015258789,29.229999542236328,27.40999984741211,29.190000534057617,27.836698532104492,4653100,0.0,0.0
2022-11-16,28.510000228881836,29.209999084472656,27.850000381469727,28.459999084472656,27.14053726196289,3735700,0.0,0.0
2022-11-17,27.809999465942383,28.040000915527344,26.75,27.989999771118164,26.692333221435547,5111100,0.0,0.0
2022-11-18,27.719999313354492,27.799999237060547,26.489999771118164,27.25,25.986637115478516,5113600,0.0,0.0
2022-11-21,26.969999313354492,27.809999465942383,26.219999313354492,27.75,26.463455200195312,4331200,0.0,0.0
2022-11-22,28.420000076293945,29.940000534057617,28.15999984741211,29.6200008392334,28.24675750732422,4109500,0.0,0.0
2022-11-23,29.709999084472656,30.549999237060547,29.1299991607666,29.780000686645508,28.399343490600586,3277500,0.0,0.0
2022-11-25,29.5,31.0,29.5,30.200000762939453,28.79987335205078,2100800,0.0,0.0
2022-11-28,29.469999313354492,30.530000686645508,29.149999618530273,29.3700008392334,28.008350372314453,2461300,0.0,0.0
2022-11-29,29.790000915527344,31.959999084472656,29.790000915527344,31.959999084472656,30.478273391723633,4567700,0.0,0.0
2022-11-30,32.47999954223633,32.88999938964844,31.299999237060547,31.940000534057617,30.459203720092773,4341400,0.0,0.0
2022-12-01,31.950000762939453,32.159000396728516,30.889999389648438,31.290000915527344,29.839338302612305,2641700,0.0,0.0
2022-12-02,30.989999771118164,32.22999954223633,30.969999313354492,31.59000015258789,30.125431060791016,3133900,0.0,0.0
2022-12-05,31.700000762939453,32.09000015258789,29.3799991607666,29.56999969482422,28.199077606201172,3741500,0.0,0.0
2022-12-06,29.56999969482422,30.31999969482422,29.3439998626709,29.899999618530273,28.51378059387207,2848400,0.0,0.0
2022-12-07,29.649999618530273,29.850000381469727,28.8799991607666,29.3799991607666,28.017887115478516,2298100,0.0,0.0
2022-12-08,30.030000686645508,30.450000762939453,28.56999969482422,28.799999237060547,27.46477508544922,2779000,0.0,0.0
2022-12-09,28.700000762939453,29.329999923706055,27.864999771118164,28.06999969482422,26.768625259399414,2648100,0.0,0.0
2022-12-12,28.100000381469727,28.10099983215332,27.09000015258789,27.850000381469727,26.558820724487305,2981700,0.0,0.0
2022-12-13,28.5,29.079999923706055,27.85700035095215,28.469999313354492,27.150074005126953,3300700,0.0,0.0
2022-12-14,28.3700008392334,28.700000762939453,27.540000915527344,28.40999984741211,27.09285545349121,2853500,0.0,0.0
2022-12-15,28.5,29.440000534057617,28.200000762939453,29.15999984741211,27.80809211730957,3203500,0.0,0.0
2022-12-16,28.530000686645508,29.290000915527344,27.989999771118164,28.489999771118164,27.16914939880371,4349600,0.0,0.0
2022-12-19,28.790000915527344,29.1299991607666,27.875,28.59000015258789,27.264511108398438,2896500,0.0,0.0
2022-12-20,28.719999313354492,29.413000106811523,28.479999542236328,28.600000381469727,27.274049758911133,2807300,0.0,0.0
2022-12-21,28.700000762939453,29.049999237060547,27.959999084472656,28.860000610351562,27.52199935913086,3466800,0.0,0.0
2022-12-22,29.0,29.700000762939453,28.209999084472656,29.010000228881836,27.665040969848633,3128300,0.0,0.0
2022-12-23,29.100000381469727,29.530000686645508,28.6299991607666,29.440000534057617,28.075105667114258,2027200,0.0,0.0
2022-12-27,29.81999969482422,30.211000442504883,29.329999923706055,29.399999618530273,28.036958694458008,2344100,0.0,0.0
2022-12-28,29.0,29.0,25.850000381469727,26.59000015258789,25.357236862182617,8415300,0.0,0.0
2022-12-29,26.709999084472656,27.209999084472656,26.479999542236328,26.81999969482422,25.576574325561523,2992700,0.0,0.0
2022-12-30,26.5,26.979999542236328,26.1299991607666,26.420000076293945,25.195119857788086,3091400,0.0,0.0
2023-01-03,25.780000686645508,25.90999984741211,24.895000457763672,25.100000381469727,23.936317443847656,7500300,0.0,0.0
2023-01-04,24.739999771118164,26.610000610351562,24.170000076293945,26.56999969482422,25.338163375854492,7454200,0.0,0.0
2023-01-05,26.270000457763672,27.454999923706055,26.209999084472656,27.190000534057617,25.92942237854004,5633500,0.0,0.0
2023-01-06,27.540000915527344,30.049999237060547,27.360000610351562,28.889999389648438,27.55060386657715,7319100,0.0,0.0
2023-01-09,29.020000457763672,29.360000610351562,27.6299991607666,27.649999618530273,26.368093490600586,3610400,0.0,0.0
2023-01-10,27.68000030517578,27.959999084472656,26.6200008392334,27.280000686645508,26.01525115966797,3359500,0.0,0.0
2023-01-11,27.079999923706055,27.469999313354492,26.709999084472656,27.149999618530273,25.89127540588379,3503900,0.0,0.0
2023-01-12,27.34000015258789,28.18000030517578,27.15999984741211,27.729999542236328,26.44438362121582,2664900,0.0,0.0
2023-01-13,27.6200008392334,28.479999542236328,27.510000228881836,28.40999984741211,27.09285545349121,2128900,0.0,0.0
2023-01-17,28.739999771118164,29.268999099731445,28.3700008392334,28.799999237060547,27.46477508544922,2998500,0.0,0.0
2023-01-18,29.290000915527344,29.530000686645508,27.40999984741211,27.43000030517578,26.158288955688477,3394200,0.0,0.0
2023-01-19,27.18000030517578,27.690000534057617,26.899999618530273,27.450000762939453,26.1773681640625,2353700,0.0,0.0
2023-01-20,27.68000030517578,28.360000610351562,27.110000610351562,28.110000610351562,26.8067684173584,3090800,0.0,0.0
2023-01-23,28.260000228881836,28.559999465942383,27.6299991607666,27.979999542236328,26.68279457092285,2691200,0.0,0.0
2023-01-24,27.709999084472656,28.139999389648438,27.25,27.8799991607666,26.587432861328125,2819900,0.0,0.0
2023-01-25,27.600000381469727,27.690000534057617,26.559999465942383,27.059999465942383,25.805442810058594,4290000,0.0,0.0
2023-01-26,26.920000076293945,26.989999771118164,25.270000457763672,26.579999923706055,25.347705841064453,6546100,0.0,0.0
2023-01-27,26.389999389648438,27.40999984741211,26.309999465942383,27.25,25.986637115478516,3021900,0.0,0.0
2023-01-30,26.989999771118164,28.145000457763672,26.690000534057617,27.81999969482422,26.530214309692383,4444700,0.0,0.0
2023-01-31,27.530000686645508,28.079999923706055,27.360000610351562,27.889999389648438,26.596969604492188,3199700,0.0,0.0
2023-02-01,27.770000457763672,28.027000427246094,26.75,27.68000030517578,26.396705627441406,3758200,0.0,0.0
2023-02-02,27.709999084472656,28.440000534057617,27.049999237060547,28.420000076293945,27.102397918701172,4142600,0.0,0.0
2023-02-03,28.549999237060547,28.93000030517578,27.690000534057617,27.760000228881836,26.472997665405273,3344800,0.0,0.0
2023-02-06,27.649999618530273,28.209999084472656,27.100000381469727,27.850000381469727,26.558820724487305,4132700,0.0,0.0
2023-02-07,28.469999313354492,29.059999465942383,26.780000686645508,28.270000457763672,26.9593505859375,8167300,0.0,0.0
2023-02-08,27.940000534057617,28.040000915527344,25.649999618530273,25.65999984741211,24.470355987548828,8703800,0.0,0.0
2023-02-09,25.75,26.219999313354492,25.360000610351562,25.549999237060547,24.365449905395508,3819900,0.0,0.0
2023-02-10,25.600000381469727,26.459999084472656,25.200000762939453,26.389999389648438,25.16651153564453,5322900,0.0,0.0
2023-02-13,26.399999618530273,26.760000228881836,25.8700008392334,26.34000015258789,25.11882972717285,6746100,0.0,0.0
2023-02-14,27.799999237060547,29.959999084472656,26.170000076293945,29.850000381469727,28.466096878051758,17419800,0.0,0.0
2023-02-15,29.610000610351562,31.219999313354492,29.049999237060547,29.540000915527344,28.170473098754883,9584500,0.0,0.0
2023-02-16,29.5,30.420000076293945,29.420000076293945,29.549999237060547,28.18000602722168,6237800,0.0,0.0
2023-02-17,29.100000381469727,29.670000076293945,27.969999313354492,28.260000228881836,26.949813842773438,5427400,0.0,0.0
2023-02-21,27.709999084472656,28.049999237060547,25.850000381469727,25.850000381469727,24.65154266357422,6077500,0.0,0.0
2023-02-22,25.610000610351562,26.6299991607666,25.5,26.190000534057617,24.975788116455078,4991200,0.0,0.0
2023-02-23,26.3700008392334,26.790000915527344,25.729999542236328,26.25,25.033000946044922,3509100,0.0,0.0
2023-02-24,26.049999237060547,26.4950008392334,25.635000228881836,26.309999465942383,25.090219497680664,3234900,0.0,0.0
2023-02-27,26.34000015258789,26.969999313354492,26.072999954223633,26.770000457763672,25.528894424438477,3084000,0.0,0.0
2023-02-28,26.969999313354492,27.649999618530273,26.59000015258789,27.299999237060547,26.034317016601562,3672600,0.0,0.0
2023-03-01,27.420000076293945,27.9950008392334,27.25,27.860000610351562,26.568357467651367,3028700,0.0,0.0
2023-03-02,27.610000610351562,27.969999313354492,27.360000610351562,27.549999237060547,26.272729873657227,2343300,0.0,0.0
2023-03-03,27.709999084472656,28.540000915527344,27.540000915527344,28.030000686645508,26.730478286743164,3619200,0.0,0.0
2023-03-06,27.200000762939453,27.200000762939453,26.0,26.290000915527344,25.071151733398438,4685300,0.0,0.0
2023-03-07,26.149999618530273,26.59000015258789,25.839000701904297,26.309999465942383,25.090219497680664,3280900,0.0,0.0
2023-03-08,26.149999618530273,26.6200008392334,25.75,26.020000457763672,24.813661575317383,2383300,0.0,0.0
2023-03-09,25.979999542236328,26.31999969482422,25.639999389648438,25.690000534057617,24.498964309692383,2919600,0.0,0.0
2023-03-10,25.670000076293945,26.139999389648438,25.149999618530273,25.700000762939453,24.508499145507812,3681800,0.0,0.0
2023-03-13,24.889999389648438,25.850000381469727,24.51099967956543,24.760000228881836,23.612079620361328,3902700,0.0,0.0
2023-03-14,25.079999923706055,25.59000015258789,24.200000762939453,24.520000457763672,23.383209228515625,3213800,0.0,0.0
2023-03-15,23.270000457763672,23.565000534057617,22.399999618530273,22.75,21.695266723632812,7770000,0.0,0.0
2023-03-16,22.25,23.719999313354492,21.95199966430664,23.3799991607666,22.296058654785156,5328100,0.0,0.0
2023-03-17,23.149999618530273,23.40999984741211,22.700000762939453,23.31999969482422,22.238840103149414,4650500,0.0,0.0
2023-03-20,23.59000015258789,24.190000534057617,23.43000030517578,23.540000915527344,22.448640823364258,3203900,0.0,0.0
2023-03-21,24.350000381469727,24.610000610351562,23.520000457763672,23.59000015258789,22.496322631835938,3351500,0.0,0.0
2023-03-22,23.729999542236328,24.260000228881836,23.260000228881836,23.469999313354492,22.38188934326172,2619800,0.0,0.0
2023-03-23,23.700000762939453,24.25,23.329999923706055,23.65999984741211,22.56307601928711,2297600,0.0,0.0
2023-03-24,23.329999923706055,24.3799991607666,22.93000030517578,24.360000610351562,23.230627059936523,2661800,0.0,0.0
2023-03-27,24.280000686645508,24.9950008392334,23.94499969482422,24.860000610351562,23.707443237304688,2400200,0.0,0.0
2023-03-28,25.06999969482422,25.899999618530273,24.719999313354492,25.600000381469727,24.41313362121582,3199800,0.0,0.0
2023-03-29,25.65999984741211,25.8700008392334,25.1200008392334,25.19099998474121,24.023101806640625,1916200,0.0,0.0
2023-03-30,25.3799991607666,25.540000915527344,24.270999908447266,25.270000457763672,24.09843635559082,3422400,0.0,0.0
2023-03-31,25.5,25.899999618530273,25.264999389648438,25.600000381469727,24.41313362121582,2576000,0.0,0.0
2023-04-03,26.0,26.399999618530273,25.09000015258789,26.290000915527344,25.071151733398438,4480000,0.0,0.0
2023-04-04,26.100000381469727,26.118999481201172,25.110000610351562,25.68000030517578,24.489429473876953,2785600,0.0,0.0
2023-04-05,25.75,25.959999084472656,25.280000686645508,25.889999389648438,24.6896915435791,1828500,0.0,0.0
2023-04-06,25.770000457763672,25.790000915527344,25.200000762939453,25.25,24.079362869262695,1799700,0.0,0.0
2023-04-10,25.459999084472656,25.770000457763672,25.152000427246094,25.229999542236328,24.060287475585938,2594500,0.0,0.0
2023-04-11,25.489999771118164,25.760000228881836,25.204999923706055,25.31999969482422,24.1461181640625,2566400,0.0,0.0
2023-04-12,25.25,25.625,24.459999084472656,25.1299991607666,23.964923858642578,2309400,0.0,0.0
2023-04-13,25.25,25.829999923706055,25.229999542236328,25.6200008392334,24.432209014892578,1756800,0.0,0.0
2023-04-14,25.5,25.729999542236328,24.719999313354492,25.229999542236328,24.060287475585938,2169800,0.0,0.0
2023-04-17,27.700000762939453,27.700000762939453,25.969999313354492,26.309999465942383,25.090219497680664,10227400,0.0,0.0
2023-04-18,26.1200008392334,26.709999084472656,25.729999542236328,26.149999618530273,24.93763542175293,3724200,0.0,0.0
2023-04-19,25.770000457763672,26.100000381469727,25.520000457763672,25.829999923706055,24.632471084594727,2420300,0.0,0.0
2023-04-20,25.549999237060547,25.760000228881836,24.649999618530273,24.68000030517578,23.535789489746094,4015500,0.0,0.0
2023-04-21,24.459999084472656,24.610000610351562,24.010000228881836,24.09000015258789,22.973142623901367,3463400,0.0,0.0
2023-04-24,24.0,24.829999923706055,23.770000457763672,24.649999618530273,23.507179260253906,2239800,0.0,0.0
2023-04-25,24.15999984741211,24.40999984741211,23.809999465942383,23.889999389648438,22.782411575317383,2972600,0.0,0.0
2023-04-26,24.190000534057617,24.31999969482422,23.209999084472656,23.40999984741211,22.324665069580078,4149600,0.0,0.0
2023-04-27,23.31999969482422,24.420000076293945,22.600000381469727,23.81999969482422,22.71565818786621,6417100,0.0,0.0
2023-04-28,23.81999969482422,24.149999618530273,23.5,24.020000457763672,22.906389236450195,4090800,0.0,0.0
2023-05-01,23.75,24.18000030517578,23.510000228881836,23.6299991607666,22.534469604492188,2548900,0.0,0.0
2023-05-02,23.360000610351562,23.981000900268555,22.8799991607666,23.34000015258789,22.25790786743164,3559700,0.0,0.0
2023-05-03,23.1200008392334,23.44499969482422,22.360000610351562,22.56999969482422,21.523611068725586,3487000,0.0,0.0
2023-05-04,22.479999542236328,22.59000015258789,21.8700008392334,22.06999969482422,21.046794891357422,3781300,0.0,0.0
2023-05-05,22.600000381469727,22.950000762939453,22.239999771118164,22.809999465942383,21.752487182617188,3160200,0.0,0.0
2023-05-08,23.239999771118164,23.540000915527344,22.920000076293945,23.06999969482422,22.000429153442383,2386300,0.0,0.0
2023-05-09,23.010000228881836,23.43000030517578,22.902000427246094,23.18000030517578,22.105331420898438,2182400,0.0,0.0
2023-05-10,23.399999618530273,23.469999313354492,22.687000274658203,23.25,22.244054794311523,2470200,0.075,0.0
2023-05-11,22.639999389648438,22.780000686645508,22.075000762939453,22.3700008392334,21.402132034301758,3482100,0.0,0.0
2023-05-12,22.5,22.81999969482422,22.149999618530273,22.579999923706055,21.60304832458496,2721800,0.0,0.0
2023-05-15,22.829999923706055,22.899999618530273,22.489999771118164,22.670000076293945,21.68915367126465,1628000,0.0,0.0
2023-05-16,22.420000076293945,22.690000534057617,21.18000030517578,21.290000915527344,20.36886215209961,3541000,0.0,0.0
2023-05-17,21.610000610351562,21.639999389648438,21.030000686645508,21.06999969482422,20.15837860107422,4840000,0.0,0.0
2023-05-18,20.899999618530273,20.899999618530273,19.924999237060547,20.780000686645508,19.88092803955078,5766100,0.0,0.0
2023-05-19,21.049999237060547,21.100000381469727,20.274999618530273,20.3799991607666,19.498228073120117,4438600,0.0,0.0
2023-05-22,20.309999465942383,21.079999923706055,20.260000228881836,20.729999542236328,19.833086013793945,3276200,0.0,0.0
2023-05-23,20.549999237060547,20.729999542236328,20.170000076293945,20.31999969482422,19.44083023071289,2472000,0.0,0.0
2023-05-24,20.280000686645508,20.329999923706055,19.575000762939453,19.75,18.895488739013672,4238400,0.0,0.0
2023-05-25,19.270000457763672,19.3700008392334,18.875,19.329999923706055,18.49365997314453,4019300,0.0,0.0
2023-05-26,19.43000030517578,19.584999084472656,18.56999969482422,18.649999618530273,17.843082427978516,3583800,0.0,0.0
2023-05-30,18.219999313354492,18.639999389648438,17.709999084472656,18.5,17.69957160949707,6531500,0.0,0.0
2023-05-31,18.170000076293945,18.488000869750977,17.8799991607666,18.15999984741211,17.374284744262695,4799000,0.0,0.0
2023-06-01,18.25,18.639999389648438,18.200000762939453,18.309999465942383,17.517793655395508,3574800,0.0,0.0
2023-06-02,18.690000534057617,19.06999969482422,18.510000228881836,18.81999969482422,18.005727767944336,3512200,0.0,0.0
2023-06-05,19.149999618530273,19.59000015258789,18.84000015258789,18.979999542236328,18.158803939819336,2819100,0.0,0.0
2023-06-06,18.700000762939453,19.549999237060547,18.6200008392334,19.420000076293945,18.579763412475586,2705900,0.0,0.0
2023-06-07,19.43000030517578,20.231000900268555,19.424999237060547,20.010000228881836,19.144243240356445,4822400,0.0,0.0
2023-06-08,20.09000015258789,20.364999771118164,19.489999771118164,19.799999237060547,18.94332504272461,3436000,0.0,0.0
2023-06-09,19.770000457763672,20.559999465942383,19.610000610351562,20.010000228881836,19.144243240356445,4070000,0.0,0.0
2023-06-12,19.709999084472656,19.940000534057617,19.34000015258789,19.43000030517578,18.58933448791504,2863400,0.0,0.0
2023-06-13,19.670000076293945,19.989999771118164,19.549999237060547,19.709999084472656,18.857219696044922,5425700,0.0,0.0
2023-06-14,20.030000686645508,20.510000228881836,19.829999923706055,20.06999969482422,19.201644897460938,3650100,0.0,0.0
2023-06-15,20.219999313354492,20.959999084472656,20.219999313354492,20.709999084472656,19.813953399658203,3358600,0.0,0.0
2023-06-16,20.860000610351562,20.8799991607666,20.32900047302246,20.549999237060547,19.660871505737305,4443400,0.0,0.0
2023-06-20,20.559999465942383,21.5,20.399999618530273,21.219999313354492,20.30188751220703,3408400,0.0,0.0
2023-06-21,21.040000915527344,21.579999923706055,21.000999450683594,21.459999084472656,20.5314998626709,2711900,0.0,0.0
2023-06-22,21.190000534057617,21.530000686645508,20.8799991607666,21.290000915527344,20.36886215209961,2138200,0.0,0.0
2023-06-23,20.899999618530273,21.15999984741211,20.68000030517578,20.690000534057617,19.794816970825195,3155200,0.0,0.0
2023-06-26,20.920000076293945,21.148000717163086,20.530000686645508,20.780000686645508,19.88092803955078,2222900,0.0,0.0
2023-06-27,20.770000457763672,21.26799964904785,20.725000381469727,21.06999969482422,20.15837860107422,2235200,0.0,0.0
2023-06-28,20.90999984741211,21.0,20.509000778198242,20.8700008392334,19.9670352935791,1900400,0.0,0.0
2023-06-29,20.989999771118164,22.06999969482422,20.920000076293945,21.649999618530273,20.71328353881836,2880000,0.0,0.0
2023-06-30,21.600000381469727,22.125,21.540000915527344,21.65999984741211,20.722850799560547,2796200,0.0,0.0
2023-07-03,21.600000381469727,22.274999618530273,21.53499984741211,21.969999313354492,21.019437789916992,1590600,0.0,0.0
2023-07-05,22.040000915527344,22.149999618530273,21.559999465942383,21.690000534057617,20.751550674438477,2411900,0.0,0.0
2023-07-06,21.540000915527344,21.92099952697754,21.18000030517578,21.329999923706055,20.407129287719727,2096200,0.0,0.0
2023-07-07,21.329999923706055,22.139999389648438,21.200000762939453,21.84000015258789,20.895061492919922,2326500,0.0,0.0
2023-07-10,21.75,22.139999389648438,21.655000686645508,21.770000457763672,20.828092575073242,2130100,0.0,0.0
2023-07-11,21.809999465942383,22.280000686645508,21.799999237060547,22.149999618530273,21.191652297973633,2927700,0.0,0.0
2023-07-12,22.3700008392334,22.549999237060547,21.139999389648438,21.149999618530273,20.234914779663086,3413400,0.0,0.0
2023-07-13,21.190000534057617,21.559999465942383,21.1299991607666,21.25,20.330591201782227,3344000,0.0,0.0
2023-07-14,21.149999618530273,21.33300018310547,20.809999465942383,20.860000610351562,19.95746612548828,3300300,0.0,0.0
2023-07-17,20.780000686645508,21.125,20.65999984741211,20.829999923706055,19.928762435913086,1758800,0.0,0.0
2023-07-18,20.920000076293945,21.700000762939453,20.899999618530273,21.43000030517578,20.5028018951416,2232700,0.0,0.0
2023-07-19,21.59000015258789,21.649999618530273,21.3799991607666,21.6200008392334,20.684581756591797,1939500,0.0,0.0
2023-07-20,21.8700008392334,21.950000762939453,21.55500030517578,21.8799991607666,20.933330535888672,2801300,0.0,0.0
2023-07-21,22.0,22.0,21.645000457763672,21.979999542236328,21.029003143310547,2574800,0.0,0.0
2023-07-24,22.049999237060547,22.209999084472656,21.780000686645508,22.110000610351562,21.15338134765625,2281700,0.0,0.0
2023-07-25,22.100000381469727,22.89900016784668,22.100000381469727,22.520000457763672,21.545642852783203,4112200,0.0,0.0
2023-07-26,22.190000534057617,22.760000228881836,22.18000030517578,22.420000076293945,21.449968338012695,4437600,0.0,0.0
2023-07-27,21.739999771118164,22.290000915527344,21.139999389648438,21.670000076293945,20.732421875,5676700,0.0,0.0
2023-07-28,21.8799991607666,21.8799991607666,21.010000228881836,21.579999923706055,20.646312713623047,3489900,0.0,0.0
2023-07-31,21.889999389648438,22.530000686645508,21.889999389648438,22.440000534057617,21.469106674194336,2917600,0.0,0.0
2023-08-01,22.299999237060547,22.510000228881836,21.71500015258789,22.270000457763672,21.30646324157715,2040900,0.0,0.0
2023-08-02,22.0,22.040000915527344,21.0,21.719999313354492,20.780250549316406,8869900,0.0,0.0
2023-08-03,21.690000534057617,21.809999465942383,21.18000030517578,21.639999389648438,20.703718185424805,1892500,0.0,0.0
2023-08-04,21.860000610351562,22.09000015258789,21.565000534057617,21.809999465942383,20.86635971069336,2385200,0.0,0.0
2023-08-07,21.889999389648438,21.920000076293945,21.5049991607666,21.90999984741211,20.962032318115234,2149300,0.0,0.0
2023-08-08,21.520000457763672,22.514999389648438,21.329999923706055,22.450000762939453,21.478670120239258,2419700,0.0,0.0
2023-08-09,22.760000228881836,24.139999389648438,22.510000228881836,23.690000534057617,22.74099349975586,5756500,0.075,0.0
2023-08-10,23.729999542236328,23.770000457763672,22.530000686645508,22.93000030517578,22.011438369750977,3466700,0.0,0.0
2023-08-11,22.764999389648438,23.05900001525879,22.450000762939453,22.81999969482422,21.905845642089844,3749700,0.0,0.0
2023-08-14,22.739999771118164,22.80500030517578,22.110000610351562,22.420000076293945,21.521867752075195,5217400,0.0,0.0
2023-08-15,22.030000686645508,22.530000686645508,21.809999465942383,21.8799991607666,21.00349998474121,2652100,0.0,0.0
2023-08-16,21.780000686645508,22.43000030517578,21.6200008392334,22.020000457763672,21.137895584106445,2499600,0.0,0.0
2023-08-17,22.43000030517578,22.600000381469727,22.100000381469727,22.200000762939453,21.31068229675293,1686400,0.0,0.0
2023-08-18,21.81999969482422,22.084999084472656,21.565000534057617,21.850000381469727,20.974702835083008,1848000,0.0,0.0
2023-08-21,22.059999465942383,22.25,21.760000228881836,22.200000762939453,21.31068229675293,2310600,0.0,0.0
2023-08-22,22.399999618530273,22.829999923706055,22.204999923706055,22.219999313354492,21.329883575439453,2010300,0.0,0.0
2023-08-23,22.030000686645508,22.110000610351562,21.65999984741211,21.799999237060547,20.92670440673828,2624600,0.0,0.0
2023-08-24,21.770000457763672,21.829999923706055,21.420000076293945,21.479999542236328,20.619524002075195,2446300,0.0,0.0
2023-08-25,21.604999542236328,21.6299991607666,21.209999084472656,21.420000076293945,20.56192970275879,2682600,0.0,0.0
2023-08-28,21.700000762939453,21.860000610351562,21.485000610351562,21.670000076293945,20.80191421508789,2446300,0.0,0.0
2023-08-29,21.84000015258789,22.299999237060547,21.559999465942383,21.790000915527344,20.91710662841797,2862400,0.0,0.0
2023-08-30,21.709999084472656,22.101999282836914,21.700000762939453,21.90999984741211,21.032297134399414,2351500,0.0,0.0
2023-08-31,21.860000610351562,22.040000915527344,21.489999771118164,21.579999923706055,20.71551513671875,3033000,0.0,0.0
2023-09-01,22.0,22.579999923706055,21.989999771118164,22.34000015258789,21.445072174072266,5139400,0.0,0.0
2023-09-05,22.170000076293945,22.690000534057617,21.969999313354492,22.3799991607666,21.48347282409668,2572400,0.0,0.0
2023-09-06,22.450000762939453,22.75,21.684999465942383,21.899999618530273,21.02269744873047,2696100,0.0,0.0
2023-09-07,21.8799991607666,22.09000015258789,21.565000534057617,21.719999313354492,20.849905014038086,2502700,0.0,0.0
2023-09-08,21.8700008392334,22.280000686645508,21.489999771118164,22.09000015258789,21.20508575439453,2276100,0.0,0.0
2023-09-11,22.239999771118164,22.469999313354492,21.700000762939453,21.8799991607666,21.00349998474121,2074200,0.0,0.0
2023-09-12,22.18000030517578,22.690000534057617,22.040000915527344,22.59000015258789,21.68505859375,2932700,0.0,0.0
2023-09-13,22.799999237060547,23.829999923706055,22.729999542236328,23.209999084472656,22.28022003173828,3975300,0.0,0.0
2023-09-14,23.610000610351562,24.360000610351562,23.579999923706055,24.190000534057617,23.22096061706543,4741400,0.0,0.0
2023-09-15,24.059999465942383,24.6200008392334,23.979999542236328,24.010000228881836,23.048173904418945,4514600,0.0,0.0
2023-09-18,24.100000381469727,24.459999084472656,23.90999984741211,24.0,23.038572311401367,2278100,0.0,0.0
2023-09-19,24.299999237060547,24.43000030517578,23.790000915527344,23.899999618530273,22.942581176757812,1915100,0.0,0.0
2023-09-20,23.780000686645508,24.15999984741211,23.440000534057617,23.450000762939453,22.510604858398438,1379000,0.0,0.0
2023-09-21,23.219999313354492,23.309999465942383,22.75,23.149999618530273,22.22262191772461,2488400,0.0,0.0
2023-09-22,23.350000381469727,23.54199981689453,23.0,23.0,22.078632354736328,1445500,0.0,0.0
2023-09-25,22.940000534057617,23.875,22.739999771118164,23.790000915527344,22.836986541748047,2113000,0.0,0.0
2023-09-26,23.489999771118164,23.850000381469727,23.2450008392334,23.3700008392334,22.433815002441406,2012700,0.0,0.0
2023-09-27,24.170000076293945,25.100000381469727,24.149999618530273,24.549999237060547,23.566539764404297,5035900,0.0,0.0
2023-09-28,24.8700008392334,25.969999313354492,24.84000015258789,25.65999984741211,24.632076263427734,4716100,0.0,0.0
2023-09-29,25.700000762939453,26.260000228881836,25.389999389648438,25.989999771118164,24.948854446411133,4059900,0.0,0.0
2023-10-02,25.81999969482422,25.81999969482422,24.985000610351562,25.360000610351562,24.344093322753906,3133000,0.0,0.0
2023-10-03,25.229999542236328,25.31999969482422,24.424999237060547,24.65999984741211,23.67213249206543,2434600,0.0,0.0
2023-10-04,24.68000030517578,24.780000686645508,23.4950008392334,23.790000915527344,22.836986541748047,2545000,0.0,0.0
2023-10-05,23.760000228881836,24.329999923706055,23.709999084472656,23.90999984741211,22.95218276977539,1875000,0.0,0.0
2023-10-06,23.799999237060547,24.674999237060547,23.729999542236328,24.43000030517578,23.45134925842285,2771500,0.0,0.0
2023-10-09,24.729999542236328,25.950000762939453,24.670000076293945,25.549999237060547,24.526479721069336,2820100,0.0,0.0
2023-10-10,25.440000534057617,26.21500015258789,25.329999923706055,26.09000015258789,25.044851303100586,2907200,0.0,0.0
2023-10-11,25.780000686645508,26.280000686645508,25.354999542236328,25.889999389648438,24.852861404418945,2762200,0.0,0.0
2023-10-12,25.829999923706055,25.895000457763672,25.18000030517578,25.700000762939453,24.670473098754883,2250700,0.0,0.0
2023-10-13,26.200000762939453,26.25,25.540000915527344,25.760000228881836,24.728069305419922,2426900,0.0,0.0
2023-10-16,25.8799991607666,25.8799991607666,25.239999771118164,25.719999313354492,24.689672470092773,2105000,0.0,0.0
2023-10-17,25.450000762939453,26.299999237060547,25.450000762939453,25.770000457763672,24.737668991088867,2647600,0.0,0.0
2023-10-18,25.809999465942383,26.15999984741211,25.475000381469727,25.540000915527344,24.51688003540039,2170500,0.0,0.0
2023-10-19,25.43000030517578,25.579999923706055,25.149999618530273,25.420000076293945,24.401689529418945,2751900,0.0,0.0
2023-10-20,25.31999969482422,25.549999237060547,24.8700008392334,24.989999771118164,23.988914489746094,2471600,0.0,0.0
2023-10-23,24.690000534057617,25.309999465942383,24.59000015258789,25.030000686645508,24.027315139770508,1713200,0.0,0.0
2023-10-24,25.1200008392334,25.270000457763672,24.610000610351562,24.65999984741211,23.67213249206543,1795600,0.0,0.0
2023-10-25,24.579999923706055,24.889999389648438,24.424999237060547,24.670000076293945,23.681737899780273,2711400,0.0,0.0
2023-10-26,22.81999969482422,24.139999389648438,22.700000762939453,23.75,22.7985897064209,5703500,0.0,0.0
2023-10-27,24.149999618530273,25.329999923706055,23.979999542236328,24.81999969482422,23.825727462768555,3269400,0.0,0.0
2023-10-30,24.850000381469727,24.94499969482422,23.860000610351562,24.1200008392334,23.15376853942871,3998300,0.0,0.0
2023-10-31,23.920000076293945,23.959999084472656,23.360000610351562,23.59000015258789,22.64499855041504,2828300,0.0,0.0
2023-11-01,23.56999969482422,23.670000076293945,23.31999969482422,23.329999923706055,22.39541244506836,1943900,0.0,0.0
2023-11-02,23.469999313354492,24.05900001525879,23.3799991607666,23.6299991607666,22.68339729309082,2094500,0.0,0.0
2023-11-03,23.959999084472656,24.239999771118164,23.6200008392334,23.700000762939453,22.750595092773438,1546800,0.0,0.0
2023-11-06,23.899999618530273,23.899999618530273,23.200000762939453,23.459999084472656,22.520204544067383,2503400,0.0,0.0
2023-11-07,22.899999618530273,22.899999618530273,22.100000381469727,22.600000381469727,21.694656372070312,3330100,0.0,0.0
2023-11-08,22.5,22.8799991607666,22.295000076293945,22.3799991607666,21.555004119873047,2166900,0.075,0.0
2023-11-09,22.59000015258789,23.09000015258789,22.559999465942383,22.610000610351562,21.77652359008789,2305800,0.0,0.0
2023-11-10,23.020000457763672,23.469999313354492,22.594999313354492,22.690000534057617,21.853578567504883,3395300,0.0,0.0
2023-11-13,22.65999984741211,22.774999618530273,22.200000762939453,22.229999542236328,21.410533905029297,2972800,0.0,0.0
2023-11-14,22.719999313354492,23.135000228881836,22.459999084472656,22.90999984741211,22.065465927124023,3466900,0.0,0.0
2023-11-15,22.799999237060547,23.559999465942383,22.790000915527344,23.239999771118164,22.383298873901367,2587600,0.0,0.0
2023-11-16,23.010000228881836,23.6200008392334,22.632999420166016,22.959999084472656,22.113618850708008,2035400,0.0,0.0
2023-11-17,23.25,23.889999389648438,23.25,23.790000915527344,22.913026809692383,3630900,0.0,0.0
2023-11-20,23.790000915527344,23.8799991607666,23.110000610351562,23.479999542236328,22.614456176757812,2658100,0.0,0.0
2023-11-21,23.360000610351562,23.760000228881836,23.209999084472656,23.280000686645508,22.42182731628418,2110400,0.0,0.0
2023-11-22,22.989999771118164,23.7450008392334,22.850000381469727,23.59000015258789,22.720399856567383,3325600,0.0,0.0
2023-11-24,23.5,24.290000915527344,23.5,23.969999313354492,23.08639144897461,1300200,0.0,0.0
2023-11-27,23.850000381469727,24.15999984741211,23.739999771118164,23.989999771118164,23.105655670166016,2714000,0.0,0.0
2023-11-28,24.09000015258789,24.139999389648438,23.709999084472656,23.959999084472656,23.076759338378906,2251400,0.0,0.0
2023-11-29,24.030000686645508,24.149999618530273,23.59000015258789,23.790000915527344,22.913026809692383,1733200,0.0,0.0
2023-11-30,23.90999984741211,24.1299991607666,23.704999923706055,23.84000015258789,22.961183547973633,2635300,0.0,0.0
2023-12-01,23.790000915527344,24.795000076293945,23.770000457763672,24.59000015258789,23.68353271484375,3235400,0.0,0.0
2023-12-04,24.299999237060547,24.614999771118164,23.959999084472656,24.079999923706055,23.19233512878418,2250800,0.0,0.0
2023-12-05,23.959999084472656,24.059999465942383,23.55500030517578,23.920000076293945,23.038232803344727,1964300,0.0,0.0
2023-12-06,23.969999313354492,24.489999771118164,23.225000381469727,23.3700008392334,22.50851058959961,2425200,0.0,0.0
2023-12-07,23.3700008392334,23.940000534057617,23.274999618530273,23.59000015258789,22.720399856567383,2374900,0.0,0.0
2023-12-08,23.59000015258789,23.90999984741211,23.549999237060547,23.649999618530273,22.778188705444336,1775300,0.0,0.0
2023-12-11,23.3799991607666,23.575000762939453,23.059999465942383,23.459999084472656,22.595191955566406,3113800,0.0,0.0
2023-12-12,23.299999237060547,23.43000030517578,23.045000076293945,23.139999389648438,22.2869873046875,3109300,0.0,0.0
2023-12-13,23.149999618530273,23.739999771118164,23.020000457763672,23.520000457763672,22.652982711791992,5783400,0.0,0.0
2023-12-14,24.030000686645508,24.3799991607666,23.545000076293945,23.6299991607666,22.75892448425293,3611400,0.0,0.0
2023-12-15,23.770000457763672,23.985000610351562,23.239999771118164,23.700000762939453,22.826345443725586,4473000,0.0,0.0
2023-12-18,24.049999237060547,24.309999465942383,23.3799991607666,23.420000076293945,22.556665420532227,2655600,0.0,0.0
2023-12-19,23.579999923706055,24.420000076293945,23.440000534057617,24.190000534057617,23.298276901245117,4747100,0.0,0.0
2023-12-20,24.329999923706055,24.690000534057617,23.8799991607666,23.950000762939453,23.067127227783203,4864100,0.0,0.0
2023-12-21,24.110000610351562,24.360000610351562,23.934999465942383,24.350000381469727,23.452383041381836,2463500,0.0,0.0
2023-12-22,24.469999313354492,25.399999618530273,24.350000381469727,25.059999465942383,24.136211395263672,2950100,0.0,0.0
2023-12-26,25.260000228881836,25.5,24.975000381469727,25.0,24.07842254638672,1334700,0.0,0.0
2023-12-27,24.989999771118164,25.299999237060547,24.920000076293945,24.969999313354492,24.049524307250977,1478800,0.0,0.0
2023-12-28,24.93000030517578,25.0,24.540000915527344,24.610000610351562,23.702800750732422,1539100,0.0,0.0
2023-12-29,24.43000030517578,24.65999984741211,24.06999969482422,24.31999969482422,23.42348861694336,2409300,0.0,0.0
2024-01-02,24.40999984741211,24.905000686645508,24.31999969482422,24.389999389648438,23.49090576171875,2029000,0.0,0.0
2024-01-03,24.25,25.014999389648438,24.079999923706055,24.790000915527344,23.87616539001465,2516900,0.0,0.0
2024-01-04,25.0,25.670000076293945,24.760000228881836,25.389999389648438,24.454044342041016,2987300,0.0,0.0
2024-01-05,25.6200008392334,25.8799991607666,25.450000762939453,25.8700008392334,24.916353225708008,3025300,0.0,0.0
2024-01-08,25.700000762939453,25.739999771118164,24.756000518798828,25.239999771118164,24.309574127197266,2210900,0.0,0.0
2024-01-09,25.139999389648438,25.139999389648438,24.649999618530273,24.979999542236328,24.059162139892578,2092700,0.0,0.0
2024-01-10,25.0,25.0,23.684999465942383,23.8700008392334,22.990079879760742,3112100,0.0,0.0
2024-01-11,23.989999771118164,24.139999389648438,23.690000534057617,23.90999984741211,23.028602600097656,1966700,0.0,0.0
2024-01-12,24.200000762939453,24.299999237060547,23.670000076293945,23.799999237060547,22.922658920288086,1986100,0.0,0.0
2024-01-16,23.829999923706055,23.920000076293945,23.139999389648438,23.18000030517578,22.325515747070312,2451800,0.0,0.0
2024-01-17,22.8799991607666,23.360000610351562,22.719999313354492,23.270000457763672,22.412195205688477,2031500,0.0,0.0
2024-01-18,24.649999618530273,25.638999938964844,24.350000381469727,25.43000030517578,24.492572784423828,11647000,0.0,0.0
2024-01-19,25.549999237060547,26.1299991607666,25.3700008392334,26.079999923706055,25.118610382080078,6544800,0.0,0.0
2024-01-22,26.100000381469727,26.3700008392334,25.270000457763672,25.600000381469727,24.656301498413086,29167800,0.0,0.0
2024-01-23,25.479999542236328,25.90999984741211,25.399999618530273,25.799999237060547,24.848928451538086,3842400,0.0,0.0
2024-01-24,26.239999771118164,27.149999618530273,26.049999237060547,26.75,25.763912200927734,4306600,0.0,0.0
2024-01-25,27.059999465942383,27.149999618530273,26.3700008392334,26.739999771118164,25.75428009033203,3969400,0.0,0.0
2024-01-26,26.729999542236328,27.139999389648438,26.424999237060547,27.049999237060547,26.0528507232666,2308400,0.0,0.0
2024-01-29,27.040000915527344,27.09000015258789,26.299999237060547,26.6299991607666,25.648334503173828,3068600,0.0,0.0
2024-01-30,26.34000015258789,26.940000534057617,26.131999969482422,26.90999984741211,25.91800880432129,2323500,0.0,0.0
2024-01-31,26.84000015258789,27.19499969482422,26.645000457763672,26.700000762939453,25.71575355529785,4145200,0.0,0.0
2024-02-01,26.989999771118164,27.239999771118164,26.420000076293945,27.06999969482422,26.072114944458008,2898000,0.0,0.0
2024-02-02,26.8700008392334,27.024999618530273,26.405000686645508,26.639999389648438,25.657968521118164,3419000,0.0,0.0
2024-02-05,26.5,26.5,25.665000915527344,26.06999969482422,25.108978271484375,3770800,0.0,0.0
2024-02-06,26.110000610351562,26.25,25.459999084472656,25.719999313354492,24.771881103515625,3651000,0.0,0.0
2024-02-07,25.780000686645508,26.110000610351562,25.479999542236328,25.93000030517578,24.974138259887695,3722700,0.0,0.0
2024-02-08,24.65999984741211,26.31999969482422,24.309999465942383,25.979999542236328,25.022296905517578,4814200,0.0,0.0
2024-02-09,26.0,26.030000686645508,24.6299991607666,25.280000686645508,24.348102569580078,5503300,0.0,0.0
2024-02-12,25.3700008392334,25.795000076293945,25.1200008392334,25.1299991607666,24.203630447387695,3825600,0.0,0.0
2024-02-13,24.979999542236328,25.420000076293945,24.68000030517578,24.799999237060547,23.88579750061035,4884800,0.0,0.0
2024-02-14,24.959999084472656,25.06999969482422,24.649999618530273,24.889999389648438,23.972475051879883,2954600,0.0,0.0
2024-02-15,24.329999923706055,24.895000457763672,24.329999923706055,24.6299991607666,23.722061157226562,3801400,0.0,0.0
2024-02-16,24.600000381469727,24.665000915527344,24.15999984741211,24.3799991607666,23.48127555847168,3046300,0.0,0.0
2024-02-20,24.260000228881836,24.34000015258789,23.594999313354492,23.84000015258789,22.961183547973633,4229400,0.0,0.0
2024-02-21,24.010000228881836,24.770000457763672,24.010000228881836,24.700000762939453,23.86455726623535,3083300,0.075,0.0
2024-02-22,24.6299991607666,24.899999618530273,24.309999465942383,24.8700008392334,24.028810501098633,2627200,0.0,0.0
2024-02-23,24.75,24.94499969482422,24.424999237060547,24.75,23.912866592407227,2352200,0.0,0.0
2024-02-26,24.6200008392334,24.959999084472656,24.549999237060547,24.950000762939453,24.106103897094727,2930500,0.0,0.0
2024-02-27,25.219999313354492,25.34000015258789,24.84000015258789,25.09000015258789,24.24136734008789,3431200,0.0,0.0
2024-02-28,24.84000015258789,25.167999267578125,24.655000686645508,24.719999313354492,23.883882522583008,2932000,0.0,0.0
2024-02-29,24.780000686645508,25.100000381469727,24.739999771118164,24.770000457763672,23.93218994140625,4498800,0.0,0.0
2024-03-01,24.899999618530273,25.299999237060547,24.844999313354492,25.030000686645508,24.183399200439453,5384800,0.0,0.0
2024-03-04,25.18000030517578,25.729999542236328,25.149999618530273,25.299999237060547,24.444263458251953,5696800,0.0,0.0
2024-03-05,25.190000534057617,25.920000076293945,25.18000030517578,25.549999237060547,24.68580436706543,3290400,0.0,0.0
2024-03-06,25.860000610351562,26.399999618530273,25.729999542236328,26.149999618530273,25.265514373779297,4673200,0.0,0.0
2024-03-07,26.239999771118164,27.15999984741211,26.209999084472656,26.809999465942383,25.9031925201416,3597500,0.0,0.0
2024-03-08,26.899999618530273,27.242000579833984,26.69499969482422,27.15999984741211,26.241352081298828,2863400,0.0,0.0
2024-03-11,27.030000686645508,27.139999389648438,25.950000762939453,26.09000015258789,25.207544326782227,2924100,0.0,0.0
2024-03-12,25.889999389648438,25.954999923706055,25.104999542236328,25.260000228881836,24.40561866760254,3471000,0.0,0.0
2024-03-13,25.190000534057617,25.43000030517578,24.709999084472656,25.149999618530273,24.29933738708496,3409000,0.0,0.0
2024-03-14,25.149999618530273,25.149999618530273,24.41900062561035,24.709999084472656,23.874217987060547,3517600,0.0,0.0
2024-03-15,24.549999237060547,24.84000015258789,23.6299991607666,23.770000457763672,22.96601676940918,11379400,0.0,0.0
2024-03-18,24.0,24.6299991607666,23.850000381469727,24.290000915527344,23.468425750732422,5152400,0.0,0.0
2024-03-19,24.149999618530273,24.5,24.040000915527344,24.40999984741211,23.584365844726562,2826900,0.0,0.0
2024-03-20,24.1299991607666,24.684999465942383,24.1200008392334,24.40999984741211,23.584365844726562,2228800,0.0,0.0
2024-03-21,24.5,24.799999237060547,24.3799991607666,24.489999771118164,23.661659240722656,2041200,0.0,0.0
2024-03-22,24.399999618530273,24.700000762939453,24.1299991607666,24.15999984741211,23.342823028564453,1260100,0.0,0.0
2024-03-25,24.209999084472656,24.559999465942383,23.844999313354492,23.920000076293945,23.110939025878906,2904600,0.0,0.0
2024-03-26,24.200000762939453,24.299999237060547,23.239999771118164,23.59000015258789,22.792104721069336,3367900,0.0,0.0
2024-03-27,23.649999618530273,24.260000228881836,23.610000610351562,24.25,23.429780960083008,2074400,0.0,0.0
2024-03-28,24.389999389648438,24.489999771118164,23.96500015258789,24.260000228881836,23.439441680908203,2964100,0.0,0.0
2024-04-01,24.329999923706055,24.469999313354492,24.059999465942383,24.15999984741211,23.342823028564453,2018000,0.0,0.0
2024-04-02,24.290000915527344,24.59000015258789,24.020000457763672,24.299999237060547,23.478084564208984,2412300,0.0,0.0
2024-04-03,24.459999084472656,24.5,23.84000015258789,24.010000228881836,23.197895050048828,1988700,0.0,0.0
2024-04-04,23.950000762939453,24.09000015258789,23.239999771118164,23.329999923706055,22.540897369384766,2907900,0.0,0.0
2024-04-05,23.1200008392334,23.524999618530273,23.010000228881836,23.3799991607666,22.58920669555664,3119000,0.0,0.0
2024-04-08,23.520000457763672,23.614999771118164,23.190000534057617,23.31999969482422,22.53123664855957,1834400,0.0,0.0
2024-04-09,23.479999542236328,23.670000076293945,23.200000762939453,23.489999771118164,22.695486068725586,2047300,0.0,0.0
2024-04-10,22.959999084472656,23.56999969482422,22.875,23.56999969482422,22.772781372070312,1860300,0.0,0.0
2024-04-11,21.889999389648438,23.670000076293945,21.84000015258789,23.489999771118164,22.695486068725586,3604800,0.0,0.0
2024-04-12,23.670000076293945,23.684999465942383,23.024999618530273,23.09000015258789,22.30901336669922,2476200,0.0,0.0
2024-04-15,23.1200008392334,23.280000686645508,22.815000534057617,22.940000534057617,22.164087295532227,5190900,0.0,0.0
2024-04-16,23.049999237060547,24.235000610351562,22.729999542236328,24.09000015258789,23.275190353393555,4066900,0.0,0.0
2024-04-17,24.280000686645508,24.84000015258789,24.024999618530273,24.030000686645508,23.217220306396484,3907500,0.0,0.0
2024-04-18,24.100000381469727,24.5049991607666,23.96500015258789,24.09000015258789,23.275190353393555,2447100,0.0,0.0
2024-04-19,23.950000762939453,24.270000457763672,23.940000534057617,24.079999923706055,23.26552963256836,1414900,0.0,0.0
2024-04-22,24.059999465942383,24.18000030517578,23.75,23.90999984741211,23.10127830505371,1551100,0.0,0.0
2024-04-23,23.700000762939453,23.81999969482422,23.225000381469727,23.440000534057617,22.647172927856445,1973600,0.0,0.0
2024-04-24,23.420000076293945,23.5,23.139999389648438,23.459999084472656,22.666500091552734,1788000,0.0,0.0
2024-04-25,23.450000762939453,23.940000534057617,23.170000076293945,23.940000534057617,23.130266189575195,2029500,0.0,0.0
2024-04-26,23.989999771118164,24.010000228881836,23.450000762939453,23.649999618530273,22.850074768066406,1787300,0.0,0.0
2024-04-29,23.760000228881836,23.760000228881836,23.389999389648438,23.530000686645508,22.734132766723633,1551700,0.0,0.0
2024-04-30,23.299999237060547,23.299999237060547,21.8799991607666,21.940000534057617,21.19791030883789,5006800,0.0,0.0
2024-05-01,21.989999771118164,22.139999389648438,21.34000015258789,21.440000534057617,20.714824676513672,4646900,0.0,0.0
2024-05-02,21.924999237060547,22.860000610351562,21.399999618530273,21.540000915527344,20.811443328857422,4077700,0.0,0.0
2024-05-03,21.649999618530273,22.200000762939453,21.34000015258789,22.049999237060547,21.304187774658203,3446700,0.0,0.0
2024-05-06,22.200000762939453,22.360000610351562,21.77199935913086,21.860000610351562,21.120616912841797,2287200,0.0,0.0
2024-05-07,21.899999618530273,22.3700008392334,21.809999465942383,21.93000030517578,21.188249588012695,3447400,0.0,0.0
2024-05-08,21.790000915527344,21.989999771118164,21.700000762939453,21.920000076293945,21.178586959838867,2032000,0.0,0.0
2024-05-09,22.030000686645508,22.315000534057617,21.75,22.219999313354492,21.46844482421875,1793500,0.0,0.0
2024-05-10,22.360000610351562,22.399999618530273,21.764999389648438,21.8799991607666,21.13994026184082,2991100,0.0,0.0
2024-05-13,22.020000457763672,22.415000915527344,22.0,22.309999465942383,21.555397033691406,1563100,0.0,0.0
2024-05-14,22.399999618530273,22.700000762939453,22.395000457763672,22.489999771118164,21.729307174682617,1583000,0.0,0.0
2024-05-15,22.600000381469727,22.915000915527344,22.40999984741211,22.739999771118164,22.04436683654785,1987200,0.075,0.0
2024-05-16,22.760000228881836,22.892000198364258,22.479999542236328,22.559999465942383,21.869871139526367,2059500,0.0,0.0
2024-05-17,22.6299991607666,22.648000717163086,22.264999389648438,22.530000686645508,21.840791702270508,2764000,0.0,0.0
2024-05-20,22.520000457763672,23.299999237060547,22.510000228881836,23.1200008392334,22.412744522094727,3663000,0.0,0.0
2024-05-21,23.020000457763672,23.719999313354492,22.9950008392334,23.559999465942383,22.839282989501953,3296600,0.0,0.0
2024-05-22,23.43000030517578,23.81999969482422,23.110000610351562,23.6200008392334,22.89744758605957,1787400,0.0,0.0
2024-05-23,23.549999237060547,23.709999084472656,23.104999542236328,23.290000915527344,22.577545166015625,2203200,0.0,0.0
2024-05-24,23.559999465942383,23.684999465942383,23.270000457763672,23.530000686645508,22.810199737548828,1751200,0.0,0.0
2024-05-28,23.68000030517578,23.940000534057617,23.510000228881836,23.690000534057617,22.96530532836914,1992600,0.0,0.0
2024-05-29,23.5,23.549999237060547,23.049999237060547,23.049999237060547,22.344881057739258,1541900,0.0,0.0
2024-05-30,23.25,23.81999969482422,23.225000381469727,23.719999313354492,22.994384765625,2111100,0.0,0.0
2024-05-31,23.81999969482422,24.889999389648438,23.780000686645508,24.780000686645508,24.02196502685547,3510100,0.0,0.0
2024-06-03,24.950000762939453,25.774999618530273,24.93000030517578,25.420000076293945,24.64238166809082,4836900,0.0,0.0
2024-06-04,25.040000915527344,25.110000610351562,23.81999969482422,23.90999984741211,23.178577423095703,3320500,0.0,0.0
2024-06-05,23.809999465942383,24.06999969482422,23.489999771118164,23.600000381469727,22.8780574798584,2093800,0.0,0.0
2024-06-06,23.56999969482422,24.200000762939453,23.56999969482422,24.1299991607666,23.391847610473633,1507300,0.0,0.0
2024-06-07,23.93000030517578,24.049999237060547,23.459999084472656,23.649999618530273,22.926530838012695,1573000,0.0,0.0
2024-06-10,23.579999923706055,23.690000534057617,22.760000228881836,23.610000610351562,22.887752532958984,1921100,0.0,0.0
2024-06-11,23.290000915527344,23.309999465942383,22.860000610351562,22.860000610351562,22.160694122314453,1521500,0.0,0.0
2024-06-12,23.31999969482422,23.420000076293945,22.729999542236328,23.0,22.296415328979492,1723100,0.0,0.0
2024-06-13,22.899999618530273,23.15999984741211,22.601999282836914,23.1200008392334,22.412744522094727,1581200,0.0,0.0
2024-06-14,23.010000228881836,23.15999984741211,22.709999084472656,22.719999313354492,22.02497673034668,1702000,0.0,0.0
2024-06-17,22.600000381469727,22.82900047302246,22.309999465942383,22.56999969482422,21.879566192626953,1226500,0.0,0.0
2024-06-18,22.610000610351562,22.709999084472656,22.31999969482422,22.489999771118164,21.802013397216797,1196000,0.0,0.0
2024-06-20,22.5,22.899999618530273,22.280000686645508,22.639999389648438,21.947425842285156,1632900,0.0,0.0
2024-06-21,22.719999313354492,22.790000915527344,21.809999465942383,21.8700008392334,21.20098304748535,6439300,0.0,0.0
2024-06-24,22.09000015258789,22.420000076293945,21.920000076293945,22.229999542236328,21.54996681213379,1617500,0.0,0.0
2024-06-25,22.260000228881836,22.299999237060547,21.709999084472656,21.739999771118164,21.074960708618164,1639300,0.0,0.0
2024-06-26,21.690000534057617,22.020000457763672,21.649999618530273,21.979999542236328,21.307615280151367,3401500,0.0,0.0
2024-06-27,22.149999618530273,22.239999771118164,21.510000228881836,21.59000015258789,20.929548263549805,1558400,0.0,0.0
2024-06-28,22.075000762939453,22.6200008392334,22.014999389648438,22.1200008392334,21.44333267211914,5453200,0.0,0.0
2024-07-01,23.170000076293945,24.0,23.100000381469727,23.770000457763672,23.042858123779297,4664400,0.0,0.0
2024-07-02,23.739999771118164,23.969999313354492,23.2549991607666,23.479999542236328,22.761730194091797,2436200,0.0,0.0
2024-07-03,23.600000381469727,23.975000381469727,23.280000686645508,23.389999389648438,22.674480438232422,1366500,0.0,0.0
2024-07-05,23.25,23.485000610351562,23.06999969482422,23.290000915527344,22.577545166015625,1616900,0.0,0.0
2024-07-08,23.399999618530273,23.829999923706055,23.31999969482422,23.459999084472656,22.742341995239258,1953300,0.0,0.0
2024-07-09,23.270000457763672,23.389999389648438,23.010000228881836,23.049999237060547,22.344881057739258,1523400,0.0,0.0
2024-07-10,22.899999618530273,23.020000457763672,22.21500015258789,22.34000015258789,21.656600952148438,3427300,0.0,0.0
2024-07-11,22.75,22.850000381469727,22.329999923706055,22.75,22.054059982299805,2543000,0.0,0.0
2024-07-12,23.059999465942383,23.15999984741211,22.459999084472656,22.989999771118164,22.286720275878906,1695900,0.0,0.0
2024-07-15,23.270000457763672,23.905000686645508,23.030000686645508,23.479999542236328,22.761730194091797,3032900,0.0,0.0
2024-07-16,23.459999084472656,23.934999465942383,22.690000534057617,23.799999237060547,23.071941375732422,2717900,0.0,0.0
2024-07-17,23.84000015258789,24.040000915527344,23.489999771118164,23.709999084472656,22.984691619873047,1854800,0.0,0.0
2024-07-18,23.809999465942383,23.809999465942383,22.889999389648438,23.170000076293945,22.461214065551758,2265200,0.0,0.0
2024-07-19,23.0,23.09000015258789,22.655000686645508,23.030000686645508,22.325496673583984,1591000,0.0,0.0
2024-07-22,22.989999771118164,23.024999618530273,22.479999542236328,22.530000686645508,21.840791702270508,1412300,0.0,0.0
2024-07-23,22.479999542236328,22.479999542236328,22.065000534057617,22.329999923706055,21.646909713745117,1546900,0.0,0.0
2024-07-24,22.329999923706055,22.489999771118164,22.0,22.049999237060547,21.375473022460938,1211200,0.0,0.0
2024-07-25,21.84000015258789,22.110000610351562,21.059999465942383,21.860000610351562,21.191287994384766,2550000,0.0,0.0
2024-07-26,22.010000228881836,22.239999771118164,21.809999465942383,22.229999542236328,21.54996681213379,1434600,0.0,0.0
2024-07-29,22.139999389648438,22.290000915527344,21.809999465942383,21.959999084472656,21.28822898864746,1072600,0.0,0.0
2024-07-30,21.889999389648438,22.059999465942383,21.450000762939453,21.579999923706055,20.919851303100586,1697700,0.0,0.0
2024-07-31,21.969999313354492,22.360000610351562,21.65999984741211,22.209999084472656,21.530580520629883,2580000,0.0,0.0
2024-08-01,23.809999465942383,24.31999969482422,22.110000610351562,22.610000610351562,21.918344497680664,5802900,0.0,0.0
2024-08-02,22.049999237060547,22.434999465942383,21.799999237060547,22.030000686645508,21.356088638305664,3074200,0.0,0.0
2024-08-05,20.950000762939453,21.450000762939453,20.260000228881836,21.329999923706055,20.677501678466797,3313600,0.0,0.0
2024-08-06,21.31999969482422,21.81999969482422,21.270000457763672,21.389999389648438,20.73566246032715,2290700,0.0,0.0
2024-08-07,21.799999237060547,22.25,21.584999084472656,21.799999237060547,21.133121490478516,2986600,0.0,0.0
2024-08-08,22.06999969482422,22.43000030517578,21.920000076293945,22.170000076293945,21.491804122924805,2293500,0.0,0.0
2024-08-09,22.18000030517578,22.56999969482422,22.040000915527344,22.459999084472656,21.772930145263672,1807700,0.0,0.0
2024-08-12,22.639999389648438,22.75,22.360000610351562,22.520000457763672,21.831100463867188,2469300,0.0,0.0
2024-08-13,22.479999542236328,22.78499984741211,22.299999237060547,22.770000457763672,22.073448181152344,1635100,0.0,0.0
2024-08-14,22.899999618530273,22.920000076293945,21.280000686645508,21.809999465942383,21.1428165435791,6542500,0.0,0.0
2024-08-15,22.110000610351562,22.21500015258789,21.709999084472656,21.979999542236328,21.381141662597656,2383900,0.075,0.0
2024-08-16,21.860000610351562,22.600000381469727,21.799999237060547,22.440000534057617,21.828609466552734,2241900,0.0,0.0
2024-08-19,22.489999771118164,23.434999465942383,22.3799991607666,23.049999237060547,22.421987533569336,2164500,0.0,0.0
2024-08-20,22.959999084472656,23.0,22.479999542236328,22.559999465942383,21.945337295532227,1151000,0.0,0.0
2024-08-21,23.4950008392334,24.56999969482422,22.7549991607666,23.219999313354492,22.587356567382812,4928900,0.0,0.0
2024-08-22,23.09000015258789,23.354999542236328,22.899999618530273,23.309999465942383,22.674901962280273,2800800,0.0,0.0
2024-08-23,23.360000610351562,23.530000686645508,22.93000030517578,23.479999542236328,22.840272903442383,2111600,0.0,0.0
2024-08-26,23.639999389648438,23.649999618530273,23.030000686645508,23.049999237060547,22.421987533569336,2297400,0.0,0.0
2024-08-27,23.149999618530273,23.479999542236328,22.790000915527344,23.190000534057617,22.55817222595215,2470400,0.0,0.0
2024-08-28,23.049999237060547,23.489999771118164,22.809999465942383,23.469999313354492,22.83054542541504,2993400,0.0,0.0
2024-08-29,23.770000457763672,23.799999237060547,23.350000381469727,23.40999984741211,22.772178649902344,2180100,0.0,0.0
2024-08-30,23.290000915527344,23.65999984741211,23.114999771118164,23.40999984741211,22.772178649902344,2255400,0.0,0.0
2024-09-03,23.0,23.200000762939453,22.030000686645508,22.1299991607666,21.527050018310547,2908300,0.0,0.0
2024-09-04,22.079999923706055,22.3700008392334,21.920000076293945,22.030000686645508,21.429780960083008,1821300,0.0,0.0
2024-09-05,21.899999618530273,22.079999923706055,21.549999237060547,21.579999923706055,20.992040634155273,2571400,0.0,0.0
2024-09-06,21.489999771118164,21.68400001525879,20.6299991607666,20.959999084472656,20.38892936706543,3540300,0.0,0.0
2024-09-09,20.90999984741211,21.09000015258789,20.735000610351562,20.760000228881836,20.19438362121582,2385400,0.0,0.0
2024-09-10,20.809999465942383,21.0,20.468000411987305,20.559999465942383,19.999828338623047,2110700,0.0,0.0
2024-09-11,20.350000381469727,20.860000610351562,20.209999084472656,20.729999542236328,20.165193557739258,2391100,0.0,0.0
2024-09-12,20.8700008392334,21.389999389648438,20.84000015258789,21.329999923706055,20.748849868774414,2718200,0.0,0.0
2024-09-13,21.6200008392334,22.3700008392334,21.530000686645508,22.06999969482422,21.468687057495117,2404200,0.0,0.0
2024-09-16,22.459999084472656,22.836999893188477,22.219999313354492,22.40999984741211,21.799423217773438,1974000,0.0,0.0
2024-09-17,22.729999542236328,23.114999771118164,22.600000381469727,22.690000534057617,22.07179832458496,2457900,0.0,0.0
2024-09-18,22.780000686645508,23.110000610351562,22.440000534057617,22.6299991607666,22.013429641723633,1713600,0.0,0.0
2024-09-19,23.170000076293945,23.200000762939453,22.5,22.809999465942383,22.188526153564453,2382300,0.0,0.0
2024-09-20,22.729999542236328,24.045000076293945,22.700000762939453,23.90999984741211,23.258556365966797,16943700,0.0,0.0
2024-09-23,23.8799991607666,24.260000228881836,23.385000228881836,23.5,22.859725952148438,3115000,0.0,0.0
2024-09-24,24.399999618530273,24.915000915527344,24.139999389648438,24.579999923706055,23.910303115844727,4670300,0.0,0.0
2024-09-25,24.260000228881836,25.030000686645508,24.260000228881836,24.989999771118164,24.30912971496582,3741600,0.0,0.0
2024-09-26,25.420000076293945,25.809999465942383,25.209999084472656,25.799999237060547,25.09705924987793,4231000,0.0,0.0
2024-09-27,25.969999313354492,26.520000457763672,25.829999923706055,26.0,25.29161262512207,3238700,0.0,0.0
2024-09-30,26.260000228881836,26.600000381469727,26.139999389648438,26.540000915527344,25.8169002532959,2957400,0.0,0.0
2024-10-01,26.56999969482422,26.56999969482422,25.950000762939453,26.31999969482422,25.60289192199707,2270700,0.0,0.0
2024-10-02,26.56999969482422,26.834999084472656,25.739999771118164,25.93000030517578,25.223520278930664,2462500,0.0,0.0
2024-10-03,25.700000762939453,26.229999542236328,25.540000915527344,25.979999542236328,25.272159576416016,1666800,0.0,0.0
2024-10-04,26.139999389648438,26.489999771118164,26.030000686645508,26.40999984741211,25.690439224243164,1716200,0.0,0.0
2024-10-07,26.459999084472656,26.854999542236328,26.270000457763672,26.3700008392334,25.651533126831055,2196800,0.0,0.0
2024-10-08,26.0,26.110000610351562,25.395000457763672,25.780000686645508,25.07761001586914,1494100,0.0,0.0
2024-10-09,25.540000915527344,25.850000381469727,25.309999465942383,25.760000228881836,25.05815315246582,1440600,0.0,0.0
2024-10-10,25.719999313354492,26.780000686645508,25.579999923706055,26.770000457763672,26.040634155273438,2052200,0.0,0.0
2024-10-11,26.670000076293945,27.190000534057617,26.559999465942383,27.110000610351562,26.371370315551758,2184800,0.0,0.0
2024-10-14,27.0,27.09000015258789,26.584999084472656,26.75,26.02117919921875,1228700,0.0,0.0
2024-10-15,26.360000610351562,26.510000228881836,25.399999618530273,25.420000076293945,24.7274169921875,1895400,0.0,0.0
2024-10-16,25.600000381469727,26.020000457763672,25.440000534057617,25.68000030517578,24.98033332824707,1385600,0.0,0.0
2024-10-17,25.56999969482422,25.56999969482422,25.18000030517578,25.299999237060547,24.61068344116211,2252400,0.0,0.0
2024-10-18,25.520000457763672,25.540000915527344,24.799999237060547,24.90999984741211,24.23130989074707,1565500,0.0,0.0
2024-10-21,24.770000457763672,24.920000076293945,24.3799991607666,24.760000228881836,24.085397720336914,1733700,0.0,0.0
2024-10-22,24.81999969482422,25.05500030517578,24.68000030517578,24.770000457763672,24.095121383666992,1572500,0.0,0.0
2024-10-23,24.5,24.889999389648438,24.239999771118164,24.34000015258789,23.676841735839844,3284900,0.0,0.0
2024-10-24,24.3799991607666,24.540000915527344,24.049999237060547,24.440000534057617,23.774118423461914,1491600,0.0,0.0
2024-10-25,24.709999084472656,24.8799991607666,24.31999969482422,24.399999618530273,23.735204696655273,1615000,0.0,0.0
2024-10-28,24.25,25.149999618530273,24.209999084472656,25.0,24.318857192993164,1691000,0.0,0.0
2024-10-29,25.0,25.139999389648438,24.610000610351562,24.93000030517578,24.250768661499023,1986300,0.0,0.0
2024-10-30,24.829999923706055,25.34000015258789,24.639999389648438,24.690000534057617,24.017303466796875,2800400,0.0,0.0
2024-10-31,26.25,27.290000915527344,25.665000915527344,26.270000457763672,25.55425453186035,5628000,0.0,0.0
2024-11-01,26.450000762939453,27.0,26.16200065612793,26.479999542236328,25.758533477783203,2443700,0.0,0.0
2024-11-04,26.565000534057617,26.959999084472656,26.049999237060547,26.329999923706055,25.612619400024414,2581800,0.0,0.0
2024-11-05,26.34000015258789,27.40999984741211,26.290000915527344,27.200000762939453,26.458919525146484,2905800,0.0,0.0
2024-11-06,28.989999771118164,29.940000534057617,28.440000534057617,29.799999237060547,28.98807716369629,5210900,0.0,0.0
2024-11-07,29.700000762939453,29.780000686645508,28.770000457763672,29.059999465942383,28.26824188232422,4301700,0.0,0.0
2024-11-08,28.899999618530273,29.170000076293945,28.384000778198242,28.700000762939453,27.918048858642578,2757500,0.0,0.0
2024-11-11,28.6200008392334,28.6200008392334,27.760000228881836,28.229999542236328,27.46085548400879,1839100,0.0,0.0
2024-11-12,27.950000762939453,28.06999969482422,26.760000228881836,26.799999237060547,26.069814682006836,5956000,0.0,0.0
2024-11-13,27.06999969482422,27.739999771118164,26.68000030517578,27.65999984741211,26.90638542175293,2323300,0.0,0.0
2024-11-14,27.809999465942383,28.18000030517578,26.920000076293945,27.049999237060547,26.384546279907227,2106100,0.075,0.0
2024-11-15,27.389999389648438,27.469999313354492,26.670000076293945,26.739999771118164,26.082172393798828,1297700,0.0,0.0
2024-11-18,26.979999542236328,27.108999252319336,26.229999542236328,26.469999313354492,25.81881332397461,1931300,0.0,0.0
2024-11-19,26.25,26.799999237060547,26.15999984741211,26.549999237060547,25.896846771240234,1084200,0.0,0.0
2024-11-20,26.649999618530273,27.049999237060547,26.459999084472656,26.610000610351562,25.955371856689453,2183200,0.0,0.0
2024-11-21,26.8799991607666,28.280000686645508,26.7450008392334,28.139999389648438,27.447731018066406,3282700,0.0,0.0
2024-11-22,27.899999618530273,28.1299991607666,27.040000915527344,27.40999984741211,26.735689163208008,2219200,0.0,0.0
2024-11-25,27.350000381469727,27.8700008392334,25.170000076293945,25.989999771118164,25.350622177124023,6829300,0.0,0.0
2024-11-26,25.329999923706055,25.8700008392334,23.989999771118164,24.110000610351562,23.51687240600586,6621200,0.0,0.0
2024-11-27,24.100000381469727,25.0,24.100000381469727,24.25,23.65342903137207,2663600,0.0,0.0
2024-11-29,24.360000610351562,24.459999084472656,23.610000610351562,23.850000381469727,23.263269424438477,1822200,0.0,0.0
2024-12-02,23.790000915527344,24.079999923706055,23.264999389648438,23.600000381469727,23.019418716430664,3498700,0.0,0.0
2024-12-03,23.6299991607666,23.93000030517578,23.33099937438965,23.540000915527344,22.960895538330078,2069000,0.0,0.0
2024-12-04,23.5,23.56999969482422,22.979999542236328,23.079999923706055,22.5122127532959,3246700,0.0,0.0
2024-12-05,22.940000534057617,23.079999923706055,22.60300064086914,23.059999465942383,22.492704391479492,2275900,0.0,0.0
2024-12-06,23.06999969482422,23.329999923706055,22.18000030517578,22.3799991607666,21.829435348510742,2019200,0.0,0.0
2024-12-09,23.020000457763672,23.299999237060547,22.40999984741211,22.440000534057617,21.887958526611328,2072700,0.0,0.0
2024-12-10,22.479999542236328,22.6299991607666,22.149999618530273,22.3700008392334,21.819679260253906,1835500,0.0,0.0
2024-12-11,22.34000015258789,22.399999618530273,22.045000076293945,22.190000534057617,21.64410400390625,1583400,0.0,0.0
2024-12-12,22.09000015258789,22.479999542236328,21.84000015258789,22.290000915527344,21.741647720336914,1387600,0.0,0.0
2024-12-13,22.170000076293945,22.26799964904785,21.799999237060547,22.0,21.45878028869629,1185400,0.0,0.0
2024-12-16,22.489999771118164,22.5,21.424999237060547,21.5,20.97108268737793,1969100,0.0,0.0
2024-12-17,21.3700008392334,21.510000228881836,20.950000762939453,21.440000534057617,20.912559509277344,2329200,0.0,0.0
2024-12-18,21.5,21.93000030517578,21.049999237060547,21.329999923706055,20.80526351928711,2453000,0.0,0.0
2024-12-19,21.510000228881836,21.850000381469727,21.253999710083008,21.549999237060547,21.019847869873047,2523700,0.0,0.0
2024-12-20,21.399999618530273,21.850000381469727,20.510000228881836,20.6299991607666,20.122482299804688,6654300,0.0,0.0
2024-12-23,20.549999237060547,20.729999542236328,20.139999389648438,20.299999237060547,19.800600051879883,1949000,0.0,0.0
2024-12-24,20.25,20.2549991607666,19.809999465942383,20.049999237060547,19.55674934387207,1194800,0.0,0.0
2024-12-26,19.959999084472656,20.170000076293945,19.68000030517578,19.809999465942383,19.322654724121094,1706800,0.0,0.0
2024-12-27,19.770000457763672,20.030000686645508,19.582000732421875,19.959999084472656,19.468965530395508,1634600,0.0,0.0
2024-12-30,20.0,20.850000381469727,19.899999618530273,20.780000686645508,20.268795013427734,2541000,0.0,0.0
2024-12-31,20.90999984741211,21.149999618530273,20.719999313354492,20.940000534057617,20.42485809326172,1871300,0.0,0.0
2025-01-02,21.1299991607666,21.34000015258789,20.68000030517578,20.860000610351562,20.346826553344727,1956000,0.0,0.0
2025-01-03,20.899999618530273,20.934999465942383,20.049999237060547,20.229999542236328,19.732322692871094,2006000,0.0,0.0
2025-01-06,20.200000762939453,20.40999984741211,19.440000534057617,19.5,19.020282745361328,3577900,0.0,0.0
2025-01-07,19.510000228881836,19.610000610351562,19.100000381469727,19.290000915527344,18.81545066833496,3125300,0.0,0.0
2025-01-08,19.049999237060547,19.270000457763672,18.719999313354492,19.010000228881836,18.542335510253906,3973300,0.0,0.0
2025-01-10,18.959999084472656,19.139999389648438,17.829999923706055,17.8799991607666,17.440134048461914,6470800,0.0,0.0
2025-01-13,17.829999923706055,18.829999923706055,17.732999801635742,18.81999969482422,18.357011795043945,3579800,0.0,0.0
2025-01-14,18.989999771118164,19.097999572753906,18.34000015258789,18.559999465942383,18.103410720825195,3333300,0.0,0.0
2025-01-15,18.81999969482422,18.81999969482422,18.40999984741211,18.670000076293945,18.2106990814209,2402500,0.0,0.0
2025-01-16,18.5,18.94499969482422,18.149999618530273,18.889999389648438,18.4252872467041,2588600,0.0,0.0
2025-01-17,18.90999984741211,19.5,18.84000015258789,19.299999237060547,18.825204849243164,3351600,0.0,0.0
2025-01-21,19.479999542236328,19.780000686645508,19.163999557495117,19.579999923706055,19.09831428527832,2094000,0.0,0.0
2025-01-22,19.559999465942383,19.729999542236328,19.0,19.049999237060547,18.581350326538086,1987700,0.0,0.0
2025-01-23,19.049999237060547,20.5,19.038000106811523,19.360000610351562,18.883729934692383,5454600,0.0,0.0
2025-01-24,19.399999618530273,19.5,18.950000762939453,19.350000381469727,18.873973846435547,2461300,0.0,0.0
2025-01-27,19.1299991607666,19.229999542236328,18.3700008392334,18.440000534057617,17.986358642578125,3177500,0.0,0.0
2025-01-28,18.510000228881836,18.520000457763672,18.020000457763672,18.06999969482422,17.62546157836914,2098800,0.0,0.0
2025-01-29,18.1200008392334,18.530000686645508,18.1200008392334,18.270000457763672,17.82054328918457,3076100,0.0,0.0
2025-01-30,18.350000381469727,18.489999771118164,18.06999969482422,18.350000381469727,17.898574829101562,1849300,0.0,0.0
2025-01-31,18.450000762939453,18.5049991607666,18.040000915527344,18.149999618530273,17.7034969329834,2368200,0.0,0.0
2025-02-03,17.940000534057617,18.1200008392334,17.489999771118164,17.5,17.069482803344727,3159500,0.0,0.0
2025-02-04,17.100000381469727,18.280000686645508,17.100000381469727,18.209999084472656,17.76201820373535,2438600,0.0,0.0
2025-02-05,18.25,18.25,17.860000610351562,17.979999542236328,17.537675857543945,4402800,0.0,0.0
2025-02-06,17.21500015258789,17.559999465942383,16.34000015258789,16.350000381469727,15.947776794433594,8139500,0.0,0.0
2025-02-07,16.450000762939453,16.950000762939453,15.789999961853027,15.930000305175781,15.538106918334961,4824500,0.0,0.0
2025-02-10,16.040000915527344,16.93000030517578,15.989999771118164,16.739999771118164,16.328184127807617,4471200,0.0,0.0
2025-02-11,16.56999969482422,17.860000610351562,16.489999771118164,17.290000915527344,16.86465072631836,4827800,0.0,0.0
2025-02-12,17.1299991607666,17.43000030517578,16.690000534057617,16.790000915527344,16.376955032348633,3353100,0.0,0.0
2025-02-13,16.75,17.104999542236328,16.6200008392334,17.100000381469727,16.679325103759766,2097600,0.0,0.0
2025-02-14,17.309999465942383,17.334999084472656,16.19499969482422,16.209999084472656,15.81121826171875,3368800,0.0,0.0
2025-02-18,16.270000457763672,16.32900047302246,15.65999984741211,15.850000381469727,15.460076332092285,3604200,0.0,0.0
2025-02-19,15.649999618530273,15.710000038146973,14.869999885559082,14.979999542236328,14.680946350097656,4754600,0.075,0.0
2025-02-20,14.925000190734863,15.539999961853027,14.925000190734863,15.5,15.190566062927246,4219700,0.0,0.0
2025-02-21,15.5,15.5,14.609999656677246,14.640000343322754,14.347734451293945,3269700,0.0,0.0
2025-02-24,14.600000381469727,15.079999923706055,14.574999809265137,14.9399995803833,14.641745567321777,3182100,0.0,0.0
2025-02-25,14.670000076293945,14.789999961853027,14.300000190734863,14.380000114440918,14.092924118041992,3886700,0.0,0.0
2025-02-26,14.649999618530273,14.770000457763672,14.095000267028809,14.15999984741211,13.87731647491455,4148400,0.0,0.0
2025-02-27,14.109999656677246,14.199999809265137,13.680000305175781,13.739999771118164,13.46570110321045,3430000,0.0,0.0
2025-02-28,13.640000343322754,13.909000396728516,13.399999618530273,13.789999961853027,13.514701843261719,3879400,0.0,0.0
2025-03-03,14.220000267028809,14.3100004196167,12.539999961853027,13.100000381469727,12.838478088378906,10420900,0.0,0.0
2025-03-04,12.899999618530273,13.119999885559082,12.529999732971191,12.869999885559082,12.613070487976074,4772500,0.0,0.0
2025-03-05,12.75,13.1899995803833,12.279999732971191,12.720000267028809,12.466066360473633,5045300,0.0,0.0
2025-03-06,12.5600004196167,12.864999771118164,12.149999618530273,12.859999656677246,12.60326862335205,3214500,0.0,0.0
2025-03-07,12.880000114440918,12.9350004196167,12.420000076293945,12.479999542236328,12.230854988098145,2879400,0.0,0.0
2025-03-10,12.449999809265137,13.050000190734863,12.220000267028809,12.899999618530273,12.642470359802246,4955900,0.0,0.0
2025-03-11,13.069999694824219,13.875,13.020000457763672,13.8100004196167,13.534303665161133,7176700,0.0,0.0
2025-03-12,13.930000305175781,14.010000228881836,12.569999694824219,12.579999923706055,12.328858375549316,5504700,0.0,0.0
2025-03-13,12.5600004196167,13.050000190734863,12.300000190734863,13.010000228881836,12.750273704528809,4553900,0.0,0.0
2025-03-14,13.149999618530273,13.395000457763672,12.920000076293945,13.34000015258789,13.073686599731445,2925200,0.0,0.0
2025-03-17,13.5,13.739999771118164,13.050000190734863,13.350000381469727,13.083488464355469,3191000,0.0,0.0
2025-03-18,13.9399995803833,14.270000457763672,13.5,14.180000305175781,13.896917343139648,6330900,0.0,0.0
2025-03-19,14.09000015258789,14.145000457763672,13.710000038146973,14.0,13.72050952911377,4622900,0.0,0.0
2025-03-20,13.59000015258789,13.9399995803833,13.350000381469727,13.84000015258789,13.563705444335938,2767300,0.0,0.0
2025-03-21,13.579999923706055,14.149999618530273,13.399999618530273,14.0,13.72050952911377,11600000,0.0,0.0
2025-03-24,14.119999885559082,14.635000228881836,13.84000015258789,14.5,14.210529327392578,4638100,0.0,0.0
2025-03-25,14.5,14.949999809265137,14.380000114440918,14.399999618530273,14.11252498626709,4759300,0.0,0.0
2025-03-26,14.239999771118164,14.319999694824219,13.729999542236328,14.050000190734863,13.769513130187988,3934900,0.0,0.0
2025-03-27,13.899999618530273,14.359999656677246,13.65999984741211,14.34000015258789,14.053723335266113,2968200,0.0,0.0
2025-03-28,14.199999809265137,14.40999984741211,13.454999923706055,13.720000267028809,13.446100234985352,3634600,0.0,0.0
2025-03-31,13.239999771118164,13.59000015258789,13.050000190734863,13.550000190734863,13.27949333190918,3435100,0.0,0.0
2025-04-01,13.699999809265137,13.869999885559082,13.329999923706055,13.529999732971191,13.259893417358398,3650900,0.0,0.0
2025-04-02,13.430000305175781,13.430000305175781,12.960000038146973,13.289999961853027,13.02468490600586,3709000,0.0,0.0
2025-04-03,12.489999771118164,12.789999961853027,11.890000343322754,11.949999809265137,11.71143627166748,6590500,0.0,0.0
2025-04-04,11.350000381469727,11.529999732971191,10.270000457763672,10.470000267028809,10.260982513427734,8656400,0.0,0.0
2025-04-07,10.010000228881836,10.600000381469727,9.609999656677246,10.3100004196167,10.104175567626953,6940400,0.0,0.0
2025-04-08,12.145000457763672,12.170000076293945,11.0,11.260000228881836,11.035210609436035,12440000,0.0,0.0
2025-04-09,12.59000015258789,13.65999984741211,11.0600004196167,12.260000228881836,12.015247344970703,24450000,0.0,0.0
2025-04-10,11.770000457763672,11.878000259399414,11.055000305175781,11.229999542236328,11.005809783935547,8445200,0.0,0.0
2025-04-11,11.399999618530273,12.8100004196167,11.324999809265137,12.729999542236328,12.475863456726074,8069200,0.0,0.0
2025-04-14,13.010000228881836,13.045999526977539,11.579999923706055,12.029999732971191,11.789837837219238,7491900,0.0,0.0
2025-04-15,12.069999694824219,12.460000038146973,11.875,12.369999885559082,12.123051643371582,5203300,0.0,0.0
2025-04-16,12.289999961853027,12.90999984741211,11.96500015258789,12.229999542236328,11.985845565795898,5146700,0.0,0.0
2025-04-17,12.270000457763672,12.914999961853027,12.251999855041504,12.84000015258789,12.58366870880127,3849800,0.0,0.0
2025-04-21,12.710000038146973,12.75,12.229999542236328,12.3100004196167,12.064249038696289,3209300,0.0,0.0
2025-04-22,12.40999984741211,12.470000267028809,12.020000457763672,12.420000076293945,12.172053337097168,4025900,0.0,0.0
2025-04-23,12.850000381469727,13.109999656677246,11.899999618530273,12.119999885559082,11.878042221069336,6968800,0.0,0.0
2025-04-24,12.260000228881836,12.819999694824219,12.109999656677246,12.6899995803833,12.436662673950195,4000100,0.0,0.0
2025-04-25,12.550000190734863,12.65999984741211,12.180000305175781,12.579999923706055,12.328858375549316,3669500,0.0,0.0
2025-04-28,12.5600004196167,12.829999923706055,12.510000228881836,12.600000381469727,12.348459243774414,2881200,0.0,0.0
2025-04-29,12.489999771118164,13.010000228881836,12.329999923706055,12.8100004196167,12.554267883300781,4106100,0.0,0.0
2025-04-30,12.460000038146973,12.574999809265137,12.210000038146973,12.34000015258789,12.093650817871094,3538600,0.0,0.0
2025-05-01,12.40999984741211,12.710000038146973,12.1850004196167,12.40999984741211,12.162251472473145,4218900,0.0,0.0
2025-05-02,12.600000381469727,12.989999771118164,12.489999771118164,12.8100004196167,12.554267883300781,3923500,0.0,0.0
2025-05-05,13.279999732971191,13.680000305175781,12.5600004196167,13.529999732971191,13.259893417358398,10503000,0.0,0.0
2025-05-06,13.699999809265137,15.050000190734863,13.619999885559082,14.819999694824219,14.524140357971191,10866400,0.0,0.0
2025-05-07,14.859999656677246,14.890000343322754,13.949999809265137,14.329999923706055,14.043923377990723,6597300,0.0,0.0
2025-05-08,14.300000190734863,14.390000343322754,13.630000114440918,14.15999984741211,13.87731647491455,6419700,0.0,0.0
2025-05-09,14.239999771118164,14.390000343322754,13.779999732971191,14.289999961853027,14.004720687866211,5557800,0.0,0.0
2025-05-12,14.75,15.15999984741211,14.140000343322754,14.609999656677246,14.318333625793457,6473600,0.0,0.0
2025-05-13,14.800000190734863,15.595000267028809,14.699999809265137,15.279999732971191,14.974956512451172,5100200,0.0,0.0
2025-05-14,15.0600004196167,15.241000175476074,14.550000190734863,14.680000305175781,14.386935234069824,3689800,0.0,0.0
2025-05-15,14.390000343322754,14.430000305175781,14.079999923706055,14.3100004196167,14.096341133117676,3414300,0.075,0.0
2025-05-16,14.260000228881836,14.970000267028809,14.149999618530273,14.710000038146973,14.490367889404297,4587900,0.0,0.0
2025-05-19,14.479999542236328,14.680000305175781,13.800000190734863,14.069999694824219,13.859923362731934,4771700,0.0,0.0
2025-05-20,14.029999732971191,14.09000015258789,13.774999618530273,14.050000190734863,13.840222358703613,2409800,0.0,0.0
2025-05-21,13.800000190734863,14.46500015258789,13.604000091552734,13.970000267028809,13.7614164352417,4602500,0.0,0.0
2025-05-22,13.800000190734863,14.027999877929688,13.40999984741211,13.539999961853027,13.337838172912598,3546400,0.0,0.0
2025-05-23,13.199999809265137,14.079999923706055,13.109999656677246,13.90999984741211,13.702311515808105,3644800,0.0,0.0
2025-05-27,14.09000015258789,14.729999542236328,14.0,14.4399995803833,14.22439956665039,3765900,0.0,0.0
2025-05-28,14.4399995803833,14.484000205993652,13.960000038146973,14.010000228881836,13.800819396972656,2647300,0.0,0.0
2025-05-29,14.09000015258789,14.100000381469727,13.640000343322754,13.739999771118164,13.53485107421875,2835300,0.0,0.0
2025-05-30,13.539999961853027,13.5600004196167,13.140000343322754,13.15999984741211,12.963510513305664,3003600,0.0,0.0
2025-06-02,13.430000305175781,13.75,12.989999771118164,13.0600004196167,12.865004539489746,4074900,0.0,0.0
2025-06-03,13.109999656677246,13.329999923706055,12.619999885559082,13.130000114440918,12.933958053588867,3293800,0.0,0.0
2025-06-04,13.130000114440918,13.779999732971191,13.039999961853027,13.399999618530273,13.19992733001709,3714300,0.0,0.0
2025-06-05,13.529999732971191,13.618000030517578,13.135000228881836,13.180000305175781,12.9832124710083,4442100,0.0,0.0
2025-06-06,13.350000381469727,13.520000457763672,13.095000267028809,13.239999771118164,13.042316436767578,2879800,0.0,0.0
2025-06-09,13.460000038146973,13.649999618530273,13.116000175476074,13.460000038146973,13.259031295776367,3217700,0.0,0.0
2025-06-10,13.789999961853027,13.84000015258789,13.239999771118164,13.479999542236328,13.278732299804688,4234800,0.0,0.0
2025-06-11,13.550000190734863,13.880000114440918,13.399999618530273,13.8100004196167,13.603806495666504,4142900,0.0,0.0
2025-06-12,13.420000076293945,13.600000381469727,13.15999984741211,13.270000457763672,13.071867942810059,3892100,0.0,0.0
2025-06-13,13.279999732971191,13.720000267028809,13.199999809265137,13.640000343322754,13.436344146728516,3595000,0.0,0.0
2025-06-16,13.850000381469727,14.029999732971191,13.40999984741211,13.609999656677246,13.406791687011719,3301600,0.0,0.0
2025-06-17,13.680000305175781,14.539999961853027,13.666000366210938,14.069999694824219,13.859923362731934,5005300,0.0,0.0
2025-06-18,14.0,14.619999885559082,13.640000343322754,14.270000457763672,14.056938171386719,3758400,0.0,0.0
2025-06-20,14.279999732971191,14.381999969482422,13.40999984741211,13.420000076293945,13.219629287719727,6612300,0.0,0.0
2025-06-23,13.5,13.920000076293945,13.140000343322754,13.350000381469727,13.150674819946289,4265400,0.0,0.0
2025-06-24,13.1899995803833,13.3100004196167,12.800000190734863,12.899999618530273,12.707391738891602,4999400,0.0,0.0
2025-06-25,12.8100004196167,12.954999923706055,12.579999923706055,12.890000343322754,12.69754409790039,3410900,0.0,0.0
2025-06-26,12.9399995803833,13.039999961853027,12.595000267028809,12.8100004196167,12.61873722076416,5471400,0.0,0.0
2025-06-27,12.819999694824219,13.03499984741211,12.600000381469727,12.670000076293945,12.480827331542969,4423000,0.0,0.0
2025-06-30,12.899999618530273,13.675000190734863,12.670000076293945,13.420000076293945,13.219629287719727,7313500,0.0,0.0
2025-07-01,13.390000343322754,13.484999656677246,12.770000457763672,13.180000305175781,12.9832124710083,5205700,0.0,0.0
2025-07-02,13.649999618530273,14.739999771118164,13.600000381469727,14.680000305175781,14.460817337036133,7294200,0.0,0.0
2025-07-03,14.979999542236328,15.029999732971191,14.329999923706055,14.5,14.283504486083984,3368000,0.0,0.0
2025-07-07,14.239999771118164,14.670000076293945,14.119999885559082,14.5,14.283504486083984,4555000,0.0,0.0
2025-07-08,14.40999984741211,14.510000228881836,14.069999694824219,14.260000228881836,14.047086715698242,3590800,0.0,0.0
2025-07-09,14.319999694824219,14.399999618530273,14.020000457763672,14.149999618530273,13.938729286193848,2900800,0.0,0.0
2025-07-10,14.345000267028809,15.164999961853027,14.340999603271484,14.84000015258789,14.618427276611328,4443600,0.0,0.0
2025-07-11,14.649999618530273,15.369999885559082,14.109999656677246,15.25,15.022305488586426,5005900,0.0,0.0
2025-07-14,15.050000190734863,15.430000305175781,14.729999542236328,14.930000305175781,14.707083702087402,3819700,0.0,0.0
2025-07-15,14.949999809265137,15.260000228881836,14.579999923706055,14.880000114440918,14.657829284667969,5161900,0.0,0.0
2025-07-16,14.899999618530273,14.979999542236328,14.553000450134277,14.720000267028809,14.500218391418457,4573600,0.0,0.0
2025-07-17,14.710000038146973,16.040000915527344,14.680000305175781,16.040000915527344,15.80051040649414,7201800,0.0,0.0
2025-07-18,16.040000915527344,16.3700008392334,15.550000190734863,15.550000190734863,15.317827224731445,5857300,0.0,0.0
2025-07-21,15.970000267028809,16.25,15.619999885559082,15.90999984741211,15.672450065612793,5012600,0.0,0.0
2025-07-22,16.799999237060547,17.780000686645508,16.7450008392334,17.34000015258789,17.081100463867188,12996100,0.0,0.0
2025-07-23,17.479999542236328,17.489999771118164,17.125,17.3799991607666,17.120502471923828,3514000,0.0,0.0
2025-07-24,17.389999389648438,17.75,17.14699935913086,17.280000686645508,17.021997451782227,3782600,0.0,0.0
2025-07-25,17.239999771118164,17.280000686645508,16.469999313354492,16.700000762939453,16.45065689086914,4091900,0.0,0.0
2025-07-28,16.670000076293945,16.670000076293945,15.335000038146973,15.470000267028809,15.239022254943848,9281900,0.0,0.0
2025-07-29,15.529999732971191,16.1200008392334,15.529999732971191,16.079999923706055,15.839912414550781,5999500,0.0,0.0
2025-07-30,15.729999542236328,15.920000076293945,15.140000343322754,15.420000076293945,15.18976879119873,5163500,0.0,0.0
2025-07-31,14.25,16.600000381469727,14.25,16.149999618530273,15.908867835998535,13364400,0.0,0.0
2025-08-01,15.710000038146973,16.174999237060547,15.380000114440918,16.06999969482422,15.830061912536621,6105300,0.0,0.0
2025-08-04,15.90999984741211,16.774999618530273,15.619999885559082,16.729999542236328,16.480207443237305,5767200,0.0,0.0
2025-08-05,16.8700008392334,17.34000015258789,16.760000228881836,17.209999084472656,16.953039169311523,4217500,0.0,0.0
2025-08-06,17.25,17.270000457763672,16.315000534057617,16.5,16.253643035888672,4050900,0.0,0.0
2025-08-07,16.829999923706055,17.059999465942383,16.280000686645508,17.030000686645508,16.775726318359375,4263500,0.0,0.0
2025-08-08,17.25,18.299999237060547,17.030000686645508,17.270000457763672,17.01214599609375,5284100,0.0,0.0
2025-08-11,17.25,17.614999771118164,16.959999084472656,17.600000381469727,17.33721923828125,3209400,0.0,0.0
2025-08-12,17.889999389648438,18.84000015258789,17.75,18.1200008392334,17.84945297241211,5272500,0.0,0.0
2025-08-13,18.079999923706055,18.450000762939453,17.780000686645508,18.31999969482422,18.046466827392578,4304500,0.0,0.0
2025-08-14,18.209999084472656,18.270000457763672,17.68000030517578,17.969999313354492,17.77446174621582,2789600,0.075,0.0
2025-08-15,17.979999542236328,17.979999542236328,17.485000610351562,17.559999465942383,17.368921279907227,2969500,0.0,0.0
2025-08-18,17.200000762939453,17.399999618530273,16.934999465942383,17.100000381469727,16.91392707824707,3891800,0.0,0.0
2025-08-19,17.5,17.625,16.479999542236328,16.5,16.32045555114746,8377800,0.0,0.0
2025-08-20,16.31999969482422,16.399999618530273,15.819999694824219,16.0,15.825897216796875,4600600,0.0,0.0
2025-08-21,15.699999809265137,16.149999618530273,15.670000076293945,16.020000457763672,15.845680236816406,4123800,0.0,0.0
2025-08-22,15.890000343322754,16.719999313354492,15.800000190734863,16.510000228881836,16.330347061157227,3724000,0.0,0.0
2025-08-25,16.5,17.360000610351562,16.454999923706055,16.799999237060547,16.617189407348633,4120300,0.0,0.0
2025-08-26,16.5,17.094999313354492,16.211000442504883,16.90999984741211,16.725994110107422,3681100,0.0,0.0
2025-08-27,16.670000076293945,17.010000228881836,16.56999969482422,16.760000228881836,16.57762908935547,3761500,0.0,0.0
2025-08-28,16.920000076293945,16.920000076293945,16.510000228881836,16.84000015258789,16.656757354736328,2382800,0.0,0.0
2025-08-29,16.809999465942383,17.43000030517578,16.760000228881836,17.399999618530273,17.210662841796875,3650500,0.0,0.0
2025-09-02,17.219999313354492,17.25,16.459999084472656,16.780000686645508,16.597412109375,3971700,0.0,0.0
2025-09-03,16.649999618530273,17.204999923706055,16.479999542236328,17.09000015258789,16.904035568237305,3542600,0.0,0.0
2025-09-04,17.079999923706055,17.674999237060547,16.9950008392334,17.399999618530273,17.210662841796875,4043100,0.0,0.0
2025-09-05,17.299999237060547,19.1299991607666,17.280000686645508,19.1299991607666,18.921838760375977,6661700,0.0,0.0
2025-09-08,19.010000228881836,19.010000228881836,18.28499984741211,18.3799991607666,18.17999839782715,3767200,0.0,0.0
2025-09-09,18.950000762939453,18.969999313354492,18.329999923706055,18.5,18.29869270324707,2764700,0.0,0.0
2025-09-10,18.5,18.579999923706055,18.219999313354492,18.520000457763672,18.3184757232666,2658600,0.0,0.0
2025-09-11,18.31999969482422,18.655000686645508,18.280000686645508,18.530000686645508,18.328367233276367,2062600,0.0,0.0
2025-09-12,18.270000457763672,18.549999237060547,18.200000762939453,18.40999984741211,18.209672927856445,1822100,0.0,0.0
2025-09-15,18.56999969482422,20.059999465942383,18.40999984741211,20.040000915527344,19.821937561035156,7162500,0.0,0.0
2025-09-16,20.045000076293945,20.510000228881836,19.770000457763672,20.5,20.27692985534668,4914700,0.0,0.0
2025-09-17,20.420000076293945,21.315000534057617,20.239999771118164,21.270000457763672,21.038551330566406,9191100,0.0,0.0
2025-09-18,21.200000762939453,22.020000457763672,20.549999237060547,21.790000915527344,21.552894592285156,5672200,0.0,0.0
2025-09-19,21.850000381469727,22.8700008392334,21.530000686645508,22.719999313354492,22.4727725982666,7100000,0.0,0.0
2025-09-22,22.350000381469727,23.459999084472656,22.209999084472656,23.049999237060547,22.79918098449707,5186900,0.0,0.0
2025-09-23,23.209999084472656,24.0,23.040000915527344,23.850000381469727,23.590476989746094,7966200,0.0,0.0
2025-09-24,23.75,25.989999771118164,23.604999542236328,25.809999465942383,25.529150009155273,10388300,0.0,0.0
2025-09-25,25.700000762939453,26.329999923706055,24.350000381469727,24.540000915527344,24.27297019958496,7646100,0.0,0.0
2025-09-26,24.459999084472656,24.868999481201172,24.219999313354492,24.530000686645508,24.263076782226562,3507900,0.0,0.0
2025-09-29,25.020000457763672,26.969999313354492,24.6299991607666,26.809999465942383,26.518266677856445,8375200,0.0,0.0
2025-09-30,26.43000030517578,26.604999542236328,25.510000228881836,26.520000457763672,26.231426239013672,4696500,0.0,0.0
2025-10-01,26.68000030517578,28.520000457763672,26.514999389648438,28.280000686645508,27.972272872924805,5635000,0.0,0.0
2025-10-02,28.469999313354492,29.31999969482422,28.020000457763672,29.309999465942383,28.991064071655273,5380600,0.0,0.0
2025-10-03,29.600000381469727,32.595001220703125,29.43000030517578,32.0,31.65179443359375,12937400,0.0,0.0
2025-10-06,32.47999954223633,33.279998779296875,31.1299991607666,31.280000686645508,30.93962860107422,8966600,0.0,0.0
2025-10-07,31.600000381469727,33.16999816894531,31.56999969482422,32.400001525878906,32.04744338989258,5595500,0.0,0.0
2025-10-08,32.599998474121094,33.09000015258789,31.729999542236328,31.739999771118164,31.394624710083008,5710900,0.0,0.0
2025-10-09,32.25,33.28499984741211,31.825000762939453,31.84000015258789,31.4935359954834,3419800,0.0,0.0
2025-10-10,32.5,32.599998474121094,30.770000457763672,30.889999389648438,30.553871154785156,5092200,0.0,0.0
2025-10-13,31.5,33.60900115966797,31.260000228881836,33.41999816894531,33.05633544921875,6737800,0.0,0.0
2025-10-14,32.75,35.9900016784668,32.14500045776367,34.880001068115234,34.500457763671875,8808000,0.0,0.0
2025-10-15,35.16999816894531,35.349998474121094,31.920000076293945,32.93000030517578,32.57167434692383,8603600,0.0,0.0
2025-10-16,33.18000030517578,34.130001068115234,32.83000183105469,33.150001525878906,32.789283752441406,4944300,0.0,0.0
2025-10-17,32.630001068115234,32.97999954223633,31.174999237060547,31.309999465942383,30.969301223754883,4070800,0.0,0.0
2025-10-20,32.0099983215332,32.369998931884766,31.56399917602539,31.93000030517578,31.582555770874023,2566200,0.0,0.0
2025-10-21,31.15999984741211,31.520000457763672,28.520000457763672,28.860000610351562,28.545963287353516,5775300,0.0,0.0
2025-10-22,28.290000915527344,29.200000762939453,27.825000762939453,28.31999969482422,28.011837005615234,4762400,0.0,0.0
2025-10-23,28.700000762939453,29.729000091552734,28.420000076293945,29.059999465942383,28.743783950805664,6537300,0.0,0.0
2025-10-24,29.139999389648438,29.649999618530273,28.790000915527344,29.0,28.684438705444336,2372700,0.0,0.0
2025-10-27,29.200000762939453,29.440000534057617,28.100000381469727,28.350000381469727,28.0415096282959,1961200,0.0,0.0
2025-10-28,28.100000381469727,28.110000610351562,27.1200008392334,27.469999313354492,27.17108726501465,3444900,0.0,0.0
2025-10-29,27.709999084472656,27.760000228881836,26.360000610351562,27.0,26.706201553344727,5201500,0.0,0.0
2025-10-30,26.149999618530273,26.479999542236328,24.594999313354492,25.8700008392334,25.588499069213867,6700000,0.0,0.0
2025-10-31,27.0,27.55500030517578,26.049999237060547,27.420000076293945,27.121631622314453,4381200,0.0,0.0
2025-11-03,28.014999389648438,30.329999923706055,27.549999237060547,29.940000534057617,29.614208221435547,6931600,0.0,0.0
2025-11-04,28.094999313354492,29.530000686645508,27.780000686645508,29.399999618530273,29.08008575439453,4425000,0.0,0.0
2025-11-05,29.670000076293945,29.670000076293945,28.719999313354492,29.059999465942383,28.743783950805664,2559000,0.0,0.0
2025-11-06,29.59000015258789,31.014999389648438,29.149999618530273,29.719999313354492,29.396602630615234,3783400,0.0,0.0
2025-11-07,29.200000762939453,31.15999984741211,29.040000915527344,30.389999389648438,30.05931282043457,3239700,0.0,0.0
2025-11-10,31.100000381469727,31.145999908447266,29.979999542236328,30.06999969482422,29.742794036865234,2089300,0.0,0.0
2025-11-11,30.079999923706055,30.079999923706055,28.68000030517578,29.3799991607666,29.060300827026367,2074900,0.0,0.0
2025-11-12,29.670000076293945,31.030000686645508,29.65999984741211,30.389999389648438,30.05931282043457,5154600,0.0,0.0
2025-11-13,30.3700008392334,30.760000228881836,28.729999542236328,29.06999969482422,28.824813842773438,3058200,0.075,0.0
2025-11-14,28.40999984741211,29.56999969482422,28.040000915527344,28.8700008392334,28.626502990722656,2433400,0.0,0.0
2025-11-17,28.670000076293945,29.437000274658203,27.924999237060547,28.43000030517578,28.19021224975586,3102600,0.0,0.0
2025-11-18,28.190000534057617,29.05500030517578,27.920000076293945,28.8700008392334,28.626502990722656,2174100,0.0,0.0
2025-11-19,28.709999084472656,29.249000549316406,27.219999313354492,27.670000076293945,27.436622619628906,2951600,0.0,0.0
2025-11-20,28.170000076293945,28.239999771118164,25.850000381469727,26.0,25.78070640563965,3682200,0.0,0.0
2025-11-21,25.969999313354492,26.65999984741211,25.459999084472656,26.360000610351562,26.137670516967773,2746200,0.0,0.0
2025-11-24,26.1200008392334,26.219999313354492,25.530000686645508,26.110000610351562,25.889780044555664,2326900,0.0,0.0
2025-11-25,26.1299991607666,27.155000686645508,25.950000762939453,26.579999923706055,26.355815887451172,2193900,0.0,0.0
2025-11-26,26.700000762939453,27.479999542236328,26.670000076293945,26.979999542236328,26.75244140625,1837600,0.0,0.0
2025-11-28,26.790000915527344,27.43000030517578,26.670000076293945,27.239999771118164,27.0102481842041,1044300,0.0,0.0
2025-12-01,27.09000015258789,27.760000228881836,26.59000015258789,26.75,26.524381637573242,2443000,0.0,0.0
2025-12-02,27.09000015258789,28.190000534057617,26.950000762939453,27.579999923706055,27.347381591796875,2897500,0.0,0.0
2025-12-03,27.729999542236328,29.790000915527344,27.729999542236328,29.43000030517578,29.181777954101562,4230300,0.0,0.0
2025-12-04,29.25,29.760000228881836,28.621000289916992,29.510000228881836,29.2611026763916,2076800,0.0,0.0
2025-12-05,29.329999923706055,30.6299991607666,29.010000228881836,29.020000457763672,28.77523422241211,2491700,0.0,0.0
2025-12-08,29.040000915527344,29.040000915527344,27.0,27.719999313354492,27.4862003326416,2887500,0.0,0.0
2025-12-09,27.65999984741211,28.579999923706055,27.600000381469727,28.479999542236328,28.239789962768555,2012800,0.0,0.0
2025-12-10,28.34000015258789,28.479999542236328,27.510000228881836,28.209999084472656,27.972064971923828,2508400,0.0,0.0
2025-12-11,28.0,29.635000228881836,27.8799991607666,29.280000686645508,29.033042907714844,2407300,0.0,0.0
2025-12-12,30.0,30.288999557495117,28.489999771118164,29.149999618530273,28.904138565063477,2851300,0.0,0.0
2025-12-15,29.700000762939453,29.700000762939453,27.649999618530273,28.149999618530273,27.912572860717773,5219400,0.0,0.0
2025-12-16,28.15999984741211,29.0,27.760000228881836,27.760000228881836,27.525861740112305,3668900,0.0,0.0
2025-12-17,28.290000915527344,28.799999237060547,27.520000457763672,28.5,28.259620666503906,2368300,0.0,0.0
2025-12-18,29.0,30.3799991607666,28.889999389648438,30.09000015258789,29.836210250854492,2566500,0.0,0.0
2025-12-19,30.020000457763672,31.479999542236328,29.920000076293945,30.8700008392334,30.60963249206543,4361500,0.0,0.0
2025-12-22,31.3700008392334,31.799999237060547,30.520000457763672,30.700000762939453,30.44106674194336,1905200,0.0,0.0
2025-12-23,30.6299991607666,31.524999618530273,30.586000442504883,31.209999084472656,30.94676399230957,1570000,0.0,0.0
2025-12-24,31.049999237060547,31.6200008392334,30.579999923706055,30.790000915527344,30.53030776977539,699900,0.0,0.0
2025-12-26,31.110000610351562,31.110000610351562,30.06999969482422,30.3799991607666,30.123764038085938,1108400,0.0,0.0
2025-12-29,29.899999618530273,30.719999313354492,29.549999237060547,30.440000534057617,30.183259963989258,1344100,0.0,0.0
2025-12-30,31.0,31.075000762939453,29.739999771118164,29.829999923706055,29.57840347290039,1108900,0.0,0.0
2025-12-31,29.829999923706055,29.934999465942383,29.4950008392334,29.700000762939453,29.449501037597656,1972200,0.0,0.0
2026-01-02,30.0,30.8799991607666,29.844999313354492,30.68000030517578,30.421236038208008,1783400,0.0,0.0
2026-01-05,31.34000015258789,31.65999984741211,29.420000076293945,30.6200008392334,30.36174201965332,2298200,0.0,0.0
2026-01-06,31.190000534057617,33.369998931884766,31.110000610351562,32.27000045776367,31.997825622558594,5011200,0.0,0.0
2026-01-07,32.060001373291016,32.540000915527344,31.200000762939453,32.15999984741211,31.888750076293945,2720800,0.0,0.0
2026-01-08,32.630001068115234,33.130001068115234,31.670000076293945,32.79999923706055,32.52335739135742,2965300,0.0,0.0
2026-01-09,33.279998779296875,35.18000030517578,32.849998474121094,33.79999923706055,33.51491928100586,4102600,0.0,0.0
2026-01-12,33.95000076293945,34.6150016784668,33.22999954223633,34.150001525878906,33.86196517944336,3130300,0.0,0.0
2026-01-13,34.349998474121094,34.65999984741211,33.400001525878906,33.540000915527344,33.25711441040039,1970200,0.0,0.0
2026-01-14,34.220001220703125,36.060001373291016,33.93000030517578,36.040000915527344,35.73603057861328,4786100,0.0,0.0
2026-01-15,35.93000030517578,37.130001068115234,35.38999938964844,36.060001373291016,35.755859375,4129800,0.0,0.0
2026-01-16,36.0,37.880001068115234,35.779998779296875,36.36000061035156,36.05332565307617,3061000,0.0,0.0
2026-01-20,36.18000030517578,37.459999084472656,36.0,37.13999938964844,36.826751708984375,2998900,0.0,0.0
2026-01-21,37.70000076293945,39.02000045776367,37.349998474121094,38.83000183105469,38.502498626708984,3873600,0.0,0.0
2026-01-22,39.099998474121094,39.95000076293945,38.15999984741211,38.52000045776367,38.19511413574219,4706100,0.0,0.0
2026-01-23,38.560001373291016,38.76499938964844,37.619998931884766,37.959999084472656,37.63983154296875,2055800,0.0,0.0
2026-01-26,38.599998474121094,38.73099899291992,35.5099983215332,35.720001220703125,35.41872787475586,3313700,0.0,0.0
2026-01-27,35.439998626708984,36.84000015258789,35.04999923706055,36.09000015258789,35.785606384277344,1885000,0.0,0.0
2026-01-28,36.470001220703125,36.68000030517578,34.459999084472656,35.18000030517578,34.88328170776367,3062200,0.0,0.0
2026-01-29,35.900001525878906,36.5,34.1150016784668,36.130001068115234,35.82527160644531,3136700,0.0,0.0
2026-01-30,35.380001068115234,36.2599983215332,34.529998779296875,35.2599983215332,34.96260070800781,3030400,0.0,0.0
2026-02-02,34.849998474121094,35.64099884033203,33.619998931884766,34.20000076293945,33.91154479980469,3137300,0.0,0.0
2026-02-03,35.0,35.5,34.29999923706055,35.22999954223633,34.932857513427734,2139400,0.0,0.0
2026-02-04,36.209999084472656,36.29499816894531,33.48500061035156,35.0099983215332,34.71471405029297,3473900,0.0,0.0
2026-02-05,34.18000030517578,36.119998931884766,33.48500061035156,34.2400016784668,33.951210021972656,3745200,0.0,0.0
2026-02-06,34.70000076293945,37.310001373291016,34.43000030517578,36.91999816894531,36.60860061645508,3765800,0.0,0.0
2026-02-09,36.560001373291016,38.415000915527344,36.400001525878906,37.83000183105469,37.510929107666016,3305600,0.0,0.0
2026-02-10,37.72999954223633,37.95000076293945,35.5099983215332,35.959999084472656,35.65669631958008,3763000,0.0,0.0
2026-02-11,37.04999923706055,38.130001068115234,35.630001068115234,36.77000045776367,36.459869384765625,2583200,0.0,0.0
2026-02-12,37.79999923706055,37.79999923706055,33.880001068115234,35.13999938964844,34.84362030029297,4765900,0.0,0.0
2026-02-13,35.220001220703125,35.220001220703125,33.81999969482422,34.45000076293945,34.15943908691406,3299800,0.0,0.0
2026-02-17,34.189998626708984,34.189998626708984,32.29100036621094,32.400001525878906,32.12672805786133,2530300,0.0,0.0
2026-02-18,32.58000183105469,33.45500183105469,32.404998779296875,33.290000915527344,33.009220123291016,2496200,0.0,0.0
2026-02-19,33.119998931884766,34.029998779296875,32.470001220703125,33.970001220703125,33.68348693847656,2293400,0.0,0.0
2026-02-20,33.65999984741211,33.90999984741211,32.40999984741211,33.529998779296875,33.247196197509766,2159100,0.0,0.0
2026-02-23,33.459999084472656,33.869998931884766,32.599998474121094,33.18000030517578,32.973907470703125,1854900,0.075,0.0
2026-02-24,33.36000061035156,34.75,33.099998474121094,33.95000076293945,33.73912048339844,2236300,0.0,0.0
2026-02-25,33.92499923706055,34.209999084472656,32.720001220703125,32.95000076293945,32.74533462524414,1827100,0.0,0.0
2026-02-26,32.61000061035156,32.61000061035156,31.530000686645508,32.290000915527344,32.08943176269531,3410400,0.0,0.0
2026-02-27,32.029998779296875,32.099998474121094,30.280000686645508,31.540000915527344,31.344091415405273,4151300,0.0,0.0
2026-03-02,31.719999313354492,33.7599983215332,31.68000030517578,33.630001068115234,33.42110824584961,4299200,0.0,0.0
2026-03-03,33.599998474121094,35.91999816894531,32.8849983215332,34.880001068115234,34.66334533691406,3790900,0.0,0.0
2026-03-04,34.5099983215332,36.38999938964844,33.77000045776367,35.689998626708984,35.46831130981445,2984800,0.0,0.0
2026-03-05,35.310001373291016,35.39500045776367,32.584999084472656,33.279998779296875,33.073280334472656,3503300,0.0,0.0
2026-03-06,32.810001373291016,33.7400016784668,31.81999969482422,32.119998931884766,31.920486450195312,2557300,0.0,0.0
2026-03-09,32.099998474121094,33.66999816894531,31.649999618530273,33.279998779296875,33.073280334472656,2521400,0.0,0.0
2026-03-10,33.20000076293945,33.63999938964844,32.310001373291016,32.560001373291016,32.357757568359375,2196600,0.0,0.0
2026-03-11,32.650001525878906,34.599998474121094,32.2599983215332,34.52000045776367,34.305580139160156,2144600,0.0,0.0
2026-03-12,34.9900016784668,36.5,34.400001525878906,35.93000030517578,35.706825256347656,2748700,0.0,0.0
2026-03-13,36.26499938964844,36.41999816894531,34.09000015258789,34.63999938964844,34.424835205078125,2053000,0.0,0.0
2026-03-16,34.91999816894531,36.04999923706055,34.52000045776367,35.06999969482422,34.8521614074707,2828300,0.0,0.0
2026-03-17,34.91999816894531,35.5099983215332,34.529998779296875,35.400001525878906,35.180118560791016,2857600,0.0,0.0
2026-03-18,34.97999954223633,36.560001373291016,34.599998474121094,36.2599983215332,36.03477096557617,3353300,0.0,0.0
2026-03-19,37.0,41.13999938964844,36.849998474121094,37.45000076293945,37.21738052368164,9898600,0.0,0.0
2026-03-20,37.599998474121094,38.5,36.189998626708984,37.310001373291016,37.078250885009766,8037800,0.0,0.0
2026-03-23,35.709999084472656,37.13999938964844,35.209999084472656,35.38999938964844,35.1701774597168,4655700,0.0,0.0
2026-03-24,35.73500061035156,39.369998931884766,35.73500061035156,38.189998626708984,37.952781677246094,5472800,0.0,0.0
2026-03-25,37.75,38.16999816894531,37.15999984741211,37.68000030517578,37.445953369140625,2695700,0.0,0.0
2026-03-26,37.900001525878906,38.880001068115234,37.119998931884766,37.43000030517578,37.197505950927734,3618900,0.0,0.0
2026-03-27,38.209999084472656,40.119998931884766,37.16999816894531,39.5,39.25464630126953,4791800,0.0,0.0
2026-03-30,39.27000045776367,39.27000045776367,34.720001220703125,35.68000030517578,35.458377838134766,6012700,0.0,0.0
2026-03-31,34.51599884033203,35.8650016784668,32.48500061035156,32.95000076293945,32.74533462524414,5658700,0.0,0.0
2026-04-01,33.099998474121094,34.06999969482422,32.65999984741211,32.86000061035156,32.65589141845703,3487600,0.0,0.0
2026-04-02,33.619998931884766,34.400001525878906,33.064998626708984,33.560001373291016,33.35154724121094,3075100,0.0,0.0
2026-04-06,33.810001373291016,33.83000183105469,32.02000045776367,33.029998779296875,32.824832916259766,1914200,0.0,0.0
2026-04-07,33.040000915527344,33.349998474121094,31.65999984741211,31.959999084472656,31.7614803314209,2642000,0.0,0.0
2026-04-08,30.43000030517578,30.594999313354492,29.40999984741211,30.18000030517578,29.992538452148438,4841600,0.0,0.0
2026-04-09,30.290000915527344,30.600000381469727,27.670000076293945,27.709999084472656,27.537879943847656,5593600,0.0,0.0
2026-04-10,27.59000015258789,28.850000381469727,27.579999923706055,28.290000915527344,28.11427879333496,3597600,0.0,0.0
2026-04-13,28.459999084472656,28.860000610351562,28.15999984741211,28.479999542236328,28.303096771240234,2433800,0.0,0.0
2026-04-14,28.540000915527344,28.540000915527344,27.194000244140625,27.690000534057617,27.51800537109375,2612300,0.0,0.0
2026-04-15,27.420000076293945,28.1299991607666,27.299999237060547,28.030000686645508,27.855894088745117,2730100,0.0,0.0
2026-04-16,28.059999465942383,28.260000228881836,26.690000534057617,26.93000030517578,26.762725830078125,3647900,0.0,0.0
2026-04-17,26.389999389648438,26.5,25.200000762939453,25.649999618530273,25.490676879882812,5031400,0.0,0.0
2026-04-20,25.68000030517578,26.229999542236328,25.510000228881836,25.719999313354492,25.560239791870117,2459600,0.0,0.0
2026-04-21,26.110000610351562,27.059999465942383,26.0,27.040000915527344,26.87204360961914,3503300,0.0,0.0
2026-04-22,27.229999542236328,27.899999618530273,27.1299991607666,27.709999084472656,27.537879943847656,2730400,0.0,0.0
2026-04-23,27.700000762939453,28.010000228881836,26.969999313354492,27.360000610351562,27.190053939819336,2056700,0.0,0.0
2026-04-24,27.010000228881836,27.614999771118164,26.530000686645508,26.600000381469727,26.434776306152344,1986200,0.0,0.0
2026-04-27,26.399999618530273,27.260000228881836,26.219999313354492,27.06999969482422,26.901857376098633,1344900,0.0,0.0
2026-04-28,27.200000762939453,27.40999984741211,26.475000381469727,26.899999618530273,26.73291015625,1644500,0.0,0.0
2026-04-29,27.219999313354492,27.739999771118164,27.0,27.440000534057617,27.269559860229492,2282800,0.0,0.0
2026-04-30,26.860000610351562,27.329999923706055,26.200000762939453,26.65999984741211,26.494401931762695,3300000,0.0,0.0
2026-05-01,26.030000686645508,26.65999984741211,25.040000915527344,26.530000686645508,26.365209579467773,4290000,0.0,0.0
2026-05-04,26.65999984741211,26.790000915527344,26.09000015258789,26.520000457763672,26.355274200439453,3289300,0.0,0.0
2026-05-05,25.398000717163086,26.649999618530273,24.510000228881836,25.0,24.84471321105957,6942900,0.0,0.0
2026-05-06,24.780000686645508,25.219999313354492,24.299999237060547,24.959999084472656,24.804962158203125,5630100,0.0,0.0
2026-05-07,24.459999084472656,24.610000610351562,23.885000228881836,24.06999969482422,23.920490264892578,3466800,0.0,0.0
2026-05-08,23.860000610351562,24.459999084472656,23.579999923706055,23.59000015258789,23.443471908569336,2363000,0.0,0.0
2026-05-11,23.739999771118164,25.350000381469727,23.739999771118164,24.670000076293945,24.51676368713379,3549100,0.0,0.0
2026-05-12,24.764999389648438,25.149999618530273,24.229999542236328,24.770000457763672,24.61614418029785,3040200,0.0,0.0
2026-05-13,24.760000228881836,24.834999084472656,23.770000457763672,24.049999237060547,23.90061378479004,2594700,0.0,0.0
2026-05-14,24.09000015258789,24.450000762939453,23.75,24.260000228881836,24.109310150146484,2024100,0.0,0.0
2026-05-15,24.389999389648438,24.59000015258789,23.690000534057617,23.770000457763672,23.62235450744629,2470000,0.0,0.0
2026-05-18,23.670000076293945,24.290000915527344,23.489999771118164,23.81999969482422,23.672042846679688,2979900,0.0,0.0
2026-05-19,23.760000228881836,23.90999984741211,23.360000610351562,23.739999771118164,23.66705894470215,2036100,0.075,0.0
2026-05-20,24.100000381469727,24.125,23.354999542236328,23.360000610351562,23.288227081298828,1730000,0.0,0.0
2026-05-21,23.350000381469727,24.799999237060547,23.190000534057617,24.40999984741211,24.33500099182129,3762600,0.0,0.0
2026-05-22,24.34000015258789,24.864999771118164,24.190000534057617,24.549999237060547,24.47456932067871,2580100,0.0,0.0
2026-05-26,25.260000228881836,26.420000076293945,25.100000381469727,25.899999618530273,25.82042121887207,3964500,0.0,0.0
2026-05-27,25.100000381469727,26.469999313354492,24.885000228881836,26.34000015258789,26.259071350097656,3207000,0.0,0.0
2026-05-28,28.225000381469727,29.540000915527344,27.829999923706055,29.100000381469727,29.010591506958008,12044200,0.0,0.0
2026-05-29,29.209999084472656,29.450000762939453,26.8700008392334,27.049999237060547,26.966888427734375,8031400,0.0,0.0
2026-06-01,27.55500030517578,29.579999923706055,27.55500030517578,29.059999465942383,28.970712661743164,5422600,0.0,0.0
2026-06-02,28.81999969482422,30.270000457763672,28.81999969482422,29.6200008392334,29.528993606567383,3147800,0.0,0.0
2026-06-03,29.299999237060547,30.15999984741211,28.420000076293945,30.110000610351562,30.017488479614258,4089800,0.0,0.0
2026-06-04,29.739999771118164,31.95800018310547,29.5,31.209999084472656,31.114107131958008,6058000,0.0,0.0
2026-06-05,30.68000030517578,31.1200008392334,27.94499969482422,28.100000381469727,28.013662338256836,3833100,0.0,0.0
2026-06-08,28.780000686645508,29.01099967956543,28.174999237060547,28.190000534057617,28.10338592529297,2618500,0.0,0.0
2026-06-09,27.600000381469727,27.739999771118164,26.469999313354492,27.1299991607666,27.046642303466797,3406300,0.0,0.0
2026-06-10,27.260000228881836,27.690000534057617,25.805999755859375,26.260000228881836,26.1793155670166,2899000,0.0,0.0
2026-06-11,26.649999618530273,26.739999771118164,26.0,26.360000610351562,26.279008865356445,2118900,0.0,0.0
2026-06-12,26.239999771118164,27.825000762939453,26.239999771118164,27.399999618530273,27.315813064575195,2465200,0.0,0.0
2026-06-15,26.3799991607666,26.44499969482422,25.719999313354492,26.030000686645508,25.950023651123047,5730800,0.0,0.0
2026-06-16,25.700000762939453,26.530000686645508,25.350000381469727,25.469999313354492,25.391742706298828,2245300,0.0,0.0
2026-06-17,25.360000610351562,26.385000228881836,25.239999771118164,25.65999984741211,25.581159591674805,2286600,0.0,0.0
2026-06-18,25.600000381469727,25.809999465942383,24.780000686645508,24.799999237060547,24.723800659179688,4047900,0.0,0.0
2026-06-22,24.639999389648438,24.770000457763672,23.851999282836914,24.1200008392334,24.0458927154541,2641000,0.0,0.0
2026-06-23,24.010000228881836,24.43000030517578,23.799999237060547,24.239999771118164,24.1655216217041,2697700,0.0,0.0
2026-06-24,23.75,23.75,23.040000915527344,23.290000915527344,23.218442916870117,2436800,0.0,0.0
2026-06-25,23.280000686645508,24.040000915527344,22.899999618530273,23.690000534057617,23.617212295532227,1995600,0.0,0.0
2026-06-26,23.350000381469727,24.079999923706055,23.0,23.510000228881836,23.43776512145996,4085400,0.0,0.0
2026-06-29,23.149999618530273,23.5,22.915000915527344,23.280000686645508,23.208473205566406,2277600,0.0,0.0
2026-06-30,23.110000610351562,23.639999389648438,22.479000091552734,23.1200008392334,23.048965454101562,4428000,0.0,0.0
2026-07-01,22.8799991607666,23.520000457763672,22.100000381469727,22.200000762939453,22.131792068481445,3649800,0.0,0.0
2026-07-02,22.6299991607666,23.280000686645508,22.049999237060547,22.299999237060547,22.231481552124023,2121000,0.0,0.0
2026-07-06,22.40999984741211,23.139999389648438,22.360000610351562,22.68000030517578,22.610315322875977,2701700,0.0,0.0
2026-07-07,22.93000030517578,23.209999084472656,21.959999084472656,22.670000076293945,22.600345611572266,3515000,0.0,0.0
2026-07-08,22.719999313354492,23.350000381469727,22.440000534057617,22.8799991607666,22.80970001220703,2564900,0.0,0.0
2026-07-09,23.020000457763672,23.639999389648438,22.65999984741211,23.43000030517578,23.35801124572754,2004400,0.0,0.0
2026-07-10,23.43000030517578,23.829999923706055,23.149999618530273,23.3700008392334,23.29819679260254,1996400,0.0,0.0
2026-07-13,23.65999984741211,23.850000381469727,23.229999542236328,23.600000381469727,23.527488708496094,1797600,0.0,0.0
2026-07-14,23.860000610351562,24.5,23.770000457763672,24.040000915527344,23.96613883972168,1867200,0.0,0.0
2026-07-15,24.350000381469727,24.530000686645508,23.09000015258789,23.549999237060547,23.477642059326172,1813900,0.0,0.0
2026-07-16,23.344999313354492,23.68000030517578,22.59000015258789,22.6200008392334,22.550500869750977,1593500,0.0,0.0
2026-07-17,22.68000030517578,22.795000076293945,22.160999298095703,22.440000534057617,22.37105369567871,2137800,0.0,0.0
2026-07-20,22.540000915527344,23.229999542236328,22.006999969482422,22.940000534057617,22.869518280029297,1831600,0.0,0.0
2026-07-21,22.860000610351562,23.625,22.709999084472656,23.06999969482422,22.999116897583008,2218400,0.0,0.0
2026-07-22,23.280000686645508,24.040000915527344,23.155000686645508,23.8799991607666,23.80662727355957,2415500,0.0,0.0
2026-07-23,24.170000076293945,24.530000686645508,23.709999084472656,23.81999969482422,23.74681282043457,1976400,0.0,0.0
2026-07-24,23.780000686645508,23.81999969482422,22.75,22.799999237060547,22.72994613647461,1801600,0.0,0.0
2026-07-27,22.469999313354492,23.139999389648438,22.309999465942383,23.09000015258789,23.01905632019043,2117300,0.0,0.0
2026-07-28,22.899999618530273,23.3799991607666,22.549999237060547,23.239999771118164,23.168594360351562,4311300,0.0,0.0
2026-07-29,21.420000076293945,21.489999771118164,20.059999465942383,20.81999969482422,20.756031036376953,7279100,0.0,0.0
2026-07-30,21.0,22.219999313354492,21.0,21.399999618530273,21.334247589111328,2774900,0.0,0.0
2026-07-31,21.719999313354492,22.110000610351562,21.020000457763672,21.31999969482422,21.254493713378906,2128800,0.0,0.0
2026-08-03,21.329999923706055,21.940000534057617,21.15999984741211,21.790000915527344,21.723051071166992,2130800,0.0,0.0
2026-08-04,21.709999084472656,22.485000610351562,21.709999084472656,22.360000610351562,22.29129981994629,1674900,0.0,0.0
2026-08-05,22.600000381469727,23.389999389648438,22.600000381469727,22.799999237060547,22.72994613647461,2506200,0.0,0.0
2026-08-06,23.25,24.225000381469727,22.93000030517578,23.520000457763672,23.447734832763672,2973300,0.0,0.0
2026-08-07,23.170000076293945,23.860000610351562,22.93000030517578,23.809999465942383,23.73684310913086,1689600,0.0,0.0
2026-08-10,23.770000457763672,24.709999084472656,23.530000686645508,24.649999618530273,24.574262619018555,2749700,0.0,0.0
2026-08-11,24.610000610351562,24.71500015258789,24.25,24.40999984741211,24.33500099182129,2164100,0.0,0.0
2026-08-12,24.295000076293945,24.8799991607666,24.100000381469727,24.65999984741211,24.65999984741211,1671200,0.075,0.0
2026-08-13,24.75,25.3799991607666,24.0049991607666,24.09000015258789,24.09000015258789,2359100,0.0,0.0
2026-08-14,24.670000076293945,25.520000457763672,24.475000381469727,25.479999542236328,25.479999542236328,1921800,0.0,0.0
2026-08-17,25.639999389648438,26.165000915527344,25.040000915527344,25.90999984741211,25.90999984741211,2110400,0.0,0.0
2026-08-18,25.440000534057617,25.954999923706055,24.8700008392334,25.18000030517578,25.18000030517578,1665800,0.0,0.0
2026-08-19,25.59000015258789,27.030000686645508,25.549999237060547,26.850000381469727,26.850000381469727,3684200,0.0,0.0
2026-08-20,26.450000762939453,27.350000381469727,26.375,26.860000610351562,26.860000610351562,1759200,0.0,0.0
2026-08-21,27.299999237060547,27.780000686645508,27.135000228881836,27.610000610351562,27.610000610351562,2071800,0.0,0.0
2026-08-24,27.799999237060547,28.344999313354492,27.299999237060547,27.899999618530273,27.899999618530273,1812500,0.0,0.0
2026-08-25,27.420000076293945,27.610000610351562,26.959999084472656,27.459999084472656,27.459999084472656,1445000,0.0,0.0
2026-08-26,27.1200008392334,27.920000076293945,26.989999771118164,27.31999969482422,27.31999969482422,1716800,0.0,0.0
2026-08-27,27.200000762939453,29.44499969482422,27.104999542236328,29.440000534057617,29.440000534057617,3133400,0.0,0.0
2026-08-28,29.719999313354492,29.729999542236328,28.84000015258789,28.920000076293945,28.920000076293945,1466300,0.0,0.0
2026-08-31,29.670000076293945,30.413000106811523,29.25,29.690000534057617,29.690000534057617,2896900,0.0,0.0
2026-09-01,29.649999618530273,29.75,28.739999771118164,29.100000381469727,29.100000381469727,2151600,0.0,0.0
2026-09-02,29.040000915527344,30.235000610351562,28.94499969482422,29.43000030517578,29.43000030517578,2041500,0.0,0.0
2026-09-03,29.610000610351562,29.700000762939453,27.399999618530273,27.639999389648438,27.639999389648438,2814100,0.0,0.0
2026-09-04,27.350000381469727,29.170000076293945,27.299999237060547,28.850000381469727,28.850000381469727,2116100,0.0,0.0
2026-09-08,29.31999969482422,29.947999954223633,29.200000762939453,29.450000762939453,29.450000762939453,1847100,0.0,0.0
2026-09-09,29.739999771118164,30.06999969482422,29.325000762939453,29.360000610351562,29.360000610351562,2214400,0.0,0.0
2026-09-10,29.350000381469727,29.420000076293945,28.639999389648438,29.030000686645508,29.030000686645508,1908100,0.0,0.0
2026-09-11,28.8700008392334,28.8700008392334,27.90999984741211,28.209999084472656,28.209999084472656,1807100,0.0,0.0
2026-09-14,27.729999542236328,27.770000457763672,27.09000015258789,27.350000381469727,27.350000381469727,2512700,0.0,0.0
2026-09-15,27.5,28.450000762939453,26.579999923706055,26.65999984741211,26.65999984741211,3233900,0.0,0.0
2026-09-16,26.81999969482422,27.969999313354492,26.81999969482422,27.350000381469727,27.350000381469727,2540500,0.0,0.0
2026-09-17,27.510000228881836,27.959999084472656,27.219999313354492,27.239999771118164,27.239999771118164,2528600,0.0,0.0
2026-09-18,26.950000762939453,27.139999389648438,25.049999237060547,25.219999313354492,25.219999313354492,9324700,0.0,0.0
2026-09-21,25.600000381469727,25.940000534057617,25.05500030517578,25.06999969482422,25.06999969482422,1868300,0.0,0.0
2026-09-22,25.0,27.075000762939453,24.652999877929688,26.790000915527344,26.790000915527344,3268800,0.0,0.0
2026-09-23,26.65999984741211,27.0049991607666,26.1200008392334,26.40999984741211,26.40999984741211,1907000,0.0,0.0
2026-09-24,26.3700008392334,26.599000930786133,25.0,25.68000030517578,25.68000030517578,2276600,0.0,0.0
2026-09-25,25.559999465942383,25.700000762939453,25.139999389648438,25.440000534057617,25.440000534057617,1401400,0.0,0.0
2026-09-28,25.270000457763672,25.518999099731445,25.010000228881836,25.149999618530273,25.149999618530273,1591400,0.0,0.0
2026-09-29,25.100000381469727,25.399999618530273,24.1299991607666,24.3700008392334,24.3700008392334,2251600,0.0,0.0
2026-09-30,24.530000686645508,25.315000534057617,24.389999389648438,24.389999389648438,24.389999389648438,1563900,0.0,0.0
2026-10-01,24.40999984741211,24.809999465942383,23.75,24.739999771118164,24.739999771118164,1851000,0.0,0.0
2026-10-02,24.760000228881836,25.229999542236328,24.604999542236328,24.809999465942383,24.809999465942383,1217200,0.0,0.0
2026-10-05,24.809999465942383,25.739999771118164,24.329999923706055,25.5,25.5,2211000,0.0,0.0
2026-10-06,25.329999923706055,25.510000228881836,24.545000076293945,25.43000030517578,25.43000030517578,1959800,0.0,0.0
