Date,Open,High,Low,Close,Adj Close,Volume,Dividends,Stock Splits
2008-01-02,34.09469985961914,34.09469985961914,34.09469985961914,34.09469985961914,34.09469985961914,0,0.0,0.0
2008-01-03,36.286399841308594,36.286399841308594,36.286399841308594,36.286399841308594,36.286399841308594,0,0.0,0.0
2008-01-04,35.34130096435547,35.34130096435547,35.34130096435547,35.34130096435547,35.34130096435547,0,0.0,0.0
2008-01-07,35.337501525878906,35.337501525878906,35.337501525878906,35.337501525878906,35.337501525878906,0,0.0,0.0
2008-01-08,37.46670150756836,37.46670150756836,37.46670150756836,37.46670150756836,37.46670150756836,0,0.0,0.0
2008-01-09,36.977901458740234,36.977901458740234,36.977901458740234,36.977901458740234,36.977901458740234,0,0.0,0.0
2008-01-10,35.97589874267578,35.97589874267578,35.97589874267578,35.97589874267578,35.97589874267578,0,0.0,0.0
2008-01-11,35.915401458740234,35.915401458740234,35.915401458740234,35.915401458740234,35.915401458740234,0,0.0,0.0
2008-01-14,36.71480178833008,36.71480178833008,36.71480178833008,36.71480178833008,36.71480178833008,0,0.0,0.0
2008-01-15,35.63090133666992,35.63090133666992,35.63090133666992,35.63090133666992,35.63090133666992,0,0.0,0.0
2008-01-16,34.942298889160156,34.942298889160156,34.942298889160156,34.942298889160156,34.942298889160156,0,0.0,0.0
2008-01-17,34.5531005859375,34.5531005859375,34.5531005859375,34.5531005859375,34.5531005859375,0,0.0,0.0
2008-01-18,36.027000427246094,36.027000427246094,36.027000427246094,36.027000427246094,36.027000427246094,0,0.0,0.0
2008-01-21,36.027000427246094,36.027000427246094,36.027000427246094,36.027000427246094,36.027000427246094,0,0.0,0.0
2008-01-22,34.45240020751953,34.45240020751953,34.45240020751953,34.45240020751953,34.45240020751953,0,0.0,0.0
2008-01-23,33.69020080566406,33.69020080566406,33.69020080566406,33.69020080566406,33.69020080566406,0,0.0,0.0
2008-01-24,34.11240005493164,34.11240005493164,34.11240005493164,34.11240005493164,34.11240005493164,0,0.0,0.0
2008-01-25,33.642601013183594,33.642601013183594,33.642601013183594,33.642601013183594,33.642601013183594,0,0.0,0.0
2008-01-28,33.800899505615234,33.800899505615234,33.800899505615234,33.800899505615234,33.800899505615234,0,0.0,0.0
2008-01-29,34.73189926147461,34.73189926147461,34.73189926147461,34.73189926147461,34.73189926147461,0,0.0,0.0
2008-01-30,34.107601165771484,34.107601165771484,34.107601165771484,34.107601165771484,34.107601165771484,0,0.0,0.0
2008-01-31,34.297401428222656,34.297401428222656,34.297401428222656,34.297401428222656,34.297401428222656,0,0.0,0.0
2008-02-01,35.04629898071289,35.04629898071289,35.04629898071289,35.04629898071289,35.04629898071289,0,0.0,0.0
2008-02-04,33.89780044555664,33.89780044555664,33.89780044555664,33.89780044555664,33.89780044555664,0,0.0,0.0
2008-02-05,33.522098541259766,33.522098541259766,33.522098541259766,33.522098541259766,33.522098541259766,0,0.0,0.0
2008-02-06,33.64500045776367,33.64500045776367,33.64500045776367,33.64500045776367,33.64500045776367,0,0.0,0.0
2008-02-07,34.34370040893555,34.34370040893555,34.34370040893555,34.34370040893555,34.34370040893555,0,0.0,0.0
2008-02-08,35.41709899902344,35.41709899902344,35.41709899902344,35.41709899902344,35.41709899902344,0,0.0,0.0
2008-02-11,35.157501220703125,35.157501220703125,35.157501220703125,35.157501220703125,35.157501220703125,0,0.0,0.0
2008-02-12,35.15869903564453,35.15869903564453,35.15869903564453,35.15869903564453,35.15869903564453,0,0.0,0.0
2008-02-13,35.03229904174805,35.03229904174805,35.03229904174805,35.03229904174805,35.03229904174805,0,0.0,0.0
2008-02-14,34.90729904174805,34.90729904174805,34.90729904174805,34.90729904174805,34.90729904174805,0,0.0,0.0
2008-02-15,34.55839920043945,34.55839920043945,34.55839920043945,34.55839920043945,34.55839920043945,0,0.0,0.0
2008-02-18,34.559600830078125,34.559600830078125,34.559600830078125,34.559600830078125,34.559600830078125,0,0.0,0.0
2008-02-19,35.27360153198242,35.27360153198242,35.27360153198242,35.27360153198242,35.27360153198242,0,0.0,0.0
2008-02-20,35.14970016479492,35.14970016479492,35.14970016479492,35.14970016479492,35.14970016479492,0,0.0,0.0
2008-02-21,36.585601806640625,36.585601806640625,36.585601806640625,36.585601806640625,36.585601806640625,0,0.0,0.0
2008-02-22,35.52360153198242,35.52360153198242,35.52360153198242,35.52360153198242,35.52360153198242,0,0.0,0.0
2008-02-25,35.33089828491211,35.33089828491211,35.33089828491211,35.33089828491211,35.33089828491211,0,0.0,0.0
2008-02-26,34.950599670410156,34.950599670410156,34.950599670410156,34.950599670410156,34.950599670410156,0,0.0,0.0
2008-02-27,36.52410125732422,36.52410125732422,36.52410125732422,36.52410125732422,36.52410125732422,0,0.0,0.0
2008-02-28,38.90869903564453,38.90869903564453,38.90869903564453,38.90869903564453,38.90869903564453,0,0.0,0.0
2008-02-29,39.410301208496094,39.410301208496094,39.410301208496094,39.410301208496094,39.410301208496094,0,0.0,0.0
2008-03-03,41.53229904174805,41.53229904174805,41.53229904174805,41.53229904174805,41.53229904174805,0,0.0,0.0
2008-03-04,41.07040023803711,41.07040023803711,41.07040023803711,41.07040023803711,41.07040023803711,0,0.0,0.0
2008-03-05,41.76139831542969,41.76139831542969,41.76139831542969,41.76139831542969,41.76139831542969,0,0.0,0.0
2008-03-06,41.13050079345703,41.13050079345703,41.13050079345703,41.13050079345703,41.13050079345703,0,0.0,0.0
2008-03-07,41.70069885253906,41.70069885253906,41.70069885253906,41.70069885253906,41.70069885253906,0,0.0,0.0
2008-03-10,40.56290054321289,40.56290054321289,40.56290054321289,40.56290054321289,40.56290054321289,0,0.0,0.0
2008-03-11,39.430999755859375,39.430999755859375,39.430999755859375,39.430999755859375,39.430999755859375,0,0.0,0.0
2008-03-12,39.845401763916016,39.845401763916016,39.845401763916016,39.845401763916016,39.845401763916016,0,0.0,0.0
2008-03-13,40.187599182128906,40.187599182128906,40.187599182128906,40.187599182128906,40.187599182128906,0,0.0,0.0
2008-03-14,40.69110107421875,40.69110107421875,40.69110107421875,40.69110107421875,40.69110107421875,0,0.0,0.0
2008-03-17,36.73699951171875,36.73699951171875,36.73699951171875,36.73699951171875,36.73699951171875,0,0.0,0.0
2008-03-18,37.619998931884766,37.619998931884766,37.619998931884766,37.619998931884766,37.619998931884766,0,0.0,0.0
2008-03-19,36.62519836425781,36.62519836425781,36.62519836425781,36.62519836425781,36.62519836425781,0,0.0,0.0
2008-03-20,35.68659973144531,35.68659973144531,35.68659973144531,35.68659973144531,35.68659973144531,0,0.0,0.0
2008-03-25,36.91339874267578,36.91339874267578,36.91339874267578,36.91339874267578,36.91339874267578,0,0.0,0.0
2008-03-26,37.18939971923828,37.18939971923828,37.18939971923828,37.18939971923828,37.18939971923828,0,0.0,0.0
2008-03-27,39.18579864501953,39.18579864501953,39.18579864501953,39.18579864501953,39.18579864501953,0,0.0,0.0
2008-03-28,38.059600830078125,38.059600830078125,38.059600830078125,38.059600830078125,38.059600830078125,0,0.0,0.0
2008-03-31,37.12120056152344,37.12120056152344,37.12120056152344,37.12120056152344,37.12120056152344,0,0.0,0.0
2008-04-01,36.60860061645508,36.60860061645508,36.60860061645508,36.60860061645508,36.60860061645508,0,0.0,0.0
2008-04-02,35.3583984375,35.3583984375,35.3583984375,35.3583984375,35.3583984375,0,0.0,0.0
2008-04-03,36.17490005493164,36.17490005493164,36.17490005493164,36.17490005493164,36.17490005493164,0,0.0,0.0
2008-04-04,36.41059875488281,36.41059875488281,36.41059875488281,36.41059875488281,36.41059875488281,0,0.0,0.0
2008-04-07,36.19839859008789,36.19839859008789,36.19839859008789,36.19839859008789,36.19839859008789,0,0.0,0.0
2008-04-08,36.003700256347656,36.003700256347656,36.003700256347656,36.003700256347656,36.003700256347656,0,0.0,0.0
2008-04-09,36.59870147705078,36.59870147705078,36.59870147705078,36.59870147705078,36.59870147705078,0,0.0,0.0
2008-04-10,36.16230010986328,36.16230010986328,36.16230010986328,36.16230010986328,36.16230010986328,0,0.0,0.0
2008-04-11,35.53779983520508,35.53779983520508,35.53779983520508,35.53779983520508,35.53779983520508,0,0.0,0.0
2008-04-14,36.018001556396484,36.018001556396484,36.018001556396484,36.018001556396484,36.018001556396484,0,0.0,0.0
2008-04-15,36.005699157714844,36.005699157714844,36.005699157714844,36.005699157714844,36.005699157714844,0,0.0,0.0
2008-04-16,37.13370132446289,37.13370132446289,37.13370132446289,37.13370132446289,37.13370132446289,0,0.0,0.0
2008-04-17,36.44839859008789,36.44839859008789,36.44839859008789,36.44839859008789,36.44839859008789,0,0.0,0.0
2008-04-18,35.89149856567383,35.89149856567383,35.89149856567383,35.89149856567383,35.89149856567383,0,0.0,0.0
2008-04-21,35.439300537109375,35.439300537109375,35.439300537109375,35.439300537109375,35.439300537109375,0,0.0,0.0
2008-04-22,36.000301361083984,36.000301361083984,36.000301361083984,36.000301361083984,36.000301361083984,0,0.0,0.0
2008-04-23,35.752201080322266,35.752201080322266,35.752201080322266,35.752201080322266,35.752201080322266,0,0.0,0.0
2008-04-24,36.014198303222656,36.014198303222656,36.014198303222656,36.014198303222656,36.014198303222656,0,0.0,0.0
2008-04-25,36.75600051879883,36.75600051879883,36.75600051879883,36.75600051879883,36.75600051879883,0,0.0,0.0
2008-04-28,36.48849868774414,36.48849868774414,36.48849868774414,36.48849868774414,36.48849868774414,0,0.0,0.0
2008-04-29,35.69129943847656,35.69129943847656,35.69129943847656,35.69129943847656,35.69129943847656,0,0.0,0.0
2008-04-30,35.56850051879883,35.56850051879883,35.56850051879883,35.56850051879883,35.56850051879883,0,0.0,0.0
2008-05-01,35.319698333740234,35.319698333740234,35.319698333740234,35.319698333740234,35.319698333740234,0,0.0,0.0
2008-05-02,35.37620162963867,35.37620162963867,35.37620162963867,35.37620162963867,35.37620162963867,0,0.0,0.0
2008-05-06,35.98749923706055,35.98749923706055,35.98749923706055,35.98749923706055,35.98749923706055,0,0.0,0.0
2008-05-07,35.547000885009766,35.547000885009766,35.547000885009766,35.547000885009766,35.547000885009766,0,0.0,0.0
2008-05-08,34.18280029296875,34.18280029296875,34.18280029296875,34.18280029296875,34.18280029296875,0,0.0,0.0
2008-05-09,33.21120071411133,33.21120071411133,33.21120071411133,33.21120071411133,33.21120071411133,0,0.0,0.0
2008-05-12,33.049800872802734,33.049800872802734,33.049800872802734,33.049800872802734,33.049800872802734,0,0.0,0.0
2008-05-13,33.67369842529297,33.67369842529297,33.67369842529297,33.67369842529297,33.67369842529297,0,0.0,0.0
2008-05-14,33.052799224853516,33.052799224853516,33.052799224853516,33.052799224853516,33.052799224853516,0,0.0,0.0
2008-05-15,32.74810028076172,32.74810028076172,32.74810028076172,32.74810028076172,32.74810028076172,0,0.0,0.0
2008-05-16,32.8672981262207,32.8672981262207,32.8672981262207,32.8672981262207,32.8672981262207,0,0.0,0.0
2008-05-19,32.4827995300293,32.4827995300293,32.4827995300293,32.4827995300293,32.4827995300293,0,0.0,0.0
2008-05-20,32.3577995300293,32.3577995300293,32.3577995300293,32.3577995300293,32.3577995300293,0,0.0,0.0
2008-05-21,31.363399505615234,31.363399505615234,31.363399505615234,31.363399505615234,31.363399505615234,0,0.0,0.0
2008-05-22,29.24329948425293,29.24329948425293,29.24329948425293,29.24329948425293,29.24329948425293,0,0.0,0.0
2008-05-23,29.99220085144043,29.99220085144043,29.99220085144043,29.99220085144043,29.99220085144043,0,0.0,0.0
2008-05-27,28.98419952392578,28.98419952392578,28.98419952392578,28.98419952392578,28.98419952392578,0,0.0,0.0
2008-05-28,27.98259925842285,27.98259925842285,27.98259925842285,27.98259925842285,27.98259925842285,0,0.0,0.0
2008-05-29,27.621599197387695,27.621599197387695,27.621599197387695,27.621599197387695,27.621599197387695,0,0.0,0.0
2008-05-30,27.49139976501465,27.49139976501465,27.49139976501465,27.49139976501465,27.49139976501465,0,0.0,0.0
2008-06-02,27.598100662231445,27.598100662231445,27.598100662231445,27.598100662231445,27.598100662231445,0,0.0,0.0
2008-06-03,27.72719955444336,27.72719955444336,27.72719955444336,27.72719955444336,27.72719955444336,0,0.0,0.0
2008-06-04,28.34280014038086,28.34280014038086,28.34280014038086,28.34280014038086,28.34280014038086,0,0.0,0.0
2008-06-05,28.362199783325195,28.362199783325195,28.362199783325195,28.362199783325195,28.362199783325195,0,0.0,0.0
2008-06-06,27.358699798583984,27.358699798583984,27.358699798583984,27.358699798583984,27.358699798583984,0,0.0,0.0
2008-06-09,27.38680076599121,27.38680076599121,27.38680076599121,27.38680076599121,27.38680076599121,0,0.0,0.0
2008-06-10,29.160499572753906,29.160499572753906,29.160499572753906,29.160499572753906,29.160499572753906,0,0.0,0.0
2008-06-11,28.942100524902344,28.942100524902344,28.942100524902344,28.942100524902344,28.942100524902344,0,0.0,0.0
2008-06-12,30.56529998779297,30.56529998779297,30.56529998779297,30.56529998779297,30.56529998779297,0,0.0,0.0
2008-06-13,29.94219970703125,29.94219970703125,29.94219970703125,29.94219970703125,29.94219970703125,0,0.0,0.0
2008-06-16,29.880599975585938,29.880599975585938,29.880599975585938,29.880599975585938,29.880599975585938,0,0.0,0.0
2008-06-17,30.18720054626465,30.18720054626465,30.18720054626465,30.18720054626465,30.18720054626465,0,0.0,0.0
2008-06-18,28.69879913330078,28.69879913330078,28.69879913330078,28.69879913330078,28.69879913330078,0,0.0,0.0
2008-06-19,27.701400756835938,27.701400756835938,27.701400756835938,27.701400756835938,27.701400756835938,0,0.0,0.0
2008-06-20,27.951799392700195,27.951799392700195,27.951799392700195,27.951799392700195,27.951799392700195,0,0.0,0.0
2008-06-23,27.260000228881836,27.260000228881836,27.260000228881836,27.260000228881836,27.260000228881836,0,0.0,0.0
2008-06-24,26.82390022277832,26.82390022277832,26.82390022277832,26.82390022277832,26.82390022277832,0,0.0,0.0
2008-06-25,27.075599670410156,27.075599670410156,27.075599670410156,27.075599670410156,27.075599670410156,0,0.0,0.0
2008-06-26,27.194700241088867,27.194700241088867,27.194700241088867,27.194700241088867,27.194700241088867,0,0.0,0.0
2008-06-27,27.382699966430664,27.382699966430664,27.382699966430664,27.382699966430664,27.382699966430664,0,0.0,0.0
2008-06-30,27.383399963378906,27.383399963378906,27.383399963378906,27.383399963378906,27.383399963378906,0,0.0,0.0
2008-07-01,26.886899948120117,26.886899948120117,26.886899948120117,26.886899948120117,26.886899948120117,0,0.0,0.0
2008-07-02,26.38129997253418,26.38129997253418,26.38129997253418,26.38129997253418,26.38129997253418,0,0.0,0.0
2008-07-03,26.007600784301758,26.007600784301758,26.007600784301758,26.007600784301758,26.007600784301758,0,0.0,0.0
2008-07-04,25.600000381469727,25.600000381469727,25.600000381469727,25.600000381469727,25.600000381469727,0,0.0,0.0
2008-07-07,26.09630012512207,26.09630012512207,26.09630012512207,26.09630012512207,26.09630012512207,0,0.0,0.0
2008-07-08,25.691200256347656,25.691200256347656,25.691200256347656,25.691200256347656,25.691200256347656,0,0.0,0.0
2008-07-09,26.7544002532959,26.7544002532959,26.7544002532959,26.7544002532959,26.7544002532959,0,0.0,0.0
2008-07-10,27.31679916381836,27.31679916381836,27.31679916381836,27.31679916381836,27.31679916381836,0,0.0,0.0
2008-07-11,26.942899703979492,26.942899703979492,26.942899703979492,26.942899703979492,26.942899703979492,0,0.0,0.0
2008-07-14,25.876100540161133,25.876100540161133,25.876100540161133,25.876100540161133,25.876100540161133,0,0.0,0.0
2008-07-15,26.001399993896484,26.001399993896484,26.001399993896484,26.001399993896484,26.001399993896484,0,0.0,0.0
2008-07-16,25.43470001220703,25.43470001220703,25.43470001220703,25.43470001220703,25.43470001220703,0,0.0,0.0
2008-07-17,25.8971004486084,25.8971004486084,25.8971004486084,25.8971004486084,25.8971004486084,0,0.0,0.0
2008-07-18,25.42930030822754,25.42930030822754,25.42930030822754,25.42930030822754,25.42930030822754,0,0.0,0.0
2008-07-21,25.61079978942871,25.61079978942871,25.61079978942871,25.61079978942871,25.61079978942871,0,0.0,0.0
2008-07-22,25.548799514770508,25.548799514770508,25.548799514770508,25.548799514770508,25.548799514770508,0,0.0,0.0
2008-07-23,24.869300842285156,24.869300842285156,24.869300842285156,24.869300842285156,24.869300842285156,0,0.0,0.0
2008-07-24,23.40250015258789,23.40250015258789,23.40250015258789,23.40250015258789,23.40250015258789,0,0.0,0.0
2008-07-25,22.994400024414062,22.994400024414062,22.994400024414062,22.994400024414062,22.994400024414062,0,0.0,0.0
2008-07-28,23.39069938659668,23.39069938659668,23.39069938659668,23.39069938659668,23.39069938659668,0,0.0,0.0
2008-07-29,22.5044002532959,22.5044002532959,22.5044002532959,22.5044002532959,22.5044002532959,0,0.0,0.0
2008-07-30,23.392499923706055,23.392499923706055,23.392499923706055,23.392499923706055,23.392499923706055,0,0.0,0.0
2008-07-31,22.88719940185547,22.88719940185547,22.88719940185547,22.88719940185547,22.88719940185547,0,0.0,0.0
2008-08-01,22.818899154663086,22.818899154663086,22.818899154663086,22.818899154663086,22.818899154663086,0,0.0,0.0
2008-08-04,22.463499069213867,22.463499069213867,22.463499069213867,22.463499069213867,22.463499069213867,0,0.0,0.0
2008-08-05,21.945600509643555,21.945600509643555,21.945600509643555,21.945600509643555,21.945600509643555,0,0.0,0.0
2008-08-06,22.191699981689453,22.191699981689453,22.191699981689453,22.191699981689453,22.191699981689453,0,0.0,0.0
2008-08-07,23.508800506591797,23.508800506591797,23.508800506591797,23.508800506591797,23.508800506591797,0,0.0,0.0
2008-08-08,22.652700424194336,22.652700424194336,22.652700424194336,22.652700424194336,22.652700424194336,0,0.0,0.0
2008-08-11,22.45709991455078,22.45709991455078,22.45709991455078,22.45709991455078,22.45709991455078,0,0.0,0.0
2008-08-12,22.594900131225586,22.594900131225586,22.594900131225586,22.594900131225586,22.594900131225586,0,0.0,0.0
2008-08-13,24.3439998626709,24.3439998626709,24.3439998626709,24.3439998626709,24.3439998626709,0,0.0,0.0
2008-08-14,23.845199584960938,23.845199584960938,23.845199584960938,23.845199584960938,23.845199584960938,0,0.0,0.0
2008-08-15,23.346399307250977,23.346399307250977,23.346399307250977,23.346399307250977,23.346399307250977,0,0.0,0.0
2008-08-18,22.535499572753906,22.535499572753906,22.535499572753906,22.535499572753906,22.535499572753906,0,0.0,0.0
2008-08-19,24.215299606323242,24.215299606323242,24.215299606323242,24.215299606323242,24.215299606323242,0,0.0,0.0
2008-08-20,24.879499435424805,24.879499435424805,24.879499435424805,24.879499435424805,24.879499435424805,0,0.0,0.0
2008-08-21,26.846799850463867,26.846799850463867,26.846799850463867,26.846799850463867,26.846799850463867,0,0.0,0.0
2008-08-22,26.04199981689453,26.04199981689453,26.04199981689453,26.04199981689453,26.04199981689453,0,0.0,0.0
2008-08-26,25.012300491333008,25.012300491333008,25.012300491333008,25.012300491333008,25.012300491333008,0,0.0,0.0
2008-08-27,26.219499588012695,26.219499588012695,26.219499588012695,26.219499588012695,26.219499588012695,0,0.0,0.0
2008-08-28,25.59510040283203,25.59510040283203,25.59510040283203,25.59510040283203,25.59510040283203,0,0.0,0.0
2008-08-29,25.258399963378906,25.258399963378906,25.258399963378906,25.258399963378906,25.258399963378906,0,0.0,0.0
2008-09-01,24.729999542236328,24.729999542236328,24.729999542236328,24.729999542236328,24.729999542236328,0,0.0,0.0
2008-09-02,24.25659942626953,24.25659942626953,24.25659942626953,24.25659942626953,24.25659942626953,0,0.0,0.0
2008-09-03,24.436599731445312,24.436599731445312,24.436599731445312,24.436599731445312,24.436599731445312,0,0.0,0.0
2008-09-04,23.97369956970215,23.97369956970215,23.97369956970215,23.97369956970215,23.97369956970215,0,0.0,0.0
2008-09-05,23.213499069213867,23.213499069213867,23.213499069213867,23.213499069213867,23.213499069213867,0,0.0,0.0
2008-09-08,23.522600173950195,23.522600173950195,23.522600173950195,23.522600173950195,23.522600173950195,0,0.0,0.0
2008-09-09,23.0846004486084,23.0846004486084,23.0846004486084,23.0846004486084,23.0846004486084,0,0.0,0.0
2008-09-10,23.084699630737305,23.084699630737305,23.084699630737305,23.084699630737305,23.084699630737305,0,0.0,0.0
2008-09-11,23.0851993560791,23.0851993560791,23.0851993560791,23.0851993560791,23.0851993560791,0,0.0,0.0
2008-09-12,24.022600173950195,24.022600173950195,24.022600173950195,24.022600173950195,24.022600173950195,0,0.0,0.0
2008-09-15,22.58639907836914,22.58639907836914,22.58639907836914,22.58639907836914,22.58639907836914,0,0.0,0.0
2008-09-16,21.699499130249023,21.699499130249023,21.699499130249023,21.699499130249023,21.699499130249023,0,0.0,0.0
2008-09-17,21.212499618530273,21.212499618530273,21.212499618530273,21.212499618530273,21.212499618530273,0,0.0,0.0
2008-09-18,20.868900299072266,20.868900299072266,20.868900299072266,20.868900299072266,20.868900299072266,0,0.0,0.0
2008-09-19,21.122600555419922,21.122600555419922,21.122600555419922,21.122600555419922,21.122600555419922,0,0.0,0.0
2008-09-22,21.768400192260742,21.768400192260742,21.768400192260742,21.768400192260742,21.768400192260742,0,0.0,0.0
2008-09-23,21.409000396728516,21.409000396728516,21.409000396728516,21.409000396728516,21.409000396728516,0,0.0,0.0
2008-09-24,21.401100158691406,21.401100158691406,21.401100158691406,21.401100158691406,21.401100158691406,0,0.0,0.0
2008-09-25,21.245100021362305,21.245100021362305,21.245100021362305,21.245100021362305,21.245100021362305,0,0.0,0.0
2008-09-26,21.13920021057129,21.13920021057129,21.13920021057129,21.13920021057129,21.13920021057129,0,0.0,0.0
2008-09-29,20.38360023498535,20.38360023498535,20.38360023498535,20.38360023498535,20.38360023498535,0,0.0,0.0
2008-09-30,19.67770004272461,19.67770004272461,19.67770004272461,19.67770004272461,19.67770004272461,0,0.0,0.0
2008-10-01,19.796600341796875,19.796600341796875,19.796600341796875,19.796600341796875,19.796600341796875,0,0.0,0.0
2008-10-02,18.990800857543945,18.990800857543945,18.990800857543945,18.990800857543945,18.990800857543945,0,0.0,0.0
2008-10-03,18.803499221801758,18.803499221801758,18.803499221801758,18.803499221801758,18.803499221801758,0,0.0,0.0
2008-10-06,17.73539924621582,17.73539924621582,17.73539924621582,17.73539924621582,17.73539924621582,0,0.0,0.0
2008-10-07,17.621400833129883,17.621400833129883,17.621400833129883,17.621400833129883,17.621400833129883,0,0.0,0.0
2008-10-08,16.347900390625,16.347900390625,16.347900390625,16.347900390625,16.347900390625,0,0.0,0.0
2008-10-09,16.595600128173828,16.595600128173828,16.595600128173828,16.595600128173828,16.595600128173828,0,0.0,0.0
2008-10-10,15.06779956817627,15.06779956817627,15.06779956817627,15.06779956817627,15.06779956817627,0,0.0,0.0
2008-10-13,15.82610034942627,15.82610034942627,15.82610034942627,15.82610034942627,15.82610034942627,0,0.0,0.0
2008-10-14,15.819700241088867,15.819700241088867,15.819700241088867,15.819700241088867,15.819700241088867,0,0.0,0.0
2008-10-15,14.702400207519531,14.702400207519531,14.702400207519531,14.702400207519531,14.702400207519531,0,0.0,0.0
2008-10-16,13.320199966430664,13.320199966430664,13.320199966430664,13.320199966430664,13.320199966430664,0,0.0,0.0
2008-10-17,13.338500022888184,13.338500022888184,13.338500022888184,13.338500022888184,13.338500022888184,0,0.0,0.0
2008-10-20,13.029800415039062,13.029800415039062,13.029800415039062,13.029800415039062,13.029800415039062,0,0.0,0.0
2008-10-21,13.202799797058105,13.202799797058105,13.202799797058105,13.202799797058105,13.202799797058105,0,0.0,0.0
2008-10-22,12.339300155639648,12.339300155639648,12.339300155639648,12.339300155639648,12.339300155639648,0,0.0,0.0
2008-10-23,11.534899711608887,11.534899711608887,11.534899711608887,11.534899711608887,11.534899711608887,0,0.0,0.0
2008-10-24,12.3371000289917,12.3371000289917,12.3371000289917,12.3371000289917,12.3371000289917,0,0.0,0.0
2008-10-27,13.690799713134766,13.690799713134766,13.690799713134766,13.690799713134766,13.690799713134766,0,0.0,0.0
2008-10-28,14.758099555969238,14.758099555969238,14.758099555969238,14.758099555969238,14.758099555969238,0,0.0,0.0
2008-10-29,16.818700790405273,16.818700790405273,16.818700790405273,16.818700790405273,16.818700790405273,0,0.0,0.0
2008-10-30,14.67770004272461,14.67770004272461,14.67770004272461,14.67770004272461,14.67770004272461,0,0.0,0.0
2008-10-31,14.918399810791016,14.918399810791016,14.918399810791016,14.918399810791016,14.918399810791016,0,0.0,0.0
2008-11-03,14.72089958190918,14.72089958190918,14.72089958190918,14.72089958190918,14.72089958190918,0,0.0,0.0
2008-11-04,15.892999649047852,15.892999649047852,15.892999649047852,15.892999649047852,15.892999649047852,0,0.0,0.0
2008-11-05,15.150799751281738,15.150799751281738,15.150799751281738,15.150799751281738,15.150799751281738,0,0.0,0.0
2008-11-06,14.044899940490723,14.044899940490723,14.044899940490723,14.044899940490723,14.044899940490723,0,0.0,0.0
2008-11-07,13.511899948120117,13.511899948120117,13.511899948120117,13.511899948120117,13.511899948120117,0,0.0,0.0
2008-11-10,13.911499977111816,13.911499977111816,13.911499977111816,13.911499977111816,13.911499977111816,0,0.0,0.0
2008-11-11,13.169699668884277,13.169699668884277,13.169699668884277,13.169699668884277,13.169699668884277,0,0.0,0.0
2008-11-12,12.9173002243042,12.9173002243042,12.9173002243042,12.9173002243042,12.9173002243042,0,0.0,0.0
2008-11-13,14.089200019836426,14.089200019836426,14.089200019836426,14.089200019836426,14.089200019836426,0,0.0,0.0
2008-11-14,13.53380012512207,13.53380012512207,13.53380012512207,13.53380012512207,13.53380012512207,0,0.0,0.0
2008-11-17,13.095600128173828,13.095600128173828,13.095600128173828,13.095600128173828,13.095600128173828,0,0.0,0.0
2008-11-18,13.21619987487793,13.21619987487793,13.21619987487793,13.21619987487793,13.21619987487793,0,0.0,0.0
2008-11-19,12.598400115966797,12.598400115966797,12.598400115966797,12.598400115966797,12.598400115966797,0,0.0,0.0
2008-11-20,12.233099937438965,12.233099937438965,12.233099937438965,12.233099937438965,12.233099937438965,0,0.0,0.0
2008-11-21,12.291999816894531,12.291999816894531,12.291999816894531,12.291999816894531,12.291999816894531,0,0.0,0.0
2008-11-24,13.121500015258789,13.121500015258789,13.121500015258789,13.121500015258789,13.121500015258789,0,0.0,0.0
2008-11-25,12.904399871826172,12.904399871826172,12.904399871826172,12.904399871826172,12.904399871826172,0,0.0,0.0
2008-11-26,13.028200149536133,13.028200149536133,13.028200149536133,13.028200149536133,13.028200149536133,0,0.0,0.0
2008-11-27,13.027899742126465,13.027899742126465,13.027899742126465,13.027899742126465,13.027899742126465,0,0.0,0.0
2008-11-28,12.535400390625,12.535400390625,12.535400390625,12.535400390625,12.535400390625,0,0.0,0.0
2008-12-01,12.03689956665039,12.03689956665039,12.03689956665039,12.03689956665039,12.03689956665039,0,0.0,0.0
2008-12-02,11.666600227355957,11.666600227355957,11.666600227355957,11.666600227355957,11.666600227355957,0,0.0,0.0
2008-12-03,11.287099838256836,11.287099838256836,11.287099838256836,11.287099838256836,11.287099838256836,0,0.0,0.0
2008-12-04,11.34119987487793,11.34119987487793,11.34119987487793,11.34119987487793,11.34119987487793,0,0.0,0.0
2008-12-05,11.097900390625,11.097900390625,11.097900390625,11.097900390625,11.097900390625,0,0.0,0.0
2008-12-08,11.428000450134277,11.428000450134277,11.428000450134277,11.428000450134277,11.428000450134277,0,0.0,0.0
2008-12-09,11.521400451660156,11.521400451660156,11.521400451660156,11.521400451660156,11.521400451660156,0,0.0,0.0
2008-12-10,12.62399959564209,12.62399959564209,12.62399959564209,12.62399959564209,12.62399959564209,0,0.0,0.0
2008-12-11,13.624600410461426,13.624600410461426,13.624600410461426,13.624600410461426,13.624600410461426,0,0.0,0.0
2008-12-12,13.04889965057373,13.04889965057373,13.04889965057373,13.04889965057373,13.04889965057373,0,0.0,0.0
2008-12-15,12.518500328063965,12.518500328063965,12.518500328063965,12.518500328063965,12.518500328063965,0,0.0,0.0
2008-12-16,11.869400024414062,11.869400024414062,11.869400024414062,11.869400024414062,11.869400024414062,0,0.0,0.0
2008-12-17,12.000699996948242,12.000699996948242,12.000699996948242,12.000699996948242,12.000699996948242,0,0.0,0.0
2008-12-18,11.963700294494629,11.963700294494629,11.963700294494629,11.963700294494629,11.963700294494629,0,0.0,0.0
2008-12-19,12.605899810791016,12.605899810791016,12.605899810791016,12.605899810791016,12.605899810791016,0,0.0,0.0
2008-12-22,12.598199844360352,12.598199844360352,12.598199844360352,12.598199844360352,12.598199844360352,0,0.0,0.0
2008-12-23,11.924799919128418,11.924799919128418,11.924799919128418,11.924799919128418,11.924799919128418,0,0.0,0.0
2008-12-24,11.771499633789062,11.771499633789062,11.771499633789062,11.771499633789062,11.771499633789062,0,0.0,0.0
2008-12-29,11.85669994354248,11.85669994354248,11.85669994354248,11.85669994354248,11.85669994354248,0,0.0,0.0
2008-12-30,13.091400146484375,13.091400146484375,13.091400146484375,13.091400146484375,13.091400146484375,0,0.0,0.0
2008-12-31,14.302300453186035,14.302300453186035,14.302300453186035,14.302300453186035,14.302300453186035,0,0.0,0.0
2009-01-02,15.130000114440918,16.049999237060547,15.130000114440918,15.960000038146973,15.960000038146973,5484,0.0,0.0
2009-01-05,15.75,15.75,15.449999809265137,15.680000305175781,15.680000305175781,3917,0.0,0.0
2009-01-06,16.229999542236328,16.229999542236328,16.170000076293945,15.9399995803833,15.9399995803833,3172,0.0,0.0
2009-01-07,15.859999656677246,15.859999656677246,15.770000457763672,15.09000015258789,15.09000015258789,4234,0.0,0.0
2009-01-08,14.420000076293945,14.420000076293945,14.109999656677246,14.210000038146973,14.210000038146973,1060,0.0,0.0
2009-01-09,14.180000305175781,14.180000305175781,14.180000305175781,14.5,14.5,869,0.0,0.0
2009-01-12,13.789999961853027,13.789999961853027,12.579999923706055,12.9399995803833,12.9399995803833,543,0.0,0.0
2009-01-13,12.859999656677246,12.859999656677246,12.859999656677246,13.520000457763672,13.520000457763672,4096,0.0,0.0
2009-01-14,13.0,13.0,12.760000228881836,12.979999542236328,12.979999542236328,796,0.0,0.0
2009-01-15,13.0,13.25,12.970000267028809,13.119999885559082,13.119999885559082,3096,0.0,0.0
2009-01-16,13.300000190734863,13.300000190734863,13.300000190734863,13.279999732971191,13.279999732971191,1251,0.0,0.0
2009-01-19,13.399999618530273,13.5,13.399999618530273,13.65999984741211,13.65999984741211,796,0.0,0.0
2009-01-20,13.369999885559082,13.470000267028809,13.329999923706055,14.039999961853027,14.039999961853027,14847,0.0,0.0
2009-01-21,0.0,13.470000267028809,13.470000267028809,13.470000267028809,13.470000267028809,0,0.0,0.0
2009-01-22,0.0,13.40999984741211,13.40999984741211,13.40999984741211,13.40999984741211,0,0.0,0.0
2009-01-23,13.229999542236328,13.229999542236328,13.229999542236328,14.5,14.5,1962,0.0,0.0
2009-01-26,14.180000305175781,14.6899995803833,14.180000305175781,14.65999984741211,14.65999984741211,19307,0.0,0.0
2009-01-27,14.199999809265137,14.199999809265137,13.75,13.770000457763672,13.770000457763672,2351,0.0,0.0
2009-01-28,14.4399995803833,14.6899995803833,14.369999885559082,14.430000305175781,14.430000305175781,3270,0.0,0.0
2009-01-29,14.0600004196167,14.0600004196167,13.640000343322754,13.84000015258789,13.84000015258789,3284,0.0,0.0
2009-01-30,13.579999923706055,13.670000076293945,13.579999923706055,13.850000381469727,13.850000381469727,4770,0.0,0.0
2009-02-02,13.579999923706055,13.670000076293945,13.579999923706055,13.84000015258789,13.84000015258789,0,0.0,0.0
2009-02-03,0.0,14.149999618530273,14.149999618530273,14.149999618530273,14.149999618530273,0,0.0,0.0
2009-02-04,14.470000267028809,14.470000267028809,14.1899995803833,14.539999961853027,14.539999961853027,14180,0.0,0.0
2009-02-05,14.25,14.25,14.039999961853027,13.899999618530273,13.899999618530273,2533,0.0,0.0
2009-02-06,0.0,14.34000015258789,14.34000015258789,14.34000015258789,14.34000015258789,0,0.0,0.0
2009-02-09,14.109999656677246,14.109999656677246,14.109999656677246,14.170000076293945,14.170000076293945,635,0.0,0.0
2009-02-10,13.390000343322754,13.390000343322754,13.390000343322754,13.25,13.25,270,0.0,0.0
2009-02-11,12.949999809265137,12.949999809265137,12.65999984741211,12.90999984741211,12.90999984741211,47138,0.0,0.0
2009-02-12,12.539999961853027,12.569999694824219,12.539999961853027,12.5,12.5,702,0.0,0.0
2009-02-13,12.800000190734863,12.84000015258789,12.800000190734863,12.6899995803833,12.6899995803833,2482,0.0,0.0
2009-02-16,12.489999771118164,12.489999771118164,12.489999771118164,12.510000228881836,12.510000228881836,2380,0.0,0.0
2009-02-17,0.0,12.100000381469727,12.100000381469727,12.100000381469727,12.100000381469727,0,0.0,0.0
2009-02-18,11.949999809265137,11.949999809265137,11.949999809265137,11.859999656677246,11.859999656677246,2780,0.0,0.0
2009-02-19,12.010000228881836,12.010000228881836,12.010000228881836,12.140000343322754,12.140000343322754,1800,0.0,0.0
2009-02-20,11.920000076293945,11.920000076293945,11.920000076293945,11.539999961853027,11.539999961853027,7315,0.0,0.0
2009-02-23,11.75,11.800000190734863,11.75,11.65999984741211,11.65999984741211,707,0.0,0.0
2009-02-24,11.880000114440918,11.880000114440918,11.880000114440918,11.899999618530273,11.899999618530273,1550,0.0,0.0
2009-02-25,12.0,12.0,11.859999656677246,12.109999656677246,12.109999656677246,5544,0.0,0.0
2009-02-26,12.390000343322754,12.390000343322754,12.390000343322754,12.359999656677246,12.359999656677246,1480,0.0,0.0
2009-02-27,12.010000228881836,12.010000228881836,11.949999809265137,12.010000228881836,12.010000228881836,4300,0.0,0.0
2009-03-02,11.75,11.75,11.75,11.720000267028809,11.720000267028809,2000,0.0,0.0
2009-03-03,11.520000457763672,11.520000457763672,11.520000457763672,11.789999961853027,11.789999961853027,200,0.0,0.0
2009-03-04,12.029999732971191,12.029999732971191,11.890000343322754,12.210000038146973,12.210000038146973,600,0.0,0.0
2009-03-05,12.1899995803833,12.1899995803833,11.800000190734863,11.850000381469727,11.850000381469727,13300,0.0,0.0
2009-03-06,12.1899995803833,12.1899995803833,11.800000190734863,11.970000267028809,11.970000267028809,0,0.0,0.0
2009-03-09,0.0,11.859999656677246,11.859999656677246,11.859999656677246,11.859999656677246,0,0.0,0.0
2009-03-10,0.0,12.010000228881836,12.010000228881836,12.010000228881836,12.010000228881836,0,0.0,0.0
2009-03-11,12.0600004196167,12.0600004196167,12.0600004196167,11.850000381469727,11.850000381469727,550,0.0,0.0
2009-03-12,11.5600004196167,11.5600004196167,11.5600004196167,11.640000343322754,11.640000343322754,500,0.0,0.0
2009-03-13,11.75,11.789999961853027,11.65999984741211,11.640000343322754,11.640000343322754,2538,0.0,0.0
2009-03-16,12.300000190734863,12.300000190734863,11.5,12.300000190734863,12.300000190734863,7010,0.0,0.0
2009-03-17,12.550000190734863,12.550000190734863,12.550000190734863,12.109999656677246,12.109999656677246,1,0.0,0.0
2009-03-18,11.970000267028809,12.140000343322754,11.829999923706055,11.949999809265137,11.949999809265137,810,0.0,0.0
2009-03-19,12.220000267028809,12.300000190734863,12.220000267028809,12.170000076293945,12.170000076293945,887,0.0,0.0
2009-03-20,12.59000015258789,12.59000015258789,12.170000076293945,12.050000190734863,12.050000190734863,1400,0.0,0.0
2009-03-23,12.220000267028809,12.229999542236328,12.010000228881836,11.979999542236328,11.979999542236328,10173,0.0,0.0
2009-03-24,11.899999618530273,12.0600004196167,11.720000267028809,11.670000076293945,11.670000076293945,31655,0.0,0.0
2009-03-25,11.770000457763672,11.779999732971191,11.5,11.6899995803833,11.6899995803833,2500,0.0,0.0
2009-03-26,11.6899995803833,11.970000267028809,11.6899995803833,11.850000381469727,11.850000381469727,7020,0.0,0.0
2009-03-27,11.779999732971191,11.779999732971191,11.510000228881836,11.649999618530273,11.649999618530273,2450,0.0,0.0
2009-03-30,11.5,11.65999984741211,11.479999542236328,11.65999984741211,11.65999984741211,4100,0.0,0.0
2009-03-31,11.630000114440918,11.630000114440918,11.630000114440918,11.609999656677246,11.609999656677246,284,0.0,0.0
2009-04-01,11.75,11.829999923706055,11.729999542236328,11.859999656677246,11.859999656677246,10333,0.0,0.0
2009-04-02,12.359999656677246,12.579999923706055,12.359999656677246,12.8100004196167,12.8100004196167,3152,0.0,0.0
2009-04-03,12.979999542236328,12.979999542236328,12.979999542236328,13.100000381469727,13.100000381469727,500,0.0,0.0
2009-04-06,13.390000343322754,13.390000343322754,12.789999961853027,12.90999984741211,12.90999984741211,10700,0.0,0.0
2009-04-07,13.039999961853027,13.199999809265137,12.989999771118164,13.319999694824219,13.319999694824219,9248,0.0,0.0
2009-04-08,12.9399995803833,12.9399995803833,12.9399995803833,13.239999771118164,13.239999771118164,1000,0.0,0.0
2009-04-09,13.229999542236328,13.420000076293945,13.1899995803833,13.380000114440918,13.380000114440918,5593,0.0,0.0
2009-04-14,13.880000114440918,14.020000457763672,13.880000114440918,13.899999618530273,13.899999618530273,24460,0.0,0.0
2009-04-15,14.539999961853027,14.9399995803833,14.539999961853027,14.869999885559082,14.869999885559082,2770,0.0,0.0
2009-04-16,14.800000190734863,15.0600004196167,14.800000190734863,14.880000114440918,14.880000114440918,35073,0.0,0.0
2009-04-17,14.800000190734863,15.260000228881836,14.729999542236328,15.229999542236328,15.229999542236328,5674,0.0,0.0
2009-04-20,15.0,15.0,14.5,14.569999694824219,14.569999694824219,21130,0.0,0.0
2009-04-21,14.079999923706055,14.079999923706055,13.90999984741211,14.0,14.0,4327,0.0,0.0
2009-04-22,13.779999732971191,13.8100004196167,13.489999771118164,13.890000343322754,13.890000343322754,20427,0.0,0.0
2009-04-23,13.960000038146973,13.989999771118164,13.640000343322754,13.65999984741211,13.65999984741211,19200,0.0,0.0
2009-04-24,0.0,13.859999656677246,13.859999656677246,13.859999656677246,13.859999656677246,0,0.0,0.0
2009-04-27,13.390000343322754,13.619999885559082,13.359999656677246,13.65999984741211,13.65999984741211,582,0.0,0.0
2009-04-28,0.0,13.130000114440918,13.130000114440918,13.130000114440918,13.130000114440918,0,0.0,0.0
2009-04-29,13.010000228881836,13.300000190734863,13.0,13.739999771118164,13.739999771118164,1170,0.0,0.0
2009-04-30,14.020000457763672,14.020000457763672,13.800000190734863,14.020000457763672,14.020000457763672,23708,0.0,0.0
2009-05-01,0.0,14.15999984741211,14.15999984741211,14.15999984741211,14.15999984741211,0,0.0,0.0
2009-05-05,14.510000228881836,14.510000228881836,14.130000114440918,14.100000381469727,14.100000381469727,18918,0.0,0.0
2009-05-06,15.029999732971191,15.029999732971191,14.979999542236328,15.130000114440918,15.130000114440918,12008,0.0,0.0
2009-05-07,15.609999656677246,16.040000915527344,15.529999732971191,15.859999656677246,15.859999656677246,35228,0.0,0.0
2009-05-08,16.239999771118164,16.239999771118164,15.930000305175781,15.920000076293945,15.920000076293945,2400,0.0,0.0
2009-05-11,15.520000457763672,15.5600004196167,15.449999809265137,15.710000038146973,15.710000038146973,4457,0.0,0.0
2009-05-12,15.90999984741211,16.030000686645508,15.880000114440918,15.90999984741211,15.90999984741211,11022,0.0,0.0
2009-05-13,15.640000343322754,15.850000381469727,15.069999694824219,15.079999923706055,15.079999923706055,8272,0.0,0.0
2009-05-14,14.640000343322754,14.850000381469727,14.600000381469727,14.90999984741211,14.90999984741211,4973,0.0,0.0
2009-05-15,14.970000267028809,14.970000267028809,14.770000457763672,14.949999809265137,14.949999809265137,2049,0.0,0.0
2009-05-18,14.84000015258789,14.84000015258789,14.5,14.960000038146973,14.960000038146973,9598,0.0,0.0
2009-05-19,15.300000190734863,15.489999771118164,15.300000190734863,15.069999694824219,15.069999694824219,3677,0.0,0.0
2009-05-20,15.15999984741211,15.279999732971191,15.15999984741211,15.199999809265137,15.199999809265137,1300,0.0,0.0
2009-05-21,14.760000228881836,14.760000228881836,14.720000267028809,14.670000076293945,14.670000076293945,8000,0.0,0.0
2009-05-22,14.9399995803833,15.220000267028809,14.9399995803833,15.210000038146973,15.210000038146973,2149,0.0,0.0
2009-05-26,15.15999984741211,15.789999961853027,15.15999984741211,15.819999694824219,15.819999694824219,11793,0.0,0.0
2009-05-27,16.610000610351562,16.610000610351562,16.3700008392334,16.110000610351562,16.110000610351562,1700,0.0,0.0
2009-05-28,15.899999618530273,16.139999389648438,15.899999618530273,16.290000915527344,16.290000915527344,11800,0.0,0.0
2009-05-29,16.459999084472656,16.5,16.459999084472656,16.709999084472656,16.709999084472656,12500,0.0,0.0
2009-06-01,17.229999542236328,17.530000686645508,17.040000915527344,17.489999771118164,17.489999771118164,55324,0.0,0.0
2009-06-02,17.440000534057617,17.700000762939453,17.440000534057617,17.610000610351562,17.610000610351562,2200,0.0,0.0
2009-06-03,17.799999237060547,17.799999237060547,17.299999237060547,17.209999084472656,17.209999084472656,204800,0.0,0.0
2009-06-04,17.020000457763672,17.020000457763672,16.84000015258789,17.43000030517578,17.43000030517578,1460,0.0,0.0
2009-06-05,17.889999389648438,17.889999389648438,17.350000381469727,17.469999313354492,17.469999313354492,22709,0.0,0.0
2009-06-08,17.75,17.75,17.280000686645508,17.3700008392334,17.3700008392334,2560,0.0,0.0
2009-06-09,17.760000228881836,17.860000610351562,17.309999465942383,17.899999618530273,17.899999618530273,16184,0.0,0.0
2009-06-10,18.559999465942383,18.670000076293945,17.989999771118164,18.350000381469727,18.350000381469727,10523,0.0,0.0
2009-06-11,19.040000915527344,19.040000915527344,18.979999542236328,19.09000015258789,19.09000015258789,3300,0.0,0.0
2009-06-12,18.950000762939453,18.950000762939453,18.270000457763672,18.780000686645508,18.780000686645508,14335,0.0,0.0
2009-06-15,18.139999389648438,18.139999389648438,17.93000030517578,17.760000228881836,17.760000228881836,17409,0.0,0.0
2009-06-16,18.040000915527344,18.040000915527344,18.0,17.850000381469727,17.850000381469727,10647,0.0,0.0
2009-06-17,17.719999313354492,17.950000762939453,17.579999923706055,17.8799991607666,17.8799991607666,5840,0.0,0.0
2009-06-18,17.600000381469727,18.1299991607666,17.600000381469727,18.1299991607666,18.1299991607666,26500,0.0,0.0
2009-06-19,18.059999465942383,18.059999465942383,18.059999465942383,18.15999984741211,18.15999984741211,428,0.0,0.0
2009-06-22,17.670000076293945,17.670000076293945,17.670000076293945,17.56999969482422,17.56999969482422,434,0.0,0.0
2009-06-23,17.450000762939453,17.450000762939453,17.450000762939453,17.559999465942383,17.559999465942383,1300,0.0,0.0
2009-06-24,18.059999465942383,18.059999465942383,18.059999465942383,18.520000457763672,18.520000457763672,5000,0.0,0.0
2009-06-25,18.299999237060547,18.690000534057617,18.270000457763672,18.75,18.75,25609,0.0,0.0
2009-06-26,18.850000381469727,19.149999618530273,18.850000381469727,19.020000457763672,19.020000457763672,2355,0.0,0.0
2009-06-29,19.0,19.010000228881836,18.81999969482422,18.899999618530273,18.899999618530273,17240,0.0,0.0
2009-06-30,19.0,19.0,18.200000762939453,18.399999618530273,18.399999618530273,19969,0.0,0.0
2009-07-01,18.600000381469727,19.649999618530273,18.59000015258789,19.600000381469727,19.600000381469727,13274,0.0,0.0
2009-07-02,19.579999923706055,19.719999313354492,19.530000686645508,19.530000686645508,19.530000686645508,31218,0.0,0.0
2009-07-03,19.530000686645508,19.530000686645508,19.530000686645508,19.530000686645508,19.530000686645508,0,0.0,0.0
2009-07-06,18.600000381469727,18.600000381469727,18.600000381469727,18.90999984741211,18.90999984741211,250,0.0,0.0
2009-07-07,18.809999465942383,19.030000686645508,18.719999313354492,18.770000457763672,18.770000457763672,11595,0.0,0.0
2009-07-08,18.469999313354492,18.93000030517578,18.389999389648438,18.110000610351562,18.110000610351562,25113,0.0,0.0
2009-07-09,18.100000381469727,18.100000381469727,17.459999084472656,17.700000762939453,17.700000762939453,14014,0.0,0.0
2009-07-10,17.90999984741211,17.90999984741211,17.489999771118164,17.459999084472656,17.459999084472656,32650,0.0,0.0
2009-07-13,16.950000762939453,17.5,16.950000762939453,17.65999984741211,17.65999984741211,7465,0.0,0.0
2009-07-14,18.329999923706055,18.5,18.280000686645508,18.6200008392334,18.6200008392334,9750,0.0,0.0
2009-07-15,19.100000381469727,19.200000762939453,18.899999618530273,18.969999313354492,18.969999313354492,48759,0.0,0.0
2009-07-16,18.969999313354492,18.969999313354492,18.969999313354492,18.969999313354492,18.969999313354492,0,0.0,0.0
2009-07-17,19.18000030517578,19.540000915527344,19.1299991607666,19.31999969482422,19.31999969482422,5249,0.0,0.0
2009-07-20,19.6200008392334,19.6200008392334,19.510000228881836,19.510000228881836,19.510000228881836,1900,0.0,0.0
2009-07-21,19.510000228881836,19.510000228881836,19.510000228881836,19.510000228881836,19.510000228881836,0,0.0,0.0
2009-07-22,18.979999542236328,18.979999542236328,18.979999542236328,19.329999923706055,19.329999923706055,200,0.0,0.0
2009-07-23,19.780000686645508,19.8700008392334,19.780000686645508,19.639999389648438,19.639999389648438,640,0.0,0.0
2009-07-24,19.760000228881836,19.760000228881836,19.760000228881836,19.920000076293945,19.920000076293945,2027,0.0,0.0
2009-07-27,20.350000381469727,20.350000381469727,20.260000228881836,20.290000915527344,20.290000915527344,7677,0.0,0.0
2009-07-28,20.450000762939453,20.450000762939453,20.450000762939453,20.020000457763672,20.020000457763672,100,0.0,0.0
2009-07-29,19.649999618530273,19.790000915527344,19.450000762939453,19.489999771118164,19.489999771118164,2350,0.0,0.0
2009-07-30,20.0,20.450000762939453,20.0,20.5,20.5,9891,0.0,0.0
2009-07-31,21.0,21.299999237060547,21.0,21.299999237060547,21.299999237060547,7490,0.0,0.0
2009-08-03,22.31999969482422,22.56999969482422,22.31999969482422,22.520000457763672,22.520000457763672,5400,0.0,0.0
2009-08-04,22.6299991607666,22.65999984741211,22.280000686645508,23.190000534057617,23.190000534057617,63312,0.0,0.0
2009-08-05,23.420000076293945,24.3799991607666,23.139999389648438,24.270000457763672,24.270000457763672,101812,0.0,0.0
2009-08-06,23.979999542236328,24.219999313354492,23.8799991607666,23.540000915527344,23.540000915527344,106100,0.0,0.0
2009-08-07,22.920000076293945,23.440000534057617,22.920000076293945,23.520000457763672,23.520000457763672,32665,0.0,0.0
2009-08-10,24.100000381469727,24.209999084472656,24.100000381469727,24.100000381469727,24.100000381469727,12253,0.0,0.0
2009-08-11,24.200000762939453,24.200000762939453,23.540000915527344,23.520000457763672,23.520000457763672,9270,0.0,0.0
2009-08-12,23.06999969482422,23.399999618530273,22.969999313354492,23.6299991607666,23.6299991607666,5590,0.0,0.0
2009-08-13,24.889999389648438,25.270000457763672,24.829999923706055,24.670000076293945,24.670000076293945,36070,0.0,0.0
2009-08-14,24.940000534057617,24.950000762939453,23.489999771118164,23.34000015258789,23.34000015258789,49216,0.0,0.0
2009-08-17,22.34000015258789,22.34000015258789,22.100000381469727,22.5,22.5,13705,0.0,0.0
2009-08-18,23.56999969482422,23.600000381469727,22.450000762939453,22.649999618530273,22.649999618530273,16469,0.0,0.0
2009-08-19,22.209999084472656,22.6200008392334,22.170000076293945,22.219999313354492,22.219999313354492,13010,0.0,0.0
2009-08-20,22.600000381469727,22.600000381469727,22.600000381469727,22.510000228881836,22.510000228881836,500,0.0,0.0
2009-08-21,23.260000228881836,23.260000228881836,23.200000762939453,23.110000610351562,23.110000610351562,2827,0.0,0.0
2009-08-24,23.709999084472656,24.030000686645508,23.709999084472656,23.329999923706055,23.329999923706055,1967,0.0,0.0
2009-08-25,22.799999237060547,23.34000015258789,22.799999237060547,23.25,23.25,12503,0.0,0.0
2009-08-26,23.15999984741211,23.389999389648438,22.670000076293945,22.889999389648438,22.889999389648438,13269,0.0,0.0
2009-08-27,22.5,22.920000076293945,22.5,22.81999969482422,22.81999969482422,4640,0.0,0.0
2009-08-28,22.81999969482422,22.81999969482422,22.81999969482422,22.81999969482422,22.81999969482422,0,0.0,0.0
2009-09-01,22.239999771118164,22.450000762939453,21.920000076293945,21.93000030517578,21.93000030517578,74510,0.0,0.0
2009-09-02,21.530000686645508,21.610000610351562,21.299999237060547,21.8700008392334,21.8700008392334,13589,0.0,0.0
2009-09-03,21.6299991607666,21.719999313354492,21.6299991607666,21.690000534057617,21.690000534057617,1910,0.0,0.0
2009-09-04,21.8799991607666,21.8799991607666,20.979999542236328,20.889999389648438,20.889999389648438,50000,0.0,0.0
2009-09-07,20.889999389648438,20.889999389648438,20.889999389648438,20.889999389648438,20.889999389648438,0,0.0,0.0
2009-09-08,22.079999923706055,22.100000381469727,22.0,21.959999084472656,21.959999084472656,2400,0.0,0.0
2009-09-09,21.639999389648438,21.639999389648438,21.639999389648438,21.43000030517578,21.43000030517578,4553,0.0,0.0
2009-09-10,21.329999923706055,21.329999923706055,20.520000457763672,20.760000228881836,20.760000228881836,2330,0.0,0.0
2009-09-11,20.739999771118164,20.739999771118164,20.520000457763672,20.579999923706055,20.579999923706055,15459,0.0,0.0
2009-09-14,19.829999923706055,19.829999923706055,19.649999618530273,19.799999237060547,19.799999237060547,2800,0.0,0.0
2009-09-15,19.93000030517578,20.1200008392334,19.93000030517578,20.110000610351562,20.110000610351562,3010,0.0,0.0
2009-09-16,20.690000534057617,20.690000534057617,20.690000534057617,20.729999542236328,20.729999542236328,200,0.0,0.0
2009-09-17,21.09000015258789,21.229999542236328,20.920000076293945,21.040000915527344,21.040000915527344,83482,0.0,0.0
2009-09-18,20.780000686645508,20.780000686645508,20.780000686645508,20.6200008392334,20.6200008392334,1500,0.0,0.0
2009-09-21,20.170000076293945,20.56999969482422,20.170000076293945,20.850000381469727,20.850000381469727,910,0.0,0.0
2009-09-22,21.030000686645508,21.030000686645508,21.030000686645508,21.1200008392334,21.1200008392334,229,0.0,0.0
2009-09-23,21.219999313354492,21.510000228881836,21.15999984741211,21.270000457763672,21.270000457763672,24344,0.0,0.0
2009-09-24,21.1200008392334,21.1200008392334,21.1200008392334,20.540000915527344,20.540000915527344,67,0.0,0.0
2009-09-25,20.309999465942383,20.579999923706055,19.989999771118164,20.1200008392334,20.1200008392334,50485,0.0,0.0
2009-09-28,19.600000381469727,19.600000381469727,19.600000381469727,20.079999923706055,20.079999923706055,1500,0.0,0.0
2009-09-29,20.010000228881836,20.010000228881836,20.010000228881836,20.3700008392334,20.3700008392334,479,0.0,0.0
2009-09-30,20.3700008392334,20.3700008392334,20.3700008392334,20.3700008392334,20.3700008392334,0,0.0,0.0
2009-10-01,21.25,21.25,20.90999984741211,20.770000457763672,20.770000457763672,39641,0.0,0.0
2009-10-02,20.510000228881836,21.020000457763672,20.510000228881836,20.84000015258789,20.84000015258789,27000,0.0,0.0
2009-10-05,20.68000030517578,20.68000030517578,20.68000030517578,20.68000030517578,20.68000030517578,0,0.0,0.0
2009-10-06,21.1299991607666,21.290000915527344,21.1299991607666,21.549999237060547,21.549999237060547,2450,0.0,0.0
2009-10-07,21.860000610351562,22.309999465942383,21.860000610351562,22.239999771118164,22.239999771118164,16002,0.0,0.0
2009-10-08,22.860000610351562,23.139999389648438,22.68000030517578,23.049999237060547,23.049999237060547,11827,0.0,0.0
2009-10-09,22.8799991607666,22.8799991607666,22.8799991607666,22.579999923706055,22.579999923706055,3000,0.0,0.0
2009-10-12,22.700000762939453,22.75,22.510000228881836,22.34000015258789,22.34000015258789,3544,0.0,0.0
2009-10-13,21.690000534057617,21.959999084472656,21.690000534057617,21.959999084472656,21.959999084472656,1158,0.0,0.0
2009-10-14,21.770000457763672,21.770000457763672,21.770000457763672,21.75,21.75,130,0.0,0.0
2009-10-15,22.290000915527344,22.290000915527344,22.06999969482422,22.40999984741211,22.40999984741211,885,0.0,0.0
2009-10-16,22.18000030517578,22.389999389648438,22.18000030517578,22.170000076293945,22.170000076293945,480,0.0,0.0
2009-10-19,22.290000915527344,22.799999237060547,22.290000915527344,22.790000915527344,22.790000915527344,50978,0.0,0.0
2009-10-20,23.0,23.350000381469727,22.770000457763672,22.6200008392334,22.6200008392334,8950,0.0,0.0
2009-10-21,22.34000015258789,23.209999084472656,22.34000015258789,23.290000915527344,23.290000915527344,47279,0.0,0.0
2009-10-22,23.110000610351562,23.110000610351562,23.059999465942383,23.079999923706055,23.079999923706055,2056,0.0,0.0
2009-10-23,23.139999389648438,23.229999542236328,22.829999923706055,22.559999465942383,22.559999465942383,20809,0.0,0.0
2009-10-26,23.100000381469727,23.100000381469727,22.68000030517578,22.3700008392334,22.3700008392334,4785,0.0,0.0
2009-10-27,22.469999313354492,22.469999313354492,22.309999465942383,22.290000915527344,22.290000915527344,1069,0.0,0.0
2009-10-28,21.700000762939453,21.719999313354492,21.670000076293945,21.139999389648438,21.139999389648438,11600,0.0,0.0
2009-10-29,21.200000762939453,21.989999771118164,21.200000762939453,22.030000686645508,22.030000686645508,42373,0.0,0.0
2009-10-30,22.209999084472656,22.209999084472656,21.690000534057617,21.770000457763672,21.770000457763672,5302,0.0,0.0
2009-11-02,21.600000381469727,21.690000534057617,21.579999923706055,21.56999969482422,21.56999969482422,18861,0.0,0.0
2009-11-03,21.149999618530273,21.399999618530273,21.149999618530273,21.389999389648438,21.389999389648438,15009,0.0,0.0
2009-11-04,21.770000457763672,21.780000686645508,21.649999618530273,21.549999237060547,21.549999237060547,20400,0.0,0.0
2009-11-05,21.260000228881836,21.40999984741211,21.079999923706055,21.309999465942383,21.309999465942383,25377,0.0,0.0
2009-11-06,21.489999771118164,21.489999771118164,21.15999984741211,20.65999984741211,20.65999984741211,47606,0.0,0.0
2009-11-09,20.959999084472656,20.959999084472656,20.639999389648438,21.90999984741211,21.90999984741211,73700,0.0,0.0
2009-11-10,20.350000381469727,20.350000381469727,20.0,20.040000915527344,20.040000915527344,91732,0.0,0.0
2009-11-11,20.290000915527344,20.459999084472656,20.190000534057617,20.149999618530273,20.149999618530273,52513,0.0,0.0
2009-11-12,19.670000076293945,19.670000076293945,19.290000915527344,19.09000015258789,19.09000015258789,13165,0.0,0.0
2009-11-13,19.290000915527344,19.299999237060547,19.1299991607666,19.209999084472656,19.209999084472656,3650,0.0,0.0
2009-11-16,19.75,19.8700008392334,19.700000762939453,19.920000076293945,19.920000076293945,15897,0.0,0.0
2009-11-17,19.8700008392334,20.06999969482422,19.81999969482422,20.100000381469727,20.100000381469727,10370,0.0,0.0
2009-11-18,20.729999542236328,20.790000915527344,20.559999465942383,20.350000381469727,20.350000381469727,15589,0.0,0.0
2009-11-19,20.149999618530273,20.280000686645508,20.030000686645508,20.059999465942383,20.059999465942383,6830,0.0,0.0
2009-11-20,19.770000457763672,20.0,19.770000457763672,19.979999542236328,19.979999542236328,2700,0.0,0.0
2009-11-23,20.100000381469727,20.1299991607666,20.100000381469727,20.1299991607666,20.1299991607666,6000,0.0,0.0
2009-11-24,19.770000457763672,19.770000457763672,19.770000457763672,19.59000015258789,19.59000015258789,169,0.0,0.0
2009-11-25,19.969999313354492,19.969999313354492,19.969999313354492,20.059999465942383,20.059999465942383,1800,0.0,0.0
2009-11-26,19.969999313354492,19.969999313354492,19.969999313354492,19.799999237060547,19.799999237060547,10009,0.0,0.0
2009-11-27,18.799999237060547,19.31999969482422,18.799999237060547,19.329999923706055,19.329999923706055,2200,0.0,0.0
2009-11-30,19.34000015258789,19.34000015258789,19.049999237060547,19.110000610351562,19.110000610351562,23631,0.0,0.0
2009-12-01,19.420000076293945,19.610000610351562,19.420000076293945,19.540000915527344,19.540000915527344,25725,0.0,0.0
2009-12-02,19.5,19.5,19.459999084472656,19.459999084472656,19.459999084472656,5538,0.0,0.0
2009-12-03,19.260000228881836,19.329999923706055,19.200000762939453,19.110000610351562,19.110000610351562,13482,0.0,0.0
2009-12-04,19.0,19.40999984741211,18.799999237060547,19.040000915527344,19.040000915527344,13454,0.0,0.0
2009-12-07,19.1299991607666,19.1299991607666,18.799999237060547,19.100000381469727,19.100000381469727,16678,0.0,0.0
2009-12-08,18.940000534057617,19.1200008392334,18.940000534057617,19.170000076293945,19.170000076293945,11939,0.0,0.0
2009-12-09,19.350000381469727,19.350000381469727,19.25,19.670000076293945,19.670000076293945,1010,0.0,0.0
2009-12-10,19.559999465942383,19.90999984741211,19.489999771118164,19.649999618530273,19.649999618530273,10040,0.0,0.0
2009-12-11,19.559999465942383,19.75,19.530000686645508,19.600000381469727,19.600000381469727,21550,0.0,0.0
2009-12-14,19.850000381469727,19.950000762939453,19.850000381469727,19.979999542236328,19.979999542236328,3302,0.0,0.0
2009-12-15,19.969999313354492,19.969999313354492,19.950000762939453,20.040000915527344,20.040000915527344,2926,0.0,0.0
2009-12-16,20.399999618530273,20.68000030517578,20.399999618530273,20.600000381469727,20.600000381469727,4619,0.0,0.0
2009-12-17,20.510000228881836,20.6200008392334,20.290000915527344,20.440000534057617,20.440000534057617,27620,0.0,0.0
2009-12-18,20.3700008392334,20.3700008392334,20.3700008392334,20.309999465942383,20.309999465942383,490,0.0,0.0
2009-12-21,20.40999984741211,20.950000762939453,20.40999984741211,21.229999542236328,21.229999542236328,23370,0.0,0.0
2009-12-22,21.1200008392334,21.1200008392334,21.0,21.1200008392334,21.1200008392334,7155,0.0,0.0
2009-12-23,21.399999618530273,21.56999969482422,21.399999618530273,21.649999618530273,21.649999618530273,16380,0.0,0.0
2009-12-24,22.299999237060547,22.299999237060547,22.209999084472656,22.329999923706055,22.329999923706055,17282,0.0,0.0
2009-12-29,22.799999237060547,22.829999923706055,22.530000686645508,22.579999923706055,22.579999923706055,39156,0.0,0.0
2009-12-30,22.850000381469727,22.850000381469727,22.3799991607666,22.3799991607666,22.3799991607666,14715,0.0,0.0
2009-12-31,22.200000762939453,22.200000762939453,22.200000762939453,22.239999771118164,22.239999771118164,3000,0.0,0.0
2010-01-04,22.25,22.579999923706055,22.25,22.329999923706055,22.329999923706055,16630,0.0,0.0
2010-01-05,22.559999465942383,22.559999465942383,22.100000381469727,22.18000030517578,22.18000030517578,14150,0.0,0.0
2010-01-06,22.549999237060547,22.56999969482422,22.5,22.799999237060547,22.799999237060547,8060,0.0,0.0
2010-01-07,22.479999542236328,22.479999542236328,22.1299991607666,21.950000762939453,21.950000762939453,93275,0.0,0.0
2010-01-08,21.739999771118164,21.739999771118164,21.549999237060547,21.450000762939453,21.450000762939453,23559,0.0,0.0
2010-01-11,21.81999969482422,21.81999969482422,21.399999618530273,21.280000686645508,21.280000686645508,5280,0.0,0.0
2010-01-12,21.280000686645508,21.34000015258789,21.0,20.940000534057617,20.940000534057617,33811,0.0,0.0
2010-01-13,20.600000381469727,21.219999313354492,20.600000381469727,21.270000457763672,21.270000457763672,24000,0.0,0.0
2010-01-14,21.729999542236328,22.18000030517578,21.549999237060547,21.8799991607666,21.8799991607666,13510,0.0,0.0
2010-01-15,21.489999771118164,22.079999923706055,21.489999771118164,22.040000915527344,22.040000915527344,10100,0.0,0.0
2010-01-18,22.1200008392334,22.1200008392334,22.040000915527344,22.280000686645508,22.280000686645508,3350,0.0,0.0
2010-01-19,22.530000686645508,22.739999771118164,22.469999313354492,22.739999771118164,22.739999771118164,15223,0.0,0.0
2010-01-20,22.450000762939453,22.469999313354492,22.450000762939453,22.260000228881836,22.260000228881836,4139,0.0,0.0
2010-01-21,22.209999084472656,22.5,22.139999389648438,22.15999984741211,22.15999984741211,22525,0.0,0.0
2010-01-22,22.100000381469727,22.229999542236328,21.399999618530273,21.829999923706055,21.829999923706055,9234,0.0,0.0
2010-01-25,21.600000381469727,21.719999313354492,21.43000030517578,21.510000228881836,21.510000228881836,1132,0.0,0.0
2010-01-26,21.170000076293945,21.520000457763672,21.170000076293945,21.579999923706055,21.579999923706055,8755,0.0,0.0
2010-01-27,21.280000686645508,21.280000686645508,21.079999923706055,21.420000076293945,21.420000076293945,5694,0.0,0.0
2010-01-28,21.360000610351562,21.799999237060547,21.190000534057617,21.649999618530273,21.649999618530273,7450,0.0,0.0
2010-01-29,22.170000076293945,22.299999237060547,22.170000076293945,21.969999313354492,21.969999313354492,1990,0.0,0.0
2010-02-01,21.56999969482422,21.56999969482422,21.3799991607666,21.450000762939453,21.450000762939453,29307,0.0,0.0
2010-02-02,21.229999542236328,21.290000915527344,21.229999542236328,21.540000915527344,21.540000915527344,19150,0.0,0.0
2010-02-03,21.760000228881836,21.81999969482422,21.350000381469727,21.520000457763672,21.520000457763672,7748,0.0,0.0
2010-02-04,21.860000610351562,21.860000610351562,21.34000015258789,20.979999542236328,20.979999542236328,2973,0.0,0.0
2010-02-05,20.5,20.690000534057617,20.299999237060547,20.510000228881836,20.510000228881836,58165,0.0,0.0
2010-02-08,20.200000762939453,20.200000762939453,20.030000686645508,20.219999313354492,20.219999313354492,33950,0.0,0.0
2010-02-09,20.6200008392334,20.6200008392334,20.6200008392334,20.600000381469727,20.600000381469727,460,0.0,0.0
2010-02-10,21.200000762939453,21.200000762939453,21.200000762939453,21.079999923706055,21.079999923706055,1000,0.0,0.0
2010-02-11,21.40999984741211,21.40999984741211,21.18000030517578,21.459999084472656,21.459999084472656,4790,0.0,0.0
2010-02-12,21.829999923706055,22.139999389648438,21.700000762939453,21.860000610351562,21.860000610351562,20591,0.0,0.0
2010-02-15,22.0,22.65999984741211,22.0,22.65999984741211,22.65999984741211,319525,0.0,0.0
2010-02-16,23.18000030517578,23.600000381469727,23.18000030517578,23.760000228881836,23.760000228881836,38155,0.0,0.0
2010-02-17,24.149999618530273,24.149999618530273,23.56999969482422,23.610000610351562,23.610000610351562,31515,0.0,0.0
2010-02-18,23.40999984741211,24.100000381469727,23.40999984741211,24.010000228881836,24.010000228881836,195931,0.0,0.0
2010-02-19,23.770000457763672,23.860000610351562,23.739999771118164,24.270000457763672,24.270000457763672,5200,0.0,0.0
2010-02-22,24.09000015258789,24.200000762939453,24.09000015258789,24.1299991607666,24.1299991607666,2230,0.0,0.0
2010-02-23,24.440000534057617,24.440000534057617,23.520000457763672,23.690000534057617,23.690000534057617,11785,0.0,0.0
2010-02-24,23.690000534057617,23.790000915527344,23.639999389648438,23.8799991607666,23.8799991607666,13955,0.0,0.0
2010-02-25,24.020000457763672,24.059999465942383,24.020000457763672,23.959999084472656,23.959999084472656,34230,0.0,0.0
2010-02-26,24.25,24.5,24.15999984741211,24.770000457763672,24.770000457763672,65678,0.0,0.0
2010-03-01,25.290000915527344,25.479999542236328,25.260000228881836,25.440000534057617,25.440000534057617,12045,0.0,0.0
2010-03-02,25.899999618530273,26.0,25.299999237060547,26.219999313354492,26.219999313354492,105000,0.0,0.0
2010-03-03,26.709999084472656,27.0,26.709999084472656,27.0,27.0,5300,0.0,0.0
2010-03-04,26.850000381469727,27.06999969482422,25.989999771118164,26.280000686645508,26.280000686645508,58692,0.0,0.0
2010-03-05,26.3700008392334,26.799999237060547,26.3700008392334,26.469999313354492,26.469999313354492,10625,0.0,0.0
2010-03-08,26.6200008392334,26.6200008392334,26.219999313354492,26.18000030517578,26.18000030517578,3250,0.0,0.0
2010-03-09,25.829999923706055,26.0,25.829999923706055,26.139999389648438,26.139999389648438,10809,0.0,0.0
2010-03-10,26.200000762939453,26.200000762939453,25.610000610351562,25.6299991607666,25.6299991607666,39280,0.0,0.0
2010-03-11,24.850000381469727,25.110000610351562,24.850000381469727,25.059999465942383,25.059999465942383,13499,0.0,0.0
2010-03-12,25.299999237060547,25.700000762939453,25.299999237060547,25.579999923706055,25.579999923706055,5000,0.0,0.0
2010-03-15,25.469999313354492,25.469999313354492,25.25,25.260000228881836,25.260000228881836,15360,0.0,0.0
2010-03-16,25.729999542236328,25.940000534057617,25.729999542236328,25.770000457763672,25.770000457763672,16493,0.0,0.0
2010-03-17,26.170000076293945,26.170000076293945,26.1200008392334,26.09000015258789,26.09000015258789,773,0.0,0.0
2010-03-18,26.1299991607666,26.75,26.1299991607666,26.780000686645508,26.780000686645508,14270,0.0,0.0
2010-03-19,26.760000228881836,26.760000228881836,26.5,26.440000534057617,26.440000534057617,2200,0.0,0.0
2010-03-22,26.260000228881836,26.260000228881836,25.959999084472656,26.15999984741211,26.15999984741211,3024,0.0,0.0
2010-03-23,26.360000610351562,26.360000610351562,26.309999465942383,26.43000030517578,26.43000030517578,1670,0.0,0.0
2010-03-24,26.229999542236328,26.420000076293945,26.100000381469727,26.149999618530273,26.149999618530273,14864,0.0,0.0
2010-03-25,26.6299991607666,26.649999618530273,26.6299991607666,26.729999542236328,26.729999542236328,6458,0.0,0.0
2010-03-26,27.6299991607666,27.84000015258789,27.6299991607666,27.829999923706055,27.829999923706055,263348,0.0,0.0
2010-03-29,28.5,28.56999969482422,28.020000457763672,28.25,28.25,42775,0.0,0.0
2010-03-30,28.6200008392334,28.6200008392334,28.6200008392334,28.3799991607666,28.3799991607666,150,0.0,0.0
2010-03-31,28.93000030517578,29.34000015258789,28.93000030517578,29.31999969482422,29.31999969482422,4646,0.0,0.0
2010-04-01,29.75,30.1200008392334,29.600000381469727,29.579999923706055,29.579999923706055,58653,0.0,0.0
2010-04-06,29.790000915527344,29.790000915527344,29.030000686645508,29.270000457763672,29.270000457763672,16653,0.0,0.0
2010-04-07,29.020000457763672,29.020000457763672,29.020000457763672,29.049999237060547,29.049999237060547,60,0.0,0.0
2010-04-08,28.6299991607666,28.889999389648438,28.6299991607666,28.950000762939453,28.950000762939453,13545,0.0,0.0
2010-04-09,29.530000686645508,29.690000534057617,29.43000030517578,29.68000030517578,29.68000030517578,22777,0.0,0.0
2010-04-12,30.299999237060547,30.299999237060547,30.270000457763672,30.200000762939453,30.200000762939453,20162,0.0,0.0
2010-04-13,29.969999313354492,30.450000762939453,29.90999984741211,30.450000762939453,30.450000762939453,302284,0.0,0.0
2010-04-14,30.260000228881836,30.5,30.260000228881836,30.959999084472656,30.959999084472656,2494,0.0,0.0
2010-04-15,31.280000686645508,32.0,31.280000686645508,31.84000015258789,31.84000015258789,820,0.0,0.0
2010-04-16,32.029998779296875,32.380001068115234,31.440000534057617,31.440000534057617,31.440000534057617,40121,0.0,0.0
2010-04-19,30.780000686645508,31.540000915527344,30.559999465942383,31.540000915527344,31.540000915527344,17880,0.0,0.0
2010-04-20,31.579999923706055,32.279998779296875,31.579999923706055,32.189998626708984,32.189998626708984,1874,0.0,0.0
2010-04-21,31.700000762939453,31.700000762939453,31.110000610351562,31.600000381469727,31.600000381469727,16450,0.0,0.0
2010-04-22,32.11000061035156,32.11000061035156,31.6299991607666,31.75,31.75,21012,0.0,0.0
2010-04-23,31.59000015258789,31.59000015258789,31.309999465942383,31.600000381469727,31.600000381469727,7489,0.0,0.0
2010-04-26,32.09000015258789,32.2400016784668,32.06999969482422,32.06999969482422,32.06999969482422,1435,0.0,0.0
2010-04-27,31.420000076293945,31.56999969482422,31.299999237060547,30.93000030517578,30.93000030517578,64743,0.0,0.0
2010-04-28,29.479999542236328,29.93000030517578,29.3700008392334,29.829999923706055,29.829999923706055,6105,0.0,0.0
2010-04-29,30.209999084472656,30.309999465942383,30.149999618530273,30.1200008392334,30.1200008392334,2466,0.0,0.0
2010-04-30,30.1299991607666,30.479999542236328,30.1200008392334,30.280000686645508,30.280000686645508,4801,0.0,0.0
2010-05-04,30.889999389648438,31.0,28.81999969482422,29.219999313354492,29.219999313354492,11800,0.0,0.0
2010-05-05,28.649999618530273,28.649999618530273,25.079999923706055,26.079999923706055,26.079999923706055,90712,0.0,0.0
2010-05-06,25.299999237060547,26.059999465942383,24.610000610351562,25.649999618530273,25.649999618530273,62346,0.0,0.0
2010-05-07,25.110000610351562,26.420000076293945,25.110000610351562,26.420000076293945,26.420000076293945,46593,0.0,0.0
2010-05-10,27.610000610351562,27.610000610351562,27.15999984741211,27.15999984741211,27.15999984741211,24376,0.0,0.0
2010-05-11,26.670000076293945,26.719999313354492,26.190000534057617,26.530000686645508,26.530000686645508,728210,0.0,0.0
2010-05-12,26.450000762939453,26.450000762939453,26.450000762939453,26.760000228881836,26.760000228881836,700,0.0,0.0
2010-05-13,26.809999465942383,26.809999465942383,26.399999618530273,27.06999969482422,27.06999969482422,650,0.0,0.0
2010-05-14,26.579999923706055,26.579999923706055,25.530000686645508,25.56999969482422,25.56999969482422,3850,0.0,0.0
2010-05-17,24.290000915527344,24.670000076293945,24.290000915527344,24.229999542236328,24.229999542236328,23250,0.0,0.0
2010-05-18,24.520000457763672,25.809999465942383,24.520000457763672,25.809999465942383,25.809999465942383,11230,0.0,0.0
2010-05-19,24.649999618530273,24.649999618530273,24.649999618530273,25.110000610351562,25.110000610351562,100,0.0,0.0
2010-05-20,25.489999771118164,25.489999771118164,25.489999771118164,24.920000076293945,24.920000076293945,29,0.0,0.0
2010-05-21,24.940000534057617,25.0,24.59000015258789,25.059999465942383,25.059999465942383,8220,0.0,0.0
2010-05-24,25.799999237060547,25.799999237060547,25.799999237060547,25.969999313354492,25.969999313354492,8000,0.0,0.0
2010-05-25,24.559999465942383,24.559999465942383,24.559999465942383,24.559999465942383,24.559999465942383,700,0.0,0.0
2010-05-26,25.34000015258789,25.34000015258789,25.270000457763672,24.770000457763672,24.770000457763672,7100,0.0,0.0
2010-05-27,25.399999618530273,25.399999618530273,25.399999618530273,25.399999618530273,25.399999618530273,1800,0.0,0.0
2010-05-28,25.399999618530273,25.530000686645508,25.399999618530273,25.149999618530273,25.149999618530273,4000,0.0,0.0
2010-06-01,24.329999923706055,24.329999923706055,24.149999618530273,24.34000015258789,24.34000015258789,21000,0.0,0.0
2010-06-02,23.389999389648438,23.389999389648438,22.600000381469727,23.049999237060547,23.049999237060547,15880,0.0,0.0
2010-06-03,23.75,23.75,22.0,22.110000610351562,22.110000610351562,36364,0.0,0.0
2010-06-04,21.899999618530273,21.899999618530273,21.299999237060547,21.280000686645508,21.280000686645508,10300,0.0,0.0
2010-06-07,20.760000228881836,21.40999984741211,20.700000762939453,21.190000534057617,21.190000534057617,7602,0.0,0.0
2010-06-08,21.510000228881836,21.510000228881836,21.299999237060547,21.559999465942383,21.559999465942383,10539,0.0,0.0
2010-06-09,21.780000686645508,22.079999923706055,21.780000686645508,22.6200008392334,22.6200008392334,367,0.0,0.0
2010-06-10,22.829999923706055,22.829999923706055,22.829999923706055,22.610000610351562,22.610000610351562,17500,0.0,0.0
2010-06-11,22.100000381469727,22.75,22.100000381469727,22.760000228881836,22.760000228881836,13000,0.0,0.0
2010-06-14,23.530000686645508,23.649999618530273,23.350000381469727,23.600000381469727,23.600000381469727,26153,0.0,0.0
2010-06-15,23.719999313354492,23.719999313354492,23.719999313354492,23.719999313354492,23.719999313354492,0,0.0,0.0
2010-06-16,24.0,24.0,23.010000228881836,23.200000762939453,23.200000762939453,5369,0.0,0.0
2010-06-17,23.0,23.079999923706055,23.0,23.100000381469727,23.100000381469727,2250,0.0,0.0
2010-06-18,23.040000915527344,23.040000915527344,23.040000915527344,23.040000915527344,23.040000915527344,0,0.0,0.0
2010-06-21,23.280000686645508,23.280000686645508,23.280000686645508,23.280000686645508,23.280000686645508,600,0.0,0.0
2010-06-22,23.389999389648438,23.389999389648438,23.389999389648438,23.389999389648438,23.389999389648438,0,0.0,0.0
2010-06-23,23.190000534057617,23.190000534057617,22.40999984741211,22.639999389648438,22.639999389648438,15550,0.0,0.0
2010-06-24,22.760000228881836,22.760000228881836,22.760000228881836,22.760000228881836,22.760000228881836,0,0.0,0.0
2010-06-25,23.030000686645508,23.030000686645508,23.030000686645508,23.030000686645508,23.030000686645508,0,0.0,0.0
2010-06-28,23.56999969482422,23.799999237060547,23.56999969482422,23.90999984741211,23.90999984741211,3779,0.0,0.0
2010-06-29,23.329999923706055,23.450000762939453,23.329999923706055,22.6299991607666,22.6299991607666,6300,0.0,0.0
2010-06-30,22.559999465942383,22.559999465942383,22.389999389648438,22.600000381469727,22.600000381469727,26200,0.0,0.0
2010-07-01,22.579999923706055,22.579999923706055,22.579999923706055,22.530000686645508,22.530000686645508,1260,0.0,0.0
2010-07-02,22.479999542236328,22.479999542236328,22.09000015258789,22.030000686645508,22.030000686645508,21100,0.0,0.0
2010-07-05,21.959999084472656,21.959999084472656,21.959999084472656,21.959999084472656,21.959999084472656,3266,0.0,0.0
2010-07-06,22.34000015258789,22.34000015258789,22.34000015258789,22.389999389648438,22.389999389648438,5000,0.0,0.0
2010-07-07,22.40999984741211,22.40999984741211,22.40999984741211,22.40999984741211,22.40999984741211,0,0.0,0.0
2010-07-08,22.829999923706055,22.829999923706055,22.829999923706055,22.59000015258789,22.59000015258789,3749,0.0,0.0
2010-07-09,22.770000457763672,22.780000686645508,22.770000457763672,22.780000686645508,22.780000686645508,2550,0.0,0.0
2010-07-12,22.649999618530273,22.649999618530273,22.479999542236328,22.40999984741211,22.40999984741211,1420,0.0,0.0
2010-07-13,22.760000228881836,22.760000228881836,22.760000228881836,22.770000457763672,22.770000457763672,2700,0.0,0.0
2010-07-14,22.68000030517578,22.68000030517578,22.68000030517578,22.68000030517578,22.68000030517578,0,0.0,0.0
2010-07-15,22.530000686645508,22.530000686645508,22.530000686645508,22.600000381469727,22.600000381469727,17500,0.0,0.0
2010-07-16,22.59000015258789,22.59000015258789,22.59000015258789,22.209999084472656,22.209999084472656,1083,0.0,0.0
2010-07-19,22.360000610351562,22.360000610351562,21.860000610351562,21.899999618530273,21.899999618530273,8013,0.0,0.0
2010-07-20,22.110000610351562,22.110000610351562,22.110000610351562,22.3799991607666,22.3799991607666,1000,0.0,0.0
2010-07-21,22.600000381469727,22.600000381469727,22.600000381469727,22.65999984741211,22.65999984741211,6000,0.0,0.0
2010-07-22,23.540000915527344,23.540000915527344,23.540000915527344,23.540000915527344,23.540000915527344,0,0.0,0.0
2010-07-23,24.040000915527344,24.040000915527344,24.040000915527344,23.93000030517578,23.93000030517578,12400,0.0,0.0
2010-07-26,24.1299991607666,24.1299991607666,24.1299991607666,24.1299991607666,24.1299991607666,400,0.0,0.0
2010-07-27,24.360000610351562,24.360000610351562,24.0,24.010000228881836,24.010000228881836,11860,0.0,0.0
2010-07-28,24.270000457763672,24.270000457763672,23.969999313354492,23.93000030517578,23.93000030517578,10852,0.0,0.0
2010-07-29,24.110000610351562,24.110000610351562,24.110000610351562,24.110000610351562,24.110000610351562,0,0.0,0.0
2010-07-30,24.709999084472656,24.709999084472656,24.709999084472656,24.709999084472656,24.709999084472656,0,0.0,0.0
2010-08-02,25.229999542236328,25.489999771118164,25.229999542236328,25.510000228881836,25.510000228881836,15203,0.0,0.0
2010-08-03,25.260000228881836,25.260000228881836,25.260000228881836,25.260000228881836,25.260000228881836,0,0.0,0.0
2010-08-04,25.559999465942383,25.559999465942383,25.559999465942383,25.559999465942383,25.559999465942383,0,0.0,0.0
2010-08-05,25.729999542236328,25.75,25.729999542236328,25.729999542236328,25.729999542236328,253,0.0,0.0
2010-08-06,25.690000534057617,25.690000534057617,25.6200008392334,25.799999237060547,25.799999237060547,26600,0.0,0.0
2010-08-09,26.600000381469727,26.600000381469727,26.399999618530273,26.700000762939453,26.700000762939453,4260,0.0,0.0
2010-08-10,25.979999542236328,25.979999542236328,25.93000030517578,26.040000915527344,26.040000915527344,5700,0.0,0.0
2010-08-11,25.5,25.5,25.5,25.299999237060547,25.299999237060547,500,0.0,0.0
2010-08-12,25.200000762939453,25.200000762939453,25.200000762939453,25.200000762939453,25.200000762939453,0,0.0,0.0
2010-08-13,25.34000015258789,25.34000015258789,25.09000015258789,24.850000381469727,24.850000381469727,25283,0.0,0.0
2010-08-16,24.889999389648438,25.1200008392334,24.889999389648438,25.170000076293945,25.170000076293945,62568,0.0,0.0
2010-08-17,24.889999389648438,25.1200008392334,24.889999389648438,25.84000015258789,25.84000015258789,0,0.0,0.0
2010-08-18,25.34000015258789,25.360000610351562,25.34000015258789,25.600000381469727,25.600000381469727,3345,0.0,0.0
2010-08-19,25.950000762939453,25.950000762939453,25.950000762939453,25.440000534057617,25.440000534057617,80000,0.0,0.0
2010-08-20,24.8700008392334,24.8700008392334,24.8700008392334,25.06999969482422,25.06999969482422,3000,0.0,0.0
2010-08-23,24.8700008392334,24.8700008392334,24.8700008392334,24.809999465942383,24.809999465942383,0,0.0,0.0
2010-08-24,24.8700008392334,24.8700008392334,24.8700008392334,24.139999389648438,24.139999389648438,0,0.0,0.0
2010-08-25,23.6299991607666,23.6299991607666,23.399999618530273,23.530000686645508,23.530000686645508,21372,0.0,0.0
2010-08-26,23.920000076293945,23.969999313354492,23.709999084472656,23.969999313354492,23.969999313354492,4300,0.0,0.0
2010-08-27,23.920000076293945,23.969999313354492,23.709999084472656,24.559999465942383,24.559999465942383,0,0.0,0.0
2010-08-31,24.200000762939453,24.479999542236328,24.110000610351562,24.110000610351562,24.110000610351562,4695,0.0,0.0
2010-09-01,24.639999389648438,24.899999618530273,24.639999389648438,24.809999465942383,24.809999465942383,50765,0.0,0.0
2010-09-02,25.0,25.299999237060547,25.0,25.34000015258789,25.34000015258789,72396,0.0,0.0
2010-09-03,25.639999389648438,25.75,25.579999923706055,25.3700008392334,25.3700008392334,23585,0.0,0.0
2010-09-06,25.770000457763672,25.84000015258789,25.770000457763672,25.700000762939453,25.700000762939453,9847,0.0,0.0
2010-09-07,25.209999084472656,25.68000030517578,25.209999084472656,25.739999771118164,25.739999771118164,11002,0.0,0.0
2010-09-08,26.0,26.0,26.0,26.739999771118164,26.739999771118164,1000,0.0,0.0
2010-09-09,26.3799991607666,26.530000686645508,26.3799991607666,26.450000762939453,26.450000762939453,1455,0.0,0.0
2010-09-10,26.43000030517578,26.600000381469727,26.3799991607666,26.420000076293945,26.420000076293945,484160,0.0,0.0
2010-09-13,26.860000610351562,26.8799991607666,26.829999923706055,26.829999923706055,26.829999923706055,2721,0.0,0.0
2010-09-14,26.610000610351562,27.06999969482422,26.610000610351562,27.020000457763672,27.020000457763672,14492,0.0,0.0
2010-09-15,27.06999969482422,27.06999969482422,27.06999969482422,27.06999969482422,27.06999969482422,0,0.0,0.0
2010-09-16,27.09000015258789,27.09000015258789,27.059999465942383,27.1200008392334,27.1200008392334,850,0.0,0.0
2010-09-17,27.290000915527344,27.290000915527344,27.290000915527344,27.200000762939453,27.200000762939453,610,0.0,0.0
2010-09-20,27.030000686645508,27.030000686645508,27.030000686645508,27.110000610351562,27.110000610351562,2250,0.0,0.0
2010-09-21,26.850000381469727,26.850000381469727,26.350000381469727,26.299999237060547,26.299999237060547,7419,0.0,0.0
2010-09-22,26.209999084472656,26.209999084472656,26.209999084472656,26.399999618530273,26.399999618530273,500,0.0,0.0
2010-09-23,26.31999969482422,26.31999969482422,26.31999969482422,26.459999084472656,26.459999084472656,450,0.0,0.0
2010-09-24,26.799999237060547,26.799999237060547,26.799999237060547,26.719999313354492,26.719999313354492,1600,0.0,0.0
2010-09-27,27.0,27.0,26.770000457763672,26.709999084472656,26.709999084472656,18349,0.0,0.0
2010-09-28,26.670000076293945,26.719999313354492,26.459999084472656,27.06999969482422,27.06999969482422,10552,0.0,0.0
2010-09-29,27.059999465942383,27.15999984741211,26.8700008392334,26.969999313354492,26.969999313354492,14533,0.0,0.0
2010-09-30,27.139999389648438,27.15999984741211,27.1299991607666,27.15999984741211,27.15999984741211,5166,0.0,0.0
2010-10-01,27.8700008392334,27.90999984741211,27.799999237060547,27.600000381469727,27.600000381469727,6165,0.0,0.0
2010-10-04,28.059999465942383,28.059999465942383,27.649999618530273,27.799999237060547,27.799999237060547,13426,0.0,0.0
2010-10-05,28.31999969482422,28.81999969482422,28.31999969482422,28.700000762939453,28.700000762939453,11228,0.0,0.0
2010-10-06,29.190000534057617,29.350000381469727,28.8799991607666,28.940000534057617,28.940000534057617,12393,0.0,0.0
2010-10-07,29.1299991607666,29.1299991607666,28.799999237060547,27.969999313354492,27.969999313354492,18900,0.0,0.0
2010-10-08,27.81999969482422,30.0,27.520000457763672,28.350000381469727,28.350000381469727,374255,0.0,0.0
2010-10-11,28.649999618530273,28.649999618530273,28.649999618530273,28.329999923706055,28.329999923706055,539,0.0,0.0
2010-10-12,27.920000076293945,28.56999969482422,27.790000915527344,28.34000015258789,28.34000015258789,1986,0.0,0.0
2010-10-13,28.600000381469727,28.6299991607666,28.510000228881836,28.309999465942383,28.309999465942383,11300,0.0,0.0
2010-10-14,28.65999984741211,28.65999984741211,28.3700008392334,28.6200008392334,28.6200008392334,8000,0.0,0.0
2010-10-15,27.899999618530273,27.899999618530273,27.899999618530273,28.06999969482422,28.06999969482422,1000,0.0,0.0
2010-10-18,27.200000762939453,27.8799991607666,27.190000534057617,27.920000076293945,27.920000076293945,10661,0.0,0.0
2010-10-19,28.059999465942383,28.059999465942383,26.8799991607666,27.239999771118164,27.239999771118164,88298,0.0,0.0
2010-10-20,27.3799991607666,27.81999969482422,27.329999923706055,27.75,27.75,20444,0.0,0.0
2010-10-21,27.739999771118164,27.739999771118164,27.670000076293945,27.59000015258789,27.59000015258789,2560,0.0,0.0
2010-10-22,27.3799991607666,27.3799991607666,27.100000381469727,27.15999984741211,27.15999984741211,4100,0.0,0.0
2010-10-25,27.700000762939453,27.700000762939453,27.559999465942383,27.510000228881836,27.510000228881836,3800,0.0,0.0
2010-10-26,27.299999237060547,27.34000015258789,27.100000381469727,27.1200008392334,27.1200008392334,9041,0.0,0.0
2010-10-27,26.739999771118164,26.739999771118164,26.530000686645508,26.530000686645508,26.530000686645508,9006,0.0,0.0
2010-10-28,26.600000381469727,26.75,26.600000381469727,26.920000076293945,26.920000076293945,5400,0.0,0.0
2010-10-29,26.68000030517578,26.68000030517578,26.56999969482422,26.709999084472656,26.709999084472656,1039,0.0,0.0
2010-11-01,27.31999969482422,27.31999969482422,27.31999969482422,27.020000457763672,27.020000457763672,100,0.0,0.0
2010-11-02,27.280000686645508,27.479999542236328,27.280000686645508,27.270000457763672,27.270000457763672,4609,0.0,0.0
2010-11-03,27.639999389648438,27.729999542236328,27.6299991607666,27.420000076293945,27.420000076293945,3750,0.0,0.0
2010-11-04,27.81999969482422,28.100000381469727,27.780000686645508,28.34000015258789,28.34000015258789,26814,0.0,0.0
2010-11-05,28.579999923706055,28.780000686645508,28.299999237060547,28.469999313354492,28.469999313354492,17553,0.0,0.0
2010-11-08,28.139999389648438,28.350000381469727,28.139999389648438,28.280000686645508,28.280000686645508,692,0.0,0.0
2010-11-09,28.270000457763672,28.270000457763672,28.260000228881836,28.34000015258789,28.34000015258789,219,0.0,0.0
2010-11-10,28.290000915527344,28.290000915527344,28.100000381469727,28.239999771118164,28.239999771118164,12200,0.0,0.0
2010-11-11,28.520000457763672,28.520000457763672,28.260000228881836,28.06999969482422,28.06999969482422,5930,0.0,0.0
2010-11-12,27.280000686645508,27.559999465942383,27.260000228881836,26.700000762939453,26.700000762939453,8776,0.0,0.0
2010-11-15,26.200000762939453,26.200000762939453,25.829999923706055,26.229999542236328,26.229999542236328,5995,0.0,0.0
2010-11-16,25.93000030517578,25.93000030517578,25.260000228881836,24.84000015258789,24.84000015258789,26645,0.0,0.0
2010-11-17,24.200000762939453,25.31999969482422,24.020000457763672,25.149999618530273,25.149999618530273,28988,0.0,0.0
2010-11-18,25.459999084472656,25.459999084472656,25.290000915527344,25.290000915527344,25.290000915527344,16100,0.0,0.0
2010-11-19,25.459999084472656,25.459999084472656,25.399999618530273,25.350000381469727,25.350000381469727,700,0.0,0.0
2010-11-22,25.600000381469727,25.600000381469727,25.600000381469727,25.059999465942383,25.059999465942383,144,0.0,0.0
2010-11-23,24.59000015258789,24.770000457763672,24.59000015258789,25.260000228881836,25.260000228881836,2027,0.0,0.0
2010-11-24,25.3799991607666,25.3799991607666,25.299999237060547,26.040000915527344,26.040000915527344,1122,0.0,0.0
2010-11-25,26.440000534057617,26.440000534057617,26.440000534057617,26.440000534057617,26.440000534057617,0,0.0,0.0
2010-11-26,26.25,26.25,26.040000915527344,26.329999923706055,26.329999923706055,42,0.0,0.0
2010-11-29,26.6299991607666,26.6299991607666,26.329999923706055,26.059999465942383,26.059999465942383,5480,0.0,0.0
2010-11-30,26.219999313354492,26.219999313354492,26.219999313354492,26.729999542236328,26.729999542236328,375,0.0,0.0
2010-12-01,27.0,27.209999084472656,27.0,27.239999771118164,27.239999771118164,2510,0.0,0.0
2010-12-02,27.530000686645508,27.530000686645508,27.530000686645508,27.690000534057617,27.690000534057617,3759,0.0,0.0
2010-12-03,27.3700008392334,27.399999618530273,27.3700008392334,27.399999618530273,27.399999618530273,2470,0.0,0.0
2010-12-06,27.1200008392334,27.559999465942383,27.1200008392334,27.5,27.5,8203,0.0,0.0
2010-12-07,28.0,28.049999237060547,27.889999389648438,27.920000076293945,27.920000076293945,3700,0.0,0.0
2010-12-08,27.489999771118164,27.68000030517578,27.489999771118164,27.860000610351562,27.860000610351562,97,0.0,0.0
2010-12-09,27.639999389648438,28.079999923706055,27.639999389648438,27.719999313354492,27.719999313354492,1473,0.0,0.0
2010-12-10,27.940000534057617,27.940000534057617,27.940000534057617,27.8700008392334,27.8700008392334,535,0.0,0.0
2010-12-13,28.049999237060547,28.18000030517578,28.049999237060547,28.350000381469727,28.350000381469727,5200,0.0,0.0
2010-12-14,28.799999237060547,28.940000534057617,28.690000534057617,28.540000915527344,28.540000915527344,3742,0.0,0.0
2010-12-15,28.290000915527344,28.290000915527344,28.110000610351562,28.25,28.25,15856,0.0,0.0
2010-12-16,28.520000457763672,28.520000457763672,28.520000457763672,28.520000457763672,28.520000457763672,0,0.0,0.0
2010-12-17,28.709999084472656,28.729999542236328,28.549999237060547,28.739999771118164,28.739999771118164,3063,0.0,0.0
2010-12-20,28.860000610351562,28.950000762939453,28.84000015258789,28.959999084472656,28.959999084472656,4318,0.0,0.0
2010-12-21,28.6299991607666,28.65999984741211,28.56999969482422,28.84000015258789,28.84000015258789,1730,0.0,0.0
2010-12-22,28.6299991607666,28.6299991607666,28.56999969482422,28.190000534057617,28.190000534057617,140,0.0,0.0
2010-12-23,27.639999389648438,27.639999389648438,27.639999389648438,27.780000686645508,27.780000686645508,700,0.0,0.0
2010-12-24,27.729999542236328,27.729999542236328,27.729999542236328,27.729999542236328,27.729999542236328,0,0.0,0.0
2010-12-29,28.209999084472656,28.209999084472656,28.209999084472656,27.899999618530273,27.899999618530273,150,0.0,0.0
2010-12-30,27.149999618530273,27.149999618530273,27.149999618530273,27.149999618530273,27.149999618530273,0,0.0,0.0
2010-12-31,28.290000915527344,28.290000915527344,28.290000915527344,28.770000457763672,28.770000457763672,192,0.0,0.0
2011-01-04,29.200000762939453,29.200000762939453,29.020000457763672,28.889999389648438,28.889999389648438,23159,0.0,0.0
2011-01-05,28.84000015258789,28.84000015258789,28.399999618530273,28.899999618530273,28.899999618530273,13000,0.0,0.0
2011-01-06,28.950000762939453,28.950000762939453,28.8700008392334,28.510000228881836,28.510000228881836,720,0.0,0.0
2011-01-07,28.040000915527344,28.040000915527344,28.040000915527344,28.18000030517578,28.18000030517578,535,0.0,0.0
2011-01-10,27.829999923706055,27.920000076293945,27.829999923706055,27.850000381469727,27.850000381469727,18000,0.0,0.0
2011-01-11,28.350000381469727,28.350000381469727,28.350000381469727,28.579999923706055,28.579999923706055,700,0.0,0.0
2011-01-12,29.139999389648438,29.34000015258789,29.139999389648438,29.84000015258789,29.84000015258789,25000,0.0,0.0
2011-01-13,30.0,30.0,29.600000381469727,30.049999237060547,30.049999237060547,43169,0.0,0.0
2011-01-14,29.360000610351562,29.780000686645508,29.280000686645508,29.959999084472656,29.959999084472656,7600,0.0,0.0
2011-01-17,29.889999389648438,30.079999923706055,29.770000457763672,30.0,30.0,8049,0.0,0.0
2011-01-18,30.559999465942383,30.719999313354492,30.420000076293945,30.420000076293945,30.420000076293945,5650,0.0,0.0
2011-01-19,30.59000015258789,30.670000076293945,30.3700008392334,30.0,30.0,17997,0.0,0.0
2011-01-20,29.81999969482422,29.81999969482422,29.81999969482422,29.81999969482422,29.81999969482422,0,0.0,0.0
2011-01-21,30.18000030517578,30.309999465942383,30.170000076293945,30.399999618530273,30.399999618530273,40083,0.0,0.0
2011-01-24,30.600000381469727,30.6200008392334,30.280000686645508,30.34000015258789,30.34000015258789,6360,0.0,0.0
2011-01-25,29.969999313354492,30.09000015258789,27.010000228881836,29.989999771118164,29.989999771118164,7272,0.0,0.0
2011-01-26,30.350000381469727,30.600000381469727,30.34000015258789,30.510000228881836,30.510000228881836,780,0.0,0.0
2011-01-27,30.6299991607666,31.010000228881836,30.6299991607666,30.860000610351562,30.860000610351562,12009,0.0,0.0
2011-01-28,30.81999969482422,31.18000030517578,30.799999237060547,30.690000534057617,30.690000534057617,6593,0.0,0.0
2011-01-31,31.3799991607666,31.3799991607666,31.219999313354492,31.610000610351562,31.610000610351562,30027,0.0,0.0
2011-02-01,32.20000076293945,32.34000015258789,32.040000915527344,32.470001220703125,32.470001220703125,12879,0.0,0.0
2011-02-02,32.619998931884766,32.619998931884766,32.36000061035156,32.43000030517578,32.43000030517578,2090,0.0,0.0
2011-02-03,32.5099983215332,32.56999969482422,32.20000076293945,32.369998931884766,32.369998931884766,7010,0.0,0.0
2011-02-04,32.56999969482422,32.689998626708984,32.4900016784668,32.720001220703125,32.720001220703125,6389,0.0,0.0
2011-02-07,33.25,33.33000183105469,33.15999984741211,32.97999954223633,32.97999954223633,21130,0.0,0.0
2011-02-08,32.75,32.75,32.20000076293945,32.75,32.75,10429,0.0,0.0
2011-02-09,32.72999954223633,32.72999954223633,32.72999954223633,32.709999084472656,32.709999084472656,150,0.0,0.0
2011-02-10,32.77000045776367,32.83000183105469,32.560001373291016,32.349998474121094,32.349998474121094,8496,0.0,0.0
2011-02-11,32.439998626708984,32.439998626708984,32.439998626708984,32.560001373291016,32.560001373291016,7000,0.0,0.0
2011-02-14,33.310001373291016,33.310001373291016,33.25,33.439998626708984,33.439998626708984,1230,0.0,0.0
2011-02-15,33.279998779296875,33.279998779296875,33.279998779296875,33.279998779296875,33.279998779296875,0,0.0,0.0
2011-02-16,33.90999984741211,33.90999984741211,33.33000183105469,33.060001373291016,33.060001373291016,223,0.0,0.0
2011-02-17,32.70000076293945,32.70000076293945,32.70000076293945,32.7599983215332,32.7599983215332,3000,0.0,0.0
2011-02-18,32.849998474121094,33.810001373291016,32.849998474121094,33.779998779296875,33.779998779296875,17222,0.0,0.0
2011-02-21,33.93000030517578,33.93000030517578,33.65999984741211,33.97999954223633,33.97999954223633,5275,0.0,0.0
2011-02-22,33.380001068115234,33.5,33.25,33.099998474121094,33.099998474121094,5195,0.0,0.0
2011-02-23,32.77000045776367,32.790000915527344,32.61000061035156,33.099998474121094,33.099998474121094,4934,0.0,0.0
2011-02-24,32.52000045776367,32.54999923706055,31.719999313354492,32.099998474121094,32.099998474121094,28109,0.0,0.0
2011-02-25,32.15999984741211,32.209999084472656,32.15999984741211,32.119998931884766,32.119998931884766,2849,0.0,0.0
2011-02-28,33.040000915527344,33.41999816894531,32.88999938964844,33.540000915527344,33.540000915527344,2603,0.0,0.0
2011-03-01,33.66999816894531,33.790000915527344,33.66999816894531,33.279998779296875,33.279998779296875,12900,0.0,0.0
2011-03-02,33.279998779296875,33.279998779296875,33.029998779296875,33.08000183105469,33.08000183105469,15250,0.0,0.0
2011-03-03,33.650001525878906,33.650001525878906,33.5099983215332,33.31999969482422,33.31999969482422,2921,0.0,0.0
2011-03-04,33.56999969482422,33.56999969482422,33.5,33.27000045776367,33.27000045776367,690,0.0,0.0
2011-03-07,32.29999923706055,32.29999923706055,32.29999923706055,32.04999923706055,32.04999923706055,2500,0.0,0.0
2011-03-08,31.059999465942383,31.1200008392334,30.5,31.1299991607666,31.1299991607666,37493,0.0,0.0
2011-03-09,31.489999771118164,31.489999771118164,31.489999771118164,30.520000457763672,30.520000457763672,82,0.0,0.0
2011-03-10,30.0,30.040000915527344,29.579999923706055,29.770000457763672,29.770000457763672,11690,0.0,0.0
2011-03-11,29.3700008392334,30.270000457763672,29.3700008392334,30.219999313354492,30.219999313354492,3778,0.0,0.0
2011-03-14,29.75,29.90999984741211,29.649999618530273,29.950000762939453,29.950000762939453,17077,0.0,0.0
2011-03-15,29.6200008392334,29.729999542236328,28.860000610351562,28.860000610351562,28.860000610351562,17572,0.0,0.0
2011-03-16,29.3799991607666,29.389999389648438,29.200000762939453,28.969999313354492,28.969999313354492,12799,0.0,0.0
2011-03-17,30.1299991607666,30.1299991607666,29.920000076293945,29.989999771118164,29.989999771118164,174,0.0,0.0
2011-03-18,30.309999465942383,30.309999465942383,30.309999465942383,30.540000915527344,30.540000915527344,1553,0.0,0.0
2011-03-21,31.0,31.0,30.799999237060547,30.950000762939453,30.950000762939453,1424,0.0,0.0
2011-03-22,30.389999389648438,30.690000534057617,30.3799991607666,30.700000762939453,30.700000762939453,17900,0.0,0.0
2011-03-23,31.059999465942383,31.059999465942383,31.049999237060547,31.1299991607666,31.1299991607666,5500,0.0,0.0
2011-03-24,31.579999923706055,31.59000015258789,31.579999923706055,31.479999542236328,31.479999542236328,450,0.0,0.0
2011-03-25,31.479999542236328,31.479999542236328,31.479999542236328,31.479999542236328,31.479999542236328,0,0.0,0.0
2011-03-28,31.0,31.0,30.6299991607666,30.6200008392334,30.6200008392334,396,0.0,0.0
2011-03-29,30.280000686645508,30.729999542236328,30.280000686645508,30.770000457763672,30.770000457763672,1504,0.0,0.0
2011-03-30,30.40999984741211,30.40999984741211,30.34000015258789,30.139999389648438,30.139999389648438,5330,0.0,0.0
2011-03-31,30.34000015258789,30.360000610351562,30.059999465942383,30.239999771118164,30.239999771118164,17095,0.0,0.0
2011-04-01,29.979999542236328,29.979999542236328,29.450000762939453,29.639999389648438,29.639999389648438,614,0.0,0.0
2011-04-04,29.44499969482422,29.44499969482422,29.44499969482422,29.44499969482422,29.44499969482422,0,0.0,0.0
2011-04-05,29.600000381469727,29.600000381469727,29.06999969482422,29.440000534057617,29.440000534057617,8680,0.0,0.0
2011-04-06,29.93000030517578,30.290000915527344,29.899999618530273,30.459999084472656,30.459999084472656,9212,0.0,0.0
2011-04-07,31.049999237060547,31.56999969482422,31.049999237060547,31.270000457763672,31.270000457763672,8000,0.0,0.0
2011-04-08,31.649999618530273,31.920000076293945,31.649999618530273,31.84000015258789,31.84000015258789,3150,0.0,0.0
2011-04-11,31.6200008392334,32.20000076293945,31.6200008392334,32.040000915527344,32.040000915527344,12321,0.0,0.0
2011-04-12,30.93000030517578,30.93000030517578,30.93000030517578,30.8700008392334,30.8700008392334,539,0.0,0.0
2011-04-13,31.149999618530273,31.149999618530273,30.610000610351562,30.43000030517578,30.43000030517578,5371,0.0,0.0
2011-04-14,30.06999969482422,30.170000076293945,29.989999771118164,29.989999771118164,29.989999771118164,564,0.0,0.0
2011-04-15,30.110000610351562,30.110000610351562,30.110000610351562,30.260000228881836,30.260000228881836,20000,0.0,0.0
2011-04-18,29.950000762939453,29.950000762939453,29.950000762939453,29.6299991607666,29.6299991607666,2400,0.0,0.0
2011-04-19,29.690000534057617,29.700000762939453,29.690000534057617,29.59000015258789,29.59000015258789,12400,0.0,0.0
2011-04-20,30.0,30.510000228881836,30.0,30.3799991607666,30.3799991607666,6195,0.0,0.0
2011-04-21,30.670000076293945,30.979999542236328,30.670000076293945,30.93000030517578,30.93000030517578,9740,0.0,0.0
2011-04-26,30.899999618530273,30.899999618530273,30.809999465942383,30.889999389648438,30.889999389648438,196,0.0,0.0
2011-04-27,30.8700008392334,30.8700008392334,30.8700008392334,30.639999389648438,30.639999389648438,350,0.0,0.0
2011-04-28,30.829999923706055,30.90999984741211,30.649999618530273,30.84000015258789,30.84000015258789,1972,0.0,0.0
2011-04-29,30.84000015258789,30.84000015258789,30.84000015258789,30.84000015258789,30.84000015258789,0,0.0,0.0
2011-05-03,30.770000457763672,31.489999771118164,30.68000030517578,31.420000076293945,31.420000076293945,28772,0.0,0.0
2011-05-04,31.059999465942383,31.190000534057617,30.5,30.059999465942383,30.059999465942383,9100,0.0,0.0
2011-05-05,29.760000228881836,29.760000228881836,28.450000762939453,28.549999237060547,28.549999237060547,19790,0.0,0.0
2011-05-06,28.31999969482422,28.739999771118164,27.780000686645508,28.81999969482422,28.81999969482422,52959,0.0,0.0
2011-05-09,28.600000381469727,28.649999618530273,28.34000015258789,28.450000762939453,28.450000762939453,5589,0.0,0.0
2011-05-10,28.469999313354492,28.709999084472656,28.239999771118164,28.56999969482422,28.56999969482422,12730,0.0,0.0
2011-05-11,28.420000076293945,28.59000015258789,27.979999542236328,28.059999465942383,28.059999465942383,957,0.0,0.0
2011-05-12,27.649999618530273,28.31999969482422,27.5,28.290000915527344,28.290000915527344,34870,0.0,0.0
2011-05-13,28.549999237060547,28.559999465942383,28.290000915527344,28.239999771118164,28.239999771118164,6811,0.0,0.0
2011-05-16,27.899999618530273,27.899999618530273,27.790000915527344,28.06999969482422,28.06999969482422,5450,0.0,0.0
2011-05-17,27.81999969482422,27.81999969482422,27.81999969482422,27.81999969482422,27.81999969482422,2,0.0,0.0
2011-05-18,28.219999313354492,28.479999542236328,28.219999313354492,28.469999313354492,28.469999313354492,10138,0.0,0.0
2011-05-19,28.06999969482422,28.06999969482422,27.3700008392334,27.59000015258789,27.59000015258789,30246,0.0,0.0
2011-05-20,27.309999465942383,27.559999465942383,26.84000015258789,27.18000030517578,27.18000030517578,27224,0.0,0.0
2011-05-23,26.299999237060547,26.299999237060547,26.0,25.940000534057617,25.940000534057617,8595,0.0,0.0
2011-05-24,26.040000915527344,26.420000076293945,26.040000915527344,26.389999389648438,26.389999389648438,8242,0.0,0.0
2011-05-25,26.559999465942383,27.15999984741211,26.559999465942383,27.059999465942383,27.059999465942383,915,0.0,0.0
2011-05-26,26.860000610351562,26.860000610351562,26.25,26.40999984741211,26.40999984741211,11164,0.0,0.0
2011-05-27,26.709999084472656,26.809999465942383,26.469999313354492,26.510000228881836,26.510000228881836,8032,0.0,0.0
2011-05-31,26.700000762939453,27.100000381469727,26.690000534057617,27.040000915527344,27.040000915527344,9946,0.0,0.0
2011-06-01,26.940000534057617,26.940000534057617,26.940000534057617,26.8799991607666,26.8799991607666,300,0.0,0.0
2011-06-02,26.5,26.5,26.5,26.030000686645508,26.030000686645508,100,0.0,0.0
2011-06-03,26.100000381469727,26.219999313354492,26.100000381469727,26.139999389648438,26.139999389648438,1057,0.0,0.0
2011-06-06,26.235000610351562,26.235000610351562,26.235000610351562,26.235000610351562,26.235000610351562,0,0.0,0.0
2011-06-07,26.239999771118164,26.3799991607666,26.229999542236328,26.299999237060547,26.299999237060547,35383,0.0,0.0
2011-06-08,25.969999313354492,26.110000610351562,25.850000381469727,26.200000762939453,26.200000762939453,14950,0.0,0.0
2011-06-09,26.270000457763672,26.540000915527344,26.09000015258789,26.540000915527344,26.540000915527344,8976,0.0,0.0
2011-06-10,26.469999313354492,26.700000762939453,26.450000762939453,26.350000381469727,26.350000381469727,8236,0.0,0.0
2011-06-13,25.700000762939453,25.700000762939453,25.700000762939453,25.700000762939453,25.700000762939453,0,0.0,0.0
2011-06-14,25.68000030517578,25.93000030517578,25.68000030517578,25.81999969482422,25.81999969482422,4536,0.0,0.0
2011-06-15,25.700000762939453,25.829999923706055,25.5,25.709999084472656,25.709999084472656,13402,0.0,0.0
2011-06-16,25.280000686645508,25.280000686645508,25.100000381469727,25.1200008392334,25.1200008392334,8000,0.0,0.0
2011-06-17,25.09000015258789,25.399999618530273,25.0,25.209999084472656,25.209999084472656,4495,0.0,0.0
2011-06-20,24.75,24.969999313354492,24.739999771118164,25.06999969482422,25.06999969482422,7428,0.0,0.0
2011-06-21,25.110000610351562,25.5,25.110000610351562,25.420000076293945,25.420000076293945,14999,0.0,0.0
2011-06-22,25.110000610351562,25.31999969482422,25.110000610351562,25.25,25.25,3822,0.0,0.0
2011-06-23,25.59000015258789,25.59000015258789,25.100000381469727,25.290000915527344,25.290000915527344,4775,0.0,0.0
2011-06-24,25.459999084472656,25.459999084472656,25.459999084472656,25.420000076293945,25.420000076293945,1000,0.0,0.0
2011-06-27,25.450000762939453,25.450000762939453,25.260000228881836,25.520000457763672,25.520000457763672,2966,0.0,0.0
2011-06-28,25.809999465942383,26.09000015258789,25.790000915527344,26.1299991607666,26.1299991607666,894,0.0,0.0
2011-06-29,26.469999313354492,26.469999313354492,26.469999313354492,26.65999984741211,26.65999984741211,2300,0.0,0.0
2011-06-30,26.760000228881836,27.1299991607666,26.729999542236328,27.059999465942383,27.059999465942383,17881,0.0,0.0
2011-07-01,26.860000610351562,26.8700008392334,26.75,26.860000610351562,26.860000610351562,17330,0.0,0.0
2011-07-04,26.8700008392334,26.8700008392334,26.700000762939453,26.6200008392334,26.6200008392334,1690,0.0,0.0
2011-07-05,26.65999984741211,26.860000610351562,26.65999984741211,26.860000610351562,26.860000610351562,1470,0.0,0.0
2011-07-06,27.0,27.0,26.829999923706055,27.010000228881836,27.010000228881836,4284,0.0,0.0
2011-07-07,27.049999237060547,27.5,26.950000762939453,27.479999542236328,27.479999542236328,7176,0.0,0.0
2011-07-08,27.799999237060547,27.969999313354492,27.420000076293945,27.209999084472656,27.209999084472656,5487,0.0,0.0
2011-07-11,27.350000381469727,27.350000381469727,27.329999923706055,26.75,26.75,6370,0.0,0.0
2011-07-12,26.440000534057617,27.110000610351562,26.440000534057617,27.15999984741211,27.15999984741211,2900,0.0,0.0
2011-07-13,27.594999313354492,27.594999313354492,27.594999313354492,27.594999313354492,27.594999313354492,0,0.0,0.0
2011-07-14,27.75,27.780000686645508,27.709999084472656,27.75,27.75,10791,0.0,0.0
2011-07-15,27.6200008392334,27.950000762939453,27.6200008392334,28.170000076293945,28.170000076293945,6108,0.0,0.0
2011-07-18,27.360000610351562,27.780000686645508,27.270000457763672,27.389999389648438,27.389999389648438,12694,0.0,0.0
2011-07-19,27.6200008392334,27.860000610351562,27.6200008392334,27.700000762939453,27.700000762939453,2134,0.0,0.0
2011-07-20,27.700000762939453,27.729999542236328,27.530000686645508,27.5,27.5,1732,0.0,0.0
2011-07-21,27.71500015258789,27.71500015258789,27.71500015258789,27.71500015258789,27.71500015258789,0,0.0,0.0
2011-07-22,27.709999084472656,27.920000076293945,27.649999618530273,27.56999969482422,27.56999969482422,385,0.0,0.0
2011-07-25,27.479999542236328,27.510000228881836,27.469999313354492,27.600000381469727,27.600000381469727,463,0.0,0.0
2011-07-26,27.959999084472656,27.959999084472656,27.860000610351562,27.90999984741211,27.90999984741211,110,0.0,0.0
2011-07-27,27.670000076293945,28.020000457763672,27.670000076293945,27.969999313354492,27.969999313354492,261,0.0,0.0
2011-07-28,28.239999771118164,28.280000686645508,28.239999771118164,28.309999465942383,28.309999465942383,486,0.0,0.0
2011-07-29,28.229999542236328,28.34000015258789,28.1200008392334,28.280000686645508,28.280000686645508,5697,0.0,0.0
2011-08-01,28.5,28.739999771118164,28.5,28.600000381469727,28.600000381469727,1100,0.0,0.0
2011-08-02,28.43000030517578,28.43000030517578,28.43000030517578,28.43000030517578,28.43000030517578,0,0.0,0.0
2011-08-03,28.3799991607666,28.440000534057617,27.540000915527344,27.649999618530273,27.649999618530273,12821,0.0,0.0
2011-08-04,27.459999084472656,27.459999084472656,26.959999084472656,27.06999969482422,27.06999969482422,1546,0.0,0.0
2011-08-05,26.559999465942383,26.850000381469727,26.530000686645508,26.290000915527344,26.290000915527344,11585,0.0,0.0
2011-08-08,25.459999084472656,25.709999084472656,24.8700008392334,25.079999923706055,25.079999923706055,7155,0.0,0.0
2011-08-09,24.969999313354492,25.110000610351562,24.43000030517578,25.030000686645508,25.030000686645508,7474,0.0,0.0
2011-08-10,25.06999969482422,25.360000610351562,24.329999923706055,24.399999618530273,24.399999618530273,24807,0.0,0.0
2011-08-11,24.860000610351562,24.860000610351562,24.40999984741211,24.43000030517578,24.43000030517578,4185,0.0,0.0
2011-08-12,24.670000076293945,25.110000610351562,24.670000076293945,24.905000686645508,24.905000686645508,11005,0.0,0.0
2011-08-15,24.649999618530273,24.969999313354492,24.649999618530273,24.579999923706055,24.579999923706055,2389,0.0,0.0
2011-08-16,24.59000015258789,24.979999542236328,24.549999237060547,24.8700008392334,24.8700008392334,4776,0.0,0.0
2011-08-17,25.0,25.239999771118164,24.8799991607666,25.219999313354492,25.219999313354492,1944,0.0,0.0
2011-08-18,24.489999771118164,24.59000015258789,24.489999771118164,24.469999313354492,24.469999313354492,5133,0.0,0.0
2011-08-19,24.479999542236328,24.75,24.3799991607666,24.43000030517578,24.43000030517578,1029,0.0,0.0
2011-08-22,24.350000381469727,24.360000610351562,24.350000381469727,23.920000076293945,23.920000076293945,2007,0.0,0.0
2011-08-23,24.170000076293945,24.170000076293945,24.1200008392334,23.959999084472656,23.959999084472656,7560,0.0,0.0
2011-08-24,24.1200008392334,24.1200008392334,24.1200008392334,24.139999389648438,24.139999389648438,1988,0.0,0.0
2011-08-25,24.110000610351562,24.110000610351562,24.079999923706055,24.1200008392334,24.1200008392334,3754,0.0,0.0
2011-08-26,24.84000015258789,24.84000015258789,24.84000015258789,24.84000015258789,24.84000015258789,0,0.0,0.0
2011-08-30,25.1200008392334,25.170000076293945,25.1200008392334,25.290000915527344,25.290000915527344,1200,0.0,0.0
2011-08-31,25.6299991607666,25.65999984741211,25.6200008392334,25.719999313354492,25.719999313354492,31569,0.0,0.0
2011-09-01,25.020000457763672,25.219999313354492,25.0,24.979999542236328,24.979999542236328,1289,0.0,0.0
2011-09-02,24.790000915527344,24.8799991607666,24.450000762939453,24.530000686645508,24.530000686645508,19453,0.0,0.0
2011-09-05,24.290000915527344,24.290000915527344,24.0,23.959999084472656,23.959999084472656,5500,0.0,0.0
2011-09-06,24.190000534057617,24.190000534057617,23.65999984741211,23.760000228881836,23.760000228881836,10886,0.0,0.0
2011-09-07,24.520000457763672,24.709999084472656,24.520000457763672,24.950000762939453,24.950000762939453,74001,0.0,0.0
2011-09-08,25.010000228881836,25.079999923706055,24.860000610351562,25.25,25.25,2575,0.0,0.0
2011-09-09,24.790000915527344,24.790000915527344,24.719999313354492,24.450000762939453,24.450000762939453,715,0.0,0.0
2011-09-12,24.1200008392334,24.520000457763672,24.1200008392334,24.6299991607666,24.6299991607666,614,0.0,0.0
2011-09-13,24.520000457763672,24.799999237060547,24.520000457763672,24.579999923706055,24.579999923706055,48,0.0,0.0
2011-09-14,24.3799991607666,24.440000534057617,24.239999771118164,24.3799991607666,24.3799991607666,7388,0.0,0.0
2011-09-15,24.940000534057617,24.940000534057617,24.940000534057617,25.020000457763672,25.020000457763672,150,0.0,0.0
2011-09-16,25.170000076293945,25.170000076293945,24.90999984741211,24.729999542236328,24.729999542236328,664,0.0,0.0
2011-09-19,24.290000915527344,24.290000915527344,24.290000915527344,24.329999923706055,24.329999923706055,64,0.0,0.0
2011-09-20,24.350000381469727,24.530000686645508,24.350000381469727,24.280000686645508,24.280000686645508,1653,0.0,0.0
2011-09-21,24.34000015258789,24.360000610351562,23.649999618530273,23.600000381469727,23.600000381469727,15093,0.0,0.0
2011-09-22,22.709999084472656,22.709999084472656,21.90999984741211,22.040000915527344,22.040000915527344,3019,0.0,0.0
2011-09-23,21.239999771118164,21.260000228881836,20.3799991607666,21.3799991607666,21.3799991607666,34380,0.0,0.0
2011-09-26,21.170000076293945,21.170000076293945,21.170000076293945,21.09000015258789,21.09000015258789,169,0.0,0.0
2011-09-27,21.459999084472656,21.459999084472656,21.40999984741211,21.860000610351562,21.860000610351562,110,0.0,0.0
2011-09-28,21.450000762939453,21.520000457763672,21.280000686645508,21.3700008392334,21.3700008392334,14411,0.0,0.0
2011-09-29,21.219999313354492,21.399999618530273,21.190000534057617,21.309999465942383,21.309999465942383,6864,0.0,0.0
2011-09-30,21.3700008392334,21.3700008392334,20.709999084472656,20.649999618530273,20.649999618530273,1201,0.0,0.0
2011-10-03,21.0,21.0,21.0,21.75,21.75,1500,0.0,0.0
2011-10-04,21.3700008392334,21.56999969482422,21.3700008392334,21.65999984741211,21.65999984741211,9008,0.0,0.0
2011-10-05,21.059999465942383,21.15999984741211,21.059999465942383,21.1299991607666,21.1299991607666,600,0.0,0.0
2011-10-06,21.6299991607666,21.790000915527344,21.459999084472656,21.639999389648438,21.639999389648438,115286,0.0,0.0
2011-10-07,21.5,21.5,21.5,21.799999237060547,21.799999237060547,250,0.0,0.0
2011-10-10,22.06999969482422,22.06999969482422,22.06999969482422,22.06999969482422,22.06999969482422,0,0.0,0.0
2011-10-11,21.829999923706055,21.829999923706055,21.68000030517578,21.649999618530273,21.649999618530273,720,0.0,0.0
2011-10-12,22.049999237060547,22.09000015258789,22.049999237060547,22.0,22.0,4090,0.0,0.0
2011-10-13,21.829999923706055,21.829999923706055,21.200000762939453,21.18000030517578,21.18000030517578,914,0.0,0.0
2011-10-14,21.610000610351562,21.610000610351562,21.610000610351562,21.610000610351562,21.610000610351562,0,0.0,0.0
2011-10-17,21.639999389648438,21.93000030517578,21.639999389648438,21.6299991607666,21.6299991607666,265,0.0,0.0
2011-10-18,21.780000686645508,21.780000686645508,21.780000686645508,21.75,21.75,19,0.0,0.0
2011-10-19,21.770000457763672,21.770000457763672,21.770000457763672,21.739999771118164,21.739999771118164,2,0.0,0.0
2011-10-20,20.899999618530273,20.90999984741211,20.610000610351562,20.65999984741211,20.65999984741211,488,0.0,0.0
2011-10-21,21.350000381469727,21.6200008392334,21.350000381469727,21.6200008392334,21.6200008392334,532,0.0,0.0
2011-10-24,22.729999542236328,22.729999542236328,22.729999542236328,22.729999542236328,22.729999542236328,0,0.0,0.0
2011-10-25,22.899999618530273,22.959999084472656,22.729999542236328,22.93000030517578,22.93000030517578,10699,0.0,0.0
2011-10-26,22.850000381469727,22.850000381469727,22.34000015258789,22.049999237060547,22.049999237060547,21003,0.0,0.0
2011-10-27,22.5,22.889999389648438,22.5,22.989999771118164,22.989999771118164,67003,0.0,0.0
2011-10-28,22.649999618530273,22.68000030517578,22.649999618530273,22.770000457763672,22.770000457763672,152,0.0,0.0
2011-10-31,22.209999084472656,22.280000686645508,22.06999969482422,22.1200008392334,22.1200008392334,160000,0.0,0.0
2011-11-01,22.110000610351562,22.110000610351562,21.65999984741211,21.3799991607666,21.3799991607666,10570,0.0,0.0
2011-11-02,21.479999542236328,21.479999542236328,21.479999542236328,21.479999542236328,21.479999542236328,0,0.0,0.0
2011-11-03,21.139999389648438,21.549999237060547,21.09000015258789,21.170000076293945,21.170000076293945,1893,0.0,0.0
2011-11-04,21.420000076293945,21.420000076293945,21.420000076293945,21.40999984741211,21.40999984741211,20003,0.0,0.0
2011-11-07,21.350000381469727,21.389999389648438,21.350000381469727,21.450000762939453,21.450000762939453,194,0.0,0.0
2011-11-08,21.5,21.5,21.469999313354492,21.1200008392334,21.1200008392334,4200,0.0,0.0
2011-11-09,21.110000610351562,21.110000610351562,20.780000686645508,20.889999389648438,20.889999389648438,30504,0.0,0.0
2011-11-10,20.700000762939453,20.700000762939453,20.700000762939453,20.6299991607666,20.6299991607666,210,0.0,0.0
2011-11-11,21.010000228881836,21.010000228881836,20.889999389648438,21.1299991607666,21.1299991607666,6375,0.0,0.0
2011-11-14,20.920000076293945,20.920000076293945,20.920000076293945,20.6200008392334,20.6200008392334,600,0.0,0.0
2011-11-15,20.1299991607666,20.520000457763672,20.1299991607666,20.200000762939453,20.200000762939453,423,0.0,0.0
2011-11-16,20.6299991607666,20.6299991607666,20.6299991607666,20.6299991607666,20.6299991607666,0,0.0,0.0
2011-11-17,20.329999923706055,20.579999923706055,20.329999923706055,20.59000015258789,20.59000015258789,446,0.0,0.0
2011-11-18,20.5,20.5,20.489999771118164,20.5,20.5,4987,0.0,0.0
2011-11-21,20.190000534057617,20.190000534057617,20.1200008392334,20.18000030517578,20.18000030517578,810,0.0,0.0
2011-11-22,20.309999465942383,20.309999465942383,20.309999465942383,20.309999465942383,20.309999465942383,0,0.0,0.0
2011-11-23,20.06999969482422,20.06999969482422,19.530000686645508,19.649999618530273,19.649999618530273,6029,0.0,0.0
2011-11-24,19.56999969482422,19.56999969482422,19.56999969482422,19.56999969482422,19.56999969482422,0,0.0,0.0
2011-11-25,19.43000030517578,19.43000030517578,19.43000030517578,19.549999237060547,19.549999237060547,13155,0.0,0.0
2011-11-28,19.770000457763672,19.770000457763672,19.770000457763672,19.770000457763672,19.770000457763672,0,0.0,0.0
2011-11-29,19.729999542236328,19.729999542236328,19.40999984741211,19.489999771118164,19.489999771118164,1634,0.0,0.0
2011-11-30,19.100000381469727,20.40999984741211,19.100000381469727,20.260000228881836,20.260000228881836,10972,0.0,0.0
2011-12-01,19.860000610351562,19.959999084472656,19.420000076293945,19.3700008392334,19.3700008392334,1274,0.0,0.0
2011-12-02,19.690000534057617,20.030000686645508,19.690000534057617,19.670000076293945,19.670000076293945,14202,0.0,0.0
2011-12-05,20.6299991607666,21.040000915527344,20.6299991607666,21.040000915527344,21.040000915527344,25961,0.0,0.0
2011-12-06,21.045000076293945,21.045000076293945,21.045000076293945,21.045000076293945,21.045000076293945,0,0.0,0.0
2011-12-07,20.649999618530273,20.649999618530273,20.649999618530273,20.639999389648438,20.639999389648438,11,0.0,0.0
2011-12-08,20.989999771118164,20.989999771118164,20.690000534057617,20.68000030517578,20.68000030517578,8570,0.0,0.0
2011-12-09,20.989999771118164,21.290000915527344,20.84000015258789,21.309999465942383,21.309999465942383,11122,0.0,0.0
2011-12-12,20.93000030517578,20.93000030517578,20.93000030517578,20.950000762939453,20.950000762939453,8,0.0,0.0
2011-12-13,20.93000030517578,20.93000030517578,20.93000030517578,20.93000030517578,20.93000030517578,0,0.0,0.0
2011-12-14,20.389999389648438,20.389999389648438,20.389999389648438,20.200000762939453,20.200000762939453,64,0.0,0.0
2011-12-15,20.209999084472656,20.209999084472656,20.079999923706055,20.190000534057617,20.190000534057617,12500,0.0,0.0
2011-12-16,21.135000228881836,21.135000228881836,21.135000228881836,21.135000228881836,21.135000228881836,0,0.0,0.0
2011-12-19,21.010000228881836,21.010000228881836,21.010000228881836,21.09000015258789,21.09000015258789,13,0.0,0.0
2011-12-20,21.65999984741211,21.75,21.65999984741211,21.649999618530273,21.649999618530273,280,0.0,0.0
2011-12-21,21.670000076293945,21.760000228881836,21.360000610351562,21.530000686645508,21.530000686645508,168,0.0,0.0
2011-12-22,21.454999923706055,21.454999923706055,21.454999923706055,21.454999923706055,21.454999923706055,0,0.0,0.0
2011-12-23,21.56999969482422,21.56999969482422,21.459999084472656,21.530000686645508,21.530000686645508,4000,0.0,0.0
2011-12-28,20.81999969482422,20.81999969482422,20.81999969482422,20.790000915527344,20.790000915527344,1660,0.0,0.0
2011-12-29,20.450000762939453,20.700000762939453,20.350000381469727,20.670000076293945,20.670000076293945,5558,0.0,0.0
2011-12-30,20.93000030517578,20.93000030517578,20.93000030517578,20.979999542236328,20.979999542236328,1660,0.0,0.0
2012-01-03,21.665000915527344,21.665000915527344,21.665000915527344,21.665000915527344,21.665000915527344,0,0.0,0.0
2012-01-04,21.329999923706055,21.360000610351562,21.329999923706055,21.239999771118164,21.239999771118164,145,0.0,0.0
2012-01-05,21.280000686645508,21.280000686645508,21.280000686645508,21.290000915527344,21.290000915527344,2405,0.0,0.0
2012-01-06,21.520000457763672,21.520000457763672,21.309999465942383,21.56999969482422,21.56999969482422,677,0.0,0.0
2012-01-09,21.69499969482422,21.69499969482422,21.69499969482422,21.69499969482422,21.69499969482422,0,0.0,0.0
2012-01-10,21.899999618530273,22.200000762939453,21.899999618530273,22.280000686645508,22.280000686645508,3351,0.0,0.0
2012-01-11,22.110000610351562,22.389999389648438,21.969999313354492,22.149999618530273,22.149999618530273,8575,0.0,0.0
2012-01-12,22.450000762939453,22.65999984741211,22.31999969482422,22.649999618530273,22.649999618530273,8619,0.0,0.0
2012-01-13,22.520000457763672,22.520000457763672,22.079999923706055,22.219999313354492,22.219999313354492,2758,0.0,0.0
2012-01-16,22.25,22.260000228881836,22.0,22.079999923706055,22.079999923706055,3720,0.0,0.0
2012-01-17,22.40999984741211,22.440000534057617,22.350000381469727,22.350000381469727,22.350000381469727,660,0.0,0.0
2012-01-18,22.219999313354492,22.219999313354492,22.219999313354492,22.219999313354492,22.219999313354492,0,0.0,0.0
2012-01-19,22.549999237060547,22.65999984741211,22.549999237060547,22.700000762939453,22.700000762939453,6446,0.0,0.0
2012-01-20,23.09000015258789,23.559999465942383,23.09000015258789,23.420000076293945,23.420000076293945,7153,0.0,0.0
2012-01-23,23.530000686645508,23.530000686645508,23.530000686645508,23.559999465942383,23.559999465942383,200,0.0,0.0
2012-01-24,23.450000762939453,23.450000762939453,23.270000457763672,23.440000534057617,23.440000534057617,266,0.0,0.0
2012-01-25,23.790000915527344,23.799999237060547,23.56999969482422,23.770000457763672,23.770000457763672,2129,0.0,0.0
2012-01-26,24.030000686645508,24.670000076293945,24.030000686645508,24.579999923706055,24.579999923706055,1718,0.0,0.0
2012-01-27,24.770000457763672,24.770000457763672,24.690000534057617,24.719999313354492,24.719999313354492,19,0.0,0.0
2012-01-30,24.450000762939453,24.450000762939453,24.450000762939453,24.43000030517578,24.43000030517578,70,0.0,0.0
2012-01-31,24.3799991607666,24.3799991607666,23.739999771118164,23.790000915527344,23.790000915527344,1183,0.0,0.0
2012-02-01,23.709999084472656,23.8700008392334,23.59000015258789,23.860000610351562,23.860000610351562,2982,0.0,0.0
2012-02-02,24.040000915527344,24.18000030517578,24.040000915527344,23.809999465942383,23.809999465942383,2746,0.0,0.0
2012-02-03,23.829999923706055,23.90999984741211,23.75,24.450000762939453,24.450000762939453,31971,0.0,0.0
2012-02-06,24.280000686645508,24.299999237060547,24.18000030517578,24.440000534057617,24.440000534057617,8034,0.0,0.0
2012-02-07,24.420000076293945,24.420000076293945,24.420000076293945,24.649999618530273,24.649999618530273,59,0.0,0.0
2012-02-08,25.110000610351562,25.110000610351562,24.959999084472656,24.950000762939453,24.950000762939453,4252,0.0,0.0
2012-02-09,24.479999542236328,24.6200008392334,24.479999542236328,24.799999237060547,24.799999237060547,11670,0.0,0.0
2012-02-10,24.3799991607666,24.3799991607666,23.68000030517578,23.690000534057617,23.690000534057617,199,0.0,0.0
2012-02-13,23.549999237060547,23.549999237060547,23.549999237060547,23.549999237060547,23.549999237060547,67,0.0,0.0
2012-02-14,23.329999923706055,23.329999923706055,23.0,22.8799991607666,22.8799991607666,698,0.0,0.0
2012-02-15,23.1299991607666,23.1299991607666,22.899999618530273,22.8799991607666,22.8799991607666,236,0.0,0.0
2012-02-16,22.65999984741211,22.65999984741211,22.639999389648438,22.75,22.75,2650,0.0,0.0
2012-02-17,22.920000076293945,22.950000762939453,22.489999771118164,22.260000228881836,22.260000228881836,152,0.0,0.0
2012-02-20,22.68000030517578,22.68000030517578,22.68000030517578,22.530000686645508,22.530000686645508,60,0.0,0.0
2012-02-21,22.729999542236328,23.239999771118164,22.729999542236328,23.290000915527344,23.290000915527344,57016,0.0,0.0
2012-02-22,22.979999542236328,23.1200008392334,22.979999542236328,23.040000915527344,23.040000915527344,7804,0.0,0.0
2012-02-23,23.040000915527344,23.040000915527344,22.729999542236328,22.8799991607666,22.8799991607666,552,0.0,0.0
2012-02-24,22.709999084472656,22.850000381469727,22.709999084472656,22.84000015258789,22.84000015258789,83213,0.0,0.0
2012-02-27,23.084999084472656,23.084999084472656,23.084999084472656,23.084999084472656,23.084999084472656,0,0.0,0.0
2012-02-28,22.729999542236328,22.729999542236328,22.729999542236328,22.729999542236328,22.729999542236328,0,0.0,0.0
2012-02-29,22.989999771118164,22.989999771118164,22.899999618530273,22.299999237060547,22.299999237060547,2270,0.0,0.0
2012-03-01,22.489999771118164,22.670000076293945,22.489999771118164,22.420000076293945,22.420000076293945,90196,0.0,0.0
2012-03-02,22.270000457763672,22.280000686645508,22.209999084472656,22.09000015258789,22.09000015258789,15949,0.0,0.0
2012-03-05,21.979999542236328,21.979999542236328,21.850000381469727,21.780000686645508,21.780000686645508,7492,0.0,0.0
2012-03-06,21.350000381469727,21.350000381469727,21.260000228881836,21.299999237060547,21.299999237060547,486,0.0,0.0
2012-03-07,21.450000762939453,21.520000457763672,21.389999389648438,21.510000228881836,21.510000228881836,966,0.0,0.0
2012-03-08,21.809999465942383,21.809999465942383,21.479999542236328,21.469999313354492,21.469999313354492,8604,0.0,0.0
2012-03-09,21.600000381469727,21.610000610351562,21.420000076293945,21.729999542236328,21.729999542236328,3530,0.0,0.0
2012-03-12,21.905000686645508,21.905000686645508,21.905000686645508,21.905000686645508,21.905000686645508,0,0.0,0.0
2012-03-13,22.190000534057617,22.190000534057617,22.190000534057617,22.219999313354492,22.219999313354492,400,0.0,0.0
2012-03-14,22.1299991607666,22.229999542236328,22.030000686645508,22.06999969482422,22.06999969482422,696,0.0,0.0
2012-03-15,21.8799991607666,21.8799991607666,21.8799991607666,22.149999618530273,22.149999618530273,500,0.0,0.0
2012-03-16,21.979999542236328,21.989999771118164,21.780000686645508,21.639999389648438,21.639999389648438,95598,0.0,0.0
2012-03-19,21.700000762939453,21.700000762939453,21.40999984741211,21.40999984741211,21.40999984741211,27278,0.0,0.0
2012-03-20,21.540000915527344,21.549999237060547,21.350000381469727,21.3799991607666,21.3799991607666,10488,0.0,0.0
2012-03-21,21.440000534057617,21.440000534057617,21.440000534057617,21.440000534057617,21.440000534057617,400,0.0,0.0
2012-03-22,20.860000610351562,20.860000610351562,20.860000610351562,20.799999237060547,20.799999237060547,5800,0.0,0.0
2012-03-23,20.989999771118164,20.989999771118164,20.75,20.850000381469727,20.850000381469727,8842,0.0,0.0
2012-03-26,20.709999084472656,20.709999084472656,20.709999084472656,20.690000534057617,20.690000534057617,3875,0.0,0.0
2012-03-27,20.770000457763672,20.770000457763672,20.549999237060547,20.389999389648438,20.389999389648438,63195,0.0,0.0
2012-03-28,20.260000228881836,20.260000228881836,20.260000228881836,20.020000457763672,20.020000457763672,24500,0.0,0.0
2012-03-29,20.06999969482422,20.06999969482422,19.799999237060547,19.719999313354492,19.719999313354492,28500,0.0,0.0
2012-03-30,19.889999389648438,19.90999984741211,19.889999389648438,19.90999984741211,19.90999984741211,5139,0.0,0.0
2012-04-02,20.510000228881836,20.579999923706055,20.299999237060547,20.780000686645508,20.780000686645508,2177,0.0,0.0
2012-04-03,20.8799991607666,21.1299991607666,20.790000915527344,20.979999542236328,20.979999542236328,32749,0.0,0.0
2012-04-04,20.649999618530273,20.649999618530273,20.649999618530273,20.540000915527344,20.540000915527344,240,0.0,0.0
2012-04-05,20.329999923706055,20.360000610351562,20.329999923706055,20.760000228881836,20.760000228881836,2407,0.0,0.0
2012-04-10,20.170000076293945,20.170000076293945,20.170000076293945,20.34000015258789,20.34000015258789,676,0.0,0.0
2012-04-11,20.459999084472656,20.649999618530273,20.459999084472656,20.6200008392334,20.6200008392334,5064,0.0,0.0
2012-04-12,20.559999465942383,20.8799991607666,20.559999465942383,20.889999389648438,20.889999389648438,49538,0.0,0.0
2012-04-13,20.780000686645508,21.09000015258789,20.780000686645508,20.690000534057617,20.690000534057617,6207,0.0,0.0
2012-04-16,20.459999084472656,20.459999084472656,20.459999084472656,20.209999084472656,20.209999084472656,726,0.0,0.0
2012-04-17,20.1299991607666,20.1299991607666,20.1200008392334,20.299999237060547,20.299999237060547,1422,0.0,0.0
2012-04-18,20.299999237060547,20.299999237060547,20.25,20.239999771118164,20.239999771118164,4619,0.0,0.0
2012-04-19,20.100000381469727,20.110000610351562,20.100000381469727,20.110000610351562,20.110000610351562,1900,0.0,0.0
2012-04-20,20.190000534057617,20.399999618530273,20.049999237060547,20.3700008392334,20.3700008392334,369,0.0,0.0
2012-04-23,19.93000030517578,20.010000228881836,19.93000030517578,19.979999542236328,19.979999542236328,462,0.0,0.0
2012-04-24,20.059999465942383,20.079999923706055,19.860000610351562,19.889999389648438,19.889999389648438,14228,0.0,0.0
2012-04-25,19.829999923706055,20.079999923706055,19.829999923706055,20.030000686645508,20.030000686645508,1187,0.0,0.0
2012-04-26,20.31999969482422,20.790000915527344,20.31999969482422,20.65999984741211,20.65999984741211,2709,0.0,0.0
2012-04-27,20.860000610351562,20.860000610351562,20.780000686645508,20.639999389648438,20.639999389648438,80,0.0,0.0
2012-04-30,20.165000915527344,20.165000915527344,20.165000915527344,20.165000915527344,20.165000915527344,0,0.0,0.0
2012-05-01,20.184999465942383,20.184999465942383,20.184999465942383,20.184999465942383,20.184999465942383,0,0.0,0.0
2012-05-02,20.25,20.25,19.59000015258789,19.6200008392334,19.6200008392334,34701,0.0,0.0
2012-05-03,19.780000686645508,19.799999237060547,19.780000686645508,19.850000381469727,19.850000381469727,2895,0.0,0.0
2012-05-04,19.8799991607666,19.8799991607666,19.809999465942383,19.760000228881836,19.760000228881836,6552,0.0,0.0
2012-05-08,20.899999618530273,20.899999618530273,19.5,19.5,19.5,2756,0.0,0.0
2012-05-09,19.399999618530273,19.43000030517578,19.399999618530273,19.510000228881836,19.510000228881836,3000,0.0,0.0
2012-05-10,19.3700008392334,19.3700008392334,19.3700008392334,19.520000457763672,19.520000457763672,1350,0.0,0.0
2012-05-11,19.3799991607666,19.3799991607666,19.299999237060547,19.469999313354492,19.469999313354492,2220,0.0,0.0
2012-05-14,19.200000762939453,19.200000762939453,19.200000762939453,19.209999084472656,19.209999084472656,4602,0.0,0.0
2012-05-15,19.229999542236328,19.229999542236328,19.149999618530273,19.18000030517578,19.18000030517578,1015,0.0,0.0
2012-05-16,19.059999465942383,19.18000030517578,19.059999465942383,19.360000610351562,19.360000610351562,2540,0.0,0.0
2012-05-17,19.1200008392334,19.149999618530273,19.1200008392334,19.440000534057617,19.440000534057617,2645,0.0,0.0
2012-05-18,19.434999465942383,19.434999465942383,19.434999465942383,19.434999465942383,19.434999465942383,0,0.0,0.0
2012-05-21,19.19499969482422,19.19499969482422,19.19499969482422,19.19499969482422,19.19499969482422,0,0.0,0.0
2012-05-22,19.329999923706055,19.6200008392334,19.260000228881836,19.280000686645508,19.280000686645508,2800,0.0,0.0
2012-05-23,19.030000686645508,19.100000381469727,18.940000534057617,18.979999542236328,18.979999542236328,13341,0.0,0.0
2012-05-24,19.030000686645508,19.239999771118164,19.030000686645508,19.239999771118164,19.239999771118164,3599,0.0,0.0
2012-05-25,19.3700008392334,19.3700008392334,19.31999969482422,19.309999465942383,19.309999465942383,3529,0.0,0.0
2012-05-29,19.219999313354492,19.219999313354492,19.219999313354492,19.170000076293945,19.170000076293945,158,0.0,0.0
2012-05-30,18.334999084472656,18.334999084472656,18.334999084472656,18.334999084472656,18.334999084472656,0,0.0,0.0
2012-05-31,18.579999923706055,18.579999923706055,18.559999465942383,18.489999771118164,18.489999771118164,220,0.0,0.0
2012-06-01,18.280000686645508,18.280000686645508,18.280000686645508,18.329999923706055,18.329999923706055,107,0.0,0.0
2012-06-06,18.290000915527344,18.420000076293945,18.06999969482422,18.110000610351562,18.110000610351562,27330,0.0,0.0
2012-06-07,18.639999389648438,18.780000686645508,18.559999465942383,18.65999984741211,18.65999984741211,10616,0.0,0.0
2012-06-08,18.459999084472656,18.610000610351562,18.459999084472656,18.770000457763672,18.770000457763672,34695,0.0,0.0
2012-06-11,19.1200008392334,19.1200008392334,19.1200008392334,19.200000762939453,19.200000762939453,2500,0.0,0.0
2012-06-12,19.239999771118164,19.450000762939453,19.239999771118164,19.530000686645508,19.530000686645508,502,0.0,0.0
2012-06-13,19.309999465942383,19.309999465942383,19.309999465942383,19.309999465942383,19.309999465942383,0,0.0,0.0
2012-06-14,18.975000381469727,18.975000381469727,18.975000381469727,18.975000381469727,18.975000381469727,0,0.0,0.0
2012-06-15,18.950000762939453,18.950000762939453,18.950000762939453,18.950000762939453,18.950000762939453,0,0.0,0.0
2012-06-18,18.959999084472656,18.959999084472656,18.950000762939453,18.940000534057617,18.940000534057617,1733,0.0,0.0
2012-06-19,18.950000762939453,18.950000762939453,18.950000762939453,19.149999618530273,19.149999618530273,82,0.0,0.0
2012-06-20,19.299999237060547,19.299999237060547,19.239999771118164,19.309999465942383,19.309999465942383,454,0.0,0.0
2012-06-21,18.969999313354492,18.969999313354492,18.969999313354492,18.649999618530273,18.649999618530273,36,0.0,0.0
2012-06-22,18.34000015258789,18.549999237060547,18.34000015258789,18.600000381469727,18.600000381469727,6885,0.0,0.0
2012-06-25,18.68000030517578,18.68000030517578,18.469999313354492,18.440000534057617,18.440000534057617,115,0.0,0.0
2012-06-26,18.399999618530273,18.510000228881836,18.360000610351562,18.309999465942383,18.309999465942383,1578,0.0,0.0
2012-06-27,18.34000015258789,18.34000015258789,18.34000015258789,18.34000015258789,18.34000015258789,0,0.0,0.0
2012-06-28,18.549999237060547,18.670000076293945,18.25,18.25,18.25,9709,0.0,0.0
2012-06-29,18.920000076293945,18.920000076293945,18.920000076293945,18.8799991607666,18.8799991607666,54,0.0,0.0
2012-07-02,18.950000762939453,18.950000762939453,18.84000015258789,18.899999618530273,18.899999618530273,7318,0.0,0.0
2012-07-03,19.270000457763672,19.540000915527344,19.270000457763672,19.6200008392334,19.6200008392334,605,0.0,0.0
2012-07-04,19.329999923706055,19.34000015258789,19.329999923706055,19.170000076293945,19.170000076293945,238,0.0,0.0
2012-07-05,19.200000762939453,19.209999084472656,19.200000762939453,19.010000228881836,19.010000228881836,4,0.0,0.0
2012-07-06,18.860000610351562,18.860000610351562,18.469999313354492,18.459999084472656,18.459999084472656,3044,0.0,0.0
2012-07-09,18.420000076293945,18.420000076293945,18.420000076293945,18.459999084472656,18.459999084472656,69,0.0,0.0
2012-07-10,18.260000228881836,18.260000228881836,18.260000228881836,18.260000228881836,18.260000228881836,0,0.0,0.0
2012-07-11,18.219999313354492,18.219999313354492,18.219999313354492,18.229999542236328,18.229999542236328,730,0.0,0.0
2012-07-12,18.219999313354492,18.219999313354492,17.8700008392334,17.860000610351562,17.860000610351562,10307,0.0,0.0
2012-07-13,18.059999465942383,18.299999237060547,18.059999465942383,18.31999969482422,18.31999969482422,594,0.0,0.0
2012-07-16,18.1200008392334,18.18000030517578,18.1200008392334,18.260000228881836,18.260000228881836,260,0.0,0.0
2012-07-17,18.170000076293945,18.170000076293945,18.170000076293945,18.170000076293945,18.170000076293945,0,0.0,0.0
2012-07-18,17.969999313354492,18.190000534057617,17.969999313354492,18.190000534057617,18.190000534057617,2885,0.0,0.0
2012-07-19,18.209999084472656,18.209999084472656,18.209999084472656,18.31999969482422,18.31999969482422,120,0.0,0.0
2012-07-20,18.139999389648438,18.139999389648438,17.950000762939453,17.950000762939453,17.950000762939453,601,0.0,0.0
2012-07-23,17.780000686645508,17.780000686645508,17.549999237060547,17.700000762939453,17.700000762939453,8186,0.0,0.0
2012-07-24,17.610000610351562,17.610000610351562,17.610000610351562,17.690000534057617,17.690000534057617,3429,0.0,0.0
2012-07-25,17.540000915527344,17.860000610351562,17.540000915527344,17.90999984741211,17.90999984741211,3691,0.0,0.0
2012-07-26,17.989999771118164,18.100000381469727,17.959999084472656,17.959999084472656,17.959999084472656,5108,0.0,0.0
2012-07-27,18.09000015258789,18.09000015258789,17.989999771118164,17.950000762939453,17.950000762939453,991,0.0,0.0
2012-07-30,18.15999984741211,18.270000457763672,18.149999618530273,18.219999313354492,18.219999313354492,20946,0.0,0.0
2012-07-31,18.170000076293945,18.229999542236328,18.139999389648438,18.040000915527344,18.040000915527344,5079,0.0,0.0
2012-08-01,17.860000610351562,17.899999618530273,17.739999771118164,17.649999618530273,17.649999618530273,4672,0.0,0.0
2012-08-02,17.56999969482422,17.68000030517578,17.200000762939453,17.200000762939453,17.200000762939453,4630,0.0,0.0
2012-08-03,17.440000534057617,17.549999237060547,17.420000076293945,17.670000076293945,17.670000076293945,976,0.0,0.0
2012-08-06,17.649999618530273,17.649999618530273,17.649999618530273,17.649999618530273,17.649999618530273,0,0.0,0.0
2012-08-07,17.829999923706055,17.860000610351562,17.829999923706055,17.829999923706055,17.829999923706055,2099,0.0,0.0
2012-08-08,17.65999984741211,17.65999984741211,17.6200008392334,17.65999984741211,17.65999984741211,134,0.0,0.0
2012-08-09,17.540000915527344,17.540000915527344,17.540000915527344,17.479999542236328,17.479999542236328,266,0.0,0.0
2012-08-10,17.34000015258789,17.34000015258789,17.34000015258789,17.290000915527344,17.290000915527344,73,0.0,0.0
2012-08-13,17.18000030517578,17.18000030517578,17.18000030517578,17.31999969482422,17.31999969482422,61,0.0,0.0
2012-08-14,17.549999237060547,17.549999237060547,17.549999237060547,17.450000762939453,17.450000762939453,7000,0.0,0.0
2012-08-15,17.149999618530273,17.149999618530273,17.149999618530273,17.200000762939453,17.200000762939453,53,0.0,0.0
2012-08-16,17.209999084472656,17.209999084472656,17.209999084472656,17.43000030517578,17.43000030517578,1240,0.0,0.0
2012-08-17,17.549999237060547,17.549999237060547,17.360000610351562,17.540000915527344,17.540000915527344,1571,0.0,0.0
2012-08-20,17.459999084472656,17.459999084472656,17.459999084472656,17.479999542236328,17.479999542236328,164,0.0,0.0
2012-08-21,17.5,17.799999237060547,17.5,17.84000015258789,17.84000015258789,23577,0.0,0.0
2012-08-22,17.889999389648438,17.889999389648438,17.860000610351562,18.06999969482422,18.06999969482422,70202,0.0,0.0
2012-08-23,18.290000915527344,18.290000915527344,18.270000457763672,18.469999313354492,18.469999313354492,3410,0.0,0.0
2012-08-24,18.389999389648438,18.389999389648438,18.360000610351562,18.559999465942383,18.559999465942383,587,0.0,0.0
2012-08-28,18.3799991607666,18.420000076293945,18.25,18.260000228881836,18.260000228881836,721,0.0,0.0
2012-08-29,18.239999771118164,18.40999984741211,18.239999771118164,18.420000076293945,18.420000076293945,1307,0.0,0.0
2012-08-30,18.40999984741211,18.5,18.40999984741211,18.1299991607666,18.1299991607666,8711,0.0,0.0
2012-08-31,18.1200008392334,18.1200008392334,17.75,17.8799991607666,17.8799991607666,38460,0.0,0.0
2012-09-03,17.790000915527344,17.790000915527344,17.790000915527344,18.309999465942383,18.309999465942383,588,0.0,0.0
2012-09-04,18.229999542236328,18.229999542236328,18.079999923706055,18.079999923706055,18.079999923706055,7191,0.0,0.0
2012-09-05,17.850000381469727,17.850000381469727,17.850000381469727,18.059999465942383,18.059999465942383,2463,0.0,0.0
2012-09-06,18.170000076293945,18.200000762939453,18.170000076293945,18.149999618530273,18.149999618530273,33232,0.0,0.0
2012-09-07,18.290000915527344,18.290000915527344,18.290000915527344,18.40999984741211,18.40999984741211,1000,0.0,0.0
2012-09-10,18.6200008392334,18.81999969482422,18.6200008392334,18.84000015258789,18.84000015258789,652,0.0,0.0
2012-09-11,18.719999313354492,18.81999969482422,18.719999313354492,18.940000534057617,18.940000534057617,360746,0.0,0.0
2012-09-12,18.829999923706055,18.829999923706055,18.829999923706055,18.700000762939453,18.700000762939453,339,0.0,0.0
2012-09-13,18.860000610351562,18.860000610351562,18.799999237060547,18.850000381469727,18.850000381469727,100069,0.0,0.0
2012-09-14,19.75,19.969999313354492,19.75,19.950000762939453,19.950000762939453,19358,0.0,0.0
2012-09-17,20.200000762939453,20.440000534057617,20.200000762939453,20.420000076293945,20.420000076293945,3687,0.0,0.0
2012-09-18,20.200000762939453,20.239999771118164,20.200000762939453,20.1299991607666,20.1299991607666,6512,0.0,0.0
2012-09-19,20.34000015258789,20.34000015258789,19.989999771118164,20.1200008392334,20.1200008392334,27410,0.0,0.0
2012-09-20,19.84000015258789,19.979999542236328,19.84000015258789,19.950000762939453,19.950000762939453,1153,0.0,0.0
2012-09-21,20.350000381469727,20.360000610351562,20.350000381469727,20.34000015258789,20.34000015258789,2627,0.0,0.0
2012-09-24,20.299999237060547,20.299999237060547,20.190000534057617,20.309999465942383,20.309999465942383,3266,0.0,0.0
2012-09-25,20.459999084472656,20.670000076293945,20.420000076293945,20.65999984741211,20.65999984741211,10961,0.0,0.0
2012-09-26,20.520000457763672,20.530000686645508,20.149999618530273,20.31999969482422,20.31999969482422,14575,0.0,0.0
2012-09-27,20.459999084472656,20.530000686645508,20.459999084472656,20.510000228881836,20.510000228881836,4535,0.0,0.0
2012-09-28,20.899999618530273,20.950000762939453,20.780000686645508,20.770000457763672,20.770000457763672,188464,0.0,0.0
2012-10-01,21.040000915527344,21.040000915527344,21.040000915527344,21.020000457763672,21.020000457763672,498,0.0,0.0
2012-10-02,21.1299991607666,21.1299991607666,20.799999237060547,20.8799991607666,20.8799991607666,442,0.0,0.0
2012-10-03,20.799999237060547,21.0,20.75,20.809999465942383,20.809999465942383,102387,0.0,0.0
2012-10-04,20.899999618530273,21.020000457763672,20.899999618530273,20.920000076293945,20.920000076293945,569,0.0,0.0
2012-10-05,21.030000686645508,21.030000686645508,20.93000030517578,20.65999984741211,20.65999984741211,608,0.0,0.0
2012-10-08,20.309999465942383,20.309999465942383,20.309999465942383,20.229999542236328,20.229999542236328,37,0.0,0.0
2012-10-09,20.280000686645508,20.31999969482422,20.079999923706055,20.1200008392334,20.1200008392334,4887,0.0,0.0
2012-10-10,19.8700008392334,19.950000762939453,19.8700008392334,19.850000381469727,19.850000381469727,77,0.0,0.0
2012-10-11,19.809999465942383,20.030000686645508,19.75,19.799999237060547,19.799999237060547,12559,0.0,0.0
2012-10-12,19.639999389648438,19.639999389648438,19.309999465942383,19.260000228881836,19.260000228881836,5090,0.0,0.0
2012-10-15,19.280000686645508,19.360000610351562,19.020000457763672,19.079999923706055,19.079999923706055,26149,0.0,0.0
2012-10-16,19.239999771118164,19.280000686645508,19.239999771118164,19.040000915527344,19.040000915527344,2060,0.0,0.0
2012-10-17,19.0,19.100000381469727,18.90999984741211,19.200000762939453,19.200000762939453,10495,0.0,0.0
2012-10-18,19.489999771118164,19.489999771118164,19.389999389648438,19.399999618530273,19.399999618530273,181,0.0,0.0
2012-10-19,18.950000762939453,18.950000762939453,18.950000762939453,19.010000228881836,19.010000228881836,2,0.0,0.0
2012-10-22,18.635000228881836,18.635000228881836,18.635000228881836,18.635000228881836,18.635000228881836,0,0.0,0.0
2012-10-23,18.299999237060547,18.399999618530273,18.059999465942383,18.350000381469727,18.350000381469727,3297,0.0,0.0
2012-10-24,18.190000534057617,18.40999984741211,18.190000534057617,18.40999984741211,18.40999984741211,17967,0.0,0.0
2012-10-25,18.209999084472656,18.540000915527344,18.209999084472656,18.260000228881836,18.260000228881836,632,0.0,0.0
2012-10-26,17.760000228881836,18.0,17.760000228881836,17.979999542236328,17.979999542236328,3080,0.0,0.0
2012-10-29,17.969999313354492,17.969999313354492,17.809999465942383,17.739999771118164,17.739999771118164,967,0.0,0.0
2012-10-30,18.049999237060547,18.049999237060547,18.049999237060547,17.959999084472656,17.959999084472656,1292,0.0,0.0
2012-10-31,18.260000228881836,18.31999969482422,18.260000228881836,18.149999618530273,18.149999618530273,9350,0.0,0.0
2012-11-01,18.329999923706055,18.389999389648438,18.329999923706055,18.309999465942383,18.309999465942383,1983,0.0,0.0
2012-11-02,18.110000610351562,18.1200008392334,18.049999237060547,17.90999984741211,17.90999984741211,52897,0.0,0.0
2012-11-05,17.719999313354492,18.0,17.6200008392334,17.860000610351562,17.860000610351562,14600,0.0,0.0
2012-11-06,17.979999542236328,18.06999969482422,17.84000015258789,17.93000030517578,17.93000030517578,915,0.0,0.0
2012-11-07,18.34000015258789,18.34000015258789,17.93000030517578,17.84000015258789,17.84000015258789,4042,0.0,0.0
2012-11-08,18.0,18.030000686645508,18.0,18.020000457763672,18.020000457763672,13702,0.0,0.0
2012-11-09,18.18000030517578,18.18000030517578,17.860000610351562,17.940000534057617,17.940000534057617,626,0.0,0.0
2012-11-12,17.959999084472656,17.959999084472656,17.959999084472656,17.899999618530273,17.899999618530273,20,0.0,0.0
2012-11-13,17.700000762939453,18.149999618530273,17.700000762939453,18.1299991607666,18.1299991607666,1654,0.0,0.0
2012-11-14,18.110000610351562,18.139999389648438,18.079999923706055,18.15999984741211,18.15999984741211,1353,0.0,0.0
2012-11-15,18.110000610351562,18.110000610351562,18.030000686645508,17.940000534057617,17.940000534057617,611,0.0,0.0
2012-11-16,17.934999465942383,17.934999465942383,17.934999465942383,17.934999465942383,17.934999465942383,0,0.0,0.0
2012-11-19,17.959999084472656,17.959999084472656,17.959999084472656,18.290000915527344,18.290000915527344,50,0.0,0.0
2012-11-20,18.479999542236328,18.479999542236328,18.479999542236328,18.639999389648438,18.639999389648438,10,0.0,0.0
2012-11-21,18.65999984741211,18.670000076293945,18.6299991607666,18.6299991607666,18.6299991607666,1456,0.0,0.0
2012-11-22,18.81999969482422,18.860000610351562,18.6200008392334,18.68000030517578,18.68000030517578,1022,0.0,0.0
2012-11-23,18.6200008392334,18.6200008392334,18.530000686645508,18.670000076293945,18.670000076293945,93966,0.0,0.0
2012-11-26,18.729999542236328,18.729999542236328,18.719999313354492,18.670000076293945,18.670000076293945,21031,0.0,0.0
2012-11-27,18.649999618530273,18.790000915527344,18.649999618530273,18.780000686645508,18.780000686645508,7201,0.0,0.0
2012-11-28,18.940000534057617,19.010000228881836,18.940000534057617,19.049999237060547,19.049999237060547,39,0.0,0.0
2012-11-29,19.239999771118164,19.420000076293945,19.239999771118164,19.190000534057617,19.190000534057617,8849,0.0,0.0
2012-11-30,19.149999618530273,19.299999237060547,19.149999618530273,19.40999984741211,19.40999984741211,43705,0.0,0.0
2012-12-03,19.649999618530273,19.799999237060547,19.649999618530273,19.739999771118164,19.739999771118164,2161,0.0,0.0
2012-12-04,19.450000762939453,19.510000228881836,19.290000915527344,19.290000915527344,19.290000915527344,2591,0.0,0.0
2012-12-05,19.540000915527344,19.600000381469727,19.5,19.530000686645508,19.530000686645508,7775,0.0,0.0
2012-12-06,19.639999389648438,19.639999389648438,19.360000610351562,19.34000015258789,19.34000015258789,14705,0.0,0.0
2012-12-07,19.190000534057617,19.260000228881836,19.190000534057617,19.219999313354492,19.219999313354492,6485,0.0,0.0
2012-12-10,19.549999237060547,19.90999984741211,19.549999237060547,19.860000610351562,19.860000610351562,3012,0.0,0.0
2012-12-11,19.739999771118164,19.8700008392334,19.739999771118164,19.829999923706055,19.829999923706055,600,0.0,0.0
2012-12-12,19.90999984741211,19.920000076293945,19.899999618530273,19.850000381469727,19.850000381469727,4373,0.0,0.0
2012-12-13,19.600000381469727,19.68000030517578,19.520000457763672,19.59000015258789,19.59000015258789,1682,0.0,0.0
2012-12-14,19.860000610351562,19.940000534057617,19.850000381469727,19.959999084472656,19.959999084472656,19828,0.0,0.0
2012-12-17,19.950000762939453,19.950000762939453,19.719999313354492,19.780000686645508,19.780000686645508,757,0.0,0.0
2012-12-18,19.75,19.850000381469727,19.729999542236328,19.799999237060547,19.799999237060547,3736,0.0,0.0
2012-12-19,19.6299991607666,19.6299991607666,19.6299991607666,19.75,19.75,17,0.0,0.0
2012-12-20,19.59000015258789,19.65999984741211,19.5,19.489999771118164,19.489999771118164,40439,0.0,0.0
2012-12-21,19.489999771118164,19.530000686645508,19.489999771118164,19.56999969482422,19.56999969482422,31,0.0,0.0
2012-12-24,19.2450008392334,19.2450008392334,19.2450008392334,19.2450008392334,19.2450008392334,0,0.0,0.0
2012-12-27,19.59000015258789,19.59000015258789,19.209999084472656,19.219999313354492,19.219999313354492,692,0.0,0.0
2012-12-28,19.165000915527344,19.165000915527344,19.165000915527344,19.165000915527344,19.165000915527344,0,0.0,0.0
2012-12-31,19.09000015258789,19.25,19.09000015258789,19.139999389648438,19.139999389648438,190,0.0,0.0
2013-01-02,19.790000915527344,19.790000915527344,19.579999923706055,19.639999389648438,19.639999389648438,1058,0.0,0.0
2013-01-03,19.649999618530273,19.829999923706055,19.649999618530273,19.719999313354492,19.719999313354492,348,0.0,0.0
2013-01-04,19.530000686645508,19.530000686645508,19.530000686645508,19.5,19.5,1010,0.0,0.0
2013-01-07,19.200000762939453,19.200000762939453,19.200000762939453,19.209999084472656,19.209999084472656,1622,0.0,0.0
2013-01-08,19.079999923706055,19.25,19.079999923706055,19.170000076293945,19.170000076293945,1884,0.0,0.0
2013-01-09,19.469999313354492,19.469999313354492,19.469999313354492,19.5,19.5,512,0.0,0.0
2013-01-10,19.6299991607666,19.6299991607666,19.5,19.469999313354492,19.469999313354492,557,0.0,0.0
2013-01-11,19.415000915527344,19.415000915527344,19.415000915527344,19.415000915527344,19.415000915527344,0,0.0,0.0
2013-01-14,19.469999313354492,19.5,19.43000030517578,19.389999389648438,19.389999389648438,4164,0.0,0.0
2013-01-15,19.229999542236328,19.229999542236328,19.1299991607666,19.219999313354492,19.219999313354492,5013,0.0,0.0
2013-01-16,19.399999618530273,19.5,19.399999618530273,19.549999237060547,19.549999237060547,6046,0.0,0.0
2013-01-17,19.329999923706055,19.530000686645508,19.31999969482422,19.459999084472656,19.459999084472656,200087,0.0,0.0
2013-01-18,19.670000076293945,19.700000762939453,19.670000076293945,19.549999237060547,19.549999237060547,4000,0.0,0.0
2013-01-21,19.469999313354492,19.469999313354492,19.389999389648438,19.43000030517578,19.43000030517578,1833,0.0,0.0
2013-01-22,19.315000534057617,19.315000534057617,19.315000534057617,19.315000534057617,19.315000534057617,0,0.0,0.0
2013-01-23,19.559999465942383,19.639999389648438,19.559999465942383,19.510000228881836,19.510000228881836,3310,0.0,0.0
2013-01-24,19.375,19.375,19.375,19.375,19.375,0,0.0,0.0
2013-01-25,19.3799991607666,19.3799991607666,19.290000915527344,19.290000915527344,19.290000915527344,16351,0.0,0.0
2013-01-28,19.3700008392334,19.479999542236328,19.3700008392334,19.479999542236328,19.479999542236328,9964,0.0,0.0
2013-01-29,19.670000076293945,19.829999923706055,19.670000076293945,19.8799991607666,19.8799991607666,6935,0.0,0.0
2013-01-30,19.989999771118164,20.450000762939453,19.989999771118164,20.399999618530273,20.399999618530273,53047,0.0,0.0
2013-01-31,20.549999237060547,20.610000610351562,20.479999542236328,20.610000610351562,20.610000610351562,4513,0.0,0.0
2013-02-01,20.600000381469727,20.700000762939453,20.559999465942383,20.709999084472656,20.709999084472656,6905,0.0,0.0
2013-02-04,20.799999237060547,20.899999618530273,20.709999084472656,20.780000686645508,20.780000686645508,6058,0.0,0.0
2013-02-05,20.770000457763672,20.799999237060547,20.739999771118164,20.790000915527344,20.790000915527344,13544,0.0,0.0
2013-02-06,20.81999969482422,20.81999969482422,20.5,20.440000534057617,20.440000534057617,1859,0.0,0.0
2013-02-07,20.270000457763672,20.43000030517578,20.25,20.239999771118164,20.239999771118164,3303,0.0,0.0
2013-02-08,20.40999984741211,20.549999237060547,20.40999984741211,20.450000762939453,20.450000762939453,316,0.0,0.0
2013-02-11,20.270000457763672,20.270000457763672,20.270000457763672,20.290000915527344,20.290000915527344,28451,0.0,0.0
2013-02-12,20.290000915527344,20.3799991607666,20.290000915527344,20.31999969482422,20.31999969482422,1487,0.0,0.0
2013-02-13,20.3799991607666,20.3799991607666,20.3799991607666,20.3700008392334,20.3700008392334,1878,0.0,0.0
2013-02-14,20.559999465942383,20.559999465942383,20.399999618530273,20.260000228881836,20.260000228881836,7994,0.0,0.0
2013-02-15,20.3799991607666,20.3799991607666,20.3799991607666,20.309999465942383,20.309999465942383,13,0.0,0.0
2013-02-18,20.1200008392334,20.1200008392334,19.899999618530273,19.850000381469727,19.850000381469727,8817,0.0,0.0
2013-02-19,19.639999389648438,19.639999389648438,19.25,19.309999465942383,19.309999465942383,23519,0.0,0.0
2013-02-20,19.149999618530273,19.149999618530273,18.899999618530273,18.959999084472656,18.959999084472656,6500,0.0,0.0
2013-02-21,18.600000381469727,18.600000381469727,18.510000228881836,18.65999984741211,18.65999984741211,2800,0.0,0.0
2013-02-22,18.719999313354492,18.719999313354492,18.6200008392334,18.579999923706055,18.579999923706055,5834,0.0,0.0
2013-02-25,18.760000228881836,18.760000228881836,18.760000228881836,18.600000381469727,18.600000381469727,500,0.0,0.0
2013-02-26,18.34000015258789,18.5,18.329999923706055,18.440000534057617,18.440000534057617,14855,0.0,0.0
2013-02-27,18.450000762939453,18.450000762939453,18.450000762939453,18.649999618530273,18.649999618530273,130,0.0,0.0
2013-02-28,18.56999969482422,18.700000762939453,18.5,18.520000457763672,18.520000457763672,14290,0.0,0.0
2013-03-01,18.200000762939453,18.389999389648438,18.200000762939453,18.549999237060547,18.549999237060547,734,0.0,0.0
2013-03-04,18.360000610351562,18.540000915527344,18.360000610351562,18.479999542236328,18.479999542236328,19897,0.0,0.0
2013-03-05,18.520000457763672,18.520000457763672,18.3799991607666,18.360000610351562,18.360000610351562,330,0.0,0.0
2013-03-06,18.469999313354492,18.469999313354492,18.469999313354492,18.510000228881836,18.510000228881836,5400,0.0,0.0
2013-03-07,18.329999923706055,18.329999923706055,18.329999923706055,18.440000534057617,18.440000534057617,98,0.0,0.0
2013-03-08,18.540000915527344,18.540000915527344,18.540000915527344,18.540000915527344,18.540000915527344,0,0.0,0.0
2013-03-11,18.459999084472656,18.510000228881836,18.459999084472656,18.649999618530273,18.649999618530273,1030,0.0,0.0
2013-03-12,18.709999084472656,18.709999084472656,18.6200008392334,18.920000076293945,18.920000076293945,1163,0.0,0.0
2013-03-13,18.950000762939453,18.950000762939453,18.93000030517578,18.84000015258789,18.84000015258789,2902,0.0,0.0
2013-03-14,18.889999389648438,18.969999313354492,18.889999389648438,18.959999084472656,18.959999084472656,4330,0.0,0.0
2013-03-15,18.924999237060547,18.924999237060547,18.924999237060547,18.924999237060547,18.924999237060547,0,0.0,0.0
2013-03-18,18.350000381469727,18.350000381469727,18.350000381469727,18.450000762939453,18.450000762939453,590,0.0,0.0
2013-03-19,18.40999984741211,18.40999984741211,18.40999984741211,18.309999465942383,18.309999465942383,590,0.0,0.0
2013-03-20,18.600000381469727,18.600000381469727,18.600000381469727,18.690000534057617,18.690000534057617,148,0.0,0.0
2013-03-21,18.75,18.75,18.75,18.709999084472656,18.709999084472656,53000,0.0,0.0
2013-03-22,18.81999969482422,19.09000015258789,18.6200008392334,19.040000915527344,19.040000915527344,16430,0.0,0.0
2013-03-25,18.760000228881836,18.760000228881836,18.760000228881836,18.889999389648438,18.889999389648438,300,0.0,0.0
2013-03-26,18.979999542236328,18.979999542236328,18.979999542236328,18.670000076293945,18.670000076293945,10,0.0,0.0
2013-03-27,18.6299991607666,18.6299991607666,18.459999084472656,18.59000015258789,18.59000015258789,212,0.0,0.0
2013-03-28,18.44499969482422,18.44499969482422,18.44499969482422,18.44499969482422,18.44499969482422,0,0.0,0.0
2013-04-02,18.65999984741211,18.65999984741211,18.200000762939453,18.010000228881836,18.010000228881836,1735,0.0,0.0
2013-04-03,18.010000228881836,18.010000228881836,17.81999969482422,17.8700008392334,17.8700008392334,406,0.0,0.0
2013-04-04,17.969999313354492,17.969999313354492,17.969999313354492,17.969999313354492,17.969999313354492,8,0.0,0.0
2013-04-05,17.774999618530273,17.774999618530273,17.774999618530273,17.774999618530273,17.774999618530273,0,0.0,0.0
2013-04-08,17.920000076293945,17.920000076293945,17.860000610351562,17.81999969482422,17.81999969482422,916,0.0,0.0
2013-04-09,17.975000381469727,17.975000381469727,17.975000381469727,17.975000381469727,17.975000381469727,0,0.0,0.0
2013-04-10,18.049999237060547,18.15999984741211,17.940000534057617,17.90999984741211,17.90999984741211,306118,0.0,0.0
2013-04-11,17.829999923706055,17.860000610351562,17.790000915527344,17.809999465942383,17.809999465942383,27025,0.0,0.0
2013-04-12,17.81999969482422,17.989999771118164,17.639999389648438,17.610000610351562,17.610000610351562,3218,0.0,0.0
2013-04-15,17.350000381469727,17.350000381469727,16.989999771118164,17.329999923706055,17.329999923706055,7576,0.0,0.0
2013-04-16,17.260000228881836,17.360000610351562,17.190000534057617,17.559999465942383,17.559999465942383,4203,0.0,0.0
2013-04-17,17.219999313354492,17.219999313354492,17.040000915527344,17.059999465942383,17.059999465942383,2034,0.0,0.0
2013-04-18,17.1200008392334,17.1200008392334,17.1200008392334,17.1200008392334,17.1200008392334,0,0.0,0.0
2013-04-19,17.110000610351562,17.110000610351562,17.110000610351562,16.950000762939453,16.950000762939453,43,0.0,0.0
2013-04-22,16.90999984741211,16.90999984741211,16.90999984741211,16.90999984741211,16.90999984741211,0,0.0,0.0
2013-04-23,16.760000228881836,16.760000228881836,16.760000228881836,16.760000228881836,16.760000228881836,89,0.0,0.0
2013-04-24,16.93000030517578,16.93000030517578,16.93000030517578,16.84000015258789,16.84000015258789,860,0.0,0.0
2013-04-25,16.8799991607666,16.989999771118164,16.81999969482422,17.200000762939453,17.200000762939453,1978,0.0,0.0
2013-04-26,16.885000228881836,16.885000228881836,16.885000228881836,16.885000228881836,16.885000228881836,0,0.0,0.0
2013-04-29,16.790000915527344,16.989999771118164,16.790000915527344,17.09000015258789,17.09000015258789,17891,0.0,0.0
2013-04-30,17.1200008392334,17.1200008392334,17.100000381469727,16.81999969482422,16.81999969482422,1117,0.0,0.0
2013-05-01,16.405000686645508,16.405000686645508,16.405000686645508,16.405000686645508,16.405000686645508,0,0.0,0.0
2013-05-02,16.15999984741211,16.15999984741211,16.15999984741211,16.15999984741211,16.15999984741211,0,0.0,0.0
2013-05-03,16.440000534057617,16.59000015258789,16.59000015258789,16.59000015258789,16.59000015258789,1000,0.0,0.0
2013-05-07,16.579999923706055,16.690000534057617,16.5,16.690000534057617,16.690000534057617,8463,0.0,0.0
2013-05-08,16.989999771118164,17.139999389648438,16.959999084472656,17.06999969482422,17.06999969482422,5024,0.0,0.0
2013-05-09,16.899999618530273,17.1200008392334,16.899999618530273,17.010000228881836,17.010000228881836,20990,0.0,0.0
2013-05-10,17.079999923706055,17.079999923706055,16.889999389648438,16.899999618530273,16.899999618530273,6627,0.0,0.0
2013-05-13,16.975000381469727,16.975000381469727,16.975000381469727,16.975000381469727,16.975000381469727,0,0.0,0.0
2013-05-14,16.899999618530273,16.899999618530273,16.860000610351562,16.709999084472656,16.709999084472656,1029,0.0,0.0
2013-05-15,16.510000228881836,16.510000228881836,16.510000228881836,16.43000030517578,16.43000030517578,29,0.0,0.0
2013-05-16,16.434999465942383,16.434999465942383,16.434999465942383,16.434999465942383,16.434999465942383,0,0.0,0.0
2013-05-17,16.43000030517578,16.469999313354492,16.43000030517578,16.40999984741211,16.40999984741211,391,0.0,0.0
2013-05-20,16.665000915527344,16.665000915527344,16.665000915527344,16.665000915527344,16.665000915527344,0,0.0,0.0
2013-05-21,16.6200008392334,16.700000762939453,16.6200008392334,16.510000228881836,16.510000228881836,902,0.0,0.0
2013-05-22,16.8799991607666,16.8799991607666,16.850000381469727,16.780000686645508,16.780000686645508,1162,0.0,0.0
2013-05-23,16.3799991607666,16.3799991607666,16.3799991607666,16.450000762939453,16.450000762939453,1000,0.0,0.0
2013-05-24,16.360000610351562,16.360000610351562,16.329999923706055,16.329999923706055,16.329999923706055,10320,0.0,0.0
2013-05-28,16.329999923706055,16.329999923706055,16.329999923706055,16.329999923706055,16.329999923706055,0,0.0,0.0
2013-05-29,16.469999313354492,16.469999313354492,16.329999923706055,16.31999969482422,16.31999969482422,1491,0.0,0.0
2013-05-30,16.31999969482422,16.31999969482422,16.31999969482422,16.360000610351562,16.360000610351562,138,0.0,0.0
2013-05-31,16.270000457763672,16.270000457763672,16.270000457763672,16.190000534057617,16.190000534057617,140000,0.0,0.0
2013-06-03,16.709999084472656,16.8700008392334,16.68000030517578,16.65999984741211,16.65999984741211,13342,0.0,0.0
2013-06-04,16.829999923706055,16.860000610351562,16.739999771118164,16.760000228881836,16.760000228881836,1343064,0.0,0.0
2013-06-05,17.020000457763672,17.020000457763672,16.969999313354492,16.969999313354492,16.969999313354492,61001,0.0,0.0
2013-06-06,16.6200008392334,16.6200008392334,16.56999969482422,16.559999465942383,16.559999465942383,16627,0.0,0.0
2013-06-07,16.729999542236328,16.729999542236328,16.520000457763672,16.510000228881836,16.510000228881836,9265,0.0,0.0
2013-06-10,16.540000915527344,16.540000915527344,16.530000686645508,16.43000030517578,16.43000030517578,4177,0.0,0.0
2013-06-11,16.040000915527344,16.040000915527344,15.949999809265137,16.059999465942383,16.059999465942383,1343,0.0,0.0
2013-06-12,15.84000015258789,15.859999656677246,15.84000015258789,15.760000228881836,15.760000228881836,24177,0.0,0.0
2013-06-13,15.75,15.75,15.520000457763672,15.510000228881836,15.510000228881836,907,0.0,0.0
2013-06-14,15.729999542236328,15.729999542236328,15.729999542236328,15.680000305175781,15.680000305175781,298,0.0,0.0
2013-06-17,15.65999984741211,15.65999984741211,15.65999984741211,15.670000076293945,15.670000076293945,1000,0.0,0.0
2013-06-18,15.479999542236328,15.5600004196167,15.460000038146973,15.619999885559082,15.619999885559082,3297,0.0,0.0
2013-06-19,15.640000343322754,15.640000343322754,15.529999732971191,15.510000228881836,15.510000228881836,1712,0.0,0.0
2013-06-20,15.289999961853027,15.289999961853027,15.25,15.210000038146973,15.210000038146973,1101,0.0,0.0
2013-06-21,15.470000267028809,15.470000267028809,15.470000267028809,15.470000267028809,15.470000267028809,0,0.0,0.0
2013-06-24,15.220000267028809,15.220000267028809,15.199999809265137,15.079999923706055,15.079999923706055,2776,0.0,0.0
2013-06-25,15.399999618530273,15.399999618530273,15.399999618530273,15.319999694824219,15.319999694824219,654,0.0,0.0
2013-06-26,15.119999885559082,15.119999885559082,15.050000190734863,15.039999961853027,15.039999961853027,814,0.0,0.0
2013-06-27,15.229999542236328,15.229999542236328,15.229999542236328,15.239999771118164,15.239999771118164,200,0.0,0.0
2013-06-28,15.239999771118164,15.239999771118164,15.239999771118164,15.239999771118164,15.239999771118164,0,0.0,0.0
2013-07-01,15.300000190734863,15.300000190734863,15.239999771118164,15.319999694824219,15.319999694824219,739,0.0,0.0
2013-07-02,15.40999984741211,15.40999984741211,15.40999984741211,15.4399995803833,15.4399995803833,304,0.0,0.0
2013-07-03,15.244999885559082,15.244999885559082,15.244999885559082,15.244999885559082,15.244999885559082,0,0.0,0.0
2013-07-04,15.279999732971191,15.289999961853027,15.279999732971191,15.210000038146973,15.210000038146973,11850,0.0,0.0
2013-07-05,14.9399995803833,14.979999542236328,14.930000305175781,14.779999732971191,14.779999732971191,57614,0.0,0.0
2013-07-08,14.640000343322754,14.800000190734863,14.640000343322754,14.729999542236328,14.729999542236328,8718,0.0,0.0
2013-07-09,14.819999694824219,14.819999694824219,14.619999885559082,14.59000015258789,14.59000015258789,502,0.0,0.0
2013-07-10,14.9399995803833,15.0,14.9399995803833,15.010000228881836,15.010000228881836,1706,0.0,0.0
2013-07-11,15.119999885559082,15.119999885559082,14.960000038146973,14.960000038146973,14.960000038146973,1033,0.0,0.0
2013-07-12,15.114999771118164,15.114999771118164,15.114999771118164,15.114999771118164,15.114999771118164,0,0.0,0.0
2013-07-15,14.770000457763672,14.90999984741211,14.770000457763672,14.850000381469727,14.850000381469727,445,0.0,0.0
2013-07-16,14.90999984741211,15.039999961853027,14.90999984741211,15.100000381469727,15.100000381469727,2452,0.0,0.0
2013-07-17,15.130000114440918,15.350000381469727,15.130000114440918,15.329999923706055,15.329999923706055,3597,0.0,0.0
2013-07-18,15.364999771118164,15.364999771118164,15.364999771118164,15.364999771118164,15.364999771118164,0,0.0,0.0
2013-07-19,15.300000190734863,15.300000190734863,15.300000190734863,15.489999771118164,15.489999771118164,150,0.0,0.0
2013-07-22,15.470000267028809,15.470000267028809,15.470000267028809,15.59000015258789,15.59000015258789,2000,0.0,0.0
2013-07-23,15.369999885559082,15.510000228881836,15.369999885559082,15.460000038146973,15.460000038146973,6869,0.0,0.0
2013-07-24,15.5600004196167,15.5600004196167,15.5600004196167,15.550000190734863,15.550000190734863,500,0.0,0.0
2013-07-25,15.649999618530273,15.699999809265137,15.5,15.619999885559082,15.619999885559082,2995,0.0,0.0
2013-07-26,15.199999809265137,15.199999809265137,15.199999809265137,15.229999542236328,15.229999542236328,1500,0.0,0.0
2013-07-29,15.149999618530273,15.229999542236328,15.100000381469727,15.0600004196167,15.0600004196167,3663,0.0,0.0
2013-07-30,14.859999656677246,14.949999809265137,14.859999656677246,14.890000343322754,14.890000343322754,11615,0.0,0.0
2013-07-31,14.979999542236328,15.0,14.979999542236328,15.109999656677246,15.109999656677246,3910,0.0,0.0
2013-08-01,15.239999771118164,15.25,15.239999771118164,15.279999732971191,15.279999732971191,1764,0.0,0.0
2013-08-02,15.335000038146973,15.335000038146973,15.335000038146973,15.335000038146973,15.335000038146973,0,0.0,0.0
2013-08-05,15.289999961853027,15.289999961853027,15.289999961853027,15.229999542236328,15.229999542236328,365,0.0,0.0
2013-08-06,15.125,15.125,15.125,15.125,15.125,0,0.0,0.0
2013-08-07,15.119999885559082,15.119999885559082,15.010000228881836,15.149999618530273,15.149999618530273,2247,0.0,0.0
2013-08-08,15.569999694824219,15.760000228881836,15.489999771118164,15.729999542236328,15.729999542236328,3423,0.0,0.0
2013-08-09,16.145000457763672,16.145000457763672,16.145000457763672,16.145000457763672,16.145000457763672,0,0.0,0.0
2013-08-12,16.350000381469727,16.350000381469727,16.350000381469727,16.219999313354492,16.219999313354492,141,0.0,0.0
2013-08-13,16.145000457763672,16.145000457763672,16.145000457763672,16.145000457763672,16.145000457763672,0,0.0,0.0
2013-08-14,16.15999984741211,16.15999984741211,16.15999984741211,16.290000915527344,16.290000915527344,227,0.0,0.0
2013-08-15,16.139999389648438,16.139999389648438,16.139999389648438,16.139999389648438,16.139999389648438,0,0.0,0.0
2013-08-16,16.329999923706055,16.389999389648438,16.329999923706055,16.190000534057617,16.190000534057617,13475,0.0,0.0
2013-08-19,16.1200008392334,16.25,16.1200008392334,16.219999313354492,16.219999313354492,2095,0.0,0.0
2013-08-20,16.09000015258789,16.219999313354492,16.09000015258789,16.170000076293945,16.170000076293945,26456,0.0,0.0
2013-08-21,16.0,16.059999465942383,15.859999656677246,15.770000457763672,15.770000457763672,10590,0.0,0.0
2013-08-22,15.970000267028809,16.030000686645508,15.829999923706055,15.819999694824219,15.819999694824219,54625,0.0,0.0
2013-08-23,15.829999923706055,15.829999923706055,15.829999923706055,15.859999656677246,15.859999656677246,10003,0.0,0.0
2013-08-27,15.850000381469727,15.850000381469727,15.850000381469727,15.819999694824219,15.819999694824219,215,0.0,0.0
2013-08-28,15.600000381469727,15.600000381469727,15.539999961853027,15.59000015258789,15.59000015258789,27100,0.0,0.0
2013-08-29,15.390000343322754,15.390000343322754,15.390000343322754,15.390000343322754,15.390000343322754,0,0.0,0.0
2013-08-30,15.145000457763672,15.145000457763672,15.145000457763672,15.145000457763672,15.145000457763672,0,0.0,0.0
2013-09-02,15.069999694824219,15.069999694824219,15.069999694824219,15.069999694824219,15.069999694824219,0,0.0,0.0
2013-09-03,15.039999961853027,15.039999961853027,15.029999732971191,14.979999542236328,14.979999542236328,13200,0.0,0.0
2013-09-04,14.979999542236328,14.979999542236328,14.979999542236328,15.0,15.0,117,0.0,0.0
2013-09-05,14.979999542236328,14.979999542236328,14.979999542236328,14.899999618530273,14.899999618530273,6800,0.0,0.0
2013-09-06,15.270000457763672,15.270000457763672,15.270000457763672,15.270000457763672,15.270000457763672,0,0.0,0.0
2013-09-09,15.109999656677246,15.229999542236328,15.109999656677246,15.229999542236328,15.229999542236328,1307,0.0,0.0
2013-09-10,15.130000114440918,15.130000114440918,15.130000114440918,15.029999732971191,15.029999732971191,300,0.0,0.0
2013-09-11,15.050000190734863,15.069999694824219,15.050000190734863,15.020000457763672,15.020000457763672,2463,0.0,0.0
2013-09-12,14.989999771118164,15.020000457763672,14.949999809265137,15.039999961853027,15.039999961853027,20280,0.0,0.0
2013-09-13,15.020000457763672,15.020000457763672,15.020000457763672,14.9399995803833,14.9399995803833,344,0.0,0.0
2013-09-16,15.140000343322754,15.220000267028809,15.140000343322754,15.220000267028809,15.220000267028809,871,0.0,0.0
2013-09-17,15.15999984741211,15.15999984741211,15.119999885559082,15.140000343322754,15.140000343322754,15200,0.0,0.0
2013-09-18,15.244999885559082,15.244999885559082,15.244999885559082,15.244999885559082,15.244999885559082,0,0.0,0.0
2013-09-19,15.609999656677246,15.630000114440918,15.489999771118164,15.699999809265137,15.699999809265137,424,0.0,0.0
2013-09-20,15.670000076293945,15.670000076293945,15.600000381469727,15.300000190734863,15.300000190734863,426,0.0,0.0
2013-09-23,15.239999771118164,15.239999771118164,15.239999771118164,15.25,15.25,100,0.0,0.0
2013-09-24,15.029999732971191,15.25,15.029999732971191,15.029999732971191,15.029999732971191,749,0.0,0.0
2013-09-25,15.119999885559082,15.119999885559082,15.119999885559082,15.119999885559082,15.119999885559082,0,0.0,0.0
2013-09-26,15.1850004196167,15.1850004196167,15.1850004196167,15.1850004196167,15.1850004196167,0,0.0,0.0
2013-09-27,15.220000267028809,15.220000267028809,15.220000267028809,15.220000267028809,15.220000267028809,0,0.0,0.0
2013-09-30,15.274999618530273,15.274999618530273,15.274999618530273,15.274999618530273,15.274999618530273,0,0.0,0.0
2013-10-01,15.1899995803833,15.1899995803833,15.010000228881836,15.039999961853027,15.039999961853027,7042,0.0,0.0
2013-10-02,14.869999885559082,14.989999771118164,14.869999885559082,15.039999961853027,15.039999961853027,35273,0.0,0.0
2013-10-03,14.805000305175781,14.805000305175781,14.805000305175781,14.805000305175781,14.805000305175781,0,0.0,0.0
2013-10-04,14.9399995803833,14.9399995803833,14.670000076293945,14.880000114440918,14.880000114440918,57495,0.0,0.0
2013-10-07,15.279999732971191,15.279999732971191,15.279999732971191,15.279999732971191,15.279999732971191,0,0.0,0.0
2013-10-08,15.260000228881836,15.260000228881836,15.170000076293945,15.149999618530273,15.149999618530273,1156,0.0,0.0
2013-10-09,15.15999984741211,15.15999984741211,15.15999984741211,15.039999961853027,15.039999961853027,9,0.0,0.0
2013-10-10,15.045000076293945,15.045000076293945,15.045000076293945,15.045000076293945,15.045000076293945,0,0.0,0.0
2013-10-11,15.194999694824219,15.194999694824219,15.194999694824219,15.194999694824219,15.194999694824219,0,0.0,0.0
2013-10-14,15.345000267028809,15.345000267028809,15.345000267028809,15.345000267028809,15.345000267028809,0,0.0,0.0
2013-10-15,15.329999923706055,15.329999923706055,15.329999923706055,15.329999923706055,15.329999923706055,0,0.0,0.0
2013-10-16,15.130000114440918,15.130000114440918,15.130000114440918,15.289999961853027,15.289999961853027,2250,0.0,0.0
2013-10-17,15.270000457763672,15.329999923706055,15.270000457763672,15.229999542236328,15.229999542236328,46671,0.0,0.0
2013-10-18,15.484999656677246,15.484999656677246,15.484999656677246,15.484999656677246,15.484999656677246,0,0.0,0.0
2013-10-21,15.579999923706055,15.6899995803833,15.579999923706055,15.65999984741211,15.65999984741211,5904,0.0,0.0
2013-10-22,15.979999542236328,16.040000915527344,15.90999984741211,16.09000015258789,16.09000015258789,1790,0.0,0.0
2013-10-23,15.960000038146973,15.960000038146973,15.960000038146973,15.829999923706055,15.829999923706055,1340,0.0,0.0
2013-10-24,15.819999694824219,15.819999694824219,15.789999961853027,15.9399995803833,15.9399995803833,26430,0.0,0.0
2013-10-25,15.800000190734863,15.800000190734863,15.75,15.869999885559082,15.869999885559082,21216,0.0,0.0
2013-10-28,15.895000457763672,15.895000457763672,15.895000457763672,15.895000457763672,15.895000457763672,0,0.0,0.0
2013-10-29,15.90999984741211,15.90999984741211,15.90999984741211,15.90999984741211,15.90999984741211,0,0.0,0.0
2013-10-30,15.920000076293945,15.920000076293945,15.920000076293945,16.049999237060547,16.049999237060547,112,0.0,0.0
2013-10-31,15.890000343322754,15.890000343322754,15.890000343322754,15.859999656677246,15.859999656677246,1000,0.0,0.0
2013-11-01,15.770000457763672,15.770000457763672,15.770000457763672,15.850000381469727,15.850000381469727,200,0.0,0.0
2013-11-04,15.720000267028809,15.720000267028809,15.59000015258789,15.600000381469727,15.600000381469727,695,0.0,0.0
2013-11-05,15.600000381469727,15.600000381469727,15.579999923706055,15.600000381469727,15.600000381469727,1348,0.0,0.0
2013-11-06,15.609999656677246,15.619999885559082,15.609999656677246,15.390000343322754,15.390000343322754,23509,0.0,0.0
2013-11-07,15.279999732971191,15.279999732971191,15.279999732971191,15.199999809265137,15.199999809265137,1000,0.0,0.0
2013-11-08,15.1899995803833,15.1899995803833,15.1899995803833,15.130000114440918,15.130000114440918,188,0.0,0.0
2013-11-11,15.170000076293945,15.170000076293945,15.069999694824219,15.010000228881836,15.010000228881836,21900,0.0,0.0
2013-11-12,14.949999809265137,14.949999809265137,14.949999809265137,14.819999694824219,14.819999694824219,531,0.0,0.0
2013-11-13,14.869999885559082,14.869999885559082,14.760000228881836,14.779999732971191,14.779999732971191,45636,0.0,0.0
2013-11-14,14.899999618530273,14.899999618530273,14.850000381469727,14.869999885559082,14.869999885559082,20,0.0,0.0
2013-11-15,14.930000305175781,14.930000305175781,14.880000114440918,14.989999771118164,14.989999771118164,1135,0.0,0.0
2013-11-18,14.805000305175781,14.805000305175781,14.805000305175781,14.805000305175781,14.805000305175781,0,0.0,0.0
2013-11-19,14.84000015258789,14.84000015258789,14.84000015258789,14.800000190734863,14.800000190734863,300,0.0,0.0
2013-11-20,14.720000267028809,14.720000267028809,14.680000305175781,14.739999771118164,14.739999771118164,833,0.0,0.0
2013-11-21,14.720000267028809,14.720000267028809,14.720000267028809,14.59000015258789,14.59000015258789,387,0.0,0.0
2013-11-22,14.635000228881836,14.635000228881836,14.635000228881836,14.635000228881836,14.635000228881836,0,0.0,0.0
2013-11-25,14.710000038146973,14.710000038146973,14.65999984741211,14.670000076293945,14.670000076293945,1924,0.0,0.0
2013-11-26,14.680000305175781,14.6899995803833,14.680000305175781,14.699999809265137,14.699999809265137,116,0.0,0.0
2013-11-27,14.670000076293945,14.670000076293945,14.470000267028809,14.449999809265137,14.449999809265137,13000,0.0,0.0
2013-11-28,14.489999771118164,14.489999771118164,14.489999771118164,14.489999771118164,14.489999771118164,0,0.0,0.0
2013-11-29,14.800000190734863,14.800000190734863,14.800000190734863,14.800000190734863,14.800000190734863,0,0.0,0.0
2013-12-02,14.59000015258789,14.59000015258789,14.59000015258789,14.59000015258789,14.59000015258789,0,0.0,0.0
2013-12-03,14.630000114440918,14.630000114440918,14.630000114440918,14.630000114440918,14.630000114440918,0,0.0,0.0
2013-12-04,14.8100004196167,14.8100004196167,14.8100004196167,14.829999923706055,14.829999923706055,1153,0.0,0.0
2013-12-05,14.989999771118164,14.989999771118164,14.989999771118164,14.989999771118164,14.989999771118164,0,0.0,0.0
2013-12-06,14.960000038146973,15.050000190734863,14.960000038146973,14.979999542236328,14.979999542236328,3022,0.0,0.0
2013-12-09,15.050000190734863,15.079999923706055,15.050000190734863,15.09000015258789,15.09000015258789,99,0.0,0.0
2013-12-10,15.260000228881836,15.260000228881836,15.25,15.140000343322754,15.140000343322754,973,0.0,0.0
2013-12-11,15.380000114440918,15.380000114440918,15.270000457763672,15.300000190734863,15.300000190734863,20,0.0,0.0
2013-12-12,15.420000076293945,15.420000076293945,15.239999771118164,15.180000305175781,15.180000305175781,44848,0.0,0.0
2013-12-13,15.279999732971191,15.279999732971191,15.279999732971191,15.279999732971191,15.279999732971191,0,0.0,0.0
2013-12-16,15.359999656677246,15.359999656677246,15.359999656677246,15.270000457763672,15.270000457763672,20000,0.0,0.0
2013-12-17,15.239999771118164,15.279999732971191,15.199999809265137,15.239999771118164,15.239999771118164,12604,0.0,0.0
2013-12-18,15.300000190734863,15.300000190734863,15.300000190734863,15.350000381469727,15.350000381469727,105,0.0,0.0
2013-12-19,15.430000305175781,15.430000305175781,15.430000305175781,15.380000114440918,15.380000114440918,14000,0.0,0.0
2013-12-20,15.569999694824219,15.569999694824219,15.5600004196167,15.569999694824219,15.569999694824219,2000,0.0,0.0
2013-12-23,15.729999542236328,15.729999542236328,15.670000076293945,15.569999694824219,15.569999694824219,57230,0.0,0.0
2013-12-24,15.369999885559082,15.369999885559082,15.369999885559082,15.369999885559082,15.369999885559082,0,0.0,0.0
2013-12-27,15.5600004196167,15.5600004196167,15.529999732971191,15.420000076293945,15.420000076293945,38705,0.0,0.0
2013-12-30,15.239999771118164,15.239999771118164,15.239999771118164,15.239999771118164,15.239999771118164,0,0.0,0.0
2013-12-31,15.130000114440918,15.130000114440918,15.130000114440918,15.130000114440918,15.130000114440918,0,0.0,0.0
2014-01-02,14.949999809265137,14.949999809265137,14.949999809265137,14.949999809265137,14.949999809265137,0,0.0,0.0
2014-01-03,15.0,15.039999961853027,14.989999771118164,14.989999771118164,14.989999771118164,190024,0.0,0.0
2014-01-06,14.899999618530273,14.899999618530273,14.75,14.710000038146973,14.710000038146973,10354,0.0,0.0
2014-01-07,14.600000381469727,14.619999885559082,14.600000381469727,14.630000114440918,14.630000114440918,41634,0.0,0.0
2014-01-08,14.579999923706055,14.579999923706055,14.579999923706055,14.579999923706055,14.579999923706055,0,0.0,0.0
2014-01-09,14.640000343322754,14.640000343322754,14.510000228881836,14.460000038146973,14.460000038146973,17797,0.0,0.0
2014-01-10,14.920000076293945,14.920000076293945,14.880000114440918,14.90999984741211,14.90999984741211,7172,0.0,0.0
2014-01-13,15.399999618530273,15.399999618530273,15.210000038146973,15.319999694824219,15.319999694824219,199432,0.0,0.0
2014-01-14,15.5600004196167,15.59000015258789,15.4399995803833,15.479999542236328,15.479999542236328,23757,0.0,0.0
2014-01-15,15.5,15.760000228881836,15.5,15.720000267028809,15.720000267028809,30584,0.0,0.0
2014-01-16,15.800000190734863,15.960000038146973,15.75,15.84000015258789,15.84000015258789,63261,0.0,0.0
2014-01-17,15.8100004196167,15.949999809265137,15.8100004196167,15.90999984741211,15.90999984741211,81171,0.0,0.0
2014-01-20,15.600000381469727,15.699999809265137,15.600000381469727,15.770000457763672,15.770000457763672,76789,0.0,0.0
2014-01-21,15.880000114440918,15.880000114440918,15.880000114440918,15.9399995803833,15.9399995803833,85,0.0,0.0
2014-01-22,15.920000076293945,15.920000076293945,15.899999618530273,16.020000457763672,16.020000457763672,10033,0.0,0.0
2014-01-23,15.890000343322754,15.920000076293945,15.880000114440918,15.739999771118164,15.739999771118164,151600,0.0,0.0
2014-01-24,15.729999542236328,15.75,15.710000038146973,15.6899995803833,15.6899995803833,34185,0.0,0.0
2014-01-27,15.5,15.520000457763672,15.399999618530273,15.390000343322754,15.390000343322754,6683,0.0,0.0
2014-01-28,15.399999618530273,15.399999618530273,15.399999618530273,15.390000343322754,15.390000343322754,400,0.0,0.0
2014-01-29,15.1850004196167,15.1850004196167,15.1850004196167,15.1850004196167,15.1850004196167,0,0.0,0.0
2014-01-30,14.960000038146973,14.960000038146973,14.960000038146973,14.989999771118164,14.989999771118164,6000,0.0,0.0
2014-01-31,14.850000381469727,14.850000381469727,14.850000381469727,14.960000038146973,14.960000038146973,57,0.0,0.0
2014-02-03,15.0,15.0,15.0,15.0,15.0,0,0.0,0.0
2014-02-04,15.010000228881836,15.029999732971191,15.010000228881836,14.9399995803833,14.9399995803833,24450,0.0,0.0
2014-02-05,15.039999961853027,15.039999961853027,14.899999618530273,14.9399995803833,14.9399995803833,3225,0.0,0.0
2014-02-06,15.09000015258789,15.09000015258789,15.09000015258789,15.079999923706055,15.079999923706055,10003,0.0,0.0
2014-02-07,15.270000457763672,15.270000457763672,15.270000457763672,15.289999961853027,15.289999961853027,635,0.0,0.0
2014-02-10,15.470000267028809,15.470000267028809,15.420000076293945,15.289999961853027,15.289999961853027,2303,0.0,0.0
2014-02-11,15.329999923706055,15.329999923706055,15.329999923706055,15.289999961853027,15.289999961853027,240,0.0,0.0
2014-02-12,15.479999542236328,15.569999694824219,15.479999542236328,15.550000190734863,15.550000190734863,750,0.0,0.0
2014-02-13,15.470000267028809,15.5600004196167,15.350000381469727,15.390000343322754,15.390000343322754,27065,0.0,0.0
2014-02-14,15.399999618530273,15.399999618530273,15.399999618530273,15.420000076293945,15.420000076293945,1145,0.0,0.0
2014-02-17,15.5600004196167,15.5600004196167,15.5600004196167,15.5600004196167,15.5600004196167,0,0.0,0.0
2014-02-18,15.720000267028809,15.720000267028809,15.720000267028809,15.720000267028809,15.720000267028809,0,0.0,0.0
2014-02-19,15.770000457763672,15.8100004196167,15.770000457763672,15.729999542236328,15.729999542236328,1284,0.0,0.0
2014-02-20,15.539999961853027,15.539999961853027,15.5,15.5600004196167,15.5600004196167,14254,0.0,0.0
2014-02-21,15.600000381469727,15.619999885559082,15.600000381469727,15.529999732971191,15.529999732971191,525,0.0,0.0
2014-02-24,15.425000190734863,15.425000190734863,15.425000190734863,15.425000190734863,15.425000190734863,0,0.0,0.0
2014-02-25,15.380000114440918,15.380000114440918,15.380000114440918,15.449999809265137,15.449999809265137,26403,0.0,0.0
2014-02-26,15.470000267028809,15.489999771118164,15.470000267028809,15.460000038146973,15.460000038146973,80100,0.0,0.0
2014-02-27,15.399999618530273,15.399999618530273,15.399999618530273,15.460000038146973,15.460000038146973,200,0.0,0.0
2014-02-28,15.829999923706055,15.829999923706055,15.829999923706055,15.890000343322754,15.890000343322754,15000,0.0,0.0
2014-03-03,15.819999694824219,15.869999885559082,15.640000343322754,15.859999656677246,15.859999656677246,18367,0.0,0.0
2014-03-04,15.970000267028809,16.399999618530273,15.960000038146973,16.309999465942383,16.309999465942383,305702,0.0,0.0
2014-03-05,16.43000030517578,16.610000610351562,16.43000030517578,16.540000915527344,16.540000915527344,74512,0.0,0.0
2014-03-06,16.700000762939453,16.850000381469727,16.540000915527344,16.770000457763672,16.770000457763672,12924,0.0,0.0
2014-03-07,16.65999984741211,16.65999984741211,16.579999923706055,16.549999237060547,16.549999237060547,847,0.0,0.0
2014-03-10,16.440000534057617,16.559999465942383,16.440000534057617,16.559999465942383,16.559999465942383,4362,0.0,0.0
2014-03-11,16.899999618530273,16.989999771118164,16.799999237060547,16.8700008392334,16.8700008392334,26525,0.0,0.0
2014-03-12,16.950000762939453,17.030000686645508,16.81999969482422,16.969999313354492,16.969999313354492,2799,0.0,0.0
2014-03-13,17.079999923706055,17.079999923706055,17.079999923706055,17.010000228881836,17.010000228881836,25000,0.0,0.0
2014-03-14,17.200000762939453,17.200000762939453,17.139999389648438,17.030000686645508,17.030000686645508,7698,0.0,0.0
2014-03-17,17.149999618530273,17.219999313354492,17.149999618530273,17.18000030517578,17.18000030517578,1296,0.0,0.0
2014-03-18,17.40999984741211,17.530000686645508,17.329999923706055,17.469999313354492,17.469999313354492,2962,0.0,0.0
2014-03-19,17.6299991607666,17.6299991607666,17.260000228881836,17.489999771118164,17.489999771118164,606978,0.0,0.0
2014-03-20,17.3799991607666,17.3799991607666,17.100000381469727,17.1299991607666,17.1299991607666,7513,0.0,0.0
2014-03-21,17.170000076293945,17.34000015258789,17.170000076293945,17.360000610351562,17.360000610351562,287670,0.0,0.0
2014-03-24,17.3700008392334,17.479999542236328,17.3700008392334,17.43000030517578,17.43000030517578,2286,0.0,0.0
2014-03-25,17.520000457763672,17.520000457763672,17.40999984741211,17.450000762939453,17.450000762939453,212000,0.0,0.0
2014-03-26,17.31999969482422,17.440000534057617,17.100000381469727,17.06999969482422,17.06999969482422,1236,0.0,0.0
2014-03-27,16.979999542236328,17.0,16.920000076293945,16.989999771118164,16.989999771118164,1194635,0.0,0.0
2014-03-28,17.059999465942383,17.170000076293945,17.059999465942383,17.0,17.0,2510,0.0,0.0
2014-03-31,17.079999923706055,17.18000030517578,17.040000915527344,16.979999542236328,16.979999542236328,317139,0.0,0.0
2014-04-01,17.020000457763672,17.34000015258789,17.020000457763672,17.299999237060547,17.299999237060547,2393,0.0,0.0
2014-04-02,17.34000015258789,17.40999984741211,17.299999237060547,17.43000030517578,17.43000030517578,1050,0.0,0.0
2014-04-03,17.510000228881836,17.510000228881836,17.450000762939453,17.549999237060547,17.549999237060547,5332,0.0,0.0
2014-04-04,17.850000381469727,17.8700008392334,17.799999237060547,17.770000457763672,17.770000457763672,4077,0.0,0.0
2014-04-07,17.809999465942383,17.809999465942383,17.770000457763672,17.760000228881836,17.760000228881836,10279,0.0,0.0
2014-04-08,17.579999923706055,17.59000015258789,17.59000015258789,17.719999313354492,17.719999313354492,100,0.0,0.0
2014-04-09,17.719999313354492,17.84000015258789,17.719999313354492,17.81999969482422,17.81999969482422,18168,0.0,0.0
2014-04-10,18.40999984741211,18.520000457763672,18.25,18.520000457763672,18.520000457763672,18666,0.0,0.0
2014-04-11,18.780000686645508,18.850000381469727,18.75,18.829999923706055,18.829999923706055,4185,0.0,0.0
2014-04-14,19.149999618530273,19.260000228881836,19.139999389648438,19.229999542236328,19.229999542236328,11520,0.0,0.0
2014-04-15,18.649999618530273,18.8799991607666,18.639999389648438,18.950000762939453,18.950000762939453,23000,0.0,0.0
2014-04-16,18.670000076293945,19.329999923706055,18.670000076293945,19.34000015258789,19.34000015258789,10460,0.0,0.0
2014-04-17,19.290000915527344,19.5,19.229999542236328,19.31999969482422,19.31999969482422,583,0.0,0.0
2014-04-22,19.670000076293945,19.739999771118164,19.610000610351562,19.709999084472656,19.709999084472656,428923,0.0,0.0
2014-04-23,19.829999923706055,19.969999313354492,19.59000015258789,19.860000610351562,19.860000610351562,22761,0.0,0.0
2014-04-24,19.989999771118164,19.989999771118164,19.829999923706055,19.829999923706055,19.829999923706055,620550,0.0,0.0
2014-04-25,19.770000457763672,19.950000762939453,19.719999313354492,19.84000015258789,19.84000015258789,244077,0.0,0.0
2014-04-28,19.950000762939453,20.190000534057617,19.739999771118164,19.579999923706055,19.579999923706055,42903,0.0,0.0
2014-04-29,19.6200008392334,19.6200008392334,19.389999389648438,19.459999084472656,19.459999084472656,17730,0.0,0.0
2014-04-30,19.579999923706055,19.739999771118164,19.579999923706055,19.729999542236328,19.729999542236328,131378,0.0,0.0
2014-05-01,19.559999465942383,19.559999465942383,19.5,19.68000030517578,19.68000030517578,531,0.0,0.0
2014-05-02,19.68000030517578,19.68000030517578,19.68000030517578,19.65999984741211,19.65999984741211,300,0.0,0.0
2014-05-06,19.950000762939453,20.06999969482422,19.790000915527344,19.860000610351562,19.860000610351562,453794,0.0,0.0
2014-05-07,20.0,20.1200008392334,20.0,20.030000686645508,20.030000686645508,561508,0.0,0.0
2014-05-08,20.969999313354492,21.260000228881836,20.860000610351562,21.049999237060547,21.049999237060547,240639,0.0,0.0
2014-05-09,21.93000030517578,21.950000762939453,21.459999084472656,21.450000762939453,21.450000762939453,41686,0.0,0.0
2014-05-12,22.100000381469727,22.479999542236328,22.100000381469727,22.3799991607666,22.3799991607666,83982,0.0,0.0
2014-05-13,22.90999984741211,23.0,22.200000762939453,22.770000457763672,22.770000457763672,167718,0.0,0.0
2014-05-14,22.209999084472656,22.329999923706055,21.530000686645508,21.65999984741211,21.65999984741211,27291,0.0,0.0
2014-05-15,20.649999618530273,20.649999618530273,20.15999984741211,20.18000030517578,20.18000030517578,11492,0.0,0.0
2014-05-16,20.290000915527344,20.790000915527344,20.290000915527344,20.56999969482422,20.56999969482422,29362,0.0,0.0
2014-05-19,21.049999237060547,21.40999984741211,21.040000915527344,21.540000915527344,21.540000915527344,13406,0.0,0.0
2014-05-20,21.170000076293945,21.270000457763672,20.959999084472656,21.270000457763672,21.270000457763672,14413,0.0,0.0
2014-05-21,20.959999084472656,20.959999084472656,20.8799991607666,20.989999771118164,20.989999771118164,10300,0.0,0.0
2014-05-22,21.100000381469727,21.100000381469727,20.90999984741211,21.219999313354492,21.219999313354492,9250,0.0,0.0
2014-05-23,21.139999389648438,21.239999771118164,21.09000015258789,21.100000381469727,21.100000381469727,5476,0.0,0.0
2014-05-27,21.149999618530273,21.149999618530273,21.1299991607666,21.15999984741211,21.15999984741211,20660,0.0,0.0
2014-05-28,21.110000610351562,21.110000610351562,20.65999984741211,20.639999389648438,20.639999389648438,32680,0.0,0.0
2014-05-29,20.389999389648438,20.770000457763672,20.15999984741211,20.329999923706055,20.329999923706055,453883,0.0,0.0
2014-05-30,20.3700008392334,20.65999984741211,20.260000228881836,20.600000381469727,20.600000381469727,9090,0.0,0.0
2014-06-02,21.020000457763672,21.020000457763672,20.920000076293945,20.940000534057617,20.940000534057617,6669,0.0,0.0
2014-06-03,20.65999984741211,20.739999771118164,20.479999542236328,20.56999969482422,20.56999969482422,283934,0.0,0.0
2014-06-04,20.329999923706055,20.639999389648438,20.329999923706055,20.600000381469727,20.600000381469727,34676,0.0,0.0
2014-06-05,20.600000381469727,20.600000381469727,20.600000381469727,20.469999313354492,20.469999313354492,800,0.0,0.0
2014-06-06,20.440000534057617,20.440000534057617,20.440000534057617,20.360000610351562,20.360000610351562,81,0.0,0.0
2014-06-09,20.200000762939453,20.200000762939453,20.200000762939453,20.3700008392334,20.3700008392334,191,0.0,0.0
2014-06-10,19.979999542236328,20.170000076293945,19.969999313354492,20.100000381469727,20.100000381469727,301052,0.0,0.0
2014-06-11,19.81999969482422,19.84000015258789,19.6200008392334,19.729999542236328,19.729999542236328,42310,0.0,0.0
2014-06-12,19.469999313354492,19.479999542236328,19.139999389648438,19.270000457763672,19.270000457763672,21674,0.0,0.0
2014-06-13,19.489999771118164,19.540000915527344,19.43000030517578,19.450000762939453,19.450000762939453,35735,0.0,0.0
2014-06-16,19.829999923706055,19.829999923706055,19.829999923706055,19.920000076293945,19.920000076293945,430,0.0,0.0
2014-06-17,20.0,20.56999969482422,20.0,20.540000915527344,20.540000915527344,63430,0.0,0.0
2014-06-18,20.280000686645508,20.280000686645508,20.030000686645508,20.100000381469727,20.100000381469727,38004,0.0,0.0
2014-06-19,19.93000030517578,19.940000534057617,19.799999237060547,19.940000534057617,19.940000534057617,110000,0.0,0.0
2014-06-20,20.059999465942383,20.059999465942383,19.739999771118164,19.65999984741211,19.65999984741211,155490,0.0,0.0
2014-06-23,19.739999771118164,19.739999771118164,19.739999771118164,19.770000457763672,19.770000457763672,500,0.0,0.0
2014-06-24,19.510000228881836,19.56999969482422,19.510000228881836,19.489999771118164,19.489999771118164,1600,0.0,0.0
2014-06-25,19.639999389648438,19.690000534057617,19.600000381469727,19.770000457763672,19.770000457763672,43252,0.0,0.0
2014-06-26,20.020000457763672,20.040000915527344,20.0,20.059999465942383,20.059999465942383,7515,0.0,0.0
2014-06-27,20.209999084472656,20.3799991607666,20.200000762939453,20.290000915527344,20.290000915527344,64795,0.0,0.0
2014-06-30,20.15999984741211,20.15999984741211,20.15999984741211,20.309999465942383,20.309999465942383,1713,0.0,0.0
2014-07-01,20.520000457763672,20.540000915527344,20.520000457763672,20.540000915527344,20.540000915527344,1000,0.0,0.0
2014-07-02,20.510000228881836,20.510000228881836,20.459999084472656,21.049999237060547,21.049999237060547,17372,0.0,0.0
2014-07-03,21.309999465942383,21.309999465942383,21.209999084472656,21.229999542236328,21.229999542236328,10550,0.0,0.0
2014-07-04,21.15999984741211,21.15999984741211,21.149999618530273,20.799999237060547,20.799999237060547,2143,0.0,0.0
2014-07-07,20.6200008392334,20.700000762939453,20.579999923706055,20.690000534057617,20.690000534057617,1943,0.0,0.0
2014-07-08,20.860000610351562,21.15999984741211,20.829999923706055,21.040000915527344,21.040000915527344,94473,0.0,0.0
2014-07-09,21.229999542236328,21.229999542236328,20.989999771118164,20.969999313354492,20.969999313354492,7352,0.0,0.0
2014-07-10,20.565000534057617,20.565000534057617,20.565000534057617,20.565000534057617,20.565000534057617,0,0.0,0.0
2014-07-11,20.59000015258789,20.690000534057617,20.59000015258789,20.729999542236328,20.729999542236328,8014,0.0,0.0
2014-07-14,20.719999313354492,20.719999313354492,20.719999313354492,20.670000076293945,20.670000076293945,5000,0.0,0.0
2014-07-15,20.690000534057617,20.690000534057617,20.540000915527344,20.670000076293945,20.670000076293945,2900,0.0,0.0
2014-07-16,20.75,20.75,20.719999313354492,20.649999618530273,20.649999618530273,1130,0.0,0.0
2014-07-17,20.59000015258789,20.59000015258789,20.59000015258789,20.440000534057617,20.440000534057617,13180,0.0,0.0
2014-07-18,19.90999984741211,19.90999984741211,19.90999984741211,19.90999984741211,19.90999984741211,0,0.0,0.0
2014-07-21,20.1200008392334,20.170000076293945,19.809999465942383,20.049999237060547,20.049999237060547,2970,0.0,0.0
2014-07-22,20.239999771118164,20.450000762939453,20.239999771118164,20.360000610351562,20.360000610351562,155205,0.0,0.0
2014-07-23,20.350000381469727,20.350000381469727,20.299999237060547,20.3700008392334,20.3700008392334,4950,0.0,0.0
2014-07-24,20.530000686645508,20.579999923706055,20.530000686645508,20.530000686645508,20.530000686645508,38997,0.0,0.0
2014-07-25,20.579999923706055,20.700000762939453,20.579999923706055,20.5,20.5,6970,0.0,0.0
2014-07-28,20.469999313354492,20.469999313354492,20.0,20.149999618530273,20.149999618530273,9229,0.0,0.0
2014-07-29,19.979999542236328,19.979999542236328,19.81999969482422,19.950000762939453,19.950000762939453,5027,0.0,0.0
2014-07-30,20.18000030517578,20.18000030517578,20.18000030517578,20.270000457763672,20.270000457763672,6775,0.0,0.0
2014-07-31,19.924999237060547,19.924999237060547,19.924999237060547,19.924999237060547,19.924999237060547,0,0.0,0.0
2014-08-01,19.8700008392334,19.8700008392334,19.8700008392334,19.81999969482422,19.81999969482422,641,0.0,0.0
2014-08-04,19.850000381469727,19.8700008392334,19.809999465942383,19.84000015258789,19.84000015258789,9680,0.0,0.0
2014-08-05,19.829999923706055,19.8799991607666,19.829999923706055,19.739999771118164,19.739999771118164,438,0.0,0.0
2014-08-06,19.65999984741211,20.100000381469727,19.65999984741211,20.049999237060547,20.049999237060547,18147,0.0,0.0
2014-08-07,20.1299991607666,20.270000457763672,20.020000457763672,20.360000610351562,20.360000610351562,43888,0.0,0.0
2014-08-08,20.200000762939453,20.200000762939453,19.799999237060547,19.8700008392334,19.8700008392334,7766,0.0,0.0
2014-08-11,19.75,19.75,19.75,19.959999084472656,19.959999084472656,1,0.0,0.0
2014-08-12,20.139999389648438,20.200000762939453,20.1200008392334,20.100000381469727,20.100000381469727,444747,0.0,0.0
2014-08-13,19.950000762939453,20.059999465942383,19.950000762939453,19.940000534057617,19.940000534057617,2082,0.0,0.0
2014-08-14,19.809999465942383,19.860000610351562,19.809999465942383,19.780000686645508,19.780000686645508,1087,0.0,0.0
2014-08-15,20.030000686645508,20.030000686645508,19.989999771118164,19.959999084472656,19.959999084472656,6350,0.0,0.0
2014-08-18,19.739999771118164,19.739999771118164,19.719999313354492,19.84000015258789,19.84000015258789,461,0.0,0.0
2014-08-19,19.780000686645508,19.780000686645508,19.780000686645508,19.81999969482422,19.81999969482422,2290,0.0,0.0
2014-08-20,19.90999984741211,20.1299991607666,19.90999984741211,20.260000228881836,20.260000228881836,1202,0.0,0.0
2014-08-21,20.084999084472656,20.084999084472656,20.084999084472656,20.084999084472656,20.084999084472656,0,0.0,0.0
2014-08-22,20.020000457763672,20.020000457763672,20.020000457763672,20.020000457763672,20.020000457763672,0,0.0,0.0
2014-08-26,20.200000762939453,20.25,20.06999969482422,20.239999771118164,20.239999771118164,16704,0.0,0.0
2014-08-27,20.239999771118164,20.239999771118164,20.079999923706055,20.040000915527344,20.040000915527344,1111,0.0,0.0
2014-08-28,20.06999969482422,20.06999969482422,20.0,19.889999389648438,19.889999389648438,362,0.0,0.0
2014-08-29,19.739999771118164,19.809999465942383,19.739999771118164,19.93000030517578,19.93000030517578,1157,0.0,0.0
2014-09-01,20.049999237060547,20.06999969482422,20.0,19.989999771118164,19.989999771118164,4923,0.0,0.0
2014-09-02,19.989999771118164,20.0,19.860000610351562,19.8700008392334,19.8700008392334,102405,0.0,0.0
2014-09-03,19.81999969482422,19.81999969482422,19.81999969482422,20.229999542236328,20.229999542236328,800,0.0,0.0
2014-09-04,20.770000457763672,20.790000915527344,20.770000457763672,20.6299991607666,20.6299991607666,2120,0.0,0.0
2014-09-05,20.709999084472656,20.84000015258789,20.709999084472656,20.809999465942383,20.809999465942383,5576,0.0,0.0
2014-09-08,20.8700008392334,21.200000762939453,20.8700008392334,21.219999313354492,21.219999313354492,6063,0.0,0.0
2014-09-09,20.510000228881836,20.790000915527344,20.209999084472656,20.25,20.25,1035,0.0,0.0
2014-09-10,20.1299991607666,20.1299991607666,19.84000015258789,19.920000076293945,19.920000076293945,51428,0.0,0.0
2014-09-11,19.799999237060547,19.799999237060547,19.639999389648438,19.700000762939453,19.700000762939453,1414,0.0,0.0
2014-09-12,19.709999084472656,19.719999313354492,19.59000015258789,19.639999389648438,19.639999389648438,18125,0.0,0.0
2014-09-15,19.6299991607666,19.6299991607666,19.6299991607666,19.420000076293945,19.420000076293945,412,0.0,0.0
2014-09-16,19.100000381469727,19.100000381469727,19.100000381469727,19.239999771118164,19.239999771118164,565,0.0,0.0
2014-09-17,19.299999237060547,19.299999237060547,19.100000381469727,19.350000381469727,19.350000381469727,21846,0.0,0.0
2014-09-18,19.200000762939453,19.200000762939453,19.200000762939453,19.1299991607666,19.1299991607666,139,0.0,0.0
2014-09-19,18.969999313354492,19.0,18.959999084472656,18.93000030517578,18.93000030517578,6465,0.0,0.0
2014-09-22,18.350000381469727,18.350000381469727,18.040000915527344,18.059999465942383,18.059999465942383,36580,0.0,0.0
2014-09-23,18.239999771118164,18.31999969482422,18.149999618530273,18.209999084472656,18.209999084472656,15050,0.0,0.0
2014-09-24,18.329999923706055,18.399999618530273,18.229999542236328,18.3700008392334,18.3700008392334,70030,0.0,0.0
2014-09-25,18.399999618530273,18.469999313354492,18.399999618530273,18.3799991607666,18.3799991607666,14574,0.0,0.0
2014-09-26,18.360000610351562,18.450000762939453,18.229999542236328,18.18000030517578,18.18000030517578,63076,0.0,0.0
2014-09-29,17.75,17.81999969482422,17.6200008392334,17.770000457763672,17.770000457763672,283882,0.0,0.0
2014-09-30,17.739999771118164,17.739999771118164,17.5,17.3799991607666,17.3799991607666,43300,0.0,0.0
2014-10-01,17.219999313354492,17.260000228881836,16.979999542236328,17.190000534057617,17.190000534057617,4140,0.0,0.0
2014-10-02,17.25,17.25,17.1200008392334,17.1200008392334,17.1200008392334,1500,0.0,0.0
2014-10-03,17.399999618530273,17.6200008392334,17.170000076293945,17.6200008392334,17.6200008392334,8231,0.0,0.0
2014-10-06,17.670000076293945,17.709999084472656,17.670000076293945,17.780000686645508,17.780000686645508,1550,0.0,0.0
2014-10-07,17.690000534057617,18.0,17.690000534057617,17.969999313354492,17.969999313354492,622,0.0,0.0
2014-10-08,18.0,18.0,17.860000610351562,17.65999984741211,17.65999984741211,4050,0.0,0.0
2014-10-09,17.81999969482422,17.81999969482422,17.719999313354492,17.729999542236328,17.729999542236328,1243,0.0,0.0
2014-10-10,17.540000915527344,17.540000915527344,17.540000915527344,17.469999313354492,17.469999313354492,55500,0.0,0.0
2014-10-13,17.530000686645508,17.530000686645508,17.530000686645508,17.520000457763672,17.520000457763672,2406,0.0,0.0
2014-10-14,17.420000076293945,17.420000076293945,17.420000076293945,17.420000076293945,17.420000076293945,0,0.0,0.0
2014-10-15,17.299999237060547,17.299999237060547,17.299999237060547,16.920000076293945,16.920000076293945,500,0.0,0.0
2014-10-16,16.559999465942383,16.559999465942383,16.350000381469727,16.479999542236328,16.479999542236328,21309,0.0,0.0
2014-10-17,16.600000381469727,16.829999923706055,16.600000381469727,16.860000610351562,16.860000610351562,2289,0.0,0.0
2014-10-20,16.260000228881836,16.3799991607666,16.260000228881836,16.200000762939453,16.200000762939453,1868,0.0,0.0
2014-10-21,16.18000030517578,16.329999923706055,16.170000076293945,16.360000610351562,16.360000610351562,14800,0.0,0.0
2014-10-22,16.360000610351562,16.360000610351562,16.190000534057617,16.239999771118164,16.239999771118164,31353,0.0,0.0
2014-10-23,16.239999771118164,16.239999771118164,16.020000457763672,16.229999542236328,16.229999542236328,11281,0.0,0.0
2014-10-24,16.020000457763672,16.049999237060547,15.890000343322754,16.010000228881836,16.010000228881836,12069,0.0,0.0
2014-10-27,15.770000457763672,15.770000457763672,15.619999885559082,15.680000305175781,15.680000305175781,13069,0.0,0.0
2014-10-28,15.899999618530273,16.25,15.899999618530273,16.350000381469727,16.350000381469727,13947,0.0,0.0
2014-10-29,16.399999618530273,16.729999542236328,16.399999618530273,16.6299991607666,16.6299991607666,936691,0.0,0.0
2014-10-30,16.420000076293945,16.43000030517578,16.299999237060547,16.700000762939453,16.700000762939453,25427,0.0,0.0
2014-10-31,17.049999237060547,17.049999237060547,16.739999771118164,16.700000762939453,16.700000762939453,1805,0.0,0.0
2014-11-03,16.600000381469727,16.799999237060547,16.600000381469727,16.670000076293945,16.670000076293945,63202,0.0,0.0
2014-11-04,16.5,16.5,16.260000228881836,16.219999313354492,16.219999313354492,300,0.0,0.0
2014-11-05,16.100000381469727,16.15999984741211,16.100000381469727,16.15999984741211,16.15999984741211,3637,0.0,0.0
2014-11-06,16.309999465942383,16.309999465942383,16.309999465942383,16.3700008392334,16.3700008392334,5,0.0,0.0
2014-11-07,16.600000381469727,16.600000381469727,16.540000915527344,16.40999984741211,16.40999984741211,1110,0.0,0.0
2014-11-10,16.25,16.25,16.100000381469727,16.09000015258789,16.09000015258789,14470,0.0,0.0
2014-11-11,16.100000381469727,16.100000381469727,16.049999237060547,16.350000381469727,16.350000381469727,70,0.0,0.0
2014-11-12,16.520000457763672,16.639999389648438,16.520000457763672,16.68000030517578,16.68000030517578,1814,0.0,0.0
2014-11-13,16.68000030517578,16.68000030517578,16.649999618530273,16.329999923706055,16.329999923706055,1960,0.0,0.0
2014-11-14,16.34000015258789,16.34000015258789,16.34000015258789,16.489999771118164,16.489999771118164,49,0.0,0.0
2014-11-17,16.610000610351562,16.610000610351562,16.549999237060547,16.690000534057617,16.690000534057617,2644,0.0,0.0
2014-11-18,16.799999237060547,16.799999237060547,16.559999465942383,16.56999969482422,16.56999969482422,6700,0.0,0.0
2014-11-19,17.09000015258789,17.09000015258789,17.09000015258789,17.09000015258789,17.09000015258789,0,0.0,0.0
2014-11-20,17.209999084472656,17.420000076293945,17.170000076293945,17.389999389648438,17.389999389648438,10584,0.0,0.0
2014-11-21,17.450000762939453,17.649999618530273,17.450000762939453,17.649999618530273,17.649999618530273,3494,0.0,0.0
2014-11-24,17.510000228881836,17.65999984741211,17.510000228881836,17.690000534057617,17.690000534057617,149457,0.0,0.0
2014-11-25,17.559999465942383,17.559999465942383,17.5,17.31999969482422,17.31999969482422,570,0.0,0.0
2014-11-26,17.350000381469727,17.350000381469727,17.270000457763672,17.3799991607666,17.3799991607666,68702,0.0,0.0
2014-11-27,17.360000610351562,17.360000610351562,17.360000610351562,17.3700008392334,17.3700008392334,11700,0.0,0.0
2014-11-28,17.1299991607666,17.15999984741211,17.1299991607666,17.1299991607666,17.1299991607666,117623,0.0,0.0
2014-12-01,16.5,17.260000228881836,16.5,17.239999771118164,17.239999771118164,210184,0.0,0.0
2014-12-02,17.18000030517578,17.18000030517578,17.18000030517578,17.18000030517578,17.18000030517578,0,0.0,0.0
2014-12-03,17.350000381469727,17.350000381469727,17.350000381469727,17.600000381469727,17.600000381469727,93000,0.0,0.0
2014-12-04,17.920000076293945,17.920000076293945,17.860000610351562,18.110000610351562,18.110000610351562,29570,0.0,0.0
2014-12-05,18.200000762939453,18.200000762939453,18.170000076293945,17.93000030517578,17.93000030517578,4210,0.0,0.0
2014-12-08,17.950000762939453,17.950000762939453,17.6200008392334,17.6200008392334,17.6200008392334,35906,0.0,0.0
2014-12-09,17.850000381469727,17.850000381469727,17.540000915527344,17.469999313354492,17.469999313354492,55,0.0,0.0
2014-12-10,17.389999389648438,17.389999389648438,17.389999389648438,17.389999389648438,17.389999389648438,0,0.0,0.0
2014-12-11,17.209999084472656,17.209999084472656,17.209999084472656,17.190000534057617,17.190000534057617,8573,0.0,0.0
2014-12-12,17.1299991607666,17.59000015258789,17.1299991607666,17.639999389648438,17.639999389648438,27681,0.0,0.0
2014-12-15,17.610000610351562,17.610000610351562,17.530000686645508,17.489999771118164,17.489999771118164,547,0.0,0.0
2014-12-16,17.100000381469727,17.100000381469727,17.0,17.020000457763672,17.020000457763672,601,0.0,0.0
2014-12-17,16.610000610351562,16.610000610351562,16.280000686645508,16.450000762939453,16.450000762939453,104414,0.0,0.0
2014-12-18,16.309999465942383,16.43000030517578,16.170000076293945,16.360000610351562,16.360000610351562,40502,0.0,0.0
2014-12-19,16.360000610351562,16.600000381469727,16.360000610351562,16.559999465942383,16.559999465942383,1735,0.0,0.0
2014-12-22,16.56999969482422,16.649999618530273,16.559999465942383,16.59000015258789,16.59000015258789,27900,0.0,0.0
2014-12-23,16.43000030517578,16.43000030517578,16.43000030517578,16.40999984741211,16.40999984741211,94,0.0,0.0
2014-12-24,16.399999618530273,16.399999618530273,16.399999618530273,16.280000686645508,16.280000686645508,1634,0.0,0.0
2014-12-29,15.930000305175781,15.9399995803833,15.930000305175781,15.90999984741211,15.90999984741211,10277,0.0,0.0
2014-12-30,15.90999984741211,16.049999237060547,15.850000381469727,15.989999771118164,15.989999771118164,2811,0.0,0.0
2014-12-31,16.010000228881836,16.010000228881836,15.880000114440918,15.90999984741211,15.90999984741211,600,0.0,0.0
2015-01-02,15.270000457763672,15.8100004196167,15.270000457763672,15.720000267028809,15.720000267028809,230,0.0,0.0
2015-01-05,15.699999809265137,15.699999809265137,15.699999809265137,15.8100004196167,15.8100004196167,1000,0.0,0.0
2015-01-06,16.200000762939453,16.280000686645508,16.15999984741211,16.239999771118164,16.239999771118164,1810,0.0,0.0
2015-01-07,16.190000534057617,16.270000457763672,16.190000534057617,16.329999923706055,16.329999923706055,1207,0.0,0.0
2015-01-08,16.299999237060547,16.34000015258789,16.149999618530273,16.170000076293945,16.170000076293945,83105,0.0,0.0
2015-01-09,16.375,16.375,16.375,16.375,16.375,0,0.0,0.0
2015-01-12,15.9399995803833,16.059999465942383,15.9399995803833,15.949999809265137,15.949999809265137,27600,0.0,0.0
2015-01-13,15.800000190734863,15.800000190734863,15.619999885559082,15.630000114440918,15.630000114440918,3767,0.0,0.0
2015-01-14,14.90999984741211,15.0,14.729999542236328,15.229999542236328,15.229999542236328,89623,0.0,0.0
2015-01-15,15.4399995803833,15.449999809265137,15.199999809265137,15.229999542236328,15.229999542236328,42684,0.0,0.0
2015-01-16,15.34000015258789,15.5,15.329999923706055,15.369999885559082,15.369999885559082,1396,0.0,0.0
2015-01-19,15.335000038146973,15.335000038146973,15.335000038146973,15.335000038146973,15.335000038146973,0,0.0,0.0
2015-01-20,15.4399995803833,15.65999984741211,15.350000381469727,15.479999542236328,15.479999542236328,250712,0.0,0.0
2015-01-21,15.779999732971191,15.859999656677246,15.520000457763672,15.859999656677246,15.859999656677246,36990,0.0,0.0
2015-01-22,15.9399995803833,15.9399995803833,15.460000038146973,15.6899995803833,15.6899995803833,21727,0.0,0.0
2015-01-23,15.40999984741211,15.40999984741211,15.289999961853027,15.0600004196167,15.0600004196167,817,0.0,0.0
2015-01-26,15.069999694824219,15.609999656677246,15.069999694824219,15.550000190734863,15.550000190734863,80423,0.0,0.0
2015-01-27,15.720000267028809,15.720000267028809,15.4399995803833,15.479999542236328,15.479999542236328,5922,0.0,0.0
2015-01-28,15.8100004196167,15.84000015258789,15.649999618530273,15.770000457763672,15.770000457763672,239509,0.0,0.0
2015-01-29,15.619999885559082,15.739999771118164,15.529999732971191,15.680000305175781,15.680000305175781,868849,0.0,0.0
2015-01-30,15.795000076293945,15.795000076293945,15.795000076293945,15.795000076293945,15.795000076293945,0,0.0,0.0
2015-02-02,16.200000762939453,16.209999084472656,16.149999618530273,16.149999618530273,16.149999618530273,61951,0.0,0.0
2015-02-03,16.270000457763672,16.350000381469727,16.270000457763672,16.31999969482422,16.31999969482422,765,0.0,0.0
2015-02-04,15.84000015258789,15.970000267028809,15.720000267028809,15.970000267028809,15.970000267028809,5446,0.0,0.0
2015-02-05,15.890000343322754,15.890000343322754,15.890000343322754,15.890000343322754,15.890000343322754,0,0.0,0.0
2015-02-06,16.0,16.0,16.0,16.0,16.0,0,0.0,0.0
2015-02-09,15.859999656677246,15.989999771118164,15.739999771118164,15.979999542236328,15.979999542236328,100000,0.0,0.0
2015-02-10,15.819999694824219,15.819999694824219,15.5600004196167,15.5600004196167,15.5600004196167,7100,0.0,0.0
2015-02-11,15.600000381469727,15.65999984741211,15.359999656677246,15.359999656677246,15.359999656677246,7882,0.0,0.0
2015-02-12,15.4399995803833,15.5600004196167,15.359999656677246,15.5,15.5,32659,0.0,0.0
2015-02-13,15.680000305175781,15.680000305175781,15.489999771118164,15.449999809265137,15.449999809265137,8529,0.0,0.0
2015-02-16,15.399999618530273,15.399999618530273,15.399999618530273,15.3100004196167,15.3100004196167,18840,0.0,0.0
2015-02-17,14.904999732971191,14.904999732971191,14.904999732971191,14.904999732971191,14.904999732971191,0,0.0,0.0
2015-02-18,14.880000114440918,15.09000015258789,14.869999885559082,14.960000038146973,14.960000038146973,2900,0.0,0.0
2015-02-19,14.720000267028809,14.850000381469727,14.649999618530273,14.770000457763672,14.770000457763672,9001,0.0,0.0
2015-02-20,14.760000228881836,14.789999961853027,14.729999542236328,14.869999885559082,14.869999885559082,38898,0.0,0.0
2015-02-23,14.9350004196167,14.9350004196167,14.9350004196167,14.9350004196167,14.9350004196167,0,0.0,0.0
2015-02-24,14.859999656677246,15.25,14.859999656677246,15.170000076293945,15.170000076293945,9574,0.0,0.0
2015-02-25,15.020000457763672,15.020000457763672,15.0,15.069999694824219,15.069999694824219,26785,0.0,0.0
2015-02-26,15.09000015258789,15.09000015258789,15.09000015258789,15.09000015258789,15.09000015258789,0,0.0,0.0
2015-02-27,15.109999656677246,15.109999656677246,14.760000228881836,14.770000457763672,14.770000457763672,85026,0.0,0.0
2015-03-02,14.699999809265137,14.800000190734863,14.600000381469727,14.670000076293945,14.670000076293945,142426,0.0,0.0
2015-03-03,14.430000305175781,14.460000038146973,14.319999694824219,14.380000114440918,14.380000114440918,6710,0.0,0.0
2015-03-04,14.399999618530273,14.65999984741211,14.399999618530273,14.680000305175781,14.680000305175781,39672,0.0,0.0
2015-03-05,14.850000381469727,15.0,14.850000381469727,14.90999984741211,14.90999984741211,4000,0.0,0.0
2015-03-06,15.069999694824219,15.069999694824219,14.949999809265137,15.09000015258789,15.09000015258789,8650,0.0,0.0
2015-03-09,15.100000381469727,15.449999809265137,15.100000381469727,15.390000343322754,15.390000343322754,3560,0.0,0.0
2015-03-10,15.149999618530273,15.149999618530273,14.800000190734863,14.850000381469727,14.850000381469727,5445,0.0,0.0
2015-03-11,14.600000381469727,14.600000381469727,14.600000381469727,14.550000190734863,14.550000190734863,1100,0.0,0.0
2015-03-12,14.699999809265137,14.75,14.550000190734863,14.609999656677246,14.609999656677246,8560,0.0,0.0
2015-03-13,14.65999984741211,14.720000267028809,14.59000015258789,14.850000381469727,14.850000381469727,29005,0.0,0.0
2015-03-16,14.920000076293945,14.920000076293945,14.6899995803833,14.699999809265137,14.699999809265137,5700,0.0,0.0
2015-03-17,14.350000381469727,14.350000381469727,14.300000190734863,14.390000343322754,14.390000343322754,100100,0.0,0.0
2015-03-18,14.399999618530273,14.399999618530273,14.260000228881836,14.260000228881836,14.260000228881836,47200,0.0,0.0
2015-03-19,14.479999542236328,14.479999542236328,14.359999656677246,14.4399995803833,14.4399995803833,90542,0.0,0.0
2015-03-20,14.65999984741211,14.65999984741211,14.65999984741211,14.859999656677246,14.859999656677246,99,0.0,0.0
2015-03-23,15.0,15.020000457763672,15.0,15.020000457763672,15.020000457763672,949,0.0,0.0
2015-03-24,14.859999656677246,14.859999656677246,14.800000190734863,14.8100004196167,14.8100004196167,32032,0.0,0.0
2015-03-25,14.529999732971191,14.699999809265137,14.470000267028809,14.350000381469727,14.350000381469727,65425,0.0,0.0
2015-03-26,14.619999885559082,14.619999885559082,14.350000381469727,14.34000015258789,14.34000015258789,67870,0.0,0.0
2015-03-27,14.25,14.25,13.949999809265137,14.039999961853027,14.039999961853027,81188,0.0,0.0
2015-03-30,13.819999694824219,13.819999694824219,13.819999694824219,13.630000114440918,13.630000114440918,4200,0.0,0.0
2015-03-31,13.510000228881836,13.510000228881836,13.170000076293945,13.140000343322754,13.140000343322754,3270,0.0,0.0
2015-04-01,13.210000038146973,13.239999771118164,13.010000228881836,13.380000114440918,13.380000114440918,10540,0.0,0.0
2015-04-02,13.699999809265137,13.699999809265137,13.479999542236328,13.6899995803833,13.6899995803833,11304,0.0,0.0
2015-04-07,13.869999885559082,13.869999885559082,13.270000457763672,13.40999984741211,13.40999984741211,25812,0.0,0.0
2015-04-08,13.399999618530273,13.489999771118164,13.390000343322754,13.329999923706055,13.329999923706055,12590,0.0,0.0
2015-04-09,13.220000267028809,13.270000457763672,13.220000267028809,13.199999809265137,13.199999809265137,5268,0.0,0.0
2015-04-10,13.3100004196167,13.3100004196167,13.300000190734863,13.300000190734863,13.300000190734863,4600,0.0,0.0
2015-04-13,13.300000190734863,13.300000190734863,13.300000190734863,13.270000457763672,13.270000457763672,10,0.0,0.0
2015-04-14,13.0,13.020000457763672,12.920000076293945,13.039999961853027,13.039999961853027,22880,0.0,0.0
2015-04-15,13.350000381469727,13.350000381469727,13.210000038146973,13.220000267028809,13.220000267028809,4687,0.0,0.0
2015-04-16,13.399999618530273,13.399999618530273,13.399999618530273,13.399999618530273,13.399999618530273,0,0.0,0.0
2015-04-17,13.5,13.5,13.1899995803833,13.210000038146973,13.210000038146973,17190,0.0,0.0
2015-04-20,13.40999984741211,13.40999984741211,13.0,13.270000457763672,13.270000457763672,11077,0.0,0.0
2015-04-21,13.329999923706055,13.329999923706055,13.260000228881836,13.399999618530273,13.399999618530273,1641,0.0,0.0
2015-04-22,13.390000343322754,13.390000343322754,13.239999771118164,13.34000015258789,13.34000015258789,1712,0.0,0.0
2015-04-23,13.354999542236328,13.354999542236328,13.354999542236328,13.354999542236328,13.354999542236328,0,0.0,0.0
2015-04-24,13.449999809265137,13.869999885559082,13.449999809265137,13.75,13.75,22682,0.0,0.0
2015-04-27,14.170000076293945,14.270000457763672,14.0600004196167,14.260000228881836,14.260000228881836,6608,0.0,0.0
2015-04-28,14.109999656677246,14.130000114440918,13.979999542236328,14.029999732971191,14.029999732971191,42709,0.0,0.0
2015-04-29,14.039999961853027,14.039999961853027,14.039999961853027,14.119999885559082,14.119999885559082,50,0.0,0.0
2015-04-30,14.529999732971191,14.529999732971191,14.430000305175781,14.460000038146973,14.460000038146973,15200,0.0,0.0
2015-05-01,14.489999771118164,14.489999771118164,14.489999771118164,14.489999771118164,14.489999771118164,0,0.0,0.0
2015-05-05,14.75,15.010000228881836,14.699999809265137,15.010000228881836,15.010000228881836,19652,0.0,0.0
2015-05-06,15.119999885559082,15.119999885559082,14.680000305175781,14.710000038146973,14.710000038146973,12542,0.0,0.0
2015-05-07,14.5,14.579999923706055,14.5,14.859999656677246,14.859999656677246,491,0.0,0.0
2015-05-08,14.9399995803833,14.9399995803833,14.899999618530273,14.920000076293945,14.920000076293945,5496,0.0,0.0
2015-05-11,15.050000190734863,15.050000190734863,15.050000190734863,14.9399995803833,14.9399995803833,776,0.0,0.0
2015-05-12,14.869999885559082,14.920000076293945,14.760000228881836,14.899999618530273,14.899999618530273,2992,0.0,0.0
2015-05-13,14.779999732971191,14.899999618530273,14.720000267028809,14.770000457763672,14.770000457763672,13501,0.0,0.0
2015-05-14,14.710000038146973,14.710000038146973,14.529999732971191,14.479999542236328,14.479999542236328,7107,0.0,0.0
2015-05-15,14.539999961853027,14.59000015258789,14.380000114440918,14.5600004196167,14.5600004196167,17297,0.0,0.0
2015-05-18,14.5600004196167,14.5600004196167,14.380000114440918,14.390000343322754,14.390000343322754,126286,0.0,0.0
2015-05-19,14.319999694824219,14.319999694824219,13.739999771118164,13.75,13.75,5605,0.0,0.0
2015-05-20,13.460000038146973,13.630000114440918,13.4399995803833,13.579999923706055,13.579999923706055,1127,0.0,0.0
2015-05-21,13.729999542236328,13.729999542236328,13.640000343322754,13.779999732971191,13.779999732971191,101690,0.0,0.0
2015-05-22,13.359999656677246,13.489999771118164,13.300000190734863,13.380000114440918,13.380000114440918,32649,0.0,0.0
2015-05-26,13.229999542236328,13.229999542236328,13.229999542236328,13.300000190734863,13.300000190734863,75,0.0,0.0
2015-05-27,13.260000228881836,13.260000228881836,13.25,13.4399995803833,13.4399995803833,2304,0.0,0.0
2015-05-28,13.460000038146973,13.460000038146973,13.399999618530273,13.390000343322754,13.390000343322754,9560,0.0,0.0
2015-05-29,13.25,13.34000015258789,13.25,13.180000305175781,13.180000305175781,1400,0.0,0.0
2015-06-01,13.449999809265137,13.510000228881836,13.119999885559082,13.510000228881836,13.510000228881836,19824,0.0,0.0
2015-06-02,13.65999984741211,13.65999984741211,13.579999923706055,13.630000114440918,13.630000114440918,203,0.0,0.0
2015-06-03,13.65999984741211,13.65999984741211,13.479999542236328,13.600000381469727,13.600000381469727,6310,0.0,0.0
2015-06-04,13.40999984741211,13.40999984741211,13.399999618530273,13.449999809265137,13.449999809265137,2130,0.0,0.0
2015-06-05,13.632499694824219,13.632499694824219,13.632499694824219,13.632499694824219,13.632499694824219,0,0.0,0.0
2015-06-08,13.600000381469727,14.0,13.600000381469727,13.979999542236328,13.979999542236328,10903,0.0,0.0
2015-06-09,14.050000190734863,14.050000190734863,14.050000190734863,14.0,14.0,3052,0.0,0.0
2015-06-10,14.109999656677246,14.260000228881836,14.109999656677246,14.109999656677246,14.109999656677246,266,0.0,0.0
2015-06-11,14.130000114440918,14.130000114440918,13.859999656677246,13.899999618530273,13.899999618530273,5767,0.0,0.0
2015-06-12,13.720000267028809,13.720000267028809,13.720000267028809,13.670000076293945,13.670000076293945,1129,0.0,0.0
2015-06-15,13.460000038146973,13.5,13.460000038146973,13.5,13.5,11419,0.0,0.0
2015-06-16,13.279999732971191,13.34000015258789,13.279999732971191,13.260000228881836,13.260000228881836,1434,0.0,0.0
2015-06-17,13.420000076293945,13.420000076293945,13.420000076293945,13.399999618530273,13.399999618530273,3000,0.0,0.0
2015-06-18,13.420000076293945,13.420000076293945,13.3100004196167,13.329999923706055,13.329999923706055,1000,0.0,0.0
2015-06-19,13.199999809265137,13.199999809265137,13.170000076293945,13.199999809265137,13.199999809265137,4908,0.0,0.0
2015-06-22,13.149999618530273,13.260000228881836,13.0,13.069999694824219,13.069999694824219,88888,0.0,0.0
2015-06-23,13.149999618530273,13.399999618530273,13.149999618530273,13.380000114440918,13.380000114440918,150314,0.0,0.0
2015-06-24,13.297499656677246,13.297499656677246,13.297499656677246,13.297499656677246,13.297499656677246,0,0.0,0.0
2015-06-25,13.380000114440918,13.380000114440918,13.210000038146973,13.210000038146973,13.210000038146973,3800,0.0,0.0
2015-06-26,13.100000381469727,13.109999656677246,13.050000190734863,13.020000457763672,13.020000457763672,163774,0.0,0.0
2015-06-29,12.579999923706055,12.680000305175781,12.300000190734863,12.359999656677246,12.359999656677246,95060,0.0,0.0
2015-06-30,12.09000015258789,12.319999694824219,11.9399995803833,12.430000305175781,12.430000305175781,64259,0.0,0.0
2015-07-01,12.300000190734863,12.699999809265137,12.300000190734863,12.5,12.5,24224,0.0,0.0
2015-07-02,12.75,12.819999694824219,12.680000305175781,12.65999984741211,12.65999984741211,98224,0.0,0.0
2015-07-03,12.600000381469727,12.6899995803833,12.600000381469727,12.479999542236328,12.479999542236328,1180,0.0,0.0
2015-07-06,12.119999885559082,12.180000305175781,12.050000190734863,12.180000305175781,12.180000305175781,71094,0.0,0.0
2015-07-07,11.960000038146973,11.960000038146973,10.90999984741211,11.15999984741211,11.15999984741211,414790,0.0,0.0
2015-07-08,10.979999542236328,11.449999809265137,10.979999542236328,11.289999961853027,11.289999961853027,91475,0.0,0.0
2015-07-09,11.720000267028809,11.800000190734863,11.710000038146973,11.770000457763672,11.770000457763672,45314,0.0,0.0
2015-07-10,11.949999809265137,11.949999809265137,11.630000114440918,11.720000267028809,11.720000267028809,747491,0.0,0.0
2015-07-13,11.5600004196167,12.0600004196167,11.5600004196167,11.949999809265137,11.949999809265137,103750,0.0,0.0
2015-07-14,11.9399995803833,12.100000381469727,11.9399995803833,12.09000015258789,12.09000015258789,15777,0.0,0.0
2015-07-15,12.279999732971191,12.319999694824219,12.0,12.0600004196167,12.0600004196167,526758,0.0,0.0
2015-07-16,12.100000381469727,12.109999656677246,11.960000038146973,11.989999771118164,11.989999771118164,409194,0.0,0.0
2015-07-17,11.930000305175781,11.949999809265137,11.930000305175781,11.970000267028809,11.970000267028809,170200,0.0,0.0
2015-07-20,12.0,12.1899995803833,12.0,12.170000076293945,12.170000076293945,85705,0.0,0.0
2015-07-21,12.319999694824219,12.329999923706055,12.210000038146973,12.239999771118164,12.239999771118164,1326,0.0,0.0
2015-07-22,12.039999961853027,12.069999694824219,11.960000038146973,12.029999732971191,12.029999732971191,6130,0.0,0.0
2015-07-23,11.930000305175781,11.949999809265137,11.800000190734863,11.829999923706055,11.829999923706055,143862,0.0,0.0
2015-07-24,11.789999961853027,11.789999961853027,11.710000038146973,11.8100004196167,11.8100004196167,1318471,0.0,0.0
2015-07-27,11.430000305175781,11.510000228881836,11.40999984741211,11.510000228881836,11.510000228881836,701,0.0,0.0
2015-07-28,11.630000114440918,11.779999732971191,11.630000114440918,11.770000457763672,11.770000457763672,19645,0.0,0.0
2015-07-29,11.850000381469727,11.850000381469727,11.720000267028809,11.75,11.75,1392,0.0,0.0
2015-07-30,11.569999694824219,11.569999694824219,11.479999542236328,11.510000228881836,11.510000228881836,1294,0.0,0.0
2015-07-31,11.520000457763672,11.520000457763672,11.520000457763672,11.550000190734863,11.550000190734863,1758,0.0,0.0
2015-08-03,11.229999542236328,11.229999542236328,11.119999885559082,11.239999771118164,11.239999771118164,15322,0.0,0.0
2015-08-04,11.329999923706055,11.359999656677246,11.329999923706055,11.369999885559082,11.369999885559082,42000,0.0,0.0
2015-08-05,11.319999694824219,11.319999694824219,11.319999694824219,11.34000015258789,11.34000015258789,8840,0.0,0.0
2015-08-06,11.319999694824219,11.359999656677246,11.3100004196167,11.279999732971191,11.279999732971191,7983,0.0,0.0
2015-08-07,11.3100004196167,11.3100004196167,11.3100004196167,11.329999923706055,11.329999923706055,300,0.0,0.0
2015-08-10,11.460000038146973,11.569999694824219,11.4399995803833,11.609999656677246,11.609999656677246,1881,0.0,0.0
2015-08-11,11.279999732971191,11.399999618530273,11.199999809265137,11.15999984741211,11.15999984741211,25645,0.0,0.0
2015-08-12,10.859999656677246,11.100000381469727,10.710000038146973,11.079999923706055,11.079999923706055,37312,0.0,0.0
2015-08-13,11.119999885559082,11.119999885559082,11.010000228881836,11.010000228881836,11.010000228881836,88247,0.0,0.0
2015-08-14,10.979999542236328,10.979999542236328,10.960000038146973,10.970000267028809,10.970000267028809,4483,0.0,0.0
2015-08-17,11.029999732971191,11.09000015258789,11.020000457763672,11.050000190734863,11.050000190734863,25392,0.0,0.0
2015-08-18,10.850000381469727,10.899999618530273,10.720000267028809,10.819999694824219,10.819999694824219,5922,0.0,0.0
2015-08-19,10.800000190734863,10.859999656677246,10.739999771118164,10.829999923706055,10.829999923706055,130673,0.0,0.0
2015-08-20,10.829999923706055,10.829999923706055,10.829999923706055,10.850000381469727,10.850000381469727,70,0.0,0.0
2015-08-21,10.720000267028809,10.720000267028809,10.470000267028809,10.539999961853027,10.539999961853027,88313,0.0,0.0
2015-08-24,10.989999771118164,10.989999771118164,9.609999656677246,9.960000038146973,9.960000038146973,183640,0.0,0.0
2015-08-25,9.8100004196167,10.029999732971191,9.739999771118164,10.010000228881836,10.010000228881836,278343,0.0,0.0
2015-08-26,9.770000457763672,9.979999542236328,9.770000457763672,9.949999809265137,9.949999809265137,98000,0.0,0.0
2015-08-27,10.130000114440918,10.399999618530273,10.130000114440918,10.420000076293945,10.420000076293945,122830,0.0,0.0
2015-08-28,10.460000038146973,10.59000015258789,10.300000190734863,10.539999961853027,10.539999961853027,42367,0.0,0.0
2015-09-01,10.140000343322754,10.3100004196167,10.130000114440918,10.170000076293945,10.170000076293945,37550,0.0,0.0
2015-09-02,10.260000228881836,10.289999961853027,10.180000305175781,10.25,10.25,11556,0.0,0.0
2015-09-03,10.460000038146973,10.5,10.460000038146973,10.369999885559082,10.369999885559082,14080,0.0,0.0
2015-09-04,10.170000076293945,10.170000076293945,10.170000076293945,10.130000114440918,10.130000114440918,1,0.0,0.0
2015-09-07,10.25,10.319999694824219,10.180000305175781,10.15999984741211,10.15999984741211,43966,0.0,0.0
2015-09-08,10.3100004196167,10.430000305175781,10.3100004196167,10.399999618530273,10.399999618530273,168940,0.0,0.0
2015-09-09,10.359999656677246,10.489999771118164,10.359999656677246,10.390000343322754,10.390000343322754,18603,0.0,0.0
2015-09-10,10.739999771118164,10.850000381469727,10.649999618530273,10.8100004196167,10.8100004196167,23190,0.0,0.0
2015-09-11,10.630000114440918,10.649999618530273,10.619999885559082,10.649999618530273,10.649999618530273,1270,0.0,0.0
2015-09-14,10.5,10.5,10.470000267028809,10.300000190734863,10.300000190734863,564,0.0,0.0
2015-09-15,10.149999618530273,10.430000305175781,10.140000343322754,10.399999618530273,10.399999618530273,62410,0.0,0.0
2015-09-16,10.619999885559082,10.630000114440918,10.529999732971191,10.520000457763672,10.520000457763672,15550,0.0,0.0
2015-09-17,10.3774995803833,10.3774995803833,10.3774995803833,10.3774995803833,10.3774995803833,0,0.0,0.0
2015-09-18,10.270000457763672,10.289999961853027,10.149999618530273,10.149999618530273,10.149999618530273,14578,0.0,0.0
2015-09-21,10.25,10.270000457763672,10.229999542236328,10.180000305175781,10.180000305175781,332000,0.0,0.0
2015-09-22,10.109999656677246,10.109999656677246,10.010000228881836,10.0600004196167,10.0600004196167,2261,0.0,0.0
2015-09-23,10.119999885559082,10.170000076293945,10.119999885559082,10.1899995803833,10.1899995803833,39761,0.0,0.0
2015-09-24,10.239999771118164,10.239999771118164,10.220000267028809,10.25,10.25,3540,0.0,0.0
2015-09-25,10.199999809265137,10.199999809265137,10.199999809265137,10.289999961853027,10.289999961853027,90,0.0,0.0
2015-09-28,10.210000038146973,10.319999694824219,10.199999809265137,10.170000076293945,10.170000076293945,75995,0.0,0.0
2015-09-29,10.149999618530273,10.270000457763672,10.149999618530273,10.210000038146973,10.210000038146973,4945,0.0,0.0
2015-09-30,10.4399995803833,10.59000015258789,10.399999618530273,10.600000381469727,10.600000381469727,5950,0.0,0.0
2015-10-01,10.739999771118164,10.899999618530273,10.600000381469727,10.600000381469727,10.600000381469727,19531,0.0,0.0
2015-10-02,10.430000305175781,10.430000305175781,10.430000305175781,10.329999923706055,10.329999923706055,2215,0.0,0.0
2015-10-05,10.40999984741211,10.40999984741211,10.40999984741211,10.380000114440918,10.380000114440918,1780,0.0,0.0
2015-10-06,10.260000228881836,10.3100004196167,10.260000228881836,10.350000381469727,10.350000381469727,879,0.0,0.0
2015-10-07,10.470000267028809,10.609999656677246,10.470000267028809,10.529999732971191,10.529999732971191,43000,0.0,0.0
2015-10-08,10.479999542236328,10.550000190734863,10.460000038146973,10.529999732971191,10.529999732971191,36314,0.0,0.0
2015-10-09,10.930000305175781,11.220000267028809,10.8100004196167,10.930000305175781,10.930000305175781,41052,0.0,0.0
2015-10-12,11.0600004196167,11.0600004196167,10.920000076293945,10.880000114440918,10.880000114440918,3764,0.0,0.0
2015-10-13,10.8149995803833,10.8149995803833,10.8149995803833,10.8149995803833,10.8149995803833,0,0.0,0.0
2015-10-14,10.829999923706055,10.829999923706055,10.819999694824219,10.84000015258789,10.84000015258789,2300,0.0,0.0
2015-10-15,10.989999771118164,10.989999771118164,10.880000114440918,10.920000076293945,10.920000076293945,51100,0.0,0.0
2015-10-16,10.9399995803833,10.970000267028809,10.9399995803833,10.9399995803833,10.9399995803833,6018,0.0,0.0
2015-10-19,10.739999771118164,10.739999771118164,10.739999771118164,10.739999771118164,10.739999771118164,0,0.0,0.0
2015-10-20,10.757499694824219,10.757499694824219,10.757499694824219,10.757499694824219,10.757499694824219,0,0.0,0.0
2015-10-21,10.680000305175781,10.729999542236328,10.640000343322754,10.649999618530273,10.649999618530273,6600,0.0,0.0
2015-10-22,10.800000190734863,10.84000015258789,10.760000228881836,10.789999961853027,10.789999961853027,6250,0.0,0.0
2015-10-23,10.90999984741211,11.0600004196167,10.84000015258789,10.899999618530273,10.899999618530273,11310,0.0,0.0
2015-10-26,10.90999984741211,10.90999984741211,10.90999984741211,10.850000381469727,10.850000381469727,100,0.0,0.0
2015-10-27,10.989999771118164,10.989999771118164,10.890000343322754,10.899999618530273,10.899999618530273,6136,0.0,0.0
2015-10-28,10.890000343322754,10.970000267028809,10.890000343322754,10.9399995803833,10.9399995803833,800,0.0,0.0
2015-10-29,10.760000228881836,10.949999809265137,10.760000228881836,10.789999961853027,10.789999961853027,3240,0.0,0.0
2015-10-30,10.649999618530273,10.649999618530273,10.40999984741211,10.489999771118164,10.489999771118164,13453,0.0,0.0
2015-11-02,10.399999618530273,10.470000267028809,10.399999618530273,10.399999618530273,10.399999618530273,65099,0.0,0.0
2015-11-03,10.350000381469727,10.5,10.300000190734863,10.329999923706055,10.329999923706055,12134,0.0,0.0
2015-11-04,10.260000228881836,10.260000228881836,10.260000228881836,10.210000038146973,10.210000038146973,6940,0.0,0.0
2015-11-05,10.140000343322754,10.140000343322754,9.930000305175781,10.100000381469727,10.100000381469727,14180,0.0,0.0
2015-11-06,9.960000038146973,9.960000038146973,9.960000038146973,10.029999732971191,10.029999732971191,30,0.0,0.0
2015-11-09,9.880000114440918,9.979999542236328,9.859999656677246,9.899999618530273,9.899999618530273,3452,0.0,0.0
2015-11-10,9.84000015258789,9.850000381469727,9.84000015258789,9.829999923706055,9.829999923706055,1112,0.0,0.0
2015-11-11,9.888750076293945,9.888750076293945,9.888750076293945,9.888750076293945,9.888750076293945,0,0.0,0.0
2015-11-12,9.75,9.800000190734863,9.699999809265137,9.8100004196167,9.8100004196167,23900,0.0,0.0
2015-11-13,9.75,9.789999961853027,9.699999809265137,9.770000457763672,9.770000457763672,48410,0.0,0.0
2015-11-16,9.619999885559082,9.699999809265137,9.600000381469727,9.619999885559082,9.619999885559082,5450,0.0,0.0
2015-11-17,9.479999542236328,9.600000381469727,9.479999542236328,9.479999542236328,9.479999542236328,1298,0.0,0.0
2015-11-18,9.329999923706055,9.329999923706055,9.279999732971191,9.359999656677246,9.359999656677246,3650,0.0,0.0
2015-11-19,9.34000015258789,9.34000015258789,9.15999984741211,9.260000228881836,9.260000228881836,66600,0.0,0.0
2015-11-20,9.300000190734863,9.300000190734863,9.069999694824219,9.09000015258789,9.09000015258789,588,0.0,0.0
2015-11-23,8.65999984741211,8.729999542236328,8.529999732971191,8.520000457763672,8.520000457763672,95807,0.0,0.0
2015-11-24,8.6899995803833,9.029999732971191,8.65999984741211,9.029999732971191,9.029999732971191,32481,0.0,0.0
2015-11-25,9.039999961853027,9.25,9.039999961853027,9.239999771118164,9.239999771118164,5000,0.0,0.0
2015-11-26,9.510000228881836,9.510000228881836,9.460000038146973,9.5,9.5,51371,0.0,0.0
2015-11-27,9.3100004196167,9.3100004196167,9.100000381469727,9.079999923706055,9.079999923706055,13901,0.0,0.0
2015-11-30,9.100000381469727,9.25,9.069999694824219,9.25,9.25,18650,0.0,0.0
2015-12-01,9.1899995803833,9.1899995803833,9.1899995803833,9.199999809265137,9.199999809265137,500,0.0,0.0
2015-12-02,9.301250457763672,9.301250457763672,9.301250457763672,9.301250457763672,9.301250457763672,0,0.0,0.0
2015-12-03,9.069999694824219,9.069999694824219,9.069999694824219,9.050000190734863,9.050000190734863,2300,0.0,0.0
2015-12-04,9.28499984741211,9.28499984741211,9.28499984741211,9.28499984741211,9.28499984741211,0,0.0,0.0
2015-12-07,9.289999961853027,9.289999961853027,9.170000076293945,9.079999923706055,9.079999923706055,1893,0.0,0.0
2015-12-08,8.960000038146973,8.960000038146973,8.819999694824219,8.989999771118164,8.989999771118164,4325,0.0,0.0
2015-12-09,9.109999656677246,9.109999656677246,9.109999656677246,8.960000038146973,8.960000038146973,1500,0.0,0.0
2015-12-10,8.930000305175781,8.930000305175781,8.930000305175781,8.869999885559082,8.869999885559082,338,0.0,0.0
2015-12-11,8.890000343322754,8.890000343322754,8.890000343322754,8.949999809265137,8.949999809265137,2500,0.0,0.0
2015-12-14,8.890000343322754,9.079999923706055,8.829999923706055,9.0,9.0,12245,0.0,0.0
2015-12-15,8.9087495803833,8.9087495803833,8.9087495803833,8.9087495803833,8.9087495803833,0,0.0,0.0
2015-12-16,9.010000228881836,9.010000228881836,9.010000228881836,9.0,9.0,11100,0.0,0.0
2015-12-17,8.899999618530273,8.90999984741211,8.899999618530273,8.90999984741211,8.90999984741211,20017,0.0,0.0
2015-12-18,9.03499984741211,9.03499984741211,9.03499984741211,9.03499984741211,9.03499984741211,0,0.0,0.0
2015-12-21,9.163749694824219,9.163749694824219,9.163749694824219,9.163749694824219,9.163749694824219,0,0.0,0.0
2015-12-22,8.987500190734863,8.987500190734863,8.987500190734863,8.987500190734863,8.987500190734863,0,0.0,0.0
2015-12-23,8.9399995803833,8.9399995803833,8.9399995803833,8.9399995803833,8.9399995803833,0,0.0,0.0
2015-12-24,8.882499694824219,8.882499694824219,8.882499694824219,8.882499694824219,8.882499694824219,0,0.0,0.0
2015-12-29,8.800000190734863,8.949999809265137,8.789999961853027,9.0,9.0,18400,0.0,0.0
2015-12-30,8.930000305175781,8.930000305175781,8.899999618530273,8.9399995803833,8.9399995803833,1511,0.0,0.0
2015-12-31,9.023750305175781,9.023750305175781,9.023750305175781,9.023750305175781,9.023750305175781,0,0.0,0.0
2016-01-04,8.920000076293945,8.920000076293945,8.850000381469727,8.739999771118164,8.739999771118164,8370,0.0,0.0
2016-01-05,8.818750381469727,8.818750381469727,8.818750381469727,8.818750381469727,8.818750381469727,0,0.0,0.0
2016-01-06,8.800000190734863,8.800000190734863,8.800000190734863,8.8100004196167,8.8100004196167,671,0.0,0.0
2016-01-07,8.619999885559082,8.6899995803833,8.5,8.729999542236328,8.729999542236328,22153,0.0,0.0
2016-01-08,8.739999771118164,8.84000015258789,8.739999771118164,8.770000457763672,8.770000457763672,2400,0.0,0.0
2016-01-11,8.630000114440918,8.670000076293945,8.40999984741211,8.619999885559082,8.619999885559082,8000,0.0,0.0
2016-01-12,8.359999656677246,8.479999542236328,8.359999656677246,8.470000267028809,8.470000267028809,12571,0.0,0.0
2016-01-13,8.510000228881836,8.600000381469727,8.510000228881836,8.510000228881836,8.510000228881836,48666,0.0,0.0
2016-01-14,8.670000076293945,8.670000076293945,8.640000343322754,8.829999923706055,8.829999923706055,40332,0.0,0.0
2016-01-15,8.710000038146973,8.729999542236328,8.630000114440918,8.699999809265137,8.699999809265137,22500,0.0,0.0
2016-01-18,8.800000190734863,8.880000114440918,8.800000190734863,8.84000015258789,8.84000015258789,37550,0.0,0.0
2016-01-19,8.979999542236328,9.0,8.850000381469727,8.850000381469727,8.850000381469727,7223,0.0,0.0
2016-01-20,8.890000343322754,8.890000343322754,8.819999694824219,8.770000457763672,8.770000457763672,3238,0.0,0.0
2016-01-21,8.760000228881836,8.84000015258789,8.699999809265137,8.899999618530273,8.899999618530273,41830,0.0,0.0
2016-01-22,9.0600004196167,9.0600004196167,9.0600004196167,8.949999809265137,8.949999809265137,3229,0.0,0.0
2016-01-25,8.890000343322754,8.890000343322754,8.770000457763672,8.84000015258789,8.84000015258789,1039,0.0,0.0
2016-01-26,8.90999984741211,8.90999984741211,8.90999984741211,8.90999984741211,8.90999984741211,0,0.0,0.0
2016-01-27,8.991250038146973,8.991250038146973,8.991250038146973,8.991250038146973,8.991250038146973,0,0.0,0.0
2016-01-28,8.829999923706055,8.869999885559082,8.800000190734863,8.859999656677246,8.859999656677246,1824,0.0,0.0
2016-01-29,8.770000457763672,8.930000305175781,8.770000457763672,8.880000114440918,8.880000114440918,84204,0.0,0.0
2016-02-01,8.729999542236328,8.729999542236328,8.729999542236328,8.779999732971191,8.779999732971191,35,0.0,0.0
2016-02-02,8.779999732971191,8.779999732971191,8.699999809265137,8.670000076293945,8.670000076293945,33316,0.0,0.0
2016-02-03,8.739999771118164,8.739999771118164,8.710000038146973,8.710000038146973,8.710000038146973,6218,0.0,0.0
2016-02-04,8.859999656677246,8.859999656677246,8.859999656677246,8.75,8.75,200,0.0,0.0
2016-02-05,8.770000457763672,8.789999961853027,8.510000228881836,8.460000038146973,8.460000038146973,3500,0.0,0.0
2016-02-08,8.369999885559082,8.369999885559082,8.34000015258789,8.489999771118164,8.489999771118164,10000,0.0,0.0
2016-02-09,8.5,8.550000190734863,8.329999923706055,8.369999885559082,8.369999885559082,10300,0.0,0.0
2016-02-10,8.279999732971191,8.329999923706055,8.279999732971191,8.1899995803833,8.1899995803833,1894,0.0,0.0
2016-02-11,8.020000457763672,8.039999961853027,7.940000057220459,7.829999923706055,7.829999923706055,40109,0.0,0.0
2016-02-12,7.900000095367432,7.909999847412109,7.860000133514404,7.989999771118164,7.989999771118164,11390,0.0,0.0
2016-02-15,8.369999885559082,8.369999885559082,8.350000381469727,8.470000267028809,8.470000267028809,646,0.0,0.0
2016-02-16,8.539999961853027,8.550000190734863,8.489999771118164,8.539999961853027,8.539999961853027,1564,0.0,0.0
2016-02-17,8.557499885559082,8.557499885559082,8.557499885559082,8.557499885559082,8.557499885559082,0,0.0,0.0
2016-02-18,8.592499732971191,8.592499732971191,8.592499732971191,8.592499732971191,8.592499732971191,0,0.0,0.0
2016-02-19,8.579999923706055,8.579999923706055,8.579999923706055,8.680000305175781,8.680000305175781,65,0.0,0.0
2016-02-22,8.920000076293945,8.979999542236328,8.920000076293945,8.989999771118164,8.989999771118164,1141,0.0,0.0
2016-02-23,8.930000305175781,9.020000457763672,8.880000114440918,8.869999885559082,8.869999885559082,8600,0.0,0.0
2016-02-24,8.729999542236328,8.729999542236328,8.710000038146973,8.800000190734863,8.800000190734863,34300,0.0,0.0
2016-02-25,8.642499923706055,8.642499923706055,8.642499923706055,8.642499923706055,8.642499923706055,0,0.0,0.0
2016-02-26,8.670000076293945,8.670000076293945,8.65999984741211,8.699999809265137,8.699999809265137,6652,0.0,0.0
2016-02-29,8.680000305175781,8.720000267028809,8.680000305175781,8.6899995803833,8.6899995803833,72047,0.0,0.0
2016-03-01,8.8100004196167,8.8100004196167,8.8100004196167,8.880000114440918,8.880000114440918,9310,0.0,0.0
2016-03-02,9.050000190734863,9.100000381469727,9.029999732971191,9.0,9.0,150951,0.0,0.0
2016-03-03,9.1899995803833,9.1899995803833,9.1899995803833,9.1899995803833,9.1899995803833,29562,0.0,0.0
2016-03-04,9.319999694824219,9.420000076293945,9.260000228881836,9.539999961853027,9.539999961853027,19018,0.0,0.0
2016-03-07,9.5,9.739999771118164,9.5,9.579999923706055,9.579999923706055,32618,0.0,0.0
2016-03-08,9.380000114440918,9.420000076293945,9.069999694824219,9.020000457763672,9.020000457763672,6196,0.0,0.0
2016-03-09,9.069999694824219,9.069999694824219,8.989999771118164,9.119999885559082,9.119999885559082,96153,0.0,0.0
2016-03-10,8.949999809265137,9.069999694824219,8.949999809265137,8.979999542236328,8.979999542236328,424203,0.0,0.0
2016-03-11,9.109999656677246,9.109999656677246,9.039999961853027,9.039999961853027,9.039999961853027,6620,0.0,0.0
2016-03-14,9.100000381469727,9.100000381469727,8.829999923706055,8.850000381469727,8.850000381469727,5745,0.0,0.0
2016-03-15,8.8100004196167,8.8100004196167,8.729999542236328,8.8100004196167,8.8100004196167,18305,0.0,0.0
2016-03-16,8.75,8.75,8.649999618530273,8.8100004196167,8.8100004196167,107134,0.0,0.0
2016-03-17,8.899999618530273,9.0,8.899999618530273,9.069999694824219,9.069999694824219,22673,0.0,0.0
2016-03-18,9.180000305175781,9.1899995803833,9.100000381469727,8.989999771118164,8.989999771118164,13922,0.0,0.0
2016-03-21,9.00374984741211,9.00374984741211,9.00374984741211,9.00374984741211,9.00374984741211,0,0.0,0.0
2016-03-22,8.930000305175781,9.020000457763672,8.890000343322754,8.970000267028809,8.970000267028809,6168,0.0,0.0
2016-03-23,8.829999923706055,8.979999542236328,8.829999923706055,8.869999885559082,8.869999885559082,10982,0.0,0.0
2016-03-24,8.829999923706055,8.829999923706055,8.829999923706055,8.890000343322754,8.890000343322754,60,0.0,0.0
2016-03-29,8.701250076293945,8.701250076293945,8.701250076293945,8.701250076293945,8.701250076293945,0,0.0,0.0
2016-03-30,8.760000228881836,8.819999694824219,8.630000114440918,8.710000038146973,8.710000038146973,11509,0.0,0.0
2016-03-31,8.529999732971191,8.710000038146973,8.529999732971191,8.65999984741211,8.65999984741211,3152,0.0,0.0
2016-04-01,8.614999771118164,8.614999771118164,8.614999771118164,8.614999771118164,8.614999771118164,0,0.0,0.0
2016-04-04,8.479999542236328,8.479999542236328,8.479999542236328,8.5600004196167,8.5600004196167,2000,0.0,0.0
2016-04-05,8.5600004196167,8.5600004196167,8.529999732971191,8.649999618530273,8.649999618530273,6000,0.0,0.0
2016-04-06,8.760000228881836,8.760000228881836,8.760000228881836,8.760000228881836,8.760000228881836,200,0.0,0.0
2016-04-07,8.6899995803833,8.6899995803833,8.609999656677246,8.640000343322754,8.640000343322754,556,0.0,0.0
2016-04-08,8.729999542236328,8.729999542236328,8.729999542236328,8.819999694824219,8.819999694824219,242,0.0,0.0
2016-04-11,8.779999732971191,8.850000381469727,8.779999732971191,8.8100004196167,8.8100004196167,12364,0.0,0.0
2016-04-12,8.850000381469727,9.020000457763672,8.850000381469727,9.0,9.0,7776,0.0,0.0
2016-04-13,9.170000076293945,9.170000076293945,9.130000114440918,9.180000305175781,9.180000305175781,2657,0.0,0.0
2016-04-14,9.180000305175781,9.180000305175781,9.100000381469727,9.1899995803833,9.1899995803833,7963,0.0,0.0
2016-04-15,9.109999656677246,9.109999656677246,9.109999656677246,9.109999656677246,9.109999656677246,0,0.0,0.0
2016-04-18,9.220000267028809,9.220000267028809,9.119999885559082,9.289999961853027,9.289999961853027,2824,0.0,0.0
2016-04-19,9.300000190734863,9.369999885559082,9.25,9.420000076293945,9.420000076293945,31722,0.0,0.0
2016-04-20,9.479999542236328,9.479999542236328,9.430000305175781,9.479999542236328,9.479999542236328,60,0.0,0.0
2016-04-21,9.619999885559082,9.760000228881836,9.170000076293945,9.390000343322754,9.390000343322754,29672,0.0,0.0
2016-04-22,9.34000015258789,9.550000190734863,9.34000015258789,9.390000343322754,9.390000343322754,39055,0.0,0.0
2016-04-25,9.279999732971191,9.279999732971191,9.279999732971191,9.350000381469727,9.350000381469727,650,0.0,0.0
2016-04-26,9.260000228881836,9.350000381469727,9.260000228881836,9.350000381469727,9.350000381469727,1937,0.0,0.0
2016-04-27,9.470000267028809,9.479999542236328,9.319999694824219,9.399999618530273,9.399999618530273,4476,0.0,0.0
2016-04-28,9.40999984741211,9.40999984741211,9.40999984741211,9.449999809265137,9.449999809265137,1900,0.0,0.0
2016-04-29,9.5600004196167,9.75,9.5600004196167,9.619999885559082,9.619999885559082,25736,0.0,0.0
2016-05-03,9.770000457763672,9.899999618530273,9.699999809265137,9.739999771118164,9.739999771118164,61700,0.0,0.0
2016-05-04,9.630000114440918,9.630000114440918,9.630000114440918,9.649999618530273,9.649999618530273,2000,0.0,0.0
2016-05-05,9.539999961853027,9.539999961853027,9.350000381469727,9.270000457763672,9.270000457763672,1263,0.0,0.0
2016-05-06,9.239999771118164,9.319999694824219,9.149999618530273,9.279999732971191,9.279999732971191,9341,0.0,0.0
2016-05-09,9.0,9.020000457763672,8.880000114440918,8.880000114440918,8.880000114440918,12245,0.0,0.0
2016-05-10,8.829999923706055,8.970000267028809,8.829999923706055,8.880000114440918,8.880000114440918,74828,0.0,0.0
2016-05-11,9.100000381469727,9.100000381469727,9.0,9.0,9.0,63063,0.0,0.0
2016-05-12,9.0,9.0,8.829999923706055,8.829999923706055,8.829999923706055,22675,0.0,0.0
2016-05-13,8.800000190734863,8.829999923706055,8.789999961853027,8.869999885559082,8.869999885559082,145800,0.0,0.0
2016-05-16,8.869999885559082,8.869999885559082,8.869999885559082,8.920000076293945,8.920000076293945,100,0.0,0.0
2016-05-17,8.899999618530273,8.899999618530273,8.899999618530273,8.960000038146973,8.960000038146973,11148,0.0,0.0
2016-05-18,8.829999923706055,8.850000381469727,8.829999923706055,8.8100004196167,8.8100004196167,16933,0.0,0.0
2016-05-19,8.699999809265137,8.819999694824219,8.699999809265137,8.75,8.75,4212,0.0,0.0
2016-05-20,8.779999732971191,8.779999732971191,8.779999732971191,8.670000076293945,8.670000076293945,5632,0.0,0.0
2016-05-23,8.600000381469727,8.619999885559082,8.600000381469727,8.619999885559082,8.619999885559082,4331,0.0,0.0
2016-05-24,8.550000190734863,8.579999923706055,8.5,8.619999885559082,8.619999885559082,1600,0.0,0.0
2016-05-25,8.600000381469727,8.600000381469727,8.550000190734863,8.5600004196167,8.5600004196167,13000,0.0,0.0
2016-05-26,8.59000015258789,8.630000114440918,8.520000457763672,8.520000457763672,8.520000457763672,20444,0.0,0.0
2016-05-27,8.600000381469727,8.680000305175781,8.600000381469727,8.59000015258789,8.59000015258789,6977,0.0,0.0
2016-05-31,8.699999809265137,8.770000457763672,8.609999656677246,8.65999984741211,8.65999984741211,32499,0.0,0.0
2016-06-01,8.550000190734863,8.550000190734863,8.489999771118164,8.600000381469727,8.600000381469727,7833,0.0,0.0
2016-06-02,8.600000381469727,8.619999885559082,8.600000381469727,8.619999885559082,8.619999885559082,26623,0.0,0.0
2016-06-03,8.6899995803833,8.6899995803833,8.6899995803833,8.6899995803833,8.6899995803833,14781,0.0,0.0
2016-06-06,8.899999618530273,8.90999984741211,8.859999656677246,8.859999656677246,8.859999656677246,7378,0.0,0.0
2016-06-07,8.75,8.75,8.729999542236328,8.75,8.75,2231,0.0,0.0
2016-06-08,9.061249732971191,9.061249732971191,9.061249732971191,9.061249732971191,9.061249732971191,0,0.0,0.0
2016-06-09,9.1899995803833,9.1899995803833,9.0600004196167,9.09000015258789,9.09000015258789,1512,0.0,0.0
2016-06-10,9.0,9.15999984741211,9.0,9.109999656677246,9.109999656677246,23894,0.0,0.0
2016-06-13,9.100000381469727,9.100000381469727,9.039999961853027,9.050000190734863,9.050000190734863,26084,0.0,0.0
2016-06-14,9.0600004196167,9.0600004196167,9.0600004196167,9.020000457763672,9.020000457763672,10900,0.0,0.0
2016-06-15,9.180000305175781,9.260000228881836,9.149999618530273,9.180000305175781,9.180000305175781,3800,0.0,0.0
2016-06-16,9.005000114440918,9.005000114440918,9.005000114440918,9.005000114440918,9.005000114440918,0,0.0,0.0
2016-06-17,9.149999618530273,9.210000038146973,9.149999618530273,9.170000076293945,9.170000076293945,24620,0.0,0.0
2016-06-20,9.300000190734863,9.350000381469727,9.300000190734863,9.420000076293945,9.420000076293945,1724,0.0,0.0
2016-06-21,9.350000381469727,9.350000381469727,9.350000381469727,9.3100004196167,9.3100004196167,312,0.0,0.0
2016-06-22,9.380000114440918,9.460000038146973,9.369999885559082,9.399999618530273,9.399999618530273,17651,0.0,0.0
2016-06-23,9.350000381469727,9.350000381469727,9.289999961853027,9.380000114440918,9.380000114440918,5455,0.0,0.0
2016-06-24,9.050000190734863,9.199999809265137,8.989999771118164,9.210000038146973,9.210000038146973,20048,0.0,0.0
2016-06-27,9.279999732971191,9.279999732971191,9.069999694824219,9.109999656677246,9.109999656677246,37045,0.0,0.0
2016-06-28,9.3100004196167,9.390000343322754,9.300000190734863,9.449999809265137,9.449999809265137,117987,0.0,0.0
2016-06-29,9.399999618530273,9.619999885559082,9.399999618530273,9.550000190734863,9.550000190734863,18269,0.0,0.0
2016-06-30,9.579999923706055,9.579999923706055,9.479999542236328,9.529999732971191,9.529999732971191,11784,0.0,0.0
2016-07-01,9.699999809265137,10.020000457763672,9.670000076293945,10.0,10.0,181188,0.0,0.0
2016-07-04,10.180000305175781,10.5600004196167,10.180000305175781,10.399999618530273,10.399999618530273,115331,0.0,0.0
2016-07-05,10.270000457763672,10.460000038146973,10.140000343322754,9.869999885559082,9.869999885559082,262877,0.0,0.0
2016-07-06,9.859999656677246,9.930000305175781,9.859999656677246,10.069999694824219,10.069999694824219,19391,0.0,0.0
2016-07-07,10.020000457763672,10.020000457763672,10.020000457763672,9.9399995803833,9.9399995803833,200,0.0,0.0
2016-07-08,10.0,10.029999732971191,9.949999809265137,10.050000190734863,10.050000190734863,25807,0.0,0.0
2016-07-11,10.34000015258789,10.350000381469727,10.220000267028809,10.279999732971191,10.279999732971191,41538,0.0,0.0
2016-07-12,10.449999809265137,10.619999885559082,10.449999809265137,10.539999961853027,10.539999961853027,124808,0.0,0.0
2016-07-13,10.550000190734863,10.5600004196167,10.399999618530273,10.510000228881836,10.510000228881836,11599,0.0,0.0
2016-07-14,10.630000114440918,10.680000305175781,10.399999618530273,10.539999961853027,10.539999961853027,16727,0.0,0.0
2016-07-15,10.5024995803833,10.5024995803833,10.5024995803833,10.5024995803833,10.5024995803833,0,0.0,0.0
2016-07-18,10.380000114440918,10.699999809265137,10.380000114440918,10.649999618530273,10.649999618530273,81168,0.0,0.0
2016-07-19,10.699999809265137,10.8100004196167,10.539999961853027,10.640000343322754,10.640000343322754,87575,0.0,0.0
2016-07-20,10.699999809265137,10.779999732971191,10.520000457763672,10.699999809265137,10.699999809265137,6096,0.0,0.0
2016-07-21,10.8100004196167,11.0,10.739999771118164,10.930000305175781,10.930000305175781,67546,0.0,0.0
2016-07-22,10.770000457763672,10.90999984741211,10.770000457763672,10.65999984741211,10.65999984741211,10462,0.0,0.0
2016-07-25,10.600000381469727,10.739999771118164,10.510000228881836,10.630000114440918,10.630000114440918,95710,0.0,0.0
2016-07-26,10.460000038146973,10.5,10.359999656677246,10.539999961853027,10.539999961853027,3000,0.0,0.0
2016-07-27,10.449999809265137,10.449999809265137,10.449999809265137,10.539999961853027,10.539999961853027,621,0.0,0.0
2016-07-28,10.649999618530273,10.699999809265137,10.649999618530273,10.760000228881836,10.760000228881836,195,0.0,0.0
2016-07-29,10.65999984741211,10.680000305175781,10.65999984741211,10.739999771118164,10.739999771118164,5600,0.0,0.0
2016-08-01,10.890000343322754,10.989999771118164,10.890000343322754,10.90999984741211,10.90999984741211,41619,0.0,0.0
2016-08-02,11.050000190734863,11.050000190734863,10.720000267028809,10.8100004196167,10.8100004196167,9085,0.0,0.0
2016-08-03,10.8100004196167,10.899999618530273,10.8100004196167,10.880000114440918,10.880000114440918,81304,0.0,0.0
2016-08-04,10.720000267028809,10.720000267028809,10.720000267028809,10.760000228881836,10.760000228881836,5090,0.0,0.0
2016-08-05,10.800000190734863,10.800000190734863,10.800000190734863,10.789999961853027,10.789999961853027,1000,0.0,0.0
2016-08-08,10.930000305175781,10.930000305175781,10.930000305175781,10.920000076293945,10.920000076293945,133,0.0,0.0
2016-08-09,10.779999732971191,10.90999984741211,10.779999732971191,10.890000343322754,10.890000343322754,23232,0.0,0.0
2016-08-10,10.949999809265137,11.0600004196167,10.949999809265137,10.970000267028809,10.970000267028809,12825,0.0,0.0
2016-08-11,10.899999618530273,10.899999618530273,10.899999618530273,10.899999618530273,10.899999618530273,250,0.0,0.0
2016-08-12,10.789999961853027,10.789999961853027,10.529999732971191,10.529999732971191,10.529999732971191,20232,0.0,0.0
2016-08-15,10.4399995803833,10.649999618530273,10.390000343322754,10.550000190734863,10.550000190734863,22286,0.0,0.0
2016-08-16,10.510000228881836,10.539999961853027,10.399999618530273,10.470000267028809,10.470000267028809,33562,0.0,0.0
2016-08-17,10.390000343322754,10.390000343322754,10.319999694824219,10.380000114440918,10.380000114440918,75934,0.0,0.0
2016-08-18,10.460000038146973,10.470000267028809,10.460000038146973,10.510000228881836,10.510000228881836,7051,0.0,0.0
2016-08-19,10.520000457763672,10.520000457763672,10.520000457763672,10.520000457763672,10.520000457763672,150,0.0,0.0
2016-08-22,10.34000015258789,10.350000381469727,10.3100004196167,10.40999984741211,10.40999984741211,250500,0.0,0.0
2016-08-23,10.380000114440918,10.4399995803833,10.350000381469727,10.399999618530273,10.399999618530273,19087,0.0,0.0
2016-08-24,10.359999656677246,10.369999885559082,10.199999809265137,10.199999809265137,10.199999809265137,27778,0.0,0.0
2016-08-25,10.079999923706055,10.079999923706055,9.970000267028809,10.029999732971191,10.029999732971191,42320,0.0,0.0
2016-08-26,9.920000076293945,9.949999809265137,9.90999984741211,9.989999771118164,9.989999771118164,24055,0.0,0.0
2016-08-30,10.0,10.0,9.890000343322754,10.020000457763672,10.020000457763672,7143,0.0,0.0
2016-08-31,9.949999809265137,9.989999771118164,9.850000381469727,9.930000305175781,9.930000305175781,39495,0.0,0.0
2016-09-01,10.010000228881836,10.010000228881836,9.880000114440918,9.9399995803833,9.9399995803833,33549,0.0,0.0
2016-09-02,10.020000457763672,10.100000381469727,10.020000457763672,10.130000114440918,10.130000114440918,9042,0.0,0.0
2016-09-05,10.197500228881836,10.197500228881836,10.197500228881836,10.197500228881836,10.197500228881836,0,0.0,0.0
2016-09-06,10.289999961853027,10.300000190734863,10.289999961853027,10.270000457763672,10.270000457763672,19456,0.0,0.0
2016-09-07,10.300000190734863,10.399999618530273,10.300000190734863,10.300000190734863,10.300000190734863,30125,0.0,0.0
2016-09-08,10.4399995803833,10.4399995803833,10.4399995803833,10.4399995803833,10.4399995803833,0,0.0,0.0
2016-09-09,10.5024995803833,10.5024995803833,10.5024995803833,10.5024995803833,10.5024995803833,0,0.0,0.0
2016-09-12,10.229999542236328,10.229999542236328,10.229999542236328,10.199999809265137,10.199999809265137,4831,0.0,0.0
2016-09-13,10.045000076293945,10.045000076293945,10.045000076293945,10.045000076293945,10.045000076293945,0,0.0,0.0
2016-09-14,10.020000457763672,10.020000457763672,9.899999618530273,10.0,10.0,16500,0.0,0.0
2016-09-15,10.0,10.0,9.949999809265137,9.84000015258789,9.84000015258789,8130,0.0,0.0
2016-09-16,9.859999656677246,9.859999656677246,9.75,9.819999694824219,9.819999694824219,6280,0.0,0.0
2016-09-19,10.050000190734863,10.0600004196167,10.010000228881836,10.170000076293945,10.170000076293945,17280,0.0,0.0
2016-09-20,10.319999694824219,10.420000076293945,10.319999694824219,10.420000076293945,10.420000076293945,4625,0.0,0.0
2016-09-21,10.430000305175781,10.5,10.3100004196167,10.449999809265137,10.449999809265137,11443,0.0,0.0
2016-09-22,10.569999694824219,10.699999809265137,10.569999694824219,10.699999809265137,10.699999809265137,108604,0.0,0.0
2016-09-23,10.75,10.890000343322754,10.720000267028809,10.770000457763672,10.770000457763672,16390,0.0,0.0
2016-09-26,10.600000381469727,10.600000381469727,10.510000228881836,10.65999984741211,10.65999984741211,2846,0.0,0.0
2016-09-27,10.949999809265137,10.949999809265137,10.649999618530273,10.739999771118164,10.739999771118164,7301,0.0,0.0
2016-09-28,10.899999618530273,10.899999618530273,10.670000076293945,10.760000228881836,10.760000228881836,42098,0.0,0.0
2016-09-29,10.460000038146973,10.84000015258789,10.460000038146973,10.569999694824219,10.569999694824219,5966,0.0,0.0
2016-09-30,10.539999961853027,10.600000381469727,10.539999961853027,10.770000457763672,10.770000457763672,17061,0.0,0.0
2016-10-03,10.75,10.75,10.430000305175781,10.4399995803833,10.4399995803833,2307,0.0,0.0
2016-10-04,10.289999961853027,10.289999961853027,10.170000076293945,10.170000076293945,10.170000076293945,5280,0.0,0.0
2016-10-05,10.119999885559082,10.119999885559082,10.069999694824219,10.140000343322754,10.140000343322754,806,0.0,0.0
2016-10-06,10.210000038146973,10.3100004196167,10.210000038146973,10.3100004196167,10.3100004196167,15143,0.0,0.0
2016-10-07,10.390000343322754,10.390000343322754,10.319999694824219,10.359999656677246,10.359999656677246,111,0.0,0.0
2016-10-10,10.550000190734863,10.5600004196167,10.430000305175781,10.5600004196167,10.5600004196167,722851,0.0,0.0
2016-10-11,10.609999656677246,10.65999984741211,10.5,10.479999542236328,10.479999542236328,156344,0.0,0.0
2016-10-12,10.640000343322754,10.739999771118164,10.630000114440918,10.649999618530273,10.649999618530273,1566,0.0,0.0
2016-10-13,10.609999656677246,10.609999656677246,10.479999542236328,10.520000457763672,10.520000457763672,21363,0.0,0.0
2016-10-14,10.550000190734863,10.5600004196167,10.470000267028809,10.5600004196167,10.5600004196167,12477,0.0,0.0
2016-10-17,10.5,10.539999961853027,10.5,10.4399995803833,10.4399995803833,880,0.0,0.0
2016-10-18,10.479999542236328,10.489999771118164,10.4399995803833,10.520000457763672,10.520000457763672,595,0.0,0.0
2016-10-19,10.369999885559082,10.369999885559082,10.369999885559082,10.40999984741211,10.40999984741211,21,0.0,0.0
2016-10-20,10.399999618530273,10.399999618530273,10.229999542236328,10.229999542236328,10.229999542236328,1632,0.0,0.0
2016-10-21,10.149999618530273,10.149999618530273,10.109999656677246,10.100000381469727,10.100000381469727,15624,0.0,0.0
2016-10-24,10.199999809265137,10.199999809265137,10.100000381469727,10.170000076293945,10.170000076293945,4780,0.0,0.0
2016-10-25,10.390000343322754,10.430000305175781,10.3100004196167,10.34000015258789,10.34000015258789,5049,0.0,0.0
2016-10-26,10.25,10.329999923706055,10.25,10.350000381469727,10.350000381469727,8440,0.0,0.0
2016-10-27,10.289999961853027,10.430000305175781,10.289999961853027,10.430000305175781,10.430000305175781,20340,0.0,0.0
2016-10-28,10.487500190734863,10.487500190734863,10.487500190734863,10.487500190734863,10.487500190734863,0,0.0,0.0
2016-10-31,10.579999923706055,10.649999618530273,10.579999923706055,10.640000343322754,10.640000343322754,14495,0.0,0.0
2016-11-01,10.539999961853027,10.630000114440918,10.489999771118164,10.529999732971191,10.529999732971191,19018,0.0,0.0
2016-11-02,10.470000267028809,10.510000228881836,10.399999618530273,10.4399995803833,10.4399995803833,2967,0.0,0.0
2016-11-03,10.5600004196167,10.600000381469727,10.5,10.550000190734863,10.550000190734863,38044,0.0,0.0
2016-11-04,10.529999732971191,10.600000381469727,10.520000457763672,10.600000381469727,10.600000381469727,994,0.0,0.0
2016-11-07,11.0,11.260000228881836,11.0,11.069999694824219,11.069999694824219,185411,0.0,0.0
2016-11-08,11.300000190734863,11.430000305175781,11.220000267028809,11.359999656677246,11.359999656677246,10517,0.0,0.0
2016-11-09,11.489999771118164,11.739999771118164,11.489999771118164,11.600000381469727,11.600000381469727,110273,0.0,0.0
2016-11-10,11.970000267028809,11.970000267028809,11.619999885559082,11.670000076293945,11.670000076293945,32060,0.0,0.0
2016-11-11,11.970000267028809,11.979999542236328,11.369999885559082,11.369999885559082,11.369999885559082,71475,0.0,0.0
2016-11-14,11.390000343322754,11.5,11.170000076293945,11.279999732971191,11.279999732971191,885047,0.0,0.0
2016-11-15,11.300000190734863,11.300000190734863,11.300000190734863,11.34000015258789,11.34000015258789,1063,0.0,0.0
2016-11-16,11.470000267028809,11.470000267028809,11.270000457763672,11.390000343322754,11.390000343322754,19336,0.0,0.0
2016-11-17,11.350000381469727,11.399999618530273,11.329999923706055,11.369999885559082,11.369999885559082,6770,0.0,0.0
2016-11-18,11.100000381469727,11.15999984741211,10.989999771118164,10.989999771118164,10.989999771118164,6814,0.0,0.0
2016-11-21,11.319999694824219,11.479999542236328,11.319999694824219,11.399999618530273,11.399999618530273,12705,0.0,0.0
2016-11-22,11.569999694824219,11.569999694824219,11.470000267028809,11.479999542236328,11.479999542236328,12994,0.0,0.0
2016-11-23,11.420000076293945,11.680000305175781,11.40999984741211,11.640000343322754,11.640000343322754,31605,0.0,0.0
2016-11-24,11.6899995803833,11.8100004196167,11.649999618530273,11.729999542236328,11.729999542236328,23496,0.0,0.0
2016-11-25,11.640000343322754,11.710000038146973,11.569999694824219,11.670000076293945,11.670000076293945,20139,0.0,0.0
2016-11-28,11.90999984741211,11.979999542236328,11.819999694824219,11.829999923706055,11.829999923706055,64794,0.0,0.0
2016-11-29,11.470000267028809,11.579999923706055,11.09000015258789,11.170000076293945,11.170000076293945,799008,0.0,0.0
2016-11-30,11.050000190734863,11.300000190734863,11.050000190734863,11.239999771118164,11.239999771118164,15092,0.0,0.0
2016-12-01,11.25,11.350000381469727,11.25,11.300000190734863,11.300000190734863,7182,0.0,0.0
2016-12-02,11.229999542236328,11.229999542236328,11.170000076293945,11.579999923706055,11.579999923706055,3156,0.0,0.0
2016-12-05,11.729999542236328,11.739999771118164,11.699999809265137,11.75,11.75,36700,0.0,0.0
2016-12-06,11.680000305175781,11.75,11.649999618530273,11.75,11.75,21205,0.0,0.0
2016-12-07,11.6899995803833,11.6899995803833,11.5,11.5,11.5,19894,0.0,0.0
2016-12-08,11.5,11.5,11.279999732971191,11.260000228881836,11.260000228881836,19570,0.0,0.0
2016-12-09,11.449999809265137,11.520000457763672,11.369999885559082,11.460000038146973,11.460000038146973,9519,0.0,0.0
2016-12-12,11.449999809265137,11.449999809265137,11.399999618530273,11.479999542236328,11.479999542236328,9104,0.0,0.0
2016-12-13,11.489999771118164,11.489999771118164,11.350000381469727,11.390000343322754,11.390000343322754,1900,0.0,0.0
2016-12-14,11.5600004196167,11.619999885559082,11.5,11.5,11.5,5345,0.0,0.0
2016-12-15,11.420000076293945,11.479999542236328,11.359999656677246,11.479999542236328,11.479999542236328,9576,0.0,0.0
2016-12-16,11.239999771118164,11.239999771118164,11.180000305175781,11.229999542236328,11.229999542236328,41500,0.0,0.0
2016-12-19,11.0600004196167,11.0600004196167,10.720000267028809,10.920000076293945,10.920000076293945,24619,0.0,0.0
2016-12-20,11.0,11.010000228881836,10.960000038146973,11.020000457763672,11.020000457763672,72558,0.0,0.0
2016-12-21,11.010000228881836,11.010000228881836,11.010000228881836,10.920000076293945,10.920000076293945,1600,0.0,0.0
2016-12-22,10.75,10.75,10.739999771118164,10.789999961853027,10.789999961853027,300,0.0,0.0
2016-12-23,10.630000114440918,10.65999984741211,10.630000114440918,10.680000305175781,10.680000305175781,674,0.0,0.0
2016-12-28,10.25,10.3100004196167,10.149999618530273,10.220000267028809,10.220000267028809,75029,0.0,0.0
2016-12-29,10.15999984741211,10.199999809265137,10.100000381469727,10.100000381469727,10.100000381469727,172676,0.0,0.0
2016-12-30,10.180000305175781,10.199999809265137,10.180000305175781,10.149999618530273,10.149999618530273,5128,0.0,0.0
2017-01-03,10.199999809265137,10.270000457763672,10.130000114440918,10.050000190734863,10.050000190734863,40866,0.0,0.0
2017-01-04,10.0600004196167,10.199999809265137,10.0600004196167,10.229999542236328,10.229999542236328,16571,0.0,0.0
2017-01-05,10.3100004196167,10.420000076293945,10.25,10.3100004196167,10.3100004196167,18702,0.0,0.0
2017-01-06,10.270000457763672,10.270000457763672,10.270000457763672,10.279999732971191,10.279999732971191,1238,0.0,0.0
2017-01-09,10.319999694824219,10.350000381469727,10.3100004196167,10.380000114440918,10.380000114440918,4084,0.0,0.0
2017-01-10,10.520000457763672,10.520000457763672,10.470000267028809,10.579999923706055,10.579999923706055,530,0.0,0.0
2017-01-11,10.579999923706055,10.619999885559082,10.449999809265137,10.460000038146973,10.460000038146973,30539,0.0,0.0
2017-01-12,10.210000038146973,10.289999961853027,9.739999771118164,10.220000267028809,10.220000267028809,330147,0.0,0.0
2017-01-13,10.279999732971191,10.359999656677246,10.15999984741211,10.399999618530273,10.399999618530273,48153,0.0,0.0
2017-01-16,10.390000343322754,10.390000343322754,10.390000343322754,10.380000114440918,10.380000114440918,250,0.0,0.0
2017-01-17,9.84000015258789,10.289999961853027,9.84000015258789,10.229999542236328,10.229999542236328,17874,0.0,0.0
2017-01-18,10.210000038146973,10.210000038146973,10.210000038146973,10.210000038146973,10.210000038146973,0,0.0,0.0
2017-01-19,10.100000381469727,10.100000381469727,9.960000038146973,9.970000267028809,9.970000267028809,2278,0.0,0.0
2017-01-20,9.819999694824219,9.890000343322754,9.75,9.789999961853027,9.789999961853027,51388,0.0,0.0
2017-01-23,9.84000015258789,9.899999618530273,9.8100004196167,9.8100004196167,9.8100004196167,87999,0.0,0.0
2017-01-24,9.800000190734863,9.869999885559082,9.770000457763672,9.8100004196167,9.8100004196167,7393,0.0,0.0
2017-01-25,9.75,9.800000190734863,9.600000381469727,9.789999961853027,9.789999961853027,28068,0.0,0.0
2017-01-26,9.699999809265137,9.699999809265137,9.390000343322754,9.420000076293945,9.420000076293945,39170,0.0,0.0
2017-01-27,9.460000038146973,9.5,9.420000076293945,9.520000457763672,9.520000457763672,35231,0.0,0.0
2017-01-30,9.569999694824219,9.6899995803833,9.569999694824219,9.649999618530273,9.649999618530273,2977,0.0,0.0
2017-01-31,9.9399995803833,10.020000457763672,9.890000343322754,10.010000228881836,10.010000228881836,985049,0.0,0.0
2017-02-01,10.079999923706055,10.149999618530273,10.029999732971191,10.210000038146973,10.210000038146973,302457,0.0,0.0
2017-02-02,10.359999656677246,10.569999694824219,10.289999961853027,10.390000343322754,10.390000343322754,358582,0.0,0.0
2017-02-03,10.170000076293945,10.270000457763672,10.170000076293945,10.300000190734863,10.300000190734863,37121,0.0,0.0
2017-02-06,10.380000114440918,10.380000114440918,10.380000114440918,10.430000305175781,10.430000305175781,1094,0.0,0.0
2017-02-07,10.430000305175781,10.460000038146973,10.359999656677246,10.350000381469727,10.350000381469727,8782,0.0,0.0
2017-02-08,10.539999961853027,10.539999961853027,10.5,10.470000267028809,10.470000267028809,321481,0.0,0.0
2017-02-09,10.489999771118164,10.510000228881836,10.489999771118164,10.3100004196167,10.3100004196167,9187,0.0,0.0
2017-02-10,10.539999961853027,10.65999984741211,10.539999961853027,10.640000343322754,10.640000343322754,45767,0.0,0.0
2017-02-13,10.75,10.829999923706055,10.729999542236328,10.770000457763672,10.770000457763672,13126,0.0,0.0
2017-02-14,10.869999885559082,10.869999885559082,10.789999961853027,10.75,10.75,3142,0.0,0.0
2017-02-15,10.850000381469727,10.880000114440918,10.739999771118164,10.880000114440918,10.880000114440918,311646,0.0,0.0
2017-02-16,10.970000267028809,10.979999542236328,10.890000343322754,11.029999732971191,11.029999732971191,1098531,0.0,0.0
2017-02-17,10.970000267028809,10.970000267028809,10.90999984741211,11.039999961853027,11.039999961853027,6000,0.0,0.0
2017-02-20,11.079999923706055,11.149999618530273,11.050000190734863,11.170000076293945,11.170000076293945,35768,0.0,0.0
2017-02-21,10.5,11.109999656677246,10.5,10.920000076293945,10.920000076293945,101242,0.0,0.0
2017-02-22,10.800000190734863,10.880000114440918,10.789999961853027,10.850000381469727,10.850000381469727,25499,0.0,0.0
2017-02-23,10.699999809265137,10.699999809265137,10.550000190734863,10.600000381469727,10.600000381469727,6218,0.0,0.0
2017-02-24,10.649999618530273,10.890000343322754,10.649999618530273,10.869999885559082,10.869999885559082,12016,0.0,0.0
2017-02-27,10.930000305175781,11.0,10.90999984741211,11.020000457763672,11.020000457763672,488957,0.0,0.0
2017-02-28,10.970000267028809,11.0600004196167,10.880000114440918,10.920000076293945,10.920000076293945,3185,0.0,0.0
2017-03-01,11.0600004196167,11.140000343322754,11.0600004196167,11.100000381469727,11.100000381469727,5932,0.0,0.0
2017-03-02,11.020000457763672,11.020000457763672,10.800000190734863,10.800000190734863,10.800000190734863,10210,0.0,0.0
2017-03-03,10.899999618530273,10.930000305175781,10.899999618530273,10.960000038146973,10.960000038146973,2643,0.0,0.0
2017-03-06,10.9399995803833,11.010000228881836,10.9399995803833,11.050000190734863,11.050000190734863,3260,0.0,0.0
2017-03-07,10.979999542236328,10.979999542236328,10.739999771118164,10.680000305175781,10.680000305175781,981,0.0,0.0
2017-03-08,10.550000190734863,10.600000381469727,10.350000381469727,10.300000190734863,10.300000190734863,9478,0.0,0.0
2017-03-09,10.100000381469727,10.229999542236328,10.100000381469727,10.140000343322754,10.140000343322754,9573,0.0,0.0
2017-03-10,10.15999984741211,10.15999984741211,9.899999618530273,9.930000305175781,9.930000305175781,25154,0.0,0.0
2017-03-13,10.039999961853027,10.289999961853027,10.039999961853027,10.140000343322754,10.140000343322754,10959,0.0,0.0
2017-03-14,10.140000343322754,10.170000076293945,10.039999961853027,10.25,10.25,13181,0.0,0.0
2017-03-15,10.25,10.359999656677246,10.25,10.229999542236328,10.229999542236328,7559,0.0,0.0
2017-03-16,10.289999961853027,10.300000190734863,10.1899995803833,10.1899995803833,10.1899995803833,241010,0.0,0.0
2017-03-17,10.220000267028809,10.25,10.199999809265137,10.199999809265137,10.199999809265137,4209,0.0,0.0
2017-03-20,10.140000343322754,10.15999984741211,10.09000015258789,10.15999984741211,10.15999984741211,80748,0.0,0.0
2017-03-21,10.180000305175781,10.210000038146973,10.180000305175781,10.119999885559082,10.119999885559082,190040,0.0,0.0
2017-03-22,9.989999771118164,10.029999732971191,9.9399995803833,10.010000228881836,10.010000228881836,20255,0.0,0.0
2017-03-23,10.010000228881836,10.010000228881836,10.010000228881836,9.979999542236328,9.979999542236328,409,0.0,0.0
2017-03-24,9.970000267028809,9.970000267028809,9.90999984741211,9.850000381469727,9.850000381469727,2100,0.0,0.0
2017-03-27,9.760000228881836,9.800000190734863,9.619999885559082,9.729999542236328,9.729999542236328,3568,0.0,0.0
2017-03-28,9.760000228881836,9.770000457763672,9.760000228881836,9.930000305175781,9.930000305175781,393315,0.0,0.0
2017-03-29,10.050000190734863,10.050000190734863,10.050000190734863,10.050000190734863,10.050000190734863,0,0.0,0.0
2017-03-30,10.107500076293945,10.107500076293945,10.107500076293945,10.107500076293945,10.107500076293945,0,0.0,0.0
2017-03-31,9.989999771118164,9.989999771118164,9.899999618530273,9.930000305175781,9.930000305175781,167530,0.0,0.0
2017-04-03,9.829999923706055,9.949999809265137,9.829999923706055,9.850000381469727,9.850000381469727,3105,0.0,0.0
2017-04-04,9.729999542236328,9.880000114440918,9.729999542236328,9.90999984741211,9.90999984741211,6150,0.0,0.0
2017-04-05,10.149999618530273,10.300000190734863,10.149999618530273,10.180000305175781,10.180000305175781,1845,0.0,0.0
2017-04-06,10.34000015258789,10.34000015258789,10.270000457763672,10.119999885559082,10.119999885559082,4570,0.0,0.0
2017-04-07,9.960000038146973,9.960000038146973,9.960000038146973,10.130000114440918,10.130000114440918,4700,0.0,0.0
2017-04-10,10.109999656677246,10.109999656677246,10.109999656677246,10.15999984741211,10.15999984741211,5778,0.0,0.0
2017-04-11,9.80875015258789,9.80875015258789,9.80875015258789,9.80875015258789,9.80875015258789,0,0.0,0.0
2017-04-12,9.720000267028809,9.729999542236328,9.720000267028809,9.699999809265137,9.699999809265137,2373,0.0,0.0
2017-04-13,9.710000038146973,9.770000457763672,9.6899995803833,9.729999542236328,9.729999542236328,3693,0.0,0.0
2017-04-18,9.680000305175781,9.680000305175781,9.329999923706055,9.34000015258789,9.34000015258789,6786,0.0,0.0
2017-04-19,9.350000381469727,9.430000305175781,9.350000381469727,9.380000114440918,9.380000114440918,7060,0.0,0.0
2017-04-20,9.460000038146973,9.460000038146973,9.4399995803833,9.430000305175781,9.430000305175781,1889,0.0,0.0
2017-04-21,9.4399995803833,9.4399995803833,9.399999618530273,9.359999656677246,9.359999656677246,8649,0.0,0.0
2017-04-24,9.3100004196167,9.329999923706055,9.300000190734863,9.270000457763672,9.270000457763672,32600,0.0,0.0
2017-04-25,9.229999542236328,9.260000228881836,9.199999809265137,9.25,9.25,1088195,0.0,0.0
2017-04-26,9.229999542236328,9.3100004196167,9.220000267028809,9.260000228881836,9.260000228881836,12399,0.0,0.0
2017-04-27,9.210000038146973,9.210000038146973,9.15999984741211,9.260000228881836,9.260000228881836,8595,0.0,0.0
2017-04-28,9.460000038146973,9.470000267028809,9.449999809265137,9.489999771118164,9.489999771118164,13100,0.0,0.0
2017-05-02,9.470000267028809,9.470000267028809,9.470000267028809,9.520000457763672,9.520000457763672,500,0.0,0.0
2017-05-03,9.199999809265137,9.229999542236328,9.199999809265137,9.199999809265137,9.199999809265137,4300,0.0,0.0
2017-05-04,8.899999618530273,9.100000381469727,8.899999618530273,8.960000038146973,8.960000038146973,5595,0.0,0.0
2017-05-05,8.859999656677246,9.039999961853027,8.859999656677246,9.140000343322754,9.140000343322754,16743,0.0,0.0
2017-05-08,9.09000015258789,9.119999885559082,9.09000015258789,9.09000015258789,9.09000015258789,3700,0.0,0.0
2017-05-09,9.199999809265137,9.300000190734863,9.149999618530273,9.1899995803833,9.1899995803833,3723,0.0,0.0
2017-05-10,9.119999885559082,9.130000114440918,9.109999656677246,9.050000190734863,9.050000190734863,1734,0.0,0.0
2017-05-11,9.34000015258789,9.34000015258789,9.289999961853027,9.229999542236328,9.229999542236328,380,0.0,0.0
2017-05-12,9.279999732971191,9.279999732971191,9.279999732971191,9.289999961853027,9.289999961853027,500,0.0,0.0
2017-05-15,9.300000190734863,9.300000190734863,9.300000190734863,9.289999961853027,9.289999961853027,100,0.0,0.0
2017-05-16,9.09000015258789,9.09000015258789,9.0,9.109999656677246,9.109999656677246,16517,0.0,0.0
2017-05-17,9.149999618530273,9.149999618530273,9.149999618530273,9.180000305175781,9.180000305175781,28197,0.0,0.0
2017-05-18,8.989999771118164,9.079999923706055,8.989999771118164,9.100000381469727,9.100000381469727,116409,0.0,0.0
2017-05-19,9.130000114440918,9.3100004196167,9.119999885559082,9.350000381469727,9.350000381469727,7411,0.0,0.0
2017-05-22,9.319999694824219,9.430000305175781,9.319999694824219,9.319999694824219,9.319999694824219,373,0.0,0.0
2017-05-23,9.279999732971191,9.279999732971191,9.279999732971191,9.300000190734863,9.300000190734863,1830,0.0,0.0
2017-05-24,9.09000015258789,9.09000015258789,9.09000015258789,9.050000190734863,9.050000190734863,27,0.0,0.0
2017-05-25,9.100000381469727,9.100000381469727,9.100000381469727,9.039999961853027,9.039999961853027,1420,0.0,0.0
2017-05-26,9.0,9.029999732971191,8.989999771118164,9.0,9.0,18928,0.0,0.0
2017-05-30,9.020000457763672,9.09000015258789,8.989999771118164,9.0600004196167,9.0600004196167,8247,0.0,0.0
2017-05-31,8.800000190734863,8.859999656677246,8.760000228881836,8.84000015258789,8.84000015258789,16966,0.0,0.0
2017-06-01,8.729999542236328,8.729999542236328,8.729999542236328,8.84000015258789,8.84000015258789,125,0.0,0.0
2017-06-02,8.699999809265137,8.800000190734863,8.699999809265137,8.800000190734863,8.800000190734863,49000,0.0,0.0
2017-06-05,8.829999923706055,8.829999923706055,8.829999923706055,8.829999923706055,8.829999923706055,1000,0.0,0.0
2017-06-06,8.880000114440918,8.880000114440918,8.789999961853027,8.84000015258789,8.84000015258789,15926,0.0,0.0
2017-06-07,8.899999618530273,8.90999984741211,8.84000015258789,8.770000457763672,8.770000457763672,33906,0.0,0.0
2017-06-08,8.789999961853027,8.789999961853027,8.789999961853027,8.770000457763672,8.770000457763672,1000,0.0,0.0
2017-06-09,8.800000190734863,8.880000114440918,8.779999732971191,8.899999618530273,8.899999618530273,42172,0.0,0.0
2017-06-12,8.890000343322754,8.970000267028809,8.880000114440918,8.729999542236328,8.729999542236328,2889,0.0,0.0
2017-06-13,8.670000076293945,8.770000457763672,8.65999984741211,8.710000038146973,8.710000038146973,9565,0.0,0.0
2017-06-14,8.8100004196167,8.84000015258789,8.8100004196167,8.75,8.75,1275,0.0,0.0
2017-06-15,8.789999961853027,8.789999961853027,8.789999961853027,8.8100004196167,8.8100004196167,1030,0.0,0.0
2017-06-16,8.920000076293945,8.9399995803833,8.850000381469727,8.880000114440918,8.880000114440918,41332,0.0,0.0
2017-06-19,9.0,9.010000228881836,9.0,9.0,9.0,5350,0.0,0.0
2017-06-20,8.9399995803833,8.960000038146973,8.850000381469727,8.779999732971191,8.779999732971191,305,0.0,0.0
2017-06-21,8.90999984741211,8.920000076293945,8.90999984741211,8.90999984741211,8.90999984741211,4280,0.0,0.0
2017-06-22,8.850000381469727,8.880000114440918,8.850000381469727,8.970000267028809,8.970000267028809,450,0.0,0.0
2017-06-23,9.047499656677246,9.047499656677246,9.047499656677246,9.047499656677246,9.047499656677246,0,0.0,0.0
2017-06-26,9.020000457763672,9.020000457763672,9.020000457763672,8.949999809265137,8.949999809265137,376,0.0,0.0
2017-06-27,9.029999732971191,9.15999984741211,9.09000015258789,9.15999984741211,9.15999984741211,6050,0.0,0.0
2017-06-28,9.15999984741211,9.15999984741211,9.15999984741211,9.210000038146973,9.210000038146973,350,0.0,0.0
2017-06-29,9.1899995803833,9.199999809265137,9.1899995803833,9.210000038146973,9.210000038146973,3240,0.0,0.0
2017-06-30,9.260000228881836,9.260000228881836,9.260000228881836,9.220000267028809,9.220000267028809,2300,0.0,0.0
2017-07-03,9.300000190734863,9.3100004196167,9.260000228881836,9.229999542236328,9.229999542236328,4120,0.0,0.0
2017-07-04,9.100000381469727,9.100000381469727,9.100000381469727,9.130000114440918,9.130000114440918,1000,0.0,0.0
2017-07-05,9.069999694824219,9.100000381469727,9.069999694824219,9.010000228881836,9.010000228881836,70000,0.0,0.0
2017-07-06,9.020000457763672,9.020000457763672,9.020000457763672,9.020000457763672,9.020000457763672,1764,0.0,0.0
2017-07-07,8.90999984741211,8.920000076293945,8.90999984741211,8.84000015258789,8.84000015258789,100000,0.0,0.0
2017-07-10,8.800000190734863,8.880000114440918,8.800000190734863,8.859999656677246,8.859999656677246,205588,0.0,0.0
2017-07-11,8.949999809265137,9.09000015258789,8.930000305175781,9.069999694824219,9.069999694824219,32883,0.0,0.0
2017-07-12,9.09000015258789,9.180000305175781,9.09000015258789,9.140000343322754,9.140000343322754,329416,0.0,0.0
2017-07-13,9.130000114440918,9.130000114440918,9.09000015258789,9.119999885559082,9.119999885559082,9892,0.0,0.0
2017-07-14,9.1899995803833,9.390000343322754,9.1899995803833,9.430000305175781,9.430000305175781,25761,0.0,0.0
2017-07-17,9.510000228881836,9.600000381469727,9.510000228881836,9.59000015258789,9.59000015258789,12532,0.0,0.0
2017-07-18,9.619999885559082,9.619999885559082,9.619999885559082,9.619999885559082,9.619999885559082,0,0.0,0.0
2017-07-19,9.619999885559082,9.680000305175781,9.619999885559082,9.579999923706055,9.579999923706055,886,0.0,0.0
2017-07-20,9.510000228881836,9.520000457763672,9.5,9.399999618530273,9.399999618530273,178830,0.0,0.0
2017-07-21,9.449999809265137,9.460000038146973,9.449999809265137,9.4399995803833,9.4399995803833,18716,0.0,0.0
2017-07-24,9.609999656677246,9.609999656677246,9.609999656677246,9.609999656677246,9.609999656677246,16358,0.0,0.0
2017-07-25,9.770000457763672,9.869999885559082,9.770000457763672,9.869999885559082,9.869999885559082,92001,0.0,0.0
2017-07-26,9.779999732971191,9.920000076293945,9.770000457763672,9.920000076293945,9.920000076293945,66752,0.0,0.0
2017-07-27,10.079999923706055,10.079999923706055,10.079999923706055,10.069999694824219,10.069999694824219,194000,0.0,0.0
2017-07-28,10.069999694824219,10.170000076293945,10.069999694824219,10.15999984741211,10.15999984741211,8085,0.0,0.0
2017-07-31,10.170000076293945,10.180000305175781,10.130000114440918,10.15999984741211,10.15999984741211,26367,0.0,0.0
2017-08-01,10.050000190734863,10.15999984741211,10.050000190734863,10.119999885559082,10.119999885559082,1240064,0.0,0.0
2017-08-02,10.130000114440918,10.180000305175781,10.100000381469727,10.210000038146973,10.210000038146973,31135,0.0,0.0
2017-08-03,10.140000343322754,10.220000267028809,10.140000343322754,10.229999542236328,10.229999542236328,2318,0.0,0.0
2017-08-04,10.289999961853027,10.289999961853027,10.180000305175781,10.170000076293945,10.170000076293945,5352,0.0,0.0
2017-08-07,10.229999542236328,10.260000228881836,10.229999542236328,10.25,10.25,2071,0.0,0.0
2017-08-08,10.170000076293945,10.489999771118164,10.170000076293945,10.470000267028809,10.470000267028809,51164,0.0,0.0
2017-08-09,10.609999656677246,10.680000305175781,10.579999923706055,10.619999885559082,10.619999885559082,46719,0.0,0.0
2017-08-10,10.699999809265137,10.819999694824219,10.619999885559082,10.819999694824219,10.819999694824219,43475,0.0,0.0
2017-08-11,10.640000343322754,10.680000305175781,10.470000267028809,10.529999732971191,10.529999732971191,55106,0.0,0.0
2017-08-14,10.470000267028809,10.470000267028809,10.449999809265137,10.289999961853027,10.289999961853027,681,0.0,0.0
2017-08-15,10.359999656677246,10.359999656677246,10.109999656677246,10.260000228881836,10.260000228881836,22760,0.0,0.0
2017-08-16,10.350000381469727,10.600000381469727,10.350000381469727,10.649999618530273,10.649999618530273,325174,0.0,0.0
2017-08-17,10.649999618530273,10.680000305175781,10.630000114440918,10.600000381469727,10.600000381469727,23631,0.0,0.0
2017-08-18,10.699999809265137,10.760000228881836,10.680000305175781,10.859999656677246,10.859999656677246,3586,0.0,0.0
2017-08-21,11.039999961853027,11.1899995803833,11.039999961853027,11.149999618530273,11.149999618530273,31713,0.0,0.0
2017-08-22,11.300000190734863,11.40999984741211,11.289999961853027,11.180000305175781,11.180000305175781,44956,0.0,0.0
2017-08-23,11.199999809265137,11.5,11.199999809265137,11.5,11.5,119888,0.0,0.0
2017-08-24,11.489999771118164,11.600000381469727,11.479999542236328,11.579999923706055,11.579999923706055,25650,0.0,0.0
2017-08-25,11.520000457763672,11.520000457763672,11.34000015258789,11.380000114440918,11.380000114440918,30932,0.0,0.0
2017-08-29,11.579999923706055,11.699999809265137,11.579999923706055,11.569999694824219,11.569999694824219,22856,0.0,0.0
2017-08-30,11.5,11.5,11.420000076293945,11.420000076293945,11.420000076293945,16381,0.0,0.0
2017-08-31,11.529999732971191,11.609999656677246,11.470000267028809,11.609999656677246,11.609999656677246,2580,0.0,0.0
2017-09-01,11.829999923706055,11.9399995803833,11.8100004196167,11.890000343322754,11.890000343322754,96974,0.0,0.0
2017-09-04,12.020000457763672,12.100000381469727,11.960000038146973,12.09000015258789,12.09000015258789,7019,0.0,0.0
2017-09-05,12.0600004196167,12.079999923706055,11.899999618530273,11.859999656677246,11.859999656677246,39169,0.0,0.0
2017-09-06,11.84000015258789,11.989999771118164,11.789999961853027,11.989999771118164,11.989999771118164,132406,0.0,0.0
2017-09-07,11.949999809265137,12.0,11.949999809265137,11.949999809265137,11.949999809265137,53815,0.0,0.0
2017-09-08,11.779999732971191,11.800000190734863,11.449999809265137,11.40999984741211,11.40999984741211,11494,0.0,0.0
2017-09-11,11.460000038146973,11.609999656677246,11.359999656677246,11.5600004196167,11.5600004196167,60960,0.0,0.0
2017-09-12,11.430000305175781,11.579999923706055,11.430000305175781,11.729999542236328,11.729999542236328,26398,0.0,0.0
2017-09-13,11.359999656677246,11.359999656677246,11.15999984741211,11.289999961853027,11.289999961853027,24057,0.0,0.0
2017-09-14,10.979999542236328,11.260000228881836,10.880000114440918,11.0600004196167,11.0600004196167,26835,0.0,0.0
2017-09-15,10.979999542236328,10.979999542236328,10.699999809265137,10.729999542236328,10.729999542236328,77406,0.0,0.0
2017-09-18,11.0,11.039999961853027,10.979999542236328,11.029999732971191,11.029999732971191,12354,0.0,0.0
2017-09-19,10.800000190734863,11.0600004196167,10.720000267028809,11.039999961853027,11.039999961853027,43770,0.0,0.0
2017-09-20,11.289999961853027,11.289999961853027,11.149999618530273,11.15999984741211,11.15999984741211,237282,0.0,0.0
2017-09-21,10.90999984741211,10.90999984741211,10.789999961853027,10.9399995803833,10.9399995803833,19850,0.0,0.0
2017-09-22,10.390000343322754,10.520000457763672,10.279999732971191,10.300000190734863,10.300000190734863,29309,0.0,0.0
2017-09-25,10.350000381469727,10.550000190734863,10.350000381469727,10.350000381469727,10.350000381469727,3120,0.0,0.0
2017-09-26,10.399999618530273,10.399999618530273,10.279999732971191,10.350000381469727,10.350000381469727,70165,0.0,0.0
2017-09-27,10.4399995803833,10.4399995803833,10.079999923706055,10.079999923706055,10.079999923706055,84107,0.0,0.0
2017-09-28,10.119999885559082,10.149999618530273,10.100000381469727,10.3100004196167,10.3100004196167,49869,0.0,0.0
2017-09-29,10.25,10.510000228881836,10.239999771118164,10.550000190734863,10.550000190734863,73736,0.0,0.0
2017-10-02,10.369999885559082,10.369999885559082,10.119999885559082,10.15999984741211,10.15999984741211,284718,0.0,0.0
2017-10-03,10.3100004196167,10.539999961853027,10.3100004196167,10.40999984741211,10.40999984741211,67820,0.0,0.0
2017-10-04,10.59000015258789,10.640000343322754,10.489999771118164,10.510000228881836,10.510000228881836,382788,0.0,0.0
2017-10-05,10.489999771118164,10.489999771118164,10.380000114440918,10.380000114440918,10.380000114440918,122988,0.0,0.0
2017-10-06,10.489999771118164,10.59000015258789,10.359999656677246,10.369999885559082,10.369999885559082,36658,0.0,0.0
2017-10-09,10.670000076293945,10.729999542236328,10.600000381469727,10.720000267028809,10.720000267028809,31140,0.0,0.0
2017-10-10,10.699999809265137,10.859999656677246,10.699999809265137,10.859999656677246,10.859999656677246,48452,0.0,0.0
2017-10-11,10.760000228881836,11.010000228881836,10.760000228881836,10.970000267028809,10.970000267028809,115662,0.0,0.0
2017-10-12,11.079999923706055,11.25,11.0600004196167,11.199999809265137,11.199999809265137,123548,0.0,0.0
2017-10-13,11.380000114440918,11.569999694824219,11.270000457763672,11.399999618530273,11.399999618530273,679354,0.0,0.0
2017-10-16,11.75,11.75,11.630000114440918,11.680000305175781,11.680000305175781,60029,0.0,0.0
2017-10-17,11.470000267028809,11.569999694824219,11.470000267028809,11.529999732971191,11.529999732971191,13789,0.0,0.0
2017-10-18,11.579999923706055,11.649999618530273,11.5600004196167,11.539999961853027,11.539999961853027,83033,0.0,0.0
2017-10-19,11.510000228881836,11.550000190734863,11.449999809265137,11.5600004196167,11.5600004196167,47280,0.0,0.0
2017-10-20,11.90999984741211,11.949999809265137,11.5,11.569999694824219,11.569999694824219,142447,0.0,0.0
2017-10-23,11.569999694824219,11.680000305175781,11.5600004196167,11.720000267028809,11.720000267028809,52109,0.0,0.0
2017-10-24,11.800000190734863,11.850000381469727,11.699999809265137,11.75,11.75,77561,0.0,0.0
2017-10-25,11.65999984741211,11.699999809265137,11.649999618530273,11.649999618530273,11.649999618530273,47961,0.0,0.0
2017-10-26,11.699999809265137,11.699999809265137,11.550000190734863,11.520000457763672,11.520000457763672,31618,0.0,0.0
2017-10-27,11.3100004196167,11.3100004196167,11.270000457763672,11.319999694824219,11.319999694824219,37670,0.0,0.0
2017-10-30,11.34000015258789,11.34000015258789,11.220000267028809,11.369999885559082,11.369999885559082,39959,0.0,0.0
2017-10-31,11.710000038146973,11.779999732971191,11.630000114440918,11.770000457763672,11.770000457763672,74971,0.0,0.0
2017-11-01,12.460000038146973,12.800000190734863,12.350000381469727,12.479999542236328,12.479999542236328,260128,0.0,0.0
2017-11-02,12.510000228881836,12.649999618530273,12.229999542236328,12.329999923706055,12.329999923706055,221650,0.0,0.0
2017-11-03,12.5,12.680000305175781,12.329999923706055,12.470000267028809,12.470000267028809,199009,0.0,0.0
2017-11-06,12.649999618530273,12.710000038146973,12.600000381469727,12.649999618530273,12.649999618530273,51458,0.0,0.0
2017-11-07,12.539999961853027,12.65999984741211,12.359999656677246,12.369999885559082,12.369999885559082,128455,0.0,0.0
2017-11-08,12.319999694824219,12.489999771118164,12.319999694824219,12.4399995803833,12.4399995803833,85019,0.0,0.0
2017-11-09,12.180000305175781,12.180000305175781,12.0,12.130000114440918,12.130000114440918,21818,0.0,0.0
2017-11-10,12.130000114440918,12.170000076293945,11.960000038146973,11.930000305175781,11.930000305175781,21537,0.0,0.0
2017-11-13,12.140000343322754,12.260000228881836,12.100000381469727,12.239999771118164,12.239999771118164,7116,0.0,0.0
2017-11-14,12.109999656677246,12.149999618530273,11.529999732971191,11.600000381469727,11.600000381469727,56295,0.0,0.0
2017-11-15,11.420000076293945,11.489999771118164,11.210000038146973,11.489999771118164,11.489999771118164,118035,0.0,0.0
2017-11-16,11.40999984741211,11.539999961853027,11.220000267028809,11.220000267028809,11.220000267028809,69677,0.0,0.0
2017-11-17,11.279999732971191,11.359999656677246,10.890000343322754,11.329999923706055,11.329999923706055,7764,0.0,0.0
2017-11-20,11.359999656677246,11.460000038146973,11.300000190734863,11.460000038146973,11.460000038146973,8429,0.0,0.0
2017-11-21,11.430000305175781,11.59000015258789,11.430000305175781,11.569999694824219,11.569999694824219,20246,0.0,0.0
2017-11-22,11.550000190734863,11.710000038146973,11.550000190734863,11.670000076293945,11.670000076293945,3900,0.0,0.0
2017-11-23,11.479999542236328,11.649999618530273,11.479999542236328,11.649999618530273,11.649999618530273,900,0.0,0.0
2017-11-24,11.8100004196167,11.84000015258789,11.729999542236328,11.829999923706055,11.829999923706055,5802,0.0,0.0
2017-11-27,11.510000228881836,11.510000228881836,11.390000343322754,11.390000343322754,11.390000343322754,1865,0.0,0.0
2017-11-28,11.15999984741211,11.4399995803833,11.100000381469727,11.140000343322754,11.140000343322754,199344,0.0,0.0
2017-11-29,11.130000114440918,11.199999809265137,11.079999923706055,11.180000305175781,11.180000305175781,11503,0.0,0.0
2017-11-30,11.050000190734863,11.140000343322754,10.829999923706055,11.010000228881836,11.010000228881836,15823,0.0,0.0
2017-12-01,10.90999984741211,11.149999618530273,10.739999771118164,11.109999656677246,11.109999656677246,60339,0.0,0.0
2017-12-04,11.149999618530273,11.180000305175781,11.149999618530273,11.109999656677246,11.109999656677246,4358,0.0,0.0
2017-12-05,10.899999618530273,10.9399995803833,10.640000343322754,10.680000305175781,10.680000305175781,56865,0.0,0.0
2017-12-06,10.640000343322754,10.640000343322754,10.569999694824219,10.5600004196167,10.5600004196167,79946,0.0,0.0
2017-12-07,10.640000343322754,10.779999732971191,10.640000343322754,10.75,10.75,5457,0.0,0.0
2017-12-08,10.829999923706055,10.829999923706055,10.779999732971191,10.729999542236328,10.729999542236328,2490,0.0,0.0
2017-12-11,10.670000076293945,11.0,10.670000076293945,10.970000267028809,10.970000267028809,158022,0.0,0.0
2017-12-12,10.930000305175781,10.930000305175781,10.8100004196167,10.850000381469727,10.850000381469727,21818,0.0,0.0
2017-12-13,10.970000267028809,11.0,10.920000076293945,10.920000076293945,10.920000076293945,13061,0.0,0.0
2017-12-14,10.970000267028809,10.970000267028809,10.970000267028809,10.979999542236328,10.979999542236328,2241,0.0,0.0
2017-12-15,11.039999961853027,11.300000190734863,11.010000228881836,11.300000190734863,11.300000190734863,24584,0.0,0.0
2017-12-18,11.350000381469727,11.619999885559082,11.3100004196167,11.569999694824219,11.569999694824219,47275,0.0,0.0
2017-12-19,11.520000457763672,11.550000190734863,11.510000228881836,11.539999961853027,11.539999961853027,4393,0.0,0.0
2017-12-20,11.699999809265137,11.84000015258789,11.649999618530273,11.760000228881836,11.760000228881836,23393,0.0,0.0
2017-12-21,11.729999542236328,11.8100004196167,11.65999984741211,11.8100004196167,11.8100004196167,3645,0.0,0.0
2017-12-22,11.760000228881836,11.850000381469727,11.760000228881836,11.770000457763672,11.770000457763672,3776,0.0,0.0
2017-12-27,11.770000457763672,11.770000457763672,11.510000228881836,11.800000190734863,11.800000190734863,21937,0.0,0.0
2017-12-28,11.949999809265137,12.039999961853027,11.819999694824219,12.039999961853027,12.039999961853027,39742,0.0,0.0
2017-12-29,12.0,12.140000343322754,11.979999542236328,12.0600004196167,12.0600004196167,59009,0.0,0.0
2018-01-02,12.390000343322754,12.529999732971191,12.390000343322754,12.4399995803833,12.4399995803833,9701,0.0,0.0
2018-01-03,12.350000381469727,12.350000381469727,12.100000381469727,12.149999618530273,12.149999618530273,10602,0.0,0.0
2018-01-04,12.279999732971191,12.390000343322754,12.239999771118164,12.319999694824219,12.319999694824219,24982,0.0,0.0
2018-01-05,12.270000457763672,12.319999694824219,12.210000038146973,12.239999771118164,12.239999771118164,46653,0.0,0.0
2018-01-08,12.289999961853027,12.350000381469727,12.260000228881836,12.350000381469727,12.350000381469727,13597,0.0,0.0
2018-01-09,12.239999771118164,12.5,12.239999771118164,12.369999885559082,12.369999885559082,7103,0.0,0.0
2018-01-10,12.449999809265137,12.850000381469727,12.449999809265137,12.59000015258789,12.59000015258789,83764,0.0,0.0
2018-01-11,12.579999923706055,12.579999923706055,12.460000038146973,12.34000015258789,12.34000015258789,14636,0.0,0.0
2018-01-12,12.399999618530273,12.460000038146973,12.34000015258789,12.359999656677246,12.359999656677246,31752,0.0,0.0
2018-01-15,12.600000381469727,12.600000381469727,12.600000381469727,12.609999656677246,12.609999656677246,2576,0.0,0.0
2018-01-16,12.180000305175781,12.25,12.0,12.210000038146973,12.210000038146973,110869,0.0,0.0
2018-01-17,12.210000038146973,12.25,12.15999984741211,12.149999618530273,12.149999618530273,9345,0.0,0.0
2018-01-18,12.270000457763672,12.3100004196167,12.180000305175781,12.220000267028809,12.220000267028809,7250,0.0,0.0
2018-01-19,12.270000457763672,12.479999542236328,12.270000457763672,12.430000305175781,12.430000305175781,141817,0.0,0.0
2018-01-22,12.520000457763672,12.520000457763672,12.430000305175781,12.449999809265137,12.449999809265137,107040,0.0,0.0
2018-01-23,12.520000457763672,12.520000457763672,12.430000305175781,12.539999961853027,12.539999961853027,19611,0.0,0.0
2018-01-24,12.59000015258789,13.350000381469727,12.550000190734863,13.289999961853027,13.289999961853027,38623,0.0,0.0
2018-01-25,13.289999961853027,13.5,13.140000343322754,13.420000076293945,13.420000076293945,113116,0.0,0.0
2018-01-26,13.5,13.550000190734863,13.399999618530273,13.359999656677246,13.359999656677246,15784,0.0,0.0
2018-01-29,13.65999984741211,13.65999984741211,13.399999618530273,13.539999961853027,13.539999961853027,112229,0.0,0.0
2018-01-30,13.300000190734863,13.300000190734863,13.0,13.0,13.0,73234,0.0,0.0
2018-01-31,13.220000267028809,13.300000190734863,13.199999809265137,13.260000228881836,13.260000228881836,181790,0.0,0.0
2018-02-01,13.15999984741211,13.460000038146973,13.140000343322754,13.630000114440918,13.630000114440918,148549,0.0,0.0
2018-02-02,13.609999656677246,13.609999656677246,12.970000267028809,13.0600004196167,13.0600004196167,58182,0.0,0.0
2018-02-05,13.119999885559082,13.5,13.119999885559082,13.399999618530273,13.399999618530273,29317,0.0,0.0
2018-02-06,13.079999923706055,13.210000038146973,13.0,13.119999885559082,13.119999885559082,18257,0.0,0.0
2018-02-07,13.15999984741211,13.15999984741211,12.90999984741211,12.920000076293945,12.920000076293945,11501,0.0,0.0
2018-02-08,12.829999923706055,12.899999618530273,12.550000190734863,12.800000190734863,12.800000190734863,215132,0.0,0.0
2018-02-09,12.640000343322754,12.710000038146973,12.460000038146973,12.59000015258789,12.59000015258789,11695,0.0,0.0
2018-02-12,12.760000228881836,12.789999961853027,12.760000228881836,12.779999732971191,12.779999732971191,5360,0.0,0.0
2018-02-13,12.9399995803833,13.149999618530273,12.899999618530273,13.180000305175781,13.180000305175781,14507,0.0,0.0
2018-02-14,13.239999771118164,13.779999732971191,13.149999618530273,13.739999771118164,13.739999771118164,137084,0.0,0.0
2018-02-15,13.970000267028809,14.0,13.680000305175781,13.899999618530273,13.899999618530273,62171,0.0,0.0
2018-02-16,13.760000228881836,13.760000228881836,13.510000228881836,13.630000114440918,13.630000114440918,36786,0.0,0.0
2018-02-19,13.510000228881836,13.59000015258789,13.289999961853027,13.289999961853027,13.289999961853027,17525,0.0,0.0
2018-02-20,13.25,13.5,13.25,13.4399995803833,13.4399995803833,13533,0.0,0.0
2018-02-21,13.199999809265137,13.350000381469727,13.100000381469727,13.470000267028809,13.470000267028809,11144,0.0,0.0
2018-02-22,13.149999618530273,13.5,13.149999618530273,13.470000267028809,13.470000267028809,25904,0.0,0.0
2018-02-23,13.449999809265137,13.5,13.40999984741211,13.489999771118164,13.489999771118164,22127,0.0,0.0
2018-02-26,13.649999618530273,13.710000038146973,13.579999923706055,13.569999694824219,13.569999694824219,12199,0.0,0.0
2018-02-27,13.640000343322754,13.640000343322754,13.550000190734863,13.449999809265137,13.449999809265137,12133,0.0,0.0
2018-02-28,13.489999771118164,13.5,13.449999809265137,13.449999809265137,13.449999809265137,4182,0.0,0.0
2018-03-01,13.34000015258789,13.34000015258789,13.0,13.149999618530273,13.149999618530273,32646,0.0,0.0
2018-03-02,13.119999885559082,13.140000343322754,13.079999923706055,13.109999656677246,13.109999656677246,20188,0.0,0.0
2018-03-05,13.100000381469727,13.100000381469727,12.930000305175781,13.079999923706055,13.079999923706055,27105,0.0,0.0
2018-03-06,13.130000114440918,13.3100004196167,13.119999885559082,13.289999961853027,13.289999961853027,20095,0.0,0.0
2018-03-07,13.119999885559082,13.210000038146973,13.100000381469727,13.149999618530273,13.149999618530273,6527,0.0,0.0
2018-03-08,12.970000267028809,13.050000190734863,12.880000114440918,12.90999984741211,12.90999984741211,67870,0.0,0.0
2018-03-09,13.069999694824219,13.470000267028809,13.069999694824219,13.470000267028809,13.470000267028809,8006,0.0,0.0
2018-03-12,13.430000305175781,13.460000038146973,13.40999984741211,13.4399995803833,13.4399995803833,5092,0.0,0.0
2018-03-13,13.329999923706055,13.5600004196167,13.329999923706055,13.479999542236328,13.479999542236328,8008,0.0,0.0
2018-03-14,13.630000114440918,13.680000305175781,13.399999618530273,13.489999771118164,13.489999771118164,35747,0.0,0.0
2018-03-15,13.449999809265137,13.449999809265137,13.279999732971191,13.3100004196167,13.3100004196167,5754,0.0,0.0
2018-03-16,13.40999984741211,13.479999542236328,13.399999618530273,13.270000457763672,13.270000457763672,2376,0.0,0.0
2018-03-19,13.100000381469727,13.140000343322754,13.069999694824219,13.180000305175781,13.180000305175781,4066,0.0,0.0
2018-03-20,13.199999809265137,13.199999809265137,13.0600004196167,13.140000343322754,13.140000343322754,1125,0.0,0.0
2018-03-21,13.09000015258789,13.229999542236328,12.949999809265137,13.210000038146973,13.210000038146973,19864,0.0,0.0
2018-03-22,13.25,13.25,12.670000076293945,12.770000457763672,12.770000457763672,40533,0.0,0.0
2018-03-23,12.65999984741211,12.90999984741211,12.65999984741211,12.859999656677246,12.859999656677246,24547,0.0,0.0
2018-03-26,12.569999694824219,12.680000305175781,12.529999732971191,12.630000114440918,12.630000114440918,5705,0.0,0.0
2018-03-27,12.800000190734863,12.859999656677246,12.619999885559082,12.699999809265137,12.699999809265137,32173,0.0,0.0
2018-03-28,12.609999656677246,12.760000228881836,12.609999656677246,12.770000457763672,12.770000457763672,17776,0.0,0.0
2018-03-29,12.979999542236328,13.029999732971191,12.930000305175781,12.9399995803833,12.9399995803833,29596,0.0,0.0
2018-04-03,13.229999542236328,13.289999961853027,13.149999618530273,13.210000038146973,13.210000038146973,31689,0.0,0.0
2018-04-04,13.130000114440918,13.130000114440918,12.760000228881836,12.899999618530273,12.899999618530273,61290,0.0,0.0
2018-04-05,12.9399995803833,13.0600004196167,12.90999984741211,12.979999542236328,12.979999542236328,39922,0.0,0.0
2018-04-06,12.829999923706055,12.979999542236328,12.630000114440918,12.84000015258789,12.84000015258789,17904,0.0,0.0
2018-04-09,13.0,13.0,12.960000038146973,13.079999923706055,13.079999923706055,9012,0.0,0.0
2018-04-10,13.210000038146973,13.220000267028809,13.210000038146973,13.359999656677246,13.359999656677246,1731,0.0,0.0
2018-04-11,13.359999656677246,13.510000228881836,13.359999656677246,13.510000228881836,13.510000228881836,22000,0.0,0.0
2018-04-12,13.430000305175781,13.4399995803833,13.350000381469727,13.369999885559082,13.369999885559082,17366,0.0,0.0
2018-04-13,13.579999923706055,13.710000038146973,13.5,13.600000381469727,13.600000381469727,133091,0.0,0.0
2018-04-16,13.699999809265137,13.890000343322754,13.699999809265137,13.890000343322754,13.890000343322754,91904,0.0,0.0
2018-04-17,13.760000228881836,13.880000114440918,13.520000457763672,13.850000381469727,13.850000381469727,22060,0.0,0.0
2018-04-18,14.350000381469727,15.399999618530273,14.300000190734863,14.960000038146973,14.960000038146973,183536,0.0,0.0
2018-04-19,15.75,15.920000076293945,14.5,14.649999618530273,14.649999618530273,282843,0.0,0.0
2018-04-20,14.4399995803833,14.489999771118164,14.210000038146973,14.399999618530273,14.399999618530273,55169,0.0,0.0
2018-04-23,14.369999885559082,14.369999885559082,13.520000457763672,13.859999656677246,13.859999656677246,79421,0.0,0.0
2018-04-24,13.920000076293945,14.029999732971191,13.800000190734863,13.8100004196167,13.8100004196167,51018,0.0,0.0
2018-04-25,13.65999984741211,13.869999885559082,13.630000114440918,13.729999542236328,13.729999542236328,36656,0.0,0.0
2018-04-26,13.699999809265137,13.859999656677246,13.649999618530273,13.890000343322754,13.890000343322754,1549,0.0,0.0
2018-04-27,13.819999694824219,13.819999694824219,13.529999732971191,13.5600004196167,13.5600004196167,25847,0.0,0.0
2018-04-30,13.510000228881836,13.539999961853027,13.399999618530273,13.40999984741211,13.40999984741211,33119,0.0,0.0
2018-05-01,13.300000190734863,13.369999885559082,13.270000457763672,13.390000343322754,13.390000343322754,33313,0.0,0.0
2018-05-02,13.600000381469727,13.600000381469727,13.579999923706055,13.630000114440918,13.630000114440918,1563,0.0,0.0
2018-05-03,13.619999885559082,13.699999809265137,13.600000381469727,13.5600004196167,13.5600004196167,6018,0.0,0.0
2018-05-04,13.5600004196167,13.5600004196167,13.520000457763672,13.609999656677246,13.609999656677246,7950,0.0,0.0
2018-05-08,13.649999618530273,13.649999618530273,13.489999771118164,13.420000076293945,13.420000076293945,22117,0.0,0.0
2018-05-09,13.5,13.5,13.4399995803833,13.510000228881836,13.510000228881836,53641,0.0,0.0
2018-05-10,13.532500267028809,13.532500267028809,13.532500267028809,13.532500267028809,13.532500267028809,0,0.0,0.0
2018-05-11,13.550000190734863,13.710000038146973,13.550000190734863,13.699999809265137,13.699999809265137,2231,0.0,0.0
2018-05-14,13.930000305175781,14.0600004196167,13.930000305175781,14.0600004196167,14.0600004196167,16608,0.0,0.0
2018-05-15,14.069999694824219,14.09000015258789,13.949999809265137,14.119999885559082,14.119999885559082,17711,0.0,0.0
2018-05-16,14.09000015258789,14.130000114440918,14.09000015258789,14.130000114440918,14.130000114440918,33539,0.0,0.0
2018-05-17,14.3100004196167,14.329999923706055,14.220000267028809,14.34000015258789,14.34000015258789,56821,0.0,0.0
2018-05-18,14.40999984741211,14.470000267028809,14.369999885559082,14.350000381469727,14.350000381469727,49756,0.0,0.0
2018-05-21,14.260000228881836,14.34000015258789,14.260000228881836,14.3100004196167,14.3100004196167,8209,0.0,0.0
2018-05-22,14.350000381469727,14.430000305175781,14.350000381469727,14.390000343322754,14.390000343322754,6096,0.0,0.0
2018-05-23,14.300000190734863,14.300000190734863,14.09000015258789,14.180000305175781,14.180000305175781,18780,0.0,0.0
2018-05-24,14.220000267028809,14.279999732971191,14.220000267028809,14.470000267028809,14.470000267028809,3337,0.0,0.0
2018-05-25,14.420000076293945,14.550000190734863,14.380000114440918,14.399999618530273,14.399999618530273,10155,0.0,0.0
2018-05-29,14.6899995803833,14.6899995803833,14.479999542236328,14.489999771118164,14.489999771118164,5420,0.0,0.0
2018-05-30,14.40999984741211,14.710000038146973,14.380000114440918,14.720000267028809,14.720000267028809,78400,0.0,0.0
2018-05-31,14.84000015258789,14.9399995803833,14.600000381469727,14.90999984741211,14.90999984741211,208000,0.0,0.0
2018-06-01,14.850000381469727,14.970000267028809,14.770000457763672,14.9399995803833,14.9399995803833,57514,0.0,0.0
2018-06-04,15.039999961853027,15.039999961853027,14.890000343322754,14.970000267028809,14.970000267028809,96963,0.0,0.0
2018-06-05,15.069999694824219,15.369999885559082,15.029999732971191,15.350000381469727,15.350000381469727,22370,0.0,0.0
2018-06-06,15.359999656677246,15.359999656677246,15.229999542236328,15.289999961853027,15.289999961853027,59597,0.0,0.0
2018-06-07,15.289999961853027,15.40999984741211,15.199999809265137,15.210000038146973,15.210000038146973,30995,0.0,0.0
2018-06-08,14.899999618530273,15.020000457763672,14.899999618530273,15.0600004196167,15.0600004196167,18042,0.0,0.0
2018-06-11,15.020000457763672,15.039999961853027,14.9399995803833,14.869999885559082,14.869999885559082,13332,0.0,0.0
2018-06-12,14.899999618530273,14.899999618530273,14.779999732971191,14.84000015258789,14.84000015258789,8188,0.0,0.0
2018-06-13,14.8100004196167,15.239999771118164,14.770000457763672,15.1899995803833,15.1899995803833,59226,0.0,0.0
2018-06-14,14.869999885559082,14.90999984741211,14.729999542236328,14.829999923706055,14.829999923706055,22034,0.0,0.0
2018-06-15,14.899999618530273,14.960000038146973,14.75,14.789999961853027,14.789999961853027,14442,0.0,0.0
2018-06-18,14.770000457763672,14.829999923706055,14.59000015258789,14.609999656677246,14.609999656677246,11710,0.0,0.0
2018-06-19,14.449999809265137,14.449999809265137,14.220000267028809,14.319999694824219,14.319999694824219,105473,0.0,0.0
2018-06-20,14.430000305175781,14.579999923706055,14.399999618530273,14.5,14.5,17117,0.0,0.0
2018-06-21,14.600000381469727,14.6899995803833,14.600000381469727,14.600000381469727,14.600000381469727,1021,0.0,0.0
2018-06-22,14.850000381469727,14.960000038146973,14.829999923706055,14.869999885559082,14.869999885559082,13807,0.0,0.0
2018-06-25,14.720000267028809,14.75,14.720000267028809,14.609999656677246,14.609999656677246,150,0.0,0.0
2018-06-26,14.279999732971191,14.420000076293945,14.180000305175781,14.4399995803833,14.4399995803833,95028,0.0,0.0
2018-06-27,14.300000190734863,14.5600004196167,14.149999618530273,14.479999542236328,14.479999542236328,12708,0.0,0.0
2018-06-28,14.390000343322754,14.390000343322754,14.359999656677246,14.430000305175781,14.430000305175781,1681,0.0,0.0
2018-06-29,14.609999656677246,14.609999656677246,14.489999771118164,14.449999809265137,14.449999809265137,2095,0.0,0.0
2018-07-02,14.279999732971191,14.279999732971191,14.1899995803833,14.220000267028809,14.220000267028809,1158,0.0,0.0
2018-07-03,14.239999771118164,14.300000190734863,14.0,14.010000228881836,14.010000228881836,42874,0.0,0.0
2018-07-04,13.979999542236328,13.979999542236328,13.720000267028809,13.720000267028809,13.720000267028809,7009,0.0,0.0
2018-07-05,13.8100004196167,13.880000114440918,13.8100004196167,13.880000114440918,13.880000114440918,8463,0.0,0.0
2018-07-06,13.619999885559082,13.65999984741211,13.489999771118164,13.609999656677246,13.609999656677246,24582,0.0,0.0
2018-07-09,13.800000190734863,13.800000190734863,13.699999809265137,13.770000457763672,13.770000457763672,15835,0.0,0.0
2018-07-10,13.829999923706055,13.829999923706055,13.829999923706055,13.699999809265137,13.699999809265137,41181,0.0,0.0
2018-07-11,13.390000343322754,13.390000343322754,13.350000381469727,13.460000038146973,13.460000038146973,30102,0.0,0.0
2018-07-12,13.829999923706055,13.930000305175781,13.829999923706055,13.8100004196167,13.8100004196167,611,0.0,0.0
2018-07-13,13.720000267028809,13.720000267028809,13.550000190734863,13.600000381469727,13.600000381469727,2440,0.0,0.0
2018-07-16,13.420000076293945,13.449999809265137,13.399999618530273,13.449999809265137,13.449999809265137,352,0.0,0.0
2018-07-17,13.270000457763672,13.270000457763672,13.100000381469727,13.100000381469727,13.100000381469727,62117,0.0,0.0
2018-07-18,13.0,13.119999885559082,13.0,13.1899995803833,13.1899995803833,1047,0.0,0.0
2018-07-19,13.039999961853027,13.079999923706055,13.029999732971191,13.029999732971191,13.029999732971191,3007,0.0,0.0
2018-07-20,13.15999984741211,13.15999984741211,13.15999984741211,13.130000114440918,13.130000114440918,816,0.0,0.0
2018-07-23,13.1899995803833,13.1899995803833,13.130000114440918,13.069999694824219,13.069999694824219,562,0.0,0.0
2018-07-24,13.0,13.09000015258789,13.0,13.300000190734863,13.300000190734863,7094,0.0,0.0
2018-07-25,13.289999961853027,13.289999961853027,13.260000228881836,13.279999732971191,13.279999732971191,43428,0.0,0.0
2018-07-26,13.220000267028809,13.319999694824219,13.220000267028809,13.369999885559082,13.369999885559082,8915,0.0,0.0
2018-07-27,13.539999961853027,13.539999961853027,13.3100004196167,13.460000038146973,13.460000038146973,1239,0.0,0.0
2018-07-30,13.289999961853027,13.449999809265137,13.289999961853027,13.460000038146973,13.460000038146973,5135,0.0,0.0
2018-07-31,13.489999771118164,13.630000114440918,13.470000267028809,13.600000381469727,13.600000381469727,1197,0.0,0.0
2018-08-01,13.529999732971191,13.529999732971191,13.34000015258789,13.260000228881836,13.260000228881836,8213,0.0,0.0
2018-08-02,13.100000381469727,13.100000381469727,12.920000076293945,12.960000038146973,12.960000038146973,26780,0.0,0.0
2018-08-03,12.800000190734863,13.319999694824219,12.729999542236328,13.119999885559082,13.119999885559082,21458,0.0,0.0
2018-08-06,13.069999694824219,13.170000076293945,12.90999984741211,13.260000228881836,13.260000228881836,3709,0.0,0.0
2018-08-07,13.319999694824219,13.449999809265137,13.319999694824219,13.430000305175781,13.430000305175781,4441,0.0,0.0
2018-08-08,13.640000343322754,13.640000343322754,13.569999694824219,13.600000381469727,13.600000381469727,5713,0.0,0.0
2018-08-09,13.59000015258789,13.6899995803833,13.470000267028809,13.510000228881836,13.510000228881836,2034,0.0,0.0
2018-08-10,13.319999694824219,13.319999694824219,13.3100004196167,13.399999618530273,13.399999618530273,265,0.0,0.0
2018-08-13,13.4399995803833,13.489999771118164,13.100000381469727,13.180000305175781,13.180000305175781,9574,0.0,0.0
2018-08-14,13.149999618530273,13.149999618530273,13.039999961853027,13.09000015258789,13.09000015258789,5668,0.0,0.0
2018-08-15,12.869999885559082,12.869999885559082,12.4399995803833,12.460000038146973,12.460000038146973,41772,0.0,0.0
2018-08-16,12.8100004196167,13.029999732971191,12.779999732971191,13.010000228881836,13.010000228881836,28946,0.0,0.0
2018-08-17,12.880000114440918,13.020000457763672,12.84000015258789,13.050000190734863,13.050000190734863,4597,0.0,0.0
2018-08-20,13.260000228881836,13.260000228881836,13.260000228881836,13.239999771118164,13.239999771118164,2698,0.0,0.0
2018-08-21,13.329999923706055,13.329999923706055,13.229999542236328,13.229999542236328,13.229999542236328,11828,0.0,0.0
2018-08-22,13.130000114440918,13.170000076293945,13.079999923706055,13.119999885559082,13.119999885559082,1973,0.0,0.0
2018-08-23,12.880000114440918,12.930000305175781,12.869999885559082,12.90999984741211,12.90999984741211,2003,0.0,0.0
2018-08-24,12.960000038146973,13.220000267028809,12.920000076293945,13.09000015258789,13.09000015258789,18017,0.0,0.0
2018-08-28,13.029999732971191,13.1899995803833,13.020000457763672,13.220000267028809,13.220000267028809,83776,0.0,0.0
2018-08-29,13.09000015258789,13.119999885559082,13.069999694824219,13.09000015258789,13.09000015258789,5050,0.0,0.0
2018-08-30,13.069999694824219,13.09000015258789,12.989999771118164,12.890000343322754,12.890000343322754,4240,0.0,0.0
2018-08-31,12.779999732971191,12.779999732971191,12.670000076293945,12.449999809265137,12.449999809265137,7920,0.0,0.0
2018-09-03,12.390000343322754,12.430000305175781,12.34000015258789,12.399999618530273,12.399999618530273,3501,0.0,0.0
2018-09-04,12.1899995803833,12.210000038146973,12.039999961853027,12.0600004196167,12.0600004196167,17797,0.0,0.0
2018-09-05,12.050000190734863,12.119999885559082,11.989999771118164,12.180000305175781,12.180000305175781,1005,0.0,0.0
2018-09-06,12.130000114440918,12.130000114440918,12.130000114440918,12.119999885559082,12.119999885559082,5,0.0,0.0
2018-09-07,11.930000305175781,11.949999809265137,11.930000305175781,12.069999694824219,12.069999694824219,8044,0.0,0.0
2018-09-10,11.930000305175781,12.109999656677246,11.930000305175781,12.029999732971191,12.029999732971191,7545,0.0,0.0
2018-09-11,12.050000190734863,12.050000190734863,11.829999923706055,11.850000381469727,11.850000381469727,14878,0.0,0.0
2018-09-12,11.880000114440918,12.0600004196167,11.880000114440918,12.199999809265137,12.199999809265137,1894,0.0,0.0
2018-09-13,12.229999542236328,12.359999656677246,12.229999542236328,12.270000457763672,12.270000457763672,3821,0.0,0.0
2018-09-14,12.220000267028809,12.289999961853027,12.149999618530273,12.289999961853027,12.289999961853027,2058,0.0,0.0
2018-09-17,12.029999732971191,12.029999732971191,12.010000228881836,12.0,12.0,994,0.0,0.0
2018-09-18,11.960000038146973,12.050000190734863,11.9399995803833,11.960000038146973,11.960000038146973,10942,0.0,0.0
2018-09-19,12.15999984741211,12.239999771118164,12.15999984741211,12.1899995803833,12.1899995803833,1286,0.0,0.0
2018-09-20,12.130000114440918,12.239999771118164,12.119999885559082,12.279999732971191,12.279999732971191,3627,0.0,0.0
2018-09-21,12.430000305175781,12.619999885559082,12.430000305175781,12.6899995803833,12.6899995803833,1678,0.0,0.0
2018-09-24,12.760000228881836,12.760000228881836,12.65999984741211,12.6899995803833,12.6899995803833,3718,0.0,0.0
2018-09-25,12.449999809265137,12.59000015258789,12.449999809265137,12.520000457763672,12.520000457763672,1916,0.0,0.0
2018-09-26,12.529999732971191,12.649999618530273,12.4399995803833,12.479999542236328,12.479999542236328,5812,0.0,0.0
2018-09-27,12.329999923706055,12.329999923706055,12.170000076293945,12.170000076293945,12.170000076293945,722,0.0,0.0
2018-09-28,12.279999732971191,12.5,12.130000114440918,12.279999732971191,12.279999732971191,2885,0.0,0.0
2018-10-01,12.140000343322754,12.140000343322754,11.960000038146973,12.09000015258789,12.09000015258789,27922,0.0,0.0
2018-10-02,12.050000190734863,12.199999809265137,12.0,12.119999885559082,12.119999885559082,55716,0.0,0.0
2018-10-03,12.170000076293945,12.170000076293945,12.069999694824219,12.109999656677246,12.109999656677246,6707,0.0,0.0
2018-10-04,12.460000038146973,12.520000457763672,12.09000015258789,12.09000015258789,12.09000015258789,1911,0.0,0.0
2018-10-05,12.029999732971191,12.029999732971191,11.989999771118164,12.140000343322754,12.140000343322754,2856,0.0,0.0
2018-10-08,12.130000114440918,12.220000267028809,12.119999885559082,12.15999984741211,12.15999984741211,5535,0.0,0.0
2018-10-09,12.40999984741211,12.449999809265137,12.260000228881836,12.4399995803833,12.4399995803833,6800,0.0,0.0
2018-10-10,12.479999542236328,12.489999771118164,12.430000305175781,12.350000381469727,12.350000381469727,30627,0.0,0.0
2018-10-11,12.100000381469727,12.350000381469727,12.010000228881836,12.270000457763672,12.270000457763672,9463,0.0,0.0
2018-10-12,12.3100004196167,12.319999694824219,12.300000190734863,12.279999732971191,12.279999732971191,17185,0.0,0.0
2018-10-15,12.399999618530273,12.399999618530273,12.380000114440918,12.34000015258789,12.34000015258789,325,0.0,0.0
2018-10-16,12.119999885559082,12.140000343322754,12.079999923706055,12.149999618530273,12.149999618530273,52394,0.0,0.0
2018-10-17,12.140000343322754,12.140000343322754,11.949999809265137,11.989999771118164,11.989999771118164,114904,0.0,0.0
2018-10-18,11.880000114440918,12.010000228881836,11.829999923706055,12.020000457763672,12.020000457763672,39428,0.0,0.0
2018-10-19,12.130000114440918,12.170000076293945,12.079999923706055,12.15999984741211,12.15999984741211,5959,0.0,0.0
2018-10-22,12.210000038146973,12.210000038146973,12.100000381469727,12.15999984741211,12.15999984741211,14167,0.0,0.0
2018-10-23,11.989999771118164,12.050000190734863,11.989999771118164,12.050000190734863,12.050000190734863,773,0.0,0.0
2018-10-24,12.050000190734863,12.050000190734863,11.84000015258789,11.829999923706055,11.829999923706055,27701,0.0,0.0
2018-10-25,11.779999732971191,11.789999961853027,11.770000457763672,11.850000381469727,11.850000381469727,1528,0.0,0.0
2018-10-26,11.529999732971191,11.529999732971191,11.470000267028809,11.539999961853027,11.539999961853027,26583,0.0,0.0
2018-10-29,11.399999618530273,11.479999542236328,11.399999618530273,11.40999984741211,11.40999984741211,6020,0.0,0.0
2018-10-30,11.420000076293945,11.460000038146973,11.420000076293945,11.390000343322754,11.390000343322754,9583,0.0,0.0
2018-10-31,11.212499618530273,11.212499618530273,11.212499618530273,11.212499618530273,11.212499618530273,0,0.0,0.0
2018-11-01,11.479999542236328,11.479999542236328,11.479999542236328,11.460000038146973,11.460000038146973,500,0.0,0.0
2018-11-02,11.670000076293945,11.670000076293945,11.670000076293945,11.630000114440918,11.630000114440918,82341,0.0,0.0
2018-11-05,11.430000305175781,11.4399995803833,11.369999885559082,11.399999618530273,11.399999618530273,44605,0.0,0.0
2018-11-06,11.369999885559082,11.369999885559082,11.369999885559082,11.390000343322754,11.390000343322754,8800,0.0,0.0
2018-11-07,11.380000114440918,11.380000114440918,11.380000114440918,11.319999694824219,11.319999694824219,7000,0.0,0.0
2018-11-08,11.420000076293945,11.420000076293945,11.420000076293945,11.420000076293945,11.420000076293945,0,0.0,0.0
2018-11-09,11.130000114440918,11.130000114440918,11.069999694824219,11.069999694824219,11.069999694824219,29587,0.0,0.0
2018-11-12,10.989999771118164,11.050000190734863,10.970000267028809,11.050000190734863,11.050000190734863,46987,0.0,0.0
2018-11-13,11.09000015258789,11.09000015258789,11.09000015258789,10.949999809265137,10.949999809265137,9000,0.0,0.0
2018-11-14,10.930000305175781,10.9399995803833,10.930000305175781,10.9399995803833,10.9399995803833,5000,0.0,0.0
2018-11-15,11.050000190734863,11.050000190734863,11.050000190734863,11.050000190734863,11.050000190734863,7716,0.0,0.0
2018-11-16,10.994999885559082,10.994999885559082,10.994999885559082,10.994999885559082,10.994999885559082,0,0.0,0.0
2018-11-19,10.899999618530273,10.920000076293945,10.899999618530273,10.850000381469727,10.850000381469727,1100,0.0,0.0
2018-11-20,10.920000076293945,10.920000076293945,10.920000076293945,10.680000305175781,10.680000305175781,14000,0.0,0.0
2018-11-21,10.75,10.75,10.680000305175781,10.65999984741211,10.65999984741211,1600,0.0,0.0
2018-11-22,10.649999618530273,10.680000305175781,10.649999618530273,10.640000343322754,10.640000343322754,7055,0.0,0.0
2018-11-23,10.449999809265137,10.520000457763672,10.4399995803833,10.569999694824219,10.569999694824219,3533,0.0,0.0
2018-11-26,10.529999732971191,10.539999961853027,10.529999732971191,10.449999809265137,10.449999809265137,1250,0.0,0.0
2018-11-27,10.380000114440918,10.380000114440918,10.380000114440918,10.40999984741211,10.40999984741211,5010,0.0,0.0
2018-11-28,10.479999542236328,10.479999542236328,10.460000038146973,10.4399995803833,10.4399995803833,1014,0.0,0.0
2018-11-29,10.577500343322754,10.577500343322754,10.577500343322754,10.577500343322754,10.577500343322754,0,0.0,0.0
2018-11-30,10.729999542236328,10.729999542236328,10.729999542236328,10.75,10.75,9400,0.0,0.0
2018-12-03,10.890000343322754,10.930000305175781,10.720000267028809,10.890000343322754,10.890000343322754,17107,0.0,0.0
2018-12-04,11.0,11.0,10.880000114440918,10.739999771118164,10.739999771118164,1000,0.0,0.0
2018-12-05,10.822500228881836,10.822500228881836,10.822500228881836,10.822500228881836,10.822500228881836,0,0.0,0.0
2018-12-06,10.670000076293945,10.670000076293945,10.5600004196167,10.420000076293945,10.420000076293945,10300,0.0,0.0
2018-12-07,10.557499885559082,10.557499885559082,10.557499885559082,10.557499885559082,10.557499885559082,0,0.0,0.0
2018-12-10,10.529999732971191,10.529999732971191,10.430000305175781,10.420000076293945,10.420000076293945,4736,0.0,0.0
2018-12-11,10.449999809265137,10.5600004196167,10.449999809265137,10.470000267028809,10.470000267028809,9971,0.0,0.0
2018-12-12,10.4399995803833,10.4399995803833,10.430000305175781,10.40999984741211,10.40999984741211,1820,0.0,0.0
2018-12-13,10.449999809265137,10.470000267028809,10.449999809265137,10.449999809265137,10.449999809265137,5811,0.0,0.0
2018-12-14,10.460000038146973,10.460000038146973,10.460000038146973,10.600000381469727,10.600000381469727,5000,0.0,0.0
2018-12-17,10.609999656677246,10.720000267028809,10.609999656677246,10.649999618530273,10.649999618530273,9533,0.0,0.0
2018-12-18,10.59000015258789,10.600000381469727,10.430000305175781,10.449999809265137,10.449999809265137,1636,0.0,0.0
2018-12-19,10.539999961853027,10.550000190734863,10.539999961853027,10.569999694824219,10.569999694824219,3000,0.0,0.0
2018-12-20,10.479999542236328,10.600000381469727,10.479999542236328,10.550000190734863,10.550000190734863,23000,0.0,0.0
2018-12-21,10.529999732971191,10.529999732971191,10.529999732971191,10.529999732971191,10.529999732971191,1225,0.0,0.0
2018-12-24,10.53499984741211,10.53499984741211,10.53499984741211,10.53499984741211,10.53499984741211,0,0.0,0.0
2018-12-27,10.520000457763672,10.520000457763672,10.3100004196167,10.350000381469727,10.350000381469727,3126,0.0,0.0
2018-12-28,10.300000190734863,10.34000015258789,10.300000190734863,10.289999961853027,10.289999961853027,36457,0.0,0.0
2018-12-31,10.460000038146973,10.460000038146973,10.319999694824219,10.3100004196167,10.3100004196167,1114,0.0,0.0
2019-01-02,10.319999694824219,10.319999694824219,10.319999694824219,10.319999694824219,10.319999694824219,1300,0.0,0.0
2019-01-03,10.40999984741211,10.40999984741211,10.40999984741211,10.40999984741211,10.40999984741211,0,0.0,0.0
2019-01-04,10.720000267028809,10.75,10.720000267028809,10.720000267028809,10.720000267028809,3940,0.0,0.0
2019-01-07,10.770000457763672,10.779999732971191,10.739999771118164,10.770000457763672,10.770000457763672,12521,0.0,0.0
2019-01-08,10.84000015258789,10.84000015258789,10.84000015258789,10.84000015258789,10.84000015258789,3816,0.0,0.0
2019-01-09,10.899999618530273,10.899999618530273,10.829999923706055,10.84000015258789,10.84000015258789,8646,0.0,0.0
2019-01-10,10.890000343322754,10.890000343322754,10.8100004196167,10.84000015258789,10.84000015258789,4973,0.0,0.0
2019-01-11,11.0,11.0600004196167,10.979999542236328,11.020000457763672,11.020000457763672,29517,0.0,0.0
2019-01-14,10.979999542236328,10.979999542236328,10.960000038146973,11.020000457763672,11.020000457763672,4400,0.0,0.0
2019-01-15,11.149999618530273,11.199999809265137,11.079999923706055,11.210000038146973,11.210000038146973,17436,0.0,0.0
2019-01-16,11.25,11.25,11.25,11.229999542236328,11.229999542236328,1090,0.0,0.0
2019-01-17,11.140000343322754,11.25,11.100000381469727,11.229999542236328,11.229999542236328,8671,0.0,0.0
2019-01-18,11.270000457763672,11.350000381469727,11.270000457763672,11.40999984741211,11.40999984741211,6971,0.0,0.0
2019-01-21,11.399999618530273,11.430000305175781,11.350000381469727,11.420000076293945,11.420000076293945,30727,0.0,0.0
2019-01-22,11.279999732971191,11.279999732971191,11.260000228881836,11.170000076293945,11.170000076293945,1490,0.0,0.0
2019-01-23,11.260000228881836,11.3100004196167,11.239999771118164,11.279999732971191,11.279999732971191,1073,0.0,0.0
2019-01-24,11.220000267028809,11.319999694824219,11.180000305175781,11.34000015258789,11.34000015258789,551,0.0,0.0
2019-01-25,11.380000114440918,11.460000038146973,11.380000114440918,11.539999961853027,11.539999961853027,5700,0.0,0.0
2019-01-28,11.457500457763672,11.457500457763672,11.457500457763672,11.457500457763672,11.457500457763672,0,0.0,0.0
2019-01-29,11.569999694824219,11.75,11.569999694824219,11.729999542236328,11.729999542236328,10933,0.0,0.0
2019-01-30,11.899999618530273,12.0,11.899999618530273,11.875,11.875,115257,0.0,0.0
2019-01-31,12.005000114440918,12.024999618530273,11.989999771118164,12.0,12.0,11820,0.0,0.0
2019-02-01,12.050000190734863,12.15999984741211,12.029999732971191,12.140000343322754,12.140000343322754,4941,0.0,0.0
2019-02-04,12.220000267028809,12.734999656677246,12.220000267028809,12.6875,12.6875,56622,0.0,0.0
2019-02-05,12.760000228881836,12.760000228881836,12.375,12.492500305175781,12.492500305175781,35658,0.0,0.0
2019-02-06,12.680000305175781,12.854999542236328,12.449999809265137,12.475000381469727,12.475000381469727,20702,0.0,0.0
2019-02-07,12.460000038146973,12.515000343322754,12.460000038146973,12.539999961853027,12.539999961853027,8666,0.0,0.0
2019-02-08,12.369999885559082,12.369999885559082,12.024999618530273,12.132499694824219,12.132499694824219,12850,0.0,0.0
2019-02-11,12.069999694824219,12.079999923706055,11.904999732971191,12.010000228881836,12.010000228881836,17024,0.0,0.0
2019-02-12,11.944999694824219,11.970000267028809,11.8149995803833,11.854999542236328,11.854999542236328,10456,0.0,0.0
2019-02-13,11.869999885559082,11.895000457763672,11.869999885559082,11.904999732971191,11.904999732971191,5591,0.0,0.0
2019-02-14,12.050000190734863,12.050000190734863,11.720000267028809,11.727499961853027,11.727499961853027,4627,0.0,0.0
2019-02-15,11.84000015258789,11.84000015258789,11.765000343322754,11.922499656677246,11.922499656677246,288,0.0,0.0
2019-02-18,11.925000190734863,12.114999771118164,11.925000190734863,12.02750015258789,12.02750015258789,1648,0.0,0.0
2019-02-19,11.949999809265137,12.21500015258789,11.899999618530273,12.119999885559082,12.119999885559082,4928,0.0,0.0
2019-02-20,12.319999694824219,12.494999885559082,12.319999694824219,12.4375,12.4375,31752,0.0,0.0
2019-02-21,12.5649995803833,12.5649995803833,12.390000343322754,12.407500267028809,12.407500267028809,1700,0.0,0.0
2019-02-22,12.529999732971191,12.614999771118164,12.529999732971191,12.572500228881836,12.572500228881836,1268,0.0,0.0
2019-02-25,12.539999961853027,12.539999961853027,12.364999771118164,12.47249984741211,12.47249984741211,3153,0.0,0.0
2019-02-26,12.470000267028809,12.5,12.359999656677246,12.4975004196167,12.4975004196167,6169,0.0,0.0
2019-02-27,12.425000190734863,12.789999961853027,12.425000190734863,12.557499885559082,12.557499885559082,4996,0.0,0.0
2019-02-28,12.600000381469727,12.649999618530273,12.529999732971191,12.6274995803833,12.6274995803833,18531,0.0,0.0
2019-03-01,12.789999961853027,12.800000190734863,12.789999961853027,12.657500267028809,12.657500267028809,6405,0.0,0.0
2019-03-04,12.800000190734863,12.845000267028809,12.675000190734863,12.737500190734863,12.737500190734863,55972,0.0,0.0
2019-03-05,13.0,13.149999618530273,13.0,13.1875,13.1875,6305,0.0,0.0
2019-03-06,13.210000038146973,13.255000114440918,13.210000038146973,13.09000015258789,13.09000015258789,10232,0.0,0.0
2019-03-07,12.885000228881836,12.975000381469727,12.569999694824219,12.677499771118164,12.677499771118164,3158,0.0,0.0
2019-03-08,12.53499984741211,12.53499984741211,12.529999732971191,12.654999732971191,12.654999732971191,2350,0.0,0.0
2019-03-11,12.555000305175781,12.5600004196167,12.425000190734863,12.47249984741211,12.47249984741211,2063,0.0,0.0
2019-03-12,12.789999961853027,12.789999961853027,12.789999961853027,12.742500305175781,12.742500305175781,185,0.0,0.0
2019-03-13,12.5600004196167,12.6899995803833,12.5600004196167,12.702500343322754,12.702500343322754,1000,0.0,0.0
2019-03-14,12.569999694824219,12.574999809265137,12.3149995803833,12.380000114440918,12.380000114440918,4312,0.0,0.0
2019-03-15,12.404999732971191,12.404999732971191,12.404999732971191,12.46500015258789,12.46500015258789,1000,0.0,0.0
2019-03-18,12.539999961853027,12.539999961853027,12.414999961853027,12.515000343322754,12.515000343322754,5164,0.0,0.0
2019-03-19,12.770000457763672,12.770000457763672,12.675000190734863,12.762499809265137,12.762499809265137,3150,0.0,0.0
2019-03-20,12.739999771118164,12.824999809265137,12.739999771118164,12.795000076293945,12.795000076293945,1250,0.0,0.0
2019-03-21,12.789999961853027,12.795000076293945,12.640000343322754,12.430000305175781,12.430000305175781,2378,0.0,0.0
2019-03-22,12.5,12.5,12.5,12.475000381469727,12.475000381469727,5353,0.0,0.0
2019-03-25,12.380000114440918,12.40999984741211,12.300000190734863,12.444999694824219,12.444999694824219,8235,0.0,0.0
2019-03-26,12.456999778747559,12.456999778747559,12.317999839782715,12.609999656677246,12.609999656677246,1051,0.0,0.0
2019-03-27,12.630000114440918,12.630000114440918,12.545000076293945,12.507499694824219,12.507499694824219,2200,0.0,0.0
2019-03-28,12.392499923706055,12.392499923706055,12.392499923706055,12.392499923706055,12.392499923706055,0,0.0,0.0
2019-03-29,12.680000305175781,12.680000305175781,12.609999656677246,12.642499923706055,12.642499923706055,713,0.0,0.0
2019-04-01,12.829999923706055,12.829999923706055,12.75,12.692500114440918,12.692500114440918,5944,0.0,0.0
2019-04-02,12.5,12.5,12.399999618530273,12.612500190734863,12.612500190734863,5300,0.0,0.0
2019-04-03,12.885000228881836,12.885000228881836,12.885000228881836,12.867500305175781,12.867500305175781,346,0.0,0.0
2019-04-04,12.614999771118164,12.614999771118164,12.46500015258789,12.557499885559082,12.557499885559082,4994,0.0,0.0
2019-04-05,12.75,12.75,12.670000076293945,12.640000343322754,12.640000343322754,1500,0.0,0.0
2019-04-08,12.71500015258789,12.720000267028809,12.699999809265137,12.727499961853027,12.727499961853027,2867,0.0,0.0
2019-04-09,12.737500190734863,12.737500190734863,12.737500190734863,12.737500190734863,12.737500190734863,0,0.0,0.0
2019-04-10,12.755000114440918,12.755000114440918,12.755000114440918,12.755000114440918,12.755000114440918,0,0.0,0.0
2019-04-11,12.425000190734863,12.425000190734863,12.425000190734863,12.430000305175781,12.430000305175781,943,0.0,0.0
2019-04-12,12.585000038146973,12.585000038146973,12.555000305175781,12.4975004196167,12.4975004196167,2107,0.0,0.0
2019-04-15,12.463410377502441,12.50154972076416,12.463410377502441,12.399999618530273,12.399999618530273,1600,0.0,0.0
2019-04-16,12.604999542236328,12.604999542236328,12.604999542236328,12.487500190734863,12.487500190734863,3094,0.0,0.0
2019-04-17,12.600000381469727,12.600000381469727,12.449999809265137,12.462499618530273,12.462499618530273,8163,0.0,0.0
2019-04-18,12.210000038146973,12.210000038146973,12.125,12.204999923706055,12.204999923706055,4153,0.0,0.0
2019-04-23,12.135000228881836,12.135000228881836,11.9399995803833,11.962499618530273,11.962499618530273,3340,0.0,0.0
2019-04-24,11.925000190734863,11.970000267028809,11.895000457763672,11.960000038146973,11.960000038146973,3210,0.0,0.0
2019-04-25,11.899999618530273,11.899999618530273,11.819999694824219,11.875,11.875,9600,0.0,0.0
2019-04-26,11.839349746704102,11.839349746704102,11.839349746704102,11.975000381469727,11.975000381469727,2255,0.0,0.0
2019-04-29,12.039999961853027,12.039999961853027,12.039999961853027,11.970000267028809,11.970000267028809,3340,0.0,0.0
2019-04-30,11.925000190734863,11.979999542236328,11.925000190734863,11.78499984741211,11.78499984741211,2950,0.0,0.0
2019-05-01,11.694999694824219,11.734999656677246,11.6899995803833,11.729999542236328,11.729999542236328,119100,0.0,0.0
2019-05-02,11.680000305175781,11.789999961853027,11.680000305175781,11.712499618530273,11.712499618530273,4872,0.0,0.0
2019-05-03,11.6850004196167,11.96500015258789,11.670000076293945,11.795000076293945,11.795000076293945,7309,0.0,0.0
2019-05-07,11.734999656677246,11.734999656677246,11.680000305175781,11.569999694824219,11.569999694824219,1715,0.0,0.0
2019-05-08,11.645000457763672,11.649999618530273,11.645000457763672,11.505000114440918,11.505000114440918,50,0.0,0.0
2019-05-09,11.329999923706055,11.404999732971191,11.239999771118164,11.3100004196167,11.3100004196167,39329,0.0,0.0
2019-05-10,11.5,11.539999961853027,11.390000343322754,11.475000381469727,11.475000381469727,20306,0.0,0.0
2019-05-13,11.449999809265137,11.449999809265137,11.305000305175781,11.3100004196167,11.3100004196167,38445,0.0,0.0
2019-05-14,11.449999809265137,11.449999809265137,11.449999809265137,11.475000381469727,11.475000381469727,10000,0.0,0.0
2019-05-15,11.569999694824219,11.569999694824219,11.569999694824219,11.65999984741211,11.65999984741211,938,0.0,0.0
2019-05-16,11.8149995803833,11.819999694824219,11.75,11.729999542236328,11.729999542236328,6980,0.0,0.0
2019-05-17,11.664999961853027,11.664999961853027,11.664999961853027,11.5625,11.5625,2807,0.0,0.0
2019-05-20,11.534350395202637,11.567500114440918,11.534350395202637,11.572500228881836,11.572500228881836,106,0.0,0.0
2019-05-21,11.614999771118164,11.614999771118164,11.614999771118164,11.614999771118164,11.614999771118164,0,0.0,0.0
2019-05-22,11.4350004196167,11.4350004196167,11.4350004196167,11.507499694824219,11.507499694824219,200,0.0,0.0
2019-05-23,11.329999923706055,11.375,11.329999923706055,11.40250015258789,11.40250015258789,7333,0.0,0.0
2019-05-24,11.850000381469727,11.850000381469727,11.850000381469727,11.914999961853027,11.914999961853027,550,0.0,0.0
2019-05-28,11.65999984741211,11.65999984741211,11.65999984741211,11.65999984741211,11.65999984741211,0,0.0,0.0
2019-05-29,11.65999984741211,11.65999984741211,11.65999984741211,11.572500228881836,11.572500228881836,100,0.0,0.0
2019-05-30,11.475000381469727,11.475000381469727,11.475000381469727,11.680000305175781,11.680000305175781,6,0.0,0.0
2019-05-31,11.614999771118164,11.614999771118164,11.555000305175781,11.6225004196167,11.6225004196167,275,0.0,0.0
2019-06-03,11.46500015258789,11.5,11.46500015258789,11.412500381469727,11.412500381469727,71,0.0,0.0
2019-06-04,11.364999771118164,11.364999771118164,11.364999771118164,11.380000114440918,11.380000114440918,1070,0.0,0.0
2019-06-05,11.375,11.375,11.375,11.302499771118164,11.302499771118164,1850,0.0,0.0
2019-06-06,11.25,11.25,11.25,11.180000305175781,11.180000305175781,1,0.0,0.0
2019-06-07,11.229999542236328,11.229999542236328,11.21500015258789,11.167499542236328,11.167499542236328,12264,0.0,0.0
2019-06-10,11.164999961853027,11.164999961853027,11.164999961853027,11.21500015258789,11.21500015258789,1000,0.0,0.0
2019-06-11,11.385000228881836,11.489999771118164,11.385000228881836,11.457500457763672,11.457500457763672,419,0.0,0.0
2019-06-12,11.412500381469727,11.412500381469727,11.412500381469727,11.412500381469727,11.412500381469727,0,0.0,0.0
2019-06-13,11.4350004196167,11.4350004196167,11.350000381469727,11.367500305175781,11.367500305175781,8467,0.0,0.0
2019-06-14,11.430000305175781,11.430000305175781,11.430000305175781,11.444999694824219,11.444999694824219,43449,0.0,0.0
2019-06-17,11.524999618530273,11.430000305175781,11.430000305175781,11.300000190734863,11.300000190734863,38,0.0,0.0
2019-06-18,11.345000267028809,11.545000076293945,11.345000267028809,11.494999885559082,11.494999885559082,4756,0.0,0.0
2019-06-19,11.449999809265137,11.625,11.449999809265137,11.682499885559082,11.682499885559082,4134,0.0,0.0
2019-06-20,11.864999771118164,11.864999771118164,11.864999771118164,11.78499984741211,11.78499984741211,2000,0.0,0.0
2019-06-21,11.779999732971191,11.779999732971191,11.65999984741211,11.65999984741211,11.65999984741211,215,0.0,0.0
2019-06-24,11.706399917602539,11.706399917602539,11.579050064086914,11.604999542236328,11.604999542236328,4344,0.0,0.0
2019-06-25,11.704999923706055,11.704999923706055,11.699999809265137,11.817500114440918,11.817500114440918,2000,0.0,0.0
2019-06-26,11.835000038146973,12.015000343322754,11.835000038146973,11.960000038146973,11.960000038146973,2100,0.0,0.0
2019-06-27,12.03499984741211,12.274999618530273,12.03499984741211,12.1875,12.1875,12200,0.0,0.0
2019-06-28,12.199999809265137,12.329999923706055,12.199999809265137,12.220000267028809,12.220000267028809,1326,0.0,0.0
2019-07-01,11.960000038146973,11.960000038146973,11.800000190734863,11.824999809265137,11.824999809265137,6795,0.0,0.0
2019-07-02,11.649999618530273,11.649999618530273,11.59000015258789,11.614999771118164,11.614999771118164,6709,0.0,0.0
2019-07-03,11.807499885559082,11.807499885559082,11.807499885559082,11.807499885559082,11.807499885559082,0,0.0,0.0
2019-07-04,11.835000038146973,11.835000038146973,11.835000038146973,11.835000038146973,11.835000038146973,0,0.0,0.0
2019-07-05,11.869999885559082,11.885000228881836,11.869999885559082,11.925000190734863,11.925000190734863,4500,0.0,0.0
2019-07-08,12.114999771118164,12.114999771118164,12.114999771118164,12.114999771118164,12.114999771118164,0,0.0,0.0
2019-07-09,12.079999923706055,12.079999923706055,12.079999923706055,12.112500190734863,12.112500190734863,420,0.0,0.0
2019-07-10,12.420000076293945,12.470000267028809,12.404999732971191,12.420000076293945,12.420000076293945,3367,0.0,0.0
2019-07-11,12.569999694824219,12.649999618530273,12.5649995803833,12.602499961853027,12.602499961853027,7752,0.0,0.0
2019-07-12,12.6850004196167,12.765000343322754,12.6850004196167,12.75,12.75,3271,0.0,0.0
2019-07-15,12.920000076293945,12.920000076293945,12.789999961853027,12.979999542236328,12.979999542236328,9014,0.0,0.0
2019-07-16,13.324999809265137,13.619999885559082,13.300000190734863,13.625,13.625,34212,0.0,0.0
2019-07-17,13.579999923706055,13.699999809265137,13.579999923706055,13.710000038146973,13.710000038146973,18098,0.0,0.0
2019-07-18,14.295000076293945,14.529999732971191,14.154999732971191,14.369999885559082,14.369999885559082,90533,0.0,0.0
2019-07-19,14.399999618530273,14.399999618530273,13.914999961853027,14.012499809265137,14.012499809265137,92041,0.0,0.0
2019-07-22,13.850000381469727,13.850000381469727,13.829999923706055,13.657500267028809,13.657500267028809,2458,0.0,0.0
2019-07-23,13.800000190734863,13.864999771118164,13.625,13.630000114440918,13.630000114440918,4108,0.0,0.0
2019-07-24,13.760000228881836,13.970000267028809,13.760000228881836,13.975000381469727,13.975000381469727,7254,0.0,0.0
2019-07-25,13.470000267028809,13.505000114440918,13.470000267028809,13.492500305175781,13.492500305175781,17778,0.0,0.0
2019-07-26,13.569999694824219,13.569999694824219,13.569999694824219,13.529999732971191,13.529999732971191,418,0.0,0.0
2019-07-29,13.484999656677246,13.720000267028809,13.460000038146973,13.720000267028809,13.720000267028809,2626,0.0,0.0
2019-07-30,13.762900352478027,13.762900352478027,13.762900352478027,13.770000457763672,13.770000457763672,973,0.0,0.0
2019-07-31,13.875,13.875,13.875,13.882499694824219,13.882499694824219,698,0.0,0.0
2019-08-01,13.720000267028809,13.734999656677246,13.6850004196167,13.984999656677246,13.984999656677246,4931,0.0,0.0
2019-08-02,14.015000343322754,14.015000343322754,14.015000343322754,14.015000343322754,14.015000343322754,0,0.0,0.0
2019-08-05,14.140000343322754,14.420000076293945,14.140000343322754,14.359999656677246,14.359999656677246,404374,0.0,0.0
2019-08-06,14.454999923706055,14.484999656677246,14.354399681091309,14.337499618530273,14.337499618530273,4411,0.0,0.0
2019-08-07,14.125,14.289999961853027,14.125,14.132499694824219,14.132499694824219,2034,0.0,0.0
2019-08-08,15.085000038146973,15.5,14.904999732971191,15.447500228881836,15.447500228881836,33173,0.0,0.0
2019-08-09,15.119999885559082,15.234999656677246,14.880000114440918,14.962499618530273,14.962499618530273,22010,0.0,0.0
2019-08-12,14.75,15.289999961853027,14.586150169372559,15.0649995803833,15.0649995803833,27931,0.0,0.0
2019-08-13,15.079999923706055,15.1850004196167,15.074999809265137,15.145000457763672,15.145000457763672,35712,0.0,0.0
2019-08-14,15.279999732971191,15.404999732971191,14.949999809265137,15.265000343322754,15.265000343322754,21598,0.0,0.0
2019-08-15,15.5,15.6899995803833,15.390000343322754,15.71500015258789,15.71500015258789,32592,0.0,0.0
2019-08-16,15.5,15.550000190734863,15.479999542236328,15.487500190734863,15.487500190734863,4322,0.0,0.0
2019-08-19,15.390000343322754,15.436639785766602,15.204999923706055,15.305000305175781,15.305000305175781,45803,0.0,0.0
2019-08-20,15.449999809265137,15.449999809265137,15.210000038146973,15.085000038146973,15.085000038146973,71746,0.0,0.0
2019-08-21,15.199999809265137,15.199999809265137,15.184229850769043,15.217499732971191,15.217499732971191,886,0.0,0.0
2019-08-22,15.050000190734863,15.324999809265137,15.029999732971191,15.055000305175781,15.055000305175781,30338,0.0,0.0
2019-08-23,15.050000190734863,15.180000305175781,15.050000190734863,15.135000228881836,15.135000228881836,900,0.0,0.0
2019-08-27,15.305000305175781,15.3100004196167,15.135000228881836,15.145000457763672,15.145000457763672,2505,0.0,0.0
2019-08-28,15.220000267028809,15.670000076293945,15.220000267028809,15.470000267028809,15.470000267028809,64989,0.0,0.0
2019-08-29,15.65999984741211,16.030000686645508,15.65999984741211,15.90999984741211,15.90999984741211,29507,0.0,0.0
2019-08-30,16.114999771118164,17.399999618530273,16.071399688720703,17.18000030517578,17.18000030517578,117356,0.0,0.0
2019-09-02,17.864999771118164,18.174999237060547,17.35610008239746,17.5049991607666,17.5049991607666,84879,0.0,0.0
2019-09-03,17.579999923706055,17.603919982910156,17.229999542236328,17.235000610351562,17.235000610351562,142772,0.0,0.0
2019-09-04,17.399999618530273,17.40999984741211,17.299999237060547,17.327499389648438,17.327499389648438,63763,0.0,0.0
2019-09-05,17.0,17.395000457763672,16.7549991607666,16.837499618530273,16.837499618530273,26720,0.0,0.0
2019-09-06,16.739999771118164,17.049999237060547,16.729999542236328,16.997499465942383,16.997499465942383,10704,0.0,0.0
2019-09-09,17.030000686645508,17.295000076293945,16.989999771118164,17.239999771118164,17.239999771118164,25542,0.0,0.0
2019-09-10,17.5,17.540000915527344,17.280000686645508,17.357500076293945,17.357500076293945,91558,0.0,0.0
2019-09-11,17.417499542236328,17.417499542236328,17.417499542236328,17.417499542236328,17.417499542236328,0,0.0,0.0
2019-09-12,17.545000076293945,17.700000762939453,17.235000610351562,17.235000610351562,17.235000610351562,44701,0.0,0.0
2019-09-13,17.43000030517578,17.43000030517578,16.969999313354492,17.049999237060547,17.049999237060547,72658,0.0,0.0
2019-09-16,16.584999084472656,16.729999542236328,16.56999969482422,16.690000534057617,16.690000534057617,5636,0.0,0.0
2019-09-17,16.3700008392334,16.40999984741211,16.25,16.34000015258789,16.34000015258789,33695,0.0,0.0
2019-09-18,16.489999771118164,16.600000381469727,16.420000076293945,16.584999084472656,16.584999084472656,7510,0.0,0.0
2019-09-19,16.645000457763672,16.725000381469727,16.645000457763672,16.622499465942383,16.622499465942383,12141,0.0,0.0
2019-09-20,17.0,17.075000762939453,17.0,16.9424991607666,16.9424991607666,35356,0.0,0.0
2019-09-23,16.950000762939453,17.155000686645508,16.950000762939453,16.920000076293945,16.920000076293945,1924,0.0,0.0
2019-09-24,16.75,16.75,16.479999542236328,16.627500534057617,16.627500534057617,10844,0.0,0.0
2019-09-25,16.575000762939453,16.575000762939453,16.5,16.712499618530273,16.712499618530273,14685,0.0,0.0
2019-09-26,16.6299991607666,16.670000076293945,16.6299991607666,16.674999237060547,16.674999237060547,6585,0.0,0.0
2019-09-27,16.780000686645508,16.795000076293945,16.69849967956543,16.677499771118164,16.677499771118164,1060,0.0,0.0
2019-09-30,16.795000076293945,17.03499984741211,16.780000686645508,17.03499984741211,17.03499984741211,48092,0.0,0.0
2019-10-01,16.559999465942383,16.81999969482422,16.389999389648438,16.764999389648438,16.764999389648438,1146,0.0,0.0
2019-10-02,16.885000228881836,17.040000915527344,16.885000228881836,16.969999313354492,16.969999313354492,348,0.0,0.0
2019-10-03,17.0,17.00189971923828,17.0,17.082500457763672,17.082500457763672,7179,0.0,0.0
2019-10-04,16.959999084472656,17.18000030517578,16.959999084472656,17.167499542236328,17.167499542236328,2153,0.0,0.0
2019-10-07,17.165000915527344,17.165000915527344,17.138399124145508,17.15250015258789,17.15250015258789,1200,0.0,0.0
2019-10-08,16.799999237060547,16.84000015258789,16.631500244140625,16.825000762939453,16.825000762939453,9592,0.0,0.0
2019-10-09,16.790000915527344,16.790000915527344,16.790000915527344,16.802499771118164,16.802499771118164,50,0.0,0.0
2019-10-10,17.0049991607666,17.0049991607666,17.0049991607666,16.99250030517578,16.99250030517578,121,0.0,0.0
2019-10-11,16.94499969482422,17.225000381469727,16.899999618530273,16.977500915527344,16.977500915527344,12370,0.0,0.0
2019-10-14,16.829999923706055,17.149999618530273,16.579999923706055,16.7450008392334,16.7450008392334,4143,0.0,0.0
2019-10-15,16.295000076293945,16.350709915161133,16.295000076293945,16.387500762939453,16.387500762939453,705,0.0,0.0
2019-10-16,16.260000228881836,16.260000228881836,15.989999771118164,16.024999618530273,16.024999618530273,1582,0.0,0.0
2019-10-17,15.789999961853027,15.789999961853027,15.710000038146973,15.757499694824219,15.757499694824219,3012,0.0,0.0
2019-10-18,15.699999809265137,15.759300231933594,15.694999694824219,15.765000343322754,15.765000343322754,4898,0.0,0.0
2019-10-21,15.670000076293945,15.670000076293945,15.640950202941895,15.592499732971191,15.592499732971191,1905,0.0,0.0
2019-10-22,15.505000114440918,15.579999923706055,15.505000114440918,15.755000114440918,15.755000114440918,45008,0.0,0.0
2019-10-23,15.994999885559082,16.1200008392334,15.994999885559082,16.040000915527344,16.040000915527344,10965,0.0,0.0
2019-10-24,16.3700008392334,16.3700008392334,16.30500030517578,16.270000457763672,16.270000457763672,11962,0.0,0.0
2019-10-25,16.25,16.25,16.15999984741211,16.280000686645508,16.280000686645508,36260,0.0,0.0
2019-10-28,16.15999984741211,16.329999923706055,16.155000686645508,16.177499771118164,16.177499771118164,6255,0.0,0.0
2019-10-29,16.165000915527344,16.31599998474121,16.165000915527344,16.229999542236328,16.229999542236328,1100,0.0,0.0
2019-10-30,16.389999389648438,16.389999389648438,16.2450008392334,16.360000610351562,16.360000610351562,6808,0.0,0.0
2019-10-31,16.100000381469727,16.100000381469727,16.05500030517578,16.107500076293945,16.107500076293945,8322,0.0,0.0
2019-11-01,16.06999969482422,16.329999923706055,16.06999969482422,16.174999237060547,16.174999237060547,2172,0.0,0.0
2019-11-04,16.0,16.135000228881836,15.829999923706055,15.850000381469727,15.850000381469727,48806,0.0,0.0
2019-11-05,15.720000267028809,15.845000267028809,15.720000267028809,15.6850004196167,15.6850004196167,648,0.0,0.0
2019-11-06,15.774999618530273,15.774999618530273,15.774999618530273,15.675000190734863,15.675000190734863,500,0.0,0.0
2019-11-07,15.755000114440918,15.84000015258789,15.664999961853027,15.664999961853027,15.664999961853027,30489,0.0,0.0
2019-11-08,15.704999923706055,15.704999923706055,15.704999923706055,15.364999771118164,15.364999771118164,100,0.0,0.0
2019-11-11,15.494999885559082,15.494999885559082,15.199999809265137,15.109999656677246,15.109999656677246,38210,0.0,0.0
2019-11-12,15.0,15.079999923706055,14.930000305175781,15.092499732971191,15.092499732971191,6235,0.0,0.0
2019-11-13,14.920000076293945,15.038700103759766,14.875,14.920000076293945,14.920000076293945,4665,0.0,0.0
2019-11-14,15.100000381469727,15.100000381469727,14.630000114440918,14.614999771118164,14.614999771118164,10060,0.0,0.0
2019-11-15,14.545000076293945,14.545000076293945,14.545000076293945,14.515000343322754,14.515000343322754,135,0.0,0.0
2019-11-18,14.359999656677246,14.489999771118164,14.199999809265137,14.1850004196167,14.1850004196167,2164,0.0,0.0
2019-11-19,14.024999618530273,14.0600004196167,14.020000457763672,14.082500457763672,14.082500457763672,21810,0.0,0.0
2019-11-20,13.9399995803833,13.984999656677246,13.805000305175781,13.927499771118164,13.927499771118164,814,0.0,0.0
2019-11-21,13.899999618530273,13.904999732971191,13.890000343322754,14.0024995803833,14.0024995803833,3350,0.0,0.0
2019-11-22,14.199999809265137,14.199999809265137,14.055000305175781,14.079999923706055,14.079999923706055,3124,0.0,0.0
2019-11-25,14.029999732971191,14.100000381469727,14.029999732971191,14.017499923706055,14.017499923706055,10466,0.0,0.0
2019-11-26,13.869999885559082,13.970000267028809,13.869999885559082,13.970000267028809,13.970000267028809,535,0.0,0.0
2019-11-27,14.015000343322754,14.015000343322754,14.015000343322754,13.887499809265137,13.887499809265137,800,0.0,0.0
2019-11-28,13.680000305175781,13.680000305175781,13.529589653015137,13.600000381469727,13.600000381469727,11696,0.0,0.0
2019-11-29,13.46500015258789,13.46500015258789,13.350000381469727,13.257499694824219,13.257499694824219,12505,0.0,0.0
2019-12-02,13.130000114440918,13.350000381469727,13.130000114440918,13.307499885559082,13.307499885559082,13438,0.0,0.0
2019-12-03,13.220000267028809,13.244999885559082,12.9399995803833,12.864999771118164,12.864999771118164,3203,0.0,0.0
2019-12-04,12.774999618530273,12.774999618530273,12.75,12.7524995803833,12.7524995803833,2420,0.0,0.0
2019-12-05,12.729999542236328,13.0,12.609999656677246,12.842499732971191,12.842499732971191,18095,0.0,0.0
2019-12-06,13.029999732971191,13.029999732971191,13.029999732971191,13.104999542236328,13.104999542236328,586,0.0,0.0
2019-12-09,12.885000228881836,12.920000076293945,12.777899742126465,12.899999618530273,12.899999618530273,10100,0.0,0.0
2019-12-10,12.729999542236328,13.050000190734863,12.59000015258789,13.037500381469727,13.037500381469727,16857,0.0,0.0
2019-12-11,13.279999732971191,13.350000381469727,13.279999732971191,13.329999923706055,13.329999923706055,2918,0.0,0.0
2019-12-12,13.335000038146973,13.449999809265137,13.225000381469727,13.4350004196167,13.4350004196167,15860,0.0,0.0
2019-12-13,13.65999984741211,13.765000343322754,13.630000114440918,13.582500457763672,13.582500457763672,7958,0.0,0.0
2019-12-16,13.720000267028809,13.739999771118164,13.680000305175781,13.712499618530273,13.712499618530273,1899,0.0,0.0
2019-12-17,13.75,13.75,13.59000015258789,13.59000015258789,13.59000015258789,10456,0.0,0.0
2019-12-18,13.395000457763672,13.395000457763672,13.395000457763672,13.412500381469727,13.412500381469727,100,0.0,0.0
2019-12-19,13.574999809265137,13.649999618530273,13.574999809265137,13.732500076293945,13.732500076293945,16476,0.0,0.0
2019-12-20,13.739999771118164,13.739999771118164,13.739999771118164,13.942500114440918,13.942500114440918,14600,0.0,0.0
2019-12-23,13.954999923706055,14.0,13.854999542236328,13.887499809265137,13.887499809265137,4058,0.0,0.0
2019-12-24,13.774999618530273,13.774999618530273,13.774999618530273,13.774999618530273,13.774999618530273,0,0.0,0.0
2019-12-27,13.779999732971191,13.779999732971191,13.550000190734863,13.702500343322754,13.702500343322754,6284,0.0,0.0
2019-12-30,13.75,13.885000228881836,13.75,13.802499771118164,13.802499771118164,1280,0.0,0.0
2019-12-31,13.760000228881836,13.760000228881836,13.760000228881836,13.6899995803833,13.6899995803833,200,0.0,0.0
2020-01-02,13.6899995803833,13.704999923706055,13.649999618530273,13.710000038146973,13.710000038146973,9530,0.0,0.0
2020-01-03,13.345000267028809,13.425000190734863,13.324999809265137,13.34000015258789,13.34000015258789,4472,0.0,0.0
2020-01-06,13.1850004196167,13.380000114440918,13.1850004196167,13.2475004196167,13.2475004196167,5792,0.0,0.0
2020-01-07,13.460000038146973,13.460000038146973,13.380000114440918,13.369999885559082,13.369999885559082,72,0.0,0.0
2020-01-08,13.369999885559082,13.520000457763672,13.369999885559082,13.524999618530273,13.524999618530273,975,0.0,0.0
2020-01-09,13.744999885559082,13.770000457763672,13.744999885559082,13.645000457763672,13.645000457763672,21820,0.0,0.0
2020-01-10,13.579999923706055,13.65038013458252,13.579999923706055,13.702500343322754,13.702500343322754,1383,0.0,0.0
2020-01-13,13.699999809265137,13.699999809265137,13.699999809265137,13.699999809265137,13.699999809265137,0,0.0,0.0
2020-01-14,13.380000114440918,13.380000114440918,13.199999809265137,13.287500381469727,13.287500381469727,35388,0.0,0.0
2020-01-15,13.289999961853027,13.680000305175781,13.289999961853027,13.772500038146973,13.772500038146973,15383,0.0,0.0
2020-01-16,13.850000381469727,13.9399995803833,13.609999656677246,13.5649995803833,13.5649995803833,3899,0.0,0.0
2020-01-17,13.460000038146973,13.484999656677246,13.364999771118164,13.375,13.375,4200,0.0,0.0
2020-01-20,13.470000267028809,13.6899995803833,13.390000343322754,13.574999809265137,13.574999809265137,2427,0.0,0.0
2020-01-21,13.295000076293945,13.404999732971191,13.220000267028809,13.234999656677246,13.234999656677246,2651,0.0,0.0
2020-01-22,13.270000457763672,13.319999694824219,13.125,13.119999885559082,13.119999885559082,7279,0.0,0.0
2020-01-23,12.850000381469727,12.9350004196167,12.850000381469727,12.845000267028809,12.845000267028809,8623,0.0,0.0
2020-01-24,12.885000228881836,12.885000228881836,12.550000190734863,12.5600004196167,12.5600004196167,22176,0.0,0.0
2020-01-27,12.220000267028809,12.430000305175781,12.175000190734863,12.227499961853027,12.227499961853027,4393,0.0,0.0
2020-01-28,12.1850004196167,12.279999732971191,12.1850004196167,12.217499732971191,12.217499732971191,11680,0.0,0.0
2020-01-29,12.145000457763672,12.204999923706055,12.100000381469727,12.09749984741211,12.09749984741211,32325,0.0,0.0
2020-01-30,12.140000343322754,12.204999923706055,12.100000381469727,12.1274995803833,12.1274995803833,13920,0.0,0.0
2020-01-31,12.260000228881836,12.260000228881836,12.149999618530273,12.267499923706055,12.267499923706055,12466,0.0,0.0
2020-02-03,12.295000076293945,12.430000305175781,12.295000076293945,12.3100004196167,12.3100004196167,4175,0.0,0.0
2020-02-04,12.5649995803833,12.75,12.430000305175781,12.4375,12.4375,23473,0.0,0.0
2020-02-05,12.664999961853027,12.664999961853027,12.600000381469727,12.65250015258789,12.65250015258789,7383,0.0,0.0
2020-02-06,12.670000076293945,12.670000076293945,12.555000305175781,12.617500305175781,12.617500305175781,8471,0.0,0.0
2020-02-07,12.529999732971191,12.529999732971191,12.244999885559082,12.300000190734863,12.300000190734863,3370,0.0,0.0
2020-02-10,12.520000457763672,12.520000457763672,12.399999618530273,12.399999618530273,12.399999618530273,233,0.0,0.0
2020-02-11,12.670000076293945,12.670000076293945,12.670000076293945,12.670000076293945,12.670000076293945,4000,0.0,0.0
2020-02-12,12.625,12.670000076293945,12.600000381469727,12.649999618530273,12.649999618530273,6094,0.0,0.0
2020-02-13,12.720000267028809,12.789999961853027,12.600000381469727,12.692500114440918,12.692500114440918,7044,0.0,0.0
2020-02-14,13.0,13.0,12.479999542236328,12.537500381469727,12.537500381469727,6300,0.0,0.0
2020-02-17,12.670000076293945,12.670000076293945,12.670000076293945,12.587499618530273,12.587499618530273,1000,0.0,0.0
2020-02-18,12.4399995803833,12.523099899291992,12.4350004196167,12.4350004196167,12.4350004196167,1785,0.0,0.0
2020-02-19,12.279999732971191,12.279999732971191,12.279999732971191,12.279999732971191,12.279999732971191,0,0.0,0.0
2020-02-20,12.369999885559082,12.369999885559082,12.210000038146973,12.199999809265137,12.199999809265137,4754,0.0,0.0
2020-02-21,12.100000381469727,12.100000381469727,12.100000381469727,12.100000381469727,12.100000381469727,0,0.0,0.0
2020-02-24,12.079999923706055,12.079999923706055,11.930000305175781,11.914999961853027,11.914999961853027,9435,0.0,0.0
2020-02-25,12.229999542236328,12.229999542236328,11.970000267028809,11.9975004196167,11.9975004196167,16097,0.0,0.0
2020-02-26,11.930000305175781,12.03499984741211,11.885000228881836,11.975000381469727,11.975000381469727,1497,0.0,0.0
2020-02-27,11.984999656677246,11.984999656677246,11.819999694824219,11.927499771118164,11.927499771118164,56071,0.0,0.0
2020-02-28,11.75,11.765000343322754,11.630000114440918,11.807499885559082,11.807499885559082,54024,0.0,0.0
2020-03-02,12.039999961853027,12.140000343322754,11.989999771118164,12.182499885559082,12.182499885559082,25133,0.0,0.0
2020-03-03,12.199999809265137,12.199999809265137,12.140000343322754,12.039999961853027,12.039999961853027,4423,0.0,0.0
2020-03-04,12.324999809265137,12.324999809265137,12.135000228881836,12.164999961853027,12.164999961853027,2656,0.0,0.0
2020-03-05,12.407500267028809,12.407500267028809,12.407500267028809,12.407500267028809,12.407500267028809,0,0.0,0.0
2020-03-06,12.3100004196167,12.367199897766113,12.175000190734863,12.21500015258789,12.21500015258789,61665,0.0,0.0
2020-03-09,11.800000190734863,12.0,11.800000190734863,12.087499618530273,12.087499618530273,2930,0.0,0.0
2020-03-10,12.289999961853027,12.295000076293945,12.289999961853027,12.2524995803833,12.2524995803833,250,0.0,0.0
2020-03-11,12.234999656677246,12.234999656677246,12.0,11.947500228881836,11.947500228881836,2330,0.0,0.0
2020-03-12,11.770000457763672,11.770000457763672,11.300000190734863,11.362500190734863,11.362500190734863,4415,0.0,0.0
2020-03-13,12.050000190734863,12.289999961853027,11.545000076293945,11.729999542236328,11.729999542236328,9462,0.0,0.0
2020-03-16,11.675000190734863,11.680000305175781,11.225000381469727,11.317500114440918,11.317500114440918,15359,0.0,0.0
2020-03-17,11.604999542236328,11.65999984741211,11.345000267028809,11.427499771118164,11.427499771118164,26425,0.0,0.0
2020-03-18,11.1899995803833,11.1899995803833,10.854999542236328,10.917499542236328,10.917499542236328,75266,0.0,0.0
2020-03-19,11.100000381469727,11.100000381469727,10.729999542236328,10.852499961853027,10.852499961853027,16238,0.0,0.0
2020-03-20,11.135000228881836,11.199999809265137,10.885000228881836,10.8774995803833,10.8774995803833,18018,0.0,0.0
2020-03-23,10.555000305175781,10.555000305175781,10.539999961853027,10.4375,10.4375,358,0.0,0.0
2020-03-24,10.800000190734863,10.805000305175781,10.75,10.822500228881836,10.822500228881836,15000,0.0,0.0
2020-03-25,10.779999732971191,10.887760162353516,10.779999732971191,10.792499542236328,10.792499542236328,3813,0.0,0.0
2020-03-26,10.805000305175781,10.8100004196167,10.779999732971191,10.782500267028809,10.782500267028809,609,0.0,0.0
2020-03-27,10.850000381469727,10.9399995803833,10.800000190734863,10.9399995803833,10.9399995803833,48908,0.0,0.0
2020-03-30,10.885000228881836,10.885000228881836,10.885000228881836,10.885000228881836,10.885000228881836,0,0.0,0.0
2020-03-31,10.859999656677246,10.879599571228027,10.859999656677246,10.90999984741211,10.90999984741211,303,0.0,0.0
2020-04-01,10.899999618530273,10.899999618530273,10.899999618530273,10.869999885559082,10.869999885559082,2000,0.0,0.0
2020-04-02,10.869999885559082,10.869999885559082,10.869999885559082,10.869999885559082,10.869999885559082,916,0.0,0.0
2020-04-03,10.875,10.890000343322754,10.789999961853027,10.795000076293945,10.795000076293945,24154,0.0,0.0
2020-04-06,10.789999961853027,10.789999961853027,10.760000228881836,10.802499771118164,10.802499771118164,20000,0.0,0.0
2020-04-07,11.039999961853027,11.050000190734863,11.0,10.984999656677246,10.984999656677246,20728,0.0,0.0
2020-04-08,11.100000381469727,11.100000381469727,10.960000038146973,11.010000228881836,11.010000228881836,2761,0.0,0.0
2020-04-09,11.039999961853027,11.149999618530273,11.039999961853027,11.175000190734863,11.175000190734863,891,0.0,0.0
2020-04-14,11.359999656677246,11.404999732971191,11.359999656677246,11.399999618530273,11.399999618530273,7379,0.0,0.0
2020-04-15,11.260000228881836,11.375,11.260000228881836,11.327500343322754,11.327500343322754,2441,0.0,0.0
2020-04-16,11.194999694824219,11.28499984741211,11.194999694824219,11.234999656677246,11.234999656677246,379,0.0,0.0
2020-04-17,11.479999542236328,11.515000343322754,11.454999923706055,11.457500457763672,11.457500457763672,7974,0.0,0.0
2020-04-20,11.84000015258789,11.880000114440918,11.835000038146973,11.987500190734863,11.987500190734863,6461,0.0,0.0
2020-04-21,11.765000343322754,11.824999809265137,11.680000305175781,11.670000076293945,11.670000076293945,23005,0.0,0.0
2020-04-22,11.40999984741211,11.460000038146973,11.40999984741211,11.46500015258789,11.46500015258789,9030,0.0,0.0
2020-04-23,11.609999656677246,11.645000457763672,11.539999961853027,11.619999885559082,11.619999885559082,7757,0.0,0.0
2020-04-24,11.675000190734863,11.675000190734863,11.675000190734863,11.647500038146973,11.647500038146973,20,0.0,0.0
2020-04-27,11.680000305175781,11.680000305175781,11.680000305175781,11.680000305175781,11.680000305175781,0,0.0,0.0
2020-04-28,11.835000038146973,11.869999885559082,11.789999961853027,11.787500381469727,11.787500381469727,14575,0.0,0.0
2020-04-29,11.760000228881836,11.760000228881836,11.760000228881836,11.772500038146973,11.772500038146973,2709,0.0,0.0
2020-04-30,11.65999984741211,11.755000114440918,11.645000457763672,11.704999923706055,11.704999923706055,16414,0.0,0.0
2020-05-01,11.454999923706055,11.454999923706055,11.454999923706055,11.3774995803833,11.3774995803833,870,0.0,0.0
2020-05-04,11.40999984741211,11.40999984741211,11.359999656677246,11.3125,11.3125,123,0.0,0.0
2020-05-05,11.404999732971191,11.404999732971191,11.404999732971191,11.404999732971191,11.404999732971191,0,0.0,0.0
2020-05-06,11.729999542236328,11.729999542236328,11.729999542236328,11.729999542236328,11.729999542236328,0,0.0,0.0
2020-05-07,11.765000343322754,11.824999809265137,11.765000343322754,11.782500267028809,11.782500267028809,17802,0.0,0.0
2020-05-11,11.789999961853027,11.789999961853027,11.760000228881836,11.782500267028809,11.782500267028809,7000,0.0,0.0
2020-05-12,11.757499694824219,11.757499694824219,11.757499694824219,11.757499694824219,11.757499694824219,0,0.0,0.0
2020-05-13,11.707500457763672,11.707500457763672,11.707500457763672,11.707500457763672,11.707500457763672,0,0.0,0.0
2020-05-14,11.71500015258789,11.71500015258789,11.470000267028809,11.515000343322754,11.515000343322754,1073,0.0,0.0
2020-05-15,11.404999732971191,11.404999732971191,11.34000015258789,11.345000267028809,11.345000267028809,10590,0.0,0.0
2020-05-18,11.529999732971191,11.529999732971191,11.479999542236328,11.6899995803833,11.6899995803833,6869,0.0,0.0
2020-05-19,11.75,11.824999809265137,11.75,11.84749984741211,11.84749984741211,4270,0.0,0.0
2020-05-20,11.895000457763672,12.024999618530273,11.850000381469727,12.069999694824219,12.069999694824219,4152,0.0,0.0
2020-05-21,12.170000076293945,12.300000190734863,12.170000076293945,12.177499771118164,12.177499771118164,26690,0.0,0.0
2020-05-22,11.600000381469727,11.71500015258789,11.210000038146973,11.682499885559082,11.682499885559082,42328,0.0,0.0
2020-05-26,11.739999771118164,11.799989700317383,11.739999771118164,11.72249984741211,11.72249984741211,2652,0.0,0.0
2020-05-27,11.619999885559082,11.619999885559082,11.619999885559082,11.547499656677246,11.547499656677246,1000,0.0,0.0
2020-05-28,11.6850004196167,11.710000038146973,11.630000114440918,11.642499923706055,11.642499923706055,19177,0.0,0.0
2020-05-29,11.600000381469727,11.6850004196167,11.600000381469727,11.65250015258789,11.65250015258789,170,0.0,0.0
2020-06-01,11.899999618530273,12.484999656677246,11.899999618530273,12.012499809265137,12.012499809265137,1052,0.0,0.0
2020-06-02,12.234999656677246,12.260000228881836,12.234999656677246,12.192500114440918,12.192500114440918,2715,0.0,0.0
2020-06-03,12.3149995803833,12.3149995803833,12.289999961853027,12.204999923706055,12.204999923706055,2004,0.0,0.0
2020-06-04,12.050000190734863,12.164999961853027,11.996999740600586,12.227499961853027,12.227499961853027,81386,0.0,0.0
2020-06-05,12.399999618530273,12.399999618530273,12.21500015258789,12.390000343322754,12.390000343322754,775,0.0,0.0
2020-06-08,12.479999542236328,12.489999771118164,12.3100004196167,12.414999961853027,12.414999961853027,80473,0.0,0.0
2020-06-09,12.385000228881836,12.385000228881836,12.210000038146973,12.229999542236328,12.229999542236328,5250,0.0,0.0
2020-06-10,12.255000114440918,12.255000114440918,12.255000114440918,12.3774995803833,12.3774995803833,200,0.0,0.0
2020-06-11,12.100000381469727,12.100000381469727,12.0,12.047499656677246,12.047499656677246,17102,0.0,0.0
2020-06-12,12.095000267028809,12.095000267028809,12.0649995803833,12.109999656677246,12.109999656677246,471,0.0,0.0
2020-06-15,12.005000114440918,12.005000114440918,12.002699851989746,12.132499694824219,12.132499694824219,112,0.0,0.0
2020-06-16,12.369999885559082,12.369999885559082,12.274999618530273,12.267499923706055,12.267499923706055,136,0.0,0.0
2020-06-17,12.319999694824219,12.319999694824219,12.244999885559082,12.244999885559082,12.244999885559082,4000,0.0,0.0
2020-06-18,12.274999618530273,12.274999618530273,12.1899995803833,12.282500267028809,12.282500267028809,2281,0.0,0.0
2020-06-19,12.319999694824219,12.319999694824219,12.270000457763672,12.177499771118164,12.177499771118164,2000,0.0,0.0
2020-06-22,12.079999923706055,12.079999923706055,12.039999961853027,12.095000267028809,12.095000267028809,1100,0.0,0.0
2020-06-23,11.9350004196167,12.039999961853027,11.9350004196167,12.072500228881836,12.072500228881836,12313,0.0,0.0
2020-06-24,12.100000381469727,12.140000343322754,11.970000267028809,11.970000267028809,11.970000267028809,1974,0.0,0.0
2020-06-25,11.875,11.875,11.78499984741211,11.854999542236328,11.854999542236328,8651,0.0,0.0
2020-06-26,12.0,12.100000381469727,12.0,12.085000038146973,12.085000038146973,2399,0.0,0.0
2020-06-29,12.100000381469727,12.137020111083984,12.100000381469727,12.114999771118164,12.114999771118164,1100,0.0,0.0
2020-06-30,12.137499809265137,12.137499809265137,12.137499809265137,12.137499809265137,12.137499809265137,0,0.0,0.0
2020-07-01,12.069999694824219,12.069999694824219,12.029999732971191,12.09749984741211,12.09749984741211,1396,0.0,0.0
2020-07-02,12.274999618530273,12.274999618530273,12.274999618530273,12.274999618530273,12.274999618530273,0,0.0,0.0
2020-07-03,12.4350004196167,12.449999809265137,12.4350004196167,12.335000038146973,12.335000038146973,232,0.0,0.0
2020-07-06,12.545000076293945,12.675700187683105,12.545000076293945,12.699999809265137,12.699999809265137,60100,0.0,0.0
2020-07-07,12.670000076293945,12.670000076293945,12.670000076293945,12.802499771118164,12.802499771118164,928,0.0,0.0
2020-07-08,12.789999961853027,12.789999961853027,12.779999732971191,12.762499809265137,12.762499809265137,8100,0.0,0.0
2020-07-09,12.8149995803833,12.829999923706055,12.600000381469727,12.614999771118164,12.614999771118164,113025,0.0,0.0
2020-07-10,12.460000038146973,12.484999656677246,12.460000038146973,12.795000076293945,12.795000076293945,4520,0.0,0.0
2020-07-13,12.930000305175781,13.0,12.925000190734863,13.03499984741211,13.03499984741211,4612,0.0,0.0
2020-07-14,12.895000457763672,12.914999961853027,12.895000457763672,12.892499923706055,12.892499923706055,2885,0.0,0.0
2020-07-15,12.920000076293945,12.920000076293945,12.920000076293945,12.817500114440918,12.817500114440918,1000,0.0,0.0
2020-07-16,12.619999885559082,12.795000076293945,12.574999809265137,12.767499923706055,12.767499923706055,6186,0.0,0.0
2020-07-17,12.680000305175781,12.680000305175781,12.680000305175781,12.5625,12.5625,2000,0.0,0.0
2020-07-20,12.520000457763672,12.5649995803833,12.515000343322754,12.662500381469727,12.662500381469727,12020,0.0,0.0
2020-07-21,12.755000114440918,12.795000076293945,12.755000114440918,12.822500228881836,12.822500228881836,3000,0.0,0.0
2020-07-22,12.645000457763672,12.645000457763672,12.452500343322754,12.482500076293945,12.482500076293945,1238,0.0,0.0
2020-07-23,12.875,12.979999542236328,12.850000381469727,12.944999694824219,12.944999694824219,22073,0.0,0.0
2020-07-24,12.734999656677246,12.850000381469727,12.6899995803833,12.962499618530273,12.962499618530273,4218,0.0,0.0
2020-07-27,13.0649995803833,13.119999885559082,13.0,13.0600004196167,13.0600004196167,20262,0.0,0.0
2020-07-28,12.90999984741211,12.949999809265137,12.84000015258789,12.994999885559082,12.994999885559082,4047,0.0,0.0
2020-07-29,12.994999885559082,13.119999885559082,12.994999885559082,13.142499923706055,13.142499923706055,8985,0.0,0.0
2020-07-30,13.199999809265137,13.199999809265137,12.979999542236328,13.072500228881836,13.072500228881836,6774,0.0,0.0
2020-07-31,13.119999885559082,13.1899995803833,13.079999923706055,13.087499618530273,13.087499618530273,8436,0.0,0.0
2020-08-03,13.1899995803833,13.300000190734863,13.1899995803833,13.274999618530273,13.274999618530273,10332,0.0,0.0
2020-08-04,13.225000381469727,13.225000381469727,13.225000381469727,13.305000305175781,13.305000305175781,200,0.0,0.0
2020-08-05,13.5,13.899999618530273,13.5,13.8149995803833,13.8149995803833,74681,0.0,0.0
2020-08-06,13.729999542236328,13.885000228881836,13.649999618530273,13.707500457763672,13.707500457763672,59851,0.0,0.0
2020-08-07,13.600000381469727,13.725000381469727,13.5600004196167,13.677499771118164,13.677499771118164,11641,0.0,0.0
2020-08-10,13.550000190734863,13.619999885559082,13.53499984741211,13.557499885559082,13.557499885559082,11663,0.0,0.0
2020-08-11,13.484999656677246,13.545000076293945,13.414400100708008,13.582500457763672,13.582500457763672,5732,0.0,0.0
2020-08-12,13.475000381469727,13.475000381469727,13.395000457763672,13.537500381469727,13.537500381469727,5855,0.0,0.0
2020-08-13,13.515000343322754,13.515000343322754,13.515000343322754,13.3774995803833,13.3774995803833,147,0.0,0.0
2020-08-14,13.600000381469727,13.660599708557129,13.5600004196167,13.619999885559082,13.619999885559082,2005,0.0,0.0
2020-08-17,13.875,13.875,13.855899810791016,13.854999542236328,13.854999542236328,2520,0.0,0.0
2020-08-18,13.885000228881836,14.045000076293945,13.885000228881836,13.887499809265137,13.887499809265137,54961,0.0,0.0
2020-08-19,13.9399995803833,14.03499984741211,13.9399995803833,13.970000267028809,13.970000267028809,3949,0.0,0.0
2020-08-20,13.899999618530273,13.90999984741211,13.850000381469727,13.895000457763672,13.895000457763672,9117,0.0,0.0
2020-08-21,13.949999809265137,13.949999809265137,13.800000190734863,13.944999694824219,13.944999694824219,4592,0.0,0.0
2020-08-24,14.140000343322754,14.1850004196167,14.103059768676758,14.079999923706055,14.079999923706055,427,0.0,0.0
2020-08-25,14.149999618530273,14.199999809265137,14.149999618530273,14.167499542236328,14.167499542236328,20430,0.0,0.0
2020-08-26,14.350000381469727,14.393269538879395,14.300000190734863,14.387499809265137,14.387499809265137,14775,0.0,0.0
2020-08-27,14.40999984741211,14.4350004196167,14.255000114440918,14.369999885559082,14.369999885559082,13468,0.0,0.0
2020-08-28,14.5600004196167,14.670000076293945,14.5600004196167,14.612500190734863,14.612500190734863,9890,0.0,0.0
2020-09-01,14.920000076293945,14.920000076293945,14.795000076293945,14.8125,14.8125,111325,0.0,0.0
2020-09-02,14.805000305175781,14.869999885559082,14.78499984741211,14.824999809265137,14.824999809265137,21858,0.0,0.0
2020-09-03,14.609999656677246,14.609999656677246,14.235099792480469,14.272500038146973,14.272500038146973,81789,0.0,0.0
2020-09-04,14.444999694824219,14.444999694824219,14.34000015258789,14.414999961853027,14.414999961853027,15610,0.0,0.0
2020-09-07,14.399999618530273,14.420000076293945,14.399999618530273,14.407500267028809,14.407500267028809,350,0.0,0.0
2020-09-08,14.399999618530273,14.399999618530273,13.931099891662598,14.102499961853027,14.102499961853027,22839,0.0,0.0
2020-09-09,14.137499809265137,14.137499809265137,14.137499809265137,14.137499809265137,14.137499809265137,0,0.0,0.0
2020-09-10,14.03499984741211,14.175000190734863,14.010000228881836,14.085000038146973,14.085000038146973,18607,0.0,0.0
2020-09-11,14.130000114440918,14.130000114440918,14.130000114440918,14.27750015258789,14.27750015258789,5000,0.0,0.0
2020-09-14,14.359999656677246,14.479999542236328,14.359999656677246,14.4399995803833,14.4399995803833,24157,0.0,0.0
2020-09-15,14.970000267028809,14.970000267028809,14.345000267028809,14.397500038146973,14.397500038146973,293,0.0,0.0
2020-09-16,14.380000114440918,14.430000305175781,14.350000381469727,14.4399995803833,14.4399995803833,6373,0.0,0.0
2020-09-17,14.069999694824219,14.104999542236328,14.045000076293945,14.2524995803833,14.2524995803833,3640,0.0,0.0
2020-09-18,14.345000267028809,14.345000267028809,14.050000190734863,14.130000114440918,14.130000114440918,10325,0.0,0.0
2020-09-21,13.920000076293945,13.975000381469727,13.654999732971191,13.787500381469727,13.787500381469727,25064,0.0,0.0
2020-09-22,13.774999618530273,13.890000343322754,13.774999618530273,13.835000038146973,13.835000038146973,6867,0.0,0.0
2020-09-23,13.744999885559082,13.744999885559082,13.5649995803833,13.625,13.625,15514,0.0,0.0
2020-09-24,13.515000343322754,13.539999961853027,13.369999885559082,13.4975004196167,13.4975004196167,26703,0.0,0.0
2020-09-25,13.640000343322754,13.640000343322754,13.569999694824219,13.510000228881836,13.510000228881836,5738,0.0,0.0
2020-09-28,13.625,13.663900375366211,13.625,13.645000457763672,13.645000457763672,8071,0.0,0.0
2020-09-29,13.795000076293945,13.795000076293945,13.795000076293945,13.795000076293945,13.795000076293945,0,0.0,0.0
2020-09-30,13.529999732971191,13.800000190734863,13.529999732971191,13.78499984741211,13.78499984741211,975,0.0,0.0
2020-10-01,13.744999885559082,13.744999885559082,13.545000076293945,13.494999885559082,13.494999885559082,4776,0.0,0.0
2020-10-02,13.479999542236328,13.635000228881836,13.479999542236328,13.630000114440918,13.630000114440918,11818,0.0,0.0
2020-10-05,13.489999771118164,13.614999771118164,13.489999771118164,13.787500381469727,13.787500381469727,1128,0.0,0.0
2020-10-06,13.8149995803833,13.895000457763672,13.8149995803833,13.829999923706055,13.829999923706055,4652,0.0,0.0
2020-10-07,13.864999771118164,13.864999771118164,13.8149995803833,13.852499961853027,13.852499961853027,8090,0.0,0.0
2020-10-08,13.845000267028809,14.015000343322754,13.845000267028809,13.930000305175781,13.930000305175781,3168,0.0,0.0
2020-10-09,14.204999923706055,14.34000015258789,14.164999961853027,14.34000015258789,14.34000015258789,28240,0.0,0.0
2020-10-12,14.420000076293945,14.4350004196167,14.364999771118164,14.34749984741211,14.34749984741211,25749,0.0,0.0
2020-10-13,14.345000267028809,14.385000228881836,13.911649703979492,14.300000190734863,14.300000190734863,494,0.0,0.0
2020-10-14,14.279999732971191,14.335000038146973,14.279999732971191,14.457500457763672,14.457500457763672,6760,0.0,0.0
2020-10-15,14.5,14.614999771118164,14.5,14.625,14.625,6400,0.0,0.0
2020-10-16,14.164999961853027,14.800000190734863,14.164999961853027,14.787500381469727,14.787500381469727,12819,0.0,0.0
2020-10-19,14.770000457763672,14.899999618530273,14.770000457763672,14.807499885559082,14.807499885559082,5269,0.0,0.0
2020-10-20,14.885000228881836,15.010000228881836,14.880000114440918,15.067500114440918,15.067500114440918,6836,0.0,0.0
2020-10-21,15.1850004196167,15.210000038146973,14.930000305175781,14.952500343322754,14.952500343322754,27615,0.0,0.0
2020-10-22,14.899999618530273,14.944999694824219,14.850000381469727,14.922499656677246,14.922499656677246,46664,0.0,0.0
2020-10-23,14.369999885559082,14.949999809265137,14.369999885559082,14.850000381469727,14.850000381469727,1612,0.0,0.0
2020-10-26,14.604999542236328,14.71500015258789,14.604999542236328,14.755000114440918,14.755000114440918,10225,0.0,0.0
2020-10-27,14.789999961853027,14.979999542236328,14.789999961853027,15.0024995803833,15.0024995803833,14750,0.0,0.0
2020-10-28,15.3149995803833,15.3149995803833,14.824999809265137,14.904999732971191,14.904999732971191,31453,0.0,0.0
2020-10-29,14.630000114440918,14.760000228881836,14.529999732971191,14.742500305175781,14.742500305175781,19808,0.0,0.0
2020-10-30,14.359999656677246,14.369999885559082,14.359999656677246,14.404999732971191,14.404999732971191,6184,0.0,0.0
2020-11-02,14.25,14.324999809265137,14.25,14.335000038146973,14.335000038146973,1902,0.0,0.0
2020-11-03,14.515000343322754,14.5649995803833,14.470000267028809,14.520000457763672,14.520000457763672,5144,0.0,0.0
2020-11-04,14.520000457763672,14.520000457763672,14.505000114440918,14.5024995803833,14.5024995803833,5006,0.0,0.0
2020-11-05,14.645000457763672,14.6850004196167,14.645000457763672,14.654999732971191,14.654999732971191,4999,0.0,0.0
2020-11-06,14.529999732971191,14.699999809265137,14.454999923706055,14.53499984741211,14.53499984741211,4665,0.0,0.0
2020-11-09,14.914999961853027,15.0,14.914999961853027,14.807499885559082,14.807499885559082,8725,0.0,0.0
2020-11-10,14.9350004196167,14.9350004196167,14.9350004196167,14.922499656677246,14.922499656677246,933,0.0,0.0
2020-11-11,14.975000381469727,14.975000381469727,14.920000076293945,14.979999542236328,14.979999542236328,20764,0.0,0.0
2020-11-12,15.020000457763672,15.104999542236328,15.0,15.09000015258789,15.09000015258789,7513,0.0,0.0
2020-11-13,15.024999618530273,15.024999618530273,14.925000190734863,14.977499961853027,14.977499961853027,4557,0.0,0.0
2020-11-16,15.145000457763672,15.234999656677246,15.145000457763672,14.949999809265137,14.949999809265137,816,0.0,0.0
2020-11-17,15.244999885559082,15.244999885559082,14.784899711608887,14.920000076293945,14.920000076293945,8367,0.0,0.0
2020-11-18,14.930000305175781,14.930000305175781,14.864999771118164,14.942500114440918,14.942500114440918,2082,0.0,0.0
2020-11-19,14.864999771118164,14.989999771118164,14.845000267028809,14.960000038146973,14.960000038146973,4322,0.0,0.0
2020-11-20,14.96500015258789,15.194999694824219,14.96500015258789,15.204999923706055,15.204999923706055,15168,0.0,0.0
2020-11-23,15.255000114440918,15.255000114440918,15.005000114440918,15.022500038146973,15.022500038146973,1802,0.0,0.0
2020-11-24,15.25,15.270000457763672,15.135000228881836,15.295000076293945,15.295000076293945,17416,0.0,0.0
2020-11-25,15.260000228881836,15.270000457763672,15.100000381469727,15.15250015258789,15.15250015258789,21697,0.0,0.0
2020-11-26,15.225000381469727,15.255000114440918,15.145000457763672,15.292499542236328,15.292499542236328,2079,0.0,0.0
2020-11-27,15.524999618530273,15.524999618530273,15.441200256347656,15.479999542236328,15.479999542236328,31027,0.0,0.0
2020-11-30,15.399999618530273,15.4350004196167,15.395000457763672,15.27750015258789,15.27750015258789,31171,0.0,0.0
2020-12-01,15.1850004196167,15.28499984741211,15.1850004196167,15.28499984741211,15.28499984741211,9742,0.0,0.0
2020-12-02,15.104999542236328,15.130000114440918,15.029999732971191,15.1274995803833,15.1274995803833,13096,0.0,0.0
2020-12-03,15.050000190734863,15.100000381469727,15.010000228881836,15.037500381469727,15.037500381469727,3906,0.0,0.0
2020-12-04,15.100000381469727,15.399999618530273,15.100000381469727,15.414999961853027,15.414999961853027,6208,0.0,0.0
2020-12-07,15.449999809265137,15.494999885559082,15.40999984741211,15.425000190734863,15.425000190734863,5159,0.0,0.0
2020-12-08,15.40999984741211,15.515000343322754,15.40999984741211,15.444999694824219,15.444999694824219,4201,0.0,0.0
2020-12-09,15.505000114440918,15.836299896240234,15.505000114440918,15.7475004196167,15.7475004196167,12540,0.0,0.0
2020-12-10,16.0,16.440000534057617,16.0,16.34749984741211,16.34749984741211,38996,0.0,0.0
2020-12-11,16.399999618530273,16.399999618530273,16.155000686645508,16.272499084472656,16.272499084472656,24590,0.0,0.0
2020-12-14,16.53499984741211,16.65999984741211,16.5,16.604999542236328,16.604999542236328,43760,0.0,0.0
2020-12-15,16.690000534057617,16.790000915527344,16.614999771118164,16.684999465942383,16.684999465942383,62378,0.0,0.0
2020-12-16,16.3700008392334,16.514999389648438,16.34000015258789,16.420000076293945,16.420000076293945,28928,0.0,0.0
2020-12-17,16.44499969482422,16.53499984741211,16.44499969482422,16.412500381469727,16.412500381469727,5904,0.0,0.0
2020-12-18,16.600000381469727,16.600000381469727,16.549999237060547,16.482500076293945,16.482500076293945,1773,0.0,0.0
2020-12-21,16.645000457763672,16.665000915527344,16.200000762939453,16.280000686645508,16.280000686645508,35848,0.0,0.0
2020-12-22,16.05500030517578,16.516719818115234,15.802900314331055,15.77750015258789,15.77750015258789,2405,0.0,0.0
2020-12-23,16.31999969482422,16.31999969482422,15.760000228881836,15.9375,15.9375,8511,0.0,0.0
2020-12-24,16.0,16.114999771118164,16.0,16.022499084472656,16.022499084472656,20016,0.0,0.0
2020-12-29,16.19499969482422,16.19499969482422,15.895000457763672,16.002500534057617,16.002500534057617,24752,0.0,0.0
2020-12-30,15.8100004196167,15.880000114440918,15.770000457763672,15.782500267028809,15.782500267028809,1041,0.0,0.0
2020-12-31,15.739999771118164,15.75,15.630000114440918,15.649999618530273,15.649999618530273,1301,0.0,0.0
2021-01-04,16.020000457763672,16.459999084472656,16.020000457763672,16.377500534057617,16.377500534057617,17515,0.0,0.0
2021-01-05,16.475000381469727,16.639999389648438,15.887680053710938,16.592500686645508,16.592500686645508,14646,0.0,0.0
2021-01-06,16.700000762939453,16.905000686645508,16.600000381469727,16.69499969482422,16.69499969482422,11878,0.0,0.0
2021-01-07,17.0,17.079999923706055,16.790000915527344,16.982500076293945,16.982500076293945,26284,0.0,0.0
2021-01-08,16.84000015258789,16.90999984741211,16.575000762939453,16.602500915527344,16.602500915527344,3035,0.0,0.0
2021-01-11,16.329999923706055,16.440000534057617,15.989999771118164,16.032499313354492,16.032499313354492,15329,0.0,0.0
2021-01-12,16.579999923706055,16.7255802154541,16.454999923706055,16.514999389648438,16.514999389648438,11754,0.0,0.0
2021-01-13,16.729999542236328,16.770000457763672,16.485000610351562,16.575000762939453,16.575000762939453,7747,0.0,0.0
2021-01-14,16.780000686645508,17.200000762939453,16.760000228881836,17.127500534057617,17.127500534057617,63462,0.0,0.0
2021-01-15,16.9950008392334,17.040000915527344,16.829999923706055,16.86750030517578,16.86750030517578,887,0.0,0.0
2021-01-18,17.075000762939453,17.114999771118164,16.954999923706055,17.0,17.0,210,0.0,0.0
2021-01-19,16.985000610351562,17.219999313354492,16.918880462646484,17.147499084472656,17.147499084472656,187,0.0,0.0
2021-01-20,17.079999923706055,17.170000076293945,16.885000228881836,17.147499084472656,17.147499084472656,15391,0.0,0.0
2021-01-21,17.280000686645508,17.280000686645508,17.2450008392334,17.287500381469727,17.287500381469727,806,0.0,0.0
2021-01-22,17.03499984741211,17.100000381469727,16.799999237060547,17.100000381469727,17.100000381469727,12689,0.0,0.0
2021-01-25,17.295000076293945,17.295000076293945,17.1299991607666,17.082500457763672,17.082500457763672,34730,0.0,0.0
2021-01-26,17.09000015258789,17.15999984741211,16.050960540771484,17.0575008392334,17.0575008392334,19151,0.0,0.0
2021-01-27,17.014999389648438,17.014999389648438,16.59000015258789,16.729999542236328,16.729999542236328,16312,0.0,0.0
2021-01-28,16.530000686645508,16.78499984741211,16.4950008392334,16.770000457763672,16.770000457763672,31517,0.0,0.0
2021-01-29,16.479999542236328,16.864999771118164,16.454999923706055,16.645000457763672,16.645000457763672,5244,0.0,0.0
2021-02-01,16.809999465942383,16.889999389648438,16.700000762939453,16.767499923706055,16.767499923706055,9105,0.0,0.0
2021-02-02,16.665000915527344,16.795000076293945,16.600000381469727,16.610000610351562,16.610000610351562,1618,0.0,0.0
2021-02-03,16.579999923706055,16.665000915527344,15.885000228881836,16.582500457763672,16.582500457763672,9643,0.0,0.0
2021-02-04,16.6200008392334,16.6200008392334,16.475000381469727,16.545000076293945,16.545000076293945,3947,0.0,0.0
2021-02-05,16.790000915527344,16.969999313354492,16.790000915527344,16.97249984741211,16.97249984741211,58442,0.0,0.0
2021-02-08,17.014999389648438,17.1200008392334,16.94499969482422,17.05500030517578,17.05500030517578,13105,0.0,0.0
2021-02-09,17.290000915527344,17.334999084472656,17.1200008392334,17.177499771118164,17.177499771118164,11527,0.0,0.0
2021-02-10,17.354999542236328,17.485000610351562,17.350000381469727,17.43000030517578,17.43000030517578,26704,0.0,0.0
2021-02-11,17.479999542236328,17.584999084472656,17.479999542236328,17.520000457763672,17.520000457763672,19922,0.0,0.0
2021-02-12,17.46500015258789,17.485000610351562,17.225000381469727,17.420000076293945,17.420000076293945,15157,0.0,0.0
2021-02-15,17.565000534057617,17.639999389648438,17.389999389648438,17.517499923706055,17.517499923706055,15981,0.0,0.0
2021-02-16,17.344999313354492,17.53499984741211,17.324230194091797,17.52750015258789,17.52750015258789,9273,0.0,0.0
2021-02-17,17.610000610351562,17.655000686645508,17.489999771118164,17.600000381469727,17.600000381469727,4565,0.0,0.0
2021-02-18,17.69499969482422,17.985000610351562,17.69499969482422,17.899999618530273,17.899999618530273,19615,0.0,0.0
2021-02-19,18.235000610351562,18.6200008392334,18.235000610351562,18.4325008392334,18.4325008392334,22770,0.0,0.0
2021-02-22,18.549999237060547,18.65999984741211,18.165000915527344,18.264999389648438,18.264999389648438,18808,0.0,0.0
2021-02-23,18.334999084472656,18.34000015258789,17.829999923706055,18.1200008392334,18.1200008392334,23088,0.0,0.0
2021-02-24,18.05500030517578,18.524999618530273,17.959999084472656,18.5049991607666,18.5049991607666,11891,0.0,0.0
2021-02-25,18.43000030517578,18.510000228881836,17.934999465942383,18.024999618530273,18.024999618530273,35511,0.0,0.0
2021-02-26,17.809999465942383,17.889999389648438,17.5,17.610000610351562,17.610000610351562,13112,0.0,0.0
2021-03-01,17.565000534057617,17.610000610351562,17.415000915527344,17.377500534057617,17.377500534057617,11595,0.0,0.0
2021-03-02,17.34000015258789,17.59000015258789,17.34000015258789,17.489999771118164,17.489999771118164,26670,0.0,0.0
2021-03-03,17.5,17.5,16.3799991607666,16.497499465942383,16.497499465942383,42008,0.0,0.0
2021-03-04,15.135000228881836,15.555000305175781,14.904999732971191,15.2475004196167,15.2475004196167,84800,0.0,0.0
2021-03-05,15.350000381469727,15.654999732971191,15.114999771118164,15.404999732971191,15.404999732971191,51013,0.0,0.0
2021-03-08,15.380000114440918,15.380000114440918,15.104999542236328,15.25,15.25,34792,0.0,0.0
2021-03-09,14.829999923706055,15.164999961853027,14.699999809265137,15.024999618530273,15.024999618530273,165365,0.0,0.0
2021-03-10,15.045000076293945,15.324999809265137,15.045000076293945,15.202500343322754,15.202500343322754,33924,0.0,0.0
2021-03-11,15.385000228881836,15.505000114440918,15.234999656677246,15.242500305175781,15.242500305175781,185851,0.0,0.0
2021-03-12,15.114999771118164,15.229999542236328,14.899999618530273,15.0600004196167,15.0600004196167,9418,0.0,0.0
2021-03-15,15.194999694824219,15.345000267028809,15.140000343322754,15.21500015258789,15.21500015258789,20703,0.0,0.0
2021-03-16,15.069999694824219,15.274999618530273,15.0,15.1875,15.1875,117025,0.0,0.0
2021-03-17,15.03499984741211,15.1899995803833,14.954999923706055,14.9975004196167,14.9975004196167,17658,0.0,0.0
2021-03-18,15.069999694824219,15.164999961853027,14.975000381469727,15.067500114440918,15.067500114440918,1243,0.0,0.0
2021-03-19,15.010000228881836,15.255000114440918,15.0,15.244999885559082,15.244999885559082,5822,0.0,0.0
2021-03-22,15.324999809265137,15.510000228881836,15.28499984741211,15.380000114440918,15.380000114440918,48936,0.0,0.0
2021-03-23,15.574999809265137,15.604999542236328,15.3100004196167,15.322500228881836,15.322500228881836,2347,0.0,0.0
2021-03-24,15.119999885559082,15.21500015258789,15.020000457763672,15.180000305175781,15.180000305175781,25519,0.0,0.0
2021-03-25,14.975000381469727,15.09000015258789,14.9350004196167,15.042499542236328,15.042499542236328,5816,0.0,0.0
2021-03-26,15.300000190734863,15.380000114440918,15.210000038146973,15.332500457763672,15.332500457763672,13305,0.0,0.0
2021-03-29,15.324999809265137,15.350000381469727,15.09000015258789,15.117500305175781,15.117500305175781,6164,0.0,0.0
2021-03-30,15.265000343322754,15.3149995803833,15.0,15.017499923706055,15.017499923706055,5942,0.0,0.0
2021-03-31,14.925000190734863,15.14490032196045,14.925000190734863,15.03499984741211,15.03499984741211,26083,0.0,0.0
2021-04-01,14.970000267028809,15.199999809265137,14.96500015258789,15.117500305175781,15.117500305175781,14271,0.0,0.0
2021-04-06,15.46500015258789,15.604999542236328,15.425000190734863,15.5600004196167,15.5600004196167,44745,0.0,0.0
2021-04-07,15.654999732971191,15.725000381469727,15.505000114440918,15.604999542236328,15.604999542236328,57049,0.0,0.0
2021-04-08,15.680000305175781,15.789999961853027,15.600000381469727,15.667499542236328,15.667499542236328,13920,0.0,0.0
2021-04-09,15.614999771118164,15.704999923706055,15.359999656677246,15.579999923706055,15.579999923706055,746,0.0,0.0
2021-04-12,15.180000305175781,15.274999618530273,15.100000381469727,15.102499961853027,15.102499961853027,12245,0.0,0.0
2021-04-13,15.100000381469727,15.265000343322754,15.045000076293945,15.137499809265137,15.137499809265137,3715,0.0,0.0
2021-04-14,15.119999885559082,15.319999694824219,15.119999885559082,15.2524995803833,15.2524995803833,18832,0.0,0.0
2021-04-15,15.010000228881836,15.319999694824219,15.010000228881836,15.3149995803833,15.3149995803833,179318,0.0,0.0
2021-04-16,15.335000038146973,15.390000343322754,15.324999809265137,15.302499771118164,15.302499771118164,2288,0.0,0.0
2021-04-19,15.135000228881836,15.170000076293945,15.100000381469727,15.100000381469727,15.100000381469727,1501,0.0,0.0
2021-04-20,15.154999732971191,15.1899995803833,14.954999923706055,14.97249984741211,14.97249984741211,15658,0.0,0.0
2021-04-21,15.114999771118164,15.21500015258789,15.03499984741211,15.137499809265137,15.137499809265137,21634,0.0,0.0
2021-04-22,15.055000305175781,15.0649995803833,14.984999656677246,15.039999961853027,15.039999961853027,7942,0.0,0.0
2021-04-23,15.03499984741211,15.25,15.03499984741211,15.292499542236328,15.292499542236328,8643,0.0,0.0
2021-04-26,15.425000190734863,15.585000038146973,15.395000457763672,15.517499923706055,15.517499923706055,6025,0.0,0.0
2021-04-27,15.805000305175781,15.899999618530273,15.725000381469727,15.819999694824219,15.819999694824219,43304,0.0,0.0
2021-04-28,15.925000190734863,16.225000381469727,15.925000190734863,16.24250030517578,16.24250030517578,21193,0.0,0.0
2021-04-29,16.385000228881836,16.43000030517578,16.059999465942383,16.197500228881836,16.197500228881836,51605,0.0,0.0
2021-04-30,16.3799991607666,16.55500030517578,16.350000381469727,16.43000030517578,16.43000030517578,12865,0.0,0.0
2021-05-04,16.795000076293945,16.84000015258789,16.097000122070312,16.6924991607666,16.6924991607666,32981,0.0,0.0
2021-05-05,16.700000762939453,16.860000610351562,16.6200008392334,16.672500610351562,16.672500610351562,21590,0.0,0.0
2021-05-06,16.584999084472656,16.770000457763672,16.549999237060547,16.795000076293945,16.795000076293945,34223,0.0,0.0
2021-05-07,16.809999465942383,16.889999389648438,16.684999465942383,16.860000610351562,16.860000610351562,69484,0.0,0.0
2021-05-10,16.84000015258789,16.934999465942383,16.475000381469727,16.537500381469727,16.537500381469727,24833,0.0,0.0
2021-05-11,16.68000030517578,16.860000610351562,16.674999237060547,16.752500534057617,16.752500534057617,33395,0.0,0.0
2021-05-12,16.850000381469727,16.850000381469727,16.530000686645508,16.627500534057617,16.627500534057617,12077,0.0,0.0
2021-05-13,16.30500030517578,16.329999923706055,16.0049991607666,16.237499237060547,16.237499237060547,20042,0.0,0.0
2021-05-14,16.18000030517578,16.415000915527344,16.18000030517578,16.395000457763672,16.395000457763672,12449,0.0,0.0
2021-05-17,16.5,16.59000015258789,16.440000534057617,16.65999984741211,16.65999984741211,4423,0.0,0.0
2021-05-18,16.895000457763672,16.9950008392334,16.746959686279297,16.854999542236328,16.854999542236328,67245,0.0,0.0
2021-05-19,16.71500015258789,16.71500015258789,16.155000686645508,16.190000534057617,16.190000534057617,84454,0.0,0.0
2021-05-20,16.174999237060547,16.18000030517578,15.975000381469727,16.03499984741211,16.03499984741211,10603,0.0,0.0
2021-05-21,15.765000343322754,15.914999961853027,15.720000267028809,15.75,15.75,70792,0.0,0.0
2021-05-24,15.670000076293945,15.930000305175781,15.664999961853027,15.949999809265137,15.949999809265137,18293,0.0,0.0
2021-05-25,15.899999618530273,16.682809829711914,15.811050415039062,15.864999771118164,15.864999771118164,7647,0.0,0.0
2021-05-26,16.045000076293945,16.1299991607666,15.96500015258789,16.127500534057617,16.127500534057617,15738,0.0,0.0
2021-05-27,16.19499969482422,16.6299991607666,16.19499969482422,16.627500534057617,16.627500534057617,3486,0.0,0.0
2021-05-28,16.809999465942383,16.81999969482422,16.625,16.825000762939453,16.825000762939453,5625,0.0,0.0
2021-06-01,17.1299991607666,17.149999618530273,16.242719650268555,16.875,16.875,7609,0.0,0.0
2021-06-02,17.010000228881836,17.1200008392334,16.90999984741211,17.087499618530273,17.087499618530273,12910,0.0,0.0
2021-06-03,16.96500015258789,17.030000686645508,16.600000381469727,16.635000228881836,16.635000228881836,54966,0.0,0.0
2021-06-04,16.739999771118164,16.860000610351562,16.719999313354492,16.850000381469727,16.850000381469727,11844,0.0,0.0
2021-06-07,16.545000076293945,16.614999771118164,16.5049991607666,16.607500076293945,16.607500076293945,26690,0.0,0.0
2021-06-08,16.614999771118164,16.956390380859375,16.610000610351562,16.697500228881836,16.697500228881836,14407,0.0,0.0
2021-06-09,16.885000228881836,16.934999465942383,16.8700008392334,16.81999969482422,16.81999969482422,12822,0.0,0.0
2021-06-10,16.729999542236328,16.829999923706055,16.625,16.912500381469727,16.912500381469727,215923,0.0,0.0
2021-06-11,17.135000228881836,17.135000228881836,17.075000762939453,17.075000762939453,17.075000762939453,29682,0.0,0.0
2021-06-14,17.06999969482422,17.19499969482422,17.040000915527344,17.21500015258789,17.21500015258789,32453,0.0,0.0
2021-06-15,16.915000915527344,16.915000915527344,16.625,16.74250030517578,16.74250030517578,15290,0.0,0.0
2021-06-16,16.290000915527344,16.489999771118164,16.290000915527344,16.454999923706055,16.454999923706055,31460,0.0,0.0
2021-06-17,16.174999237060547,16.2549991607666,16.06999969482422,16.049999237060547,16.049999237060547,7132,0.0,0.0
2021-06-18,16.145000457763672,16.149999618530273,16.0,16.010000228881836,16.010000228881836,29509,0.0,0.0
2021-06-21,16.1200008392334,16.18000030517578,16.024999618530273,16.1924991607666,16.1924991607666,17658,0.0,0.0
2021-06-22,16.565000534057617,16.6299991607666,16.146160125732422,16.607500076293945,16.607500076293945,9326,0.0,0.0
2021-06-23,16.610000610351562,16.834999084472656,16.59000015258789,16.790000915527344,16.790000915527344,22806,0.0,0.0
2021-06-24,16.864999771118164,17.25,16.84000015258789,17.139999389648438,17.139999389648438,20636,0.0,0.0
2021-06-25,17.219999313354492,17.299999237060547,17.190000534057617,17.209999084472656,17.209999084472656,5389,0.0,0.0
2021-06-28,17.239999771118164,17.239999771118164,16.989999771118164,17.02750015258789,17.02750015258789,34142,0.0,0.0
2021-06-29,16.979999542236328,17.109209060668945,16.36832046508789,17.142499923706055,17.142499923706055,10586,0.0,0.0
2021-06-30,17.290000915527344,17.290000915527344,17.0,16.975000381469727,16.975000381469727,28516,0.0,0.0
2021-07-01,16.854999542236328,17.040000915527344,16.80500030517578,16.897499084472656,16.897499084472656,17213,0.0,0.0
2021-07-02,16.774999618530273,17.149999618530273,16.614999771118164,17.072500228881836,17.072500228881836,11536,0.0,0.0
2021-07-05,17.190000534057617,17.209999084472656,17.024999618530273,17.147499084472656,17.147499084472656,17865,0.0,0.0
2021-07-06,17.280000686645508,17.280000686645508,16.973039627075195,16.825000762939453,16.825000762939453,11980,0.0,0.0
2021-07-07,17.014999389648438,17.19499969482422,16.975000381469727,17.0625,17.0625,23133,0.0,0.0
2021-07-08,16.975000381469727,17.014999389648438,16.924999237060547,17.00749969482422,17.00749969482422,12377,0.0,0.0
2021-07-09,17.315000534057617,17.450000762939453,17.295000076293945,17.440000534057617,17.440000534057617,278776,0.0,0.0
2021-07-12,17.290000915527344,17.399999618530273,17.229999542236328,17.420000076293945,17.420000076293945,36143,0.0,0.0
2021-07-13,17.5,17.510000228881836,17.137210845947266,17.415000915527344,17.415000915527344,17550,0.0,0.0
2021-07-14,17.34000015258789,17.434999465942383,17.28499984741211,17.264999389648438,17.264999389648438,1887,0.0,0.0
2021-07-15,17.424999237060547,17.5,17.375,17.497499465942383,17.497499465942383,52889,0.0,0.0
2021-07-16,17.645000457763672,17.764999389648438,17.610000610351562,17.767499923706055,17.767499923706055,207170,0.0,0.0
2021-07-19,17.69499969482422,17.774999618530273,17.260000228881836,17.247499465942383,17.247499465942383,65385,0.0,0.0
2021-07-20,17.290000915527344,17.48979949951172,17.239999771118164,17.327499389648438,17.327499389648438,73809,0.0,0.0
2021-07-21,17.200000762939453,17.225000381469727,17.200000762939453,17.227500915527344,17.227500915527344,1765,0.0,0.0
2021-07-22,17.56999969482422,17.639999389648438,17.5,17.625,17.625,9821,0.0,0.0
2021-07-23,17.889999389648438,18.010000228881836,17.80500030517578,18.012500762939453,18.012500762939453,230272,0.0,0.0
2021-07-26,18.139999389648438,18.40999984741211,18.110000610351562,18.3799991607666,18.3799991607666,34100,0.0,0.0
2021-07-27,18.06999969482422,18.1200008392334,17.226999282836914,17.9950008392334,17.9950008392334,31465,0.0,0.0
2021-07-28,18.28499984741211,18.28499984741211,17.9950008392334,18.1299991607666,18.1299991607666,16970,0.0,0.0
2021-07-29,18.405000686645508,18.520000457763672,18.350000381469727,18.497499465942383,18.497499465942383,35359,0.0,0.0
2021-07-30,18.415000915527344,18.514999389648438,18.31999969482422,18.15250015258789,18.15250015258789,12232,0.0,0.0
2021-08-02,18.299999237060547,18.299999237060547,18.299999237060547,18.142499923706055,18.142499923706055,25,0.0,0.0
2021-08-03,17.899999618530273,18.26660919189453,17.850000381469727,17.979999542236328,17.979999542236328,25058,0.0,0.0
2021-08-04,18.030000686645508,18.100000381469727,17.889999389648438,17.895000457763672,17.895000457763672,46182,0.0,0.0
2021-08-05,17.90999984741211,18.200000762939453,17.885000228881836,18.112499237060547,18.112499237060547,32579,0.0,0.0
2021-08-06,18.1200008392334,18.1200008392334,17.875,17.887500762939453,17.887500762939453,15398,0.0,0.0
2021-08-09,17.53499984741211,17.53499984741211,17.299999237060547,17.252500534057617,17.252500534057617,101419,0.0,0.0
2021-08-10,17.510000228881836,18.041860580444336,17.434999465942383,17.584999084472656,17.584999084472656,17258,0.0,0.0
2021-08-11,17.475000381469727,17.950000762939453,17.440000534057617,17.954999923706055,17.954999923706055,24205,0.0,0.0
2021-08-12,18.270000457763672,18.350000381469727,18.19499969482422,18.247499465942383,18.247499465942383,21606,0.0,0.0
2021-08-13,18.260000228881836,18.31999969482422,18.260000228881836,18.200000762939453,18.200000762939453,32869,0.0,0.0
2021-08-16,18.170000076293945,18.204999923706055,18.0,18.1200008392334,18.1200008392334,358002,0.0,0.0
2021-08-17,18.149999618530273,18.15999984741211,17.564760208129883,17.907499313354492,17.907499313354492,10118,0.0,0.0
2021-08-18,17.71500015258789,17.739999771118164,17.649999618530273,17.552499771118164,17.552499771118164,21380,0.0,0.0
2021-08-19,17.385000228881836,17.5049991607666,17.094999313354492,17.19499969482422,17.19499969482422,52150,0.0,0.0
2021-08-20,17.125,17.350000381469727,17.125,17.252500534057617,17.252500534057617,2238,0.0,0.0
2021-08-23,17.56999969482422,17.600000381469727,17.56999969482422,17.602500915527344,17.602500915527344,2281,0.0,0.0
2021-08-24,17.649999618530273,17.8799991607666,17.254980087280273,17.822500228881836,17.822500228881836,9291,0.0,0.0
2021-08-25,17.9950008392334,17.9950008392334,17.799999237060547,17.899999618530273,17.899999618530273,19128,0.0,0.0
2021-08-26,17.565000534057617,17.625,17.5,17.517499923706055,17.517499923706055,4783,0.0,0.0
2021-08-27,17.53499984741211,17.655000686645508,17.510000228881836,17.642499923706055,17.642499923706055,1981,0.0,0.0
2021-08-31,18.274999618530273,18.274999618530273,17.712940216064453,18.162500381469727,18.162500381469727,437660,0.0,0.0
2021-09-01,18.15999984741211,18.15999984741211,17.985000610351562,17.962499618530273,17.962499618530273,29979,0.0,0.0
2021-09-02,18.0,18.079999923706055,17.850000381469727,18.087499618530273,18.087499618530273,9195,0.0,0.0
2021-09-03,18.020000457763672,18.395000457763672,18.020000457763672,18.302499771118164,18.302499771118164,8406,0.0,0.0
2021-09-06,18.270000457763672,18.28499984741211,18.15999984741211,18.28499984741211,18.28499984741211,20370,0.0,0.0
2021-09-07,18.114999771118164,18.209999084472656,18.013370513916016,18.139999389648438,18.139999389648438,60439,0.0,0.0
2021-09-08,18.420000076293945,18.420000076293945,18.165000915527344,18.274999618530273,18.274999618530273,91425,0.0,0.0
2021-09-09,18.665000915527344,18.809999465942383,18.635000228881836,18.77750015258789,18.77750015258789,30838,0.0,0.0
2021-09-10,18.8799991607666,19.165000915527344,18.875,19.024999618530273,19.024999618530273,33801,0.0,0.0
2021-09-13,18.454999923706055,18.5049991607666,18.235000610351562,18.299999237060547,18.299999237060547,10048,0.0,0.0
2021-09-14,18.274999618530273,18.53812026977539,18.104999542236328,18.237499237060547,18.237499237060547,24839,0.0,0.0
2021-09-15,18.295000076293945,18.665000915527344,18.295000076293945,18.587499618530273,18.587499618530273,15689,0.0,0.0
2021-09-16,18.100000381469727,18.125,17.954999923706055,17.977500915527344,17.977500915527344,27599,0.0,0.0
2021-09-17,18.0,18.65999984741211,18.0,18.13249969482422,18.13249969482422,49872,0.0,0.0
2021-09-20,17.69499969482422,17.80500030517578,17.44499969482422,17.670000076293945,17.670000076293945,75289,0.0,0.0
2021-09-21,17.489999771118164,18.32929039001465,17.049999237060547,17.225000381469727,17.225000381469727,23101,0.0,0.0
2021-09-22,17.68000030517578,17.84000015258789,17.614999771118164,17.822500228881836,17.822500228881836,35680,0.0,0.0
2021-09-23,17.905000686645508,17.93000030517578,17.704999923706055,17.809999465942383,17.809999465942383,20215,0.0,0.0
2021-09-24,17.84000015258789,17.950000762939453,17.809999465942383,18.017499923706055,18.017499923706055,8115,0.0,0.0
2021-09-27,17.565000534057617,17.6200008392334,17.530000686645508,17.577499389648438,17.577499389648438,15241,0.0,0.0
2021-09-28,17.290000915527344,17.86083984375,17.18000030517578,17.332500457763672,17.332500457763672,13167,0.0,0.0
2021-09-29,17.235000610351562,17.25,16.80500030517578,17.00749969482422,17.00749969482422,26065,0.0,0.0
2021-09-30,17.049999237060547,17.084999084472656,16.5049991607666,16.737499237060547,16.737499237060547,41118,0.0,0.0
2021-10-01,16.530000686645508,16.7450008392334,16.459999084472656,16.649999618530273,16.649999618530273,26841,0.0,0.0
2021-10-04,16.81999969482422,16.844999313354492,16.549999237060547,16.559999465942383,16.559999465942383,18749,0.0,0.0
2021-10-05,16.565000534057617,16.894269943237305,16.53499984741211,16.702499389648438,16.702499389648438,4609,0.0,0.0
2021-10-06,16.75,16.815000534057617,16.690000534057617,16.782499313354492,16.782499313354492,17213,0.0,0.0
2021-10-07,16.809999465942383,17.0,16.809999465942383,16.997499465942383,16.997499465942383,15848,0.0,0.0
2021-10-08,17.520000457763672,17.799999237060547,17.450000762939453,17.825000762939453,17.825000762939453,32065,0.0,0.0
2021-10-11,17.934999465942383,18.045000076293945,17.90999984741211,17.979999542236328,17.979999542236328,26408,0.0,0.0
2021-10-12,17.780000686645508,17.96500015258789,16.800399780273438,17.752500534057617,17.752500534057617,8095,0.0,0.0
2021-10-13,17.850000381469727,17.8799991607666,17.565000534057617,17.547500610351562,17.547500610351562,20383,0.0,0.0
2021-10-14,17.899999618530273,17.96500015258789,17.780000686645508,17.875,17.875,13680,0.0,0.0
2021-10-15,18.2549991607666,18.485000610351562,18.2549991607666,18.440000534057617,18.440000534057617,17414,0.0,0.0
2021-10-18,18.655000686645508,18.829999923706055,18.56999969482422,18.5674991607666,18.5674991607666,22349,0.0,0.0
2021-10-19,18.75,19.059999465942383,18.20655059814453,18.702499389648438,18.702499389648438,25643,0.0,0.0
2021-10-20,18.65999984741211,19.184999465942383,18.59000015258789,19.219999313354492,19.219999313354492,19899,0.0,0.0
2021-10-21,19.34000015258789,19.350000381469727,18.6200008392334,18.647499084472656,18.647499084472656,42339,0.0,0.0
2021-10-22,18.65999984741211,18.684999465942383,18.454999923706055,18.337499618530273,18.337499618530273,30680,0.0,0.0
2021-10-25,18.579999923706055,18.975000381469727,18.56999969482422,18.90999984741211,18.90999984741211,11403,0.0,0.0
2021-10-26,18.959999084472656,19.25956916809082,18.58319091796875,18.862499237060547,18.862499237060547,28498,0.0,0.0
2021-10-27,18.860000610351562,18.860000610351562,18.03499984741211,18.05500030517578,18.05500030517578,38251,0.0,0.0
2021-10-28,18.280000686645508,18.360000610351562,18.184999465942383,18.264999389648438,18.264999389648438,5573,0.0,0.0
2021-10-29,17.885000228881836,18.020000457763672,17.885000228881836,18.045000076293945,18.045000076293945,12967,0.0,0.0
2021-11-01,18.1299991607666,18.235000610351562,18.125,18.264999389648438,18.264999389648438,3280,0.0,0.0
2021-11-02,18.079999923706055,18.351560592651367,18.06999969482422,18.232500076293945,18.232500076293945,4167,0.0,0.0
2021-11-03,18.34000015258789,18.34000015258789,17.954999923706055,17.917499542236328,17.917499542236328,12485,0.0,0.0
2021-11-04,17.975000381469727,18.020000457763672,17.690000534057617,17.75,17.75,6895,0.0,0.0
2021-11-05,17.950000762939453,18.145000457763672,17.829999923706055,18.0625,18.0625,3053,0.0,0.0
2021-11-08,18.360000610351562,18.360000610351562,17.94499969482422,18.190000534057617,18.190000534057617,11477,0.0,0.0
2021-11-09,18.204999923706055,18.260000228881836,18.014999389648438,17.979999542236328,17.979999542236328,25406,0.0,0.0
2021-11-10,18.05500030517578,18.375,18.045000076293945,18.272499084472656,18.272499084472656,10992,0.0,0.0
2021-11-11,18.350000381469727,18.424999237060547,18.30500030517578,18.38249969482422,18.38249969482422,2919,0.0,0.0
2021-11-12,18.31999969482422,18.59000015258789,18.31999969482422,18.59000015258789,18.59000015258789,10721,0.0,0.0
2021-11-15,18.3799991607666,18.3799991607666,18.3700008392334,18.2549991607666,18.2549991607666,2054,0.0,0.0
2021-11-16,18.235000610351562,18.270000457763672,18.094999313354492,18.0674991607666,18.0674991607666,4360,0.0,0.0
2021-11-17,18.049999237060547,18.049999237060547,17.975000381469727,17.962499618530273,17.962499618530273,1275,0.0,0.0
2021-11-18,17.829999923706055,18.024999618530273,17.829999923706055,18.040000915527344,18.040000915527344,2013,0.0,0.0
2021-11-19,18.434999465942383,18.600000381469727,18.40999984741211,18.592500686645508,18.592500686645508,12912,0.0,0.0
2021-11-22,18.709999084472656,18.975000381469727,18.709999084472656,18.9325008392334,18.9325008392334,2555,0.0,0.0
2021-11-23,19.079999923706055,19.239999771118164,18.298749923706055,18.94499969482422,18.94499969482422,13240,0.0,0.0
2021-11-24,19.2450008392334,19.764999389648438,19.2450008392334,19.662500381469727,19.662500381469727,154164,0.0,0.0
2021-11-25,19.645000457763672,19.69499969482422,19.19499969482422,19.237499237060547,19.237499237060547,29760,0.0,0.0
2021-11-26,18.690000534057617,18.834999084472656,18.5049991607666,18.522499084472656,18.522499084472656,47661,0.0,0.0
2021-11-29,18.739999771118164,18.8799991607666,18.674999237060547,18.752500534057617,18.752500534057617,8127,0.0,0.0
2021-11-30,18.739999771118164,19.671070098876953,18.684999465942383,18.642499923706055,18.642499923706055,100800,0.0,0.0
2021-12-01,18.78499984741211,18.850000381469727,18.545000076293945,18.545000076293945,18.545000076293945,41457,0.0,0.0
2021-12-02,18.575000762939453,18.575000762939453,18.540000915527344,18.604999542236328,18.604999542236328,17058,0.0,0.0
2021-12-03,18.735000610351562,18.735000610351562,18.6200008392334,18.662500381469727,18.662500381469727,9280,0.0,0.0
2021-12-06,18.28499984741211,18.479999542236328,18.28499984741211,18.440000534057617,18.440000534057617,8129,0.0,0.0
2021-12-07,18.639999389648438,18.760000228881836,18.584999084472656,18.7450008392334,18.7450008392334,6845,0.0,0.0
2021-12-08,18.799999237060547,18.920000076293945,18.799999237060547,18.8799991607666,18.8799991607666,4879,0.0,0.0
2021-12-09,18.514999389648438,18.549999237060547,18.469999313354492,18.489999771118164,18.489999771118164,6309,0.0,0.0
2021-12-10,18.475000381469727,18.565000534057617,18.420000076293945,18.43000030517578,18.43000030517578,12951,0.0,0.0
2021-12-13,18.399999618530273,18.475000381469727,18.274999618530273,18.302499771118164,18.302499771118164,17110,0.0,0.0
2021-12-14,18.299999237060547,18.48111915588379,18.2450008392334,18.237499237060547,18.237499237060547,5600,0.0,0.0
2021-12-15,18.049999237060547,18.049999237060547,17.81999969482422,17.81999969482422,17.81999969482422,17800,0.0,0.0
2021-12-16,18.0049991607666,18.165000915527344,18.0049991607666,18.280000686645508,18.280000686645508,797,0.0,0.0
2021-12-17,18.34000015258789,18.479999542236328,18.2450008392334,18.287500381469727,18.287500381469727,65987,0.0,0.0
2021-12-20,17.934999465942383,18.05500030517578,17.885000228881836,18.032499313354492,18.032499313354492,9323,0.0,0.0
2021-12-21,18.2450008392334,18.326200485229492,18.209999084472656,18.280000686645508,18.280000686645508,3419,0.0,0.0
2021-12-22,18.510000228881836,18.540000915527344,18.510000228881836,18.5575008392334,18.5575008392334,2305,0.0,0.0
2021-12-23,18.600000381469727,18.760000228881836,18.600000381469727,18.719999313354492,18.719999313354492,9448,0.0,0.0
2021-12-24,18.735000610351562,18.735000610351562,18.719999313354492,18.6875,18.6875,382,0.0,0.0
2021-12-29,18.829999923706055,18.860000610351562,18.725000381469727,18.912500381469727,18.912500381469727,4720,0.0,0.0
2021-12-30,19.020000457763672,19.135000228881836,18.989999771118164,19.1875,19.1875,1879,0.0,0.0
2021-12-31,19.229999542236328,19.354999542236328,19.229999542236328,19.377500534057617,19.377500534057617,659,0.0,0.0
2022-01-04,19.290000915527344,19.684999465942383,18.78438949584961,19.649999618530273,19.649999618530273,11849,0.0,0.0
2022-01-05,19.184999465942383,19.360000610351562,19.184999465942383,19.15250015258789,19.15250015258789,8320,0.0,0.0
2022-01-06,19.045000076293945,19.045000076293945,18.844999313354492,18.922500610351562,18.922500610351562,12182,0.0,0.0
2022-01-07,19.229999542236328,19.295000076293945,19.21500015258789,19.287500381469727,19.287500381469727,437,0.0,0.0
2022-01-10,19.5049991607666,19.55500030517578,19.280000686645508,19.392499923706055,19.392499923706055,5800,0.0,0.0
2022-01-11,19.959999084472656,20.149999618530273,19.09515953063965,20.157499313354492,20.157499313354492,24417,0.0,0.0
2022-01-12,20.5049991607666,21.200000762939453,20.415000915527344,20.712499618530273,20.712499618530273,129152,0.0,0.0
2022-01-13,20.440000534057617,20.645000457763672,20.3799991607666,20.645000457763672,20.645000457763672,36302,0.0,0.0
2022-01-14,21.0,21.170000076293945,20.489999771118164,20.642499923706055,20.642499923706055,19166,0.0,0.0
2022-01-17,20.575000762939453,20.645000457763672,20.299999237060547,20.627500534057617,20.627500534057617,5991,0.0,0.0
2022-01-18,20.7549991607666,20.7549991607666,20.460729598999023,20.579999923706055,20.579999923706055,13153,0.0,0.0
2022-01-19,20.700000762939453,21.549999237060547,20.700000762939453,21.52750015258789,21.52750015258789,2767,0.0,0.0
2022-01-20,22.014999389648438,22.299999237060547,21.799999237060547,22.219999313354492,22.219999313354492,53218,0.0,0.0
2022-01-21,22.18000030517578,22.655000686645508,22.06999969482422,22.65250015258789,22.65250015258789,81726,0.0,0.0
2022-01-24,21.844999313354492,21.844999313354492,20.780000686645508,20.837499618530273,20.837499618530273,37659,0.0,0.0
2022-01-25,20.71500015258789,21.59697914123535,20.623910903930664,20.815000534057617,20.815000534057617,18537,0.0,0.0
2022-01-26,20.520000457763672,21.229999542236328,20.520000457763672,21.174999237060547,21.174999237060547,37868,0.0,0.0
2022-01-27,21.25,21.25,21.049999237060547,20.96500015258789,20.96500015258789,16444,0.0,0.0
2022-01-28,20.969999313354492,20.979999542236328,20.799999237060547,20.905000686645508,20.905000686645508,493,0.0,0.0
2022-01-31,20.985000610351562,20.989999771118164,20.895000457763672,20.889999389648438,20.889999389648438,27564,0.0,0.0
2022-02-01,21.229999542236328,21.475000381469727,20.935489654541016,21.34000015258789,21.34000015258789,67214,0.0,0.0
2022-02-02,21.479999542236328,21.479999542236328,21.299999237060547,21.417499542236328,21.417499542236328,50899,0.0,0.0
2022-02-03,21.34000015258789,21.485000610351562,21.34000015258789,21.462499618530273,21.462499618530273,6271,0.0,0.0
2022-02-04,21.3700008392334,21.55500030517578,21.3700008392334,21.514999389648438,21.514999389648438,19760,0.0,0.0
2022-02-07,21.735000610351562,22.15999984741211,21.700000762939453,22.15999984741211,22.15999984741211,20116,0.0,0.0
2022-02-08,21.809999465942383,21.860000610351562,21.295759201049805,21.272499084472656,21.272499084472656,5129,0.0,0.0
2022-02-09,21.364999771118164,21.829999923706055,21.315000534057617,21.75,21.75,20770,0.0,0.0
2022-02-10,21.96500015258789,22.21500015258789,21.96500015258789,22.079999923706055,22.079999923706055,10732,0.0,0.0
2022-02-11,21.68000030517578,22.06999969482422,21.68000030517578,21.4375,21.4375,13442,0.0,0.0
2022-02-14,22.030000686645508,22.084999084472656,21.55500030517578,21.71500015258789,21.71500015258789,6997,0.0,0.0
2022-02-15,21.625,21.954999923706055,21.625,21.875,21.875,4253,0.0,0.0
2022-02-16,22.075000762939453,22.100000381469727,21.905000686645508,21.957500457763672,21.957500457763672,46658,0.0,0.0
2022-02-17,22.03499984741211,22.565000534057617,21.975000381469727,22.415000915527344,22.415000915527344,42018,0.0,0.0
2022-02-18,22.635000228881836,22.764999389648438,22.549999237060547,22.717500686645508,22.717500686645508,6275,0.0,0.0
2022-02-21,23.065000534057617,23.145000457763672,22.875,22.987499237060547,22.987499237060547,3024,0.0,0.0
2022-02-22,23.219999313354492,23.665000915527344,22.446739196777344,23.170000076293945,23.170000076293945,25142,0.0,0.0
2022-02-23,23.110000610351562,23.135000228881836,22.94499969482422,22.950000762939453,22.950000762939453,10262,0.0,0.0
2022-02-24,23.799999237060547,24.19499969482422,23.354999542236328,23.2549991607666,23.2549991607666,24064,0.0,0.0
2022-02-25,22.9950008392334,23.0,22.575000762939453,22.895000457763672,22.895000457763672,26086,0.0,0.0
2022-02-28,23.25,23.270000457763672,22.96500015258789,23.024999618530273,23.024999618530273,11410,0.0,0.0
2022-03-01,23.170000076293945,23.834999084472656,23.139999389648438,23.690000534057617,23.690000534057617,7723,0.0,0.0
2022-03-02,24.584999084472656,25.0,24.014999389648438,24.43000030517578,24.43000030517578,40007,0.0,0.0
2022-03-03,25.809999465942383,26.40999984741211,25.190000534057617,25.200000762939453,25.200000762939453,16456,0.0,0.0
2022-03-04,26.399999618530273,28.25,25.979999542236328,27.770000457763672,27.770000457763672,19995,0.0,0.0
2022-03-07,34.5099983215332,44.709999084472656,34.27000045776367,44.689998626708984,44.689998626708984,285215,0.0,0.0
2022-03-08,62.0,62.0,25.75687026977539,35.290000915527344,35.290000915527344,151884,0.0,0.0
2022-03-09,34.099998474121094,40.0,28.0,30.0,30.0,59653,0.0,0.0
2022-03-10,30.0,30.25,26.639999389648438,28.28499984741211,28.28499984741211,45188,0.0,0.0
2022-03-11,27.0,28.899999618530273,26.549999237060547,28.184999465942383,28.184999465942383,17823,0.0,0.0
2022-03-14,26.399999618530273,28.440000534057617,26.0,26.649999618530273,26.649999618530273,9427,0.0,0.0
2022-03-15,26.010000228881836,43.771419525146484,24.700000762939453,25.0,25.0,35885,0.0,0.0
2022-03-16,25.5,26.8700008392334,24.510000228881836,26.0,26.0,27838,0.0,0.0
2022-03-17,26.200000762939453,28.0,25.309999465942383,26.674999237060547,26.674999237060547,18406,0.0,0.0
2022-03-18,28.899999618530273,28.899999618530273,25.610000610351562,27.040000915527344,27.040000915527344,41506,0.0,0.0
2022-03-21,25.600000381469727,28.56999969482422,25.600000381469727,27.200000762939453,27.200000762939453,15956,0.0,0.0
2022-03-22,27.200000762939453,29.205650329589844,26.345149993896484,26.93000030517578,26.93000030517578,39502,0.0,0.0
2022-03-23,27.360000610351562,32.79999923706055,27.0,30.6200008392334,30.6200008392334,62415,0.0,0.0
2022-03-24,32.13999938964844,36.0,32.13999938964844,34.5099983215332,34.5099983215332,32887,0.0,0.0
2022-03-25,34.02000045776367,38.400001525878906,32.400001525878906,33.1349983215332,33.1349983215332,66473,0.0,0.0
2022-03-28,31.469999313354492,32.09000015258789,30.950000762939453,31.1200008392334,31.1200008392334,19793,0.0,0.0
2022-03-29,30.229999542236328,33.38914108276367,29.24873924255371,29.780000686645508,29.780000686645508,16280,0.0,0.0
2022-03-30,30.579999923706055,31.0,30.18000030517578,30.510000228881836,30.510000228881836,3466,0.0,0.0
2022-03-31,30.950000762939453,31.09000015258789,30.260000228881836,30.31999969482422,30.31999969482422,1024,0.0,0.0
2022-04-01,30.25,31.030000686645508,29.979999542236328,31.450000762939453,31.450000762939453,5179,0.0,0.0
2022-04-04,31.899999618530273,31.899999618530273,30.760000228881836,31.209999084472656,31.209999084472656,6386,0.0,0.0
2022-04-05,31.690000534057617,31.690000534057617,30.607440948486328,31.135000228881836,31.135000228881836,3296,0.0,0.0
2022-04-06,30.950000762939453,32.040000915527344,30.899999618530273,31.540000915527344,31.540000915527344,167644,0.0,0.0
2022-04-07,31.510000228881836,31.690000534057617,30.809999465942383,31.514999389648438,31.514999389648438,16147,0.0,0.0
2022-04-08,31.780000686645508,31.860000610351562,31.700000762939453,31.5049991607666,31.5049991607666,879,0.0,0.0
2022-04-11,31.68000030517578,31.8799991607666,30.479999542236328,30.78499984741211,30.78499984741211,13397,0.0,0.0
2022-04-12,30.790000915527344,31.533729553222656,30.40999984741211,30.540000915527344,30.540000915527344,2703,0.0,0.0
2022-04-13,30.459999084472656,30.920000076293945,30.450000762939453,30.834999084472656,30.834999084472656,5755,0.0,0.0
2022-04-14,30.979999542236328,31.25,30.84000015258789,31.09000015258789,31.09000015258789,4875,0.0,0.0
2022-04-19,31.5,32.0,30.59069061279297,31.934999465942383,31.934999465942383,13169,0.0,0.0
2022-04-20,31.6200008392334,31.6200008392334,31.1299991607666,31.280000686645508,31.280000686645508,3062,0.0,0.0
2022-04-21,31.34000015258789,31.700000762939453,30.770000457763672,31.71500015258789,31.71500015258789,12124,0.0,0.0
2022-04-22,31.799999237060547,31.81999969482422,31.399999618530273,31.399999618530273,31.399999618530273,2815,0.0,0.0
2022-04-25,30.6200008392334,30.850000381469727,30.459999084472656,30.530000686645508,30.530000686645508,9556,0.0,0.0
2022-04-26,30.729999542236328,31.792720794677734,30.729999542236328,30.815000534057617,30.815000534057617,2771,0.0,0.0
2022-04-27,31.059999465942383,31.5,30.969999313354492,31.1299991607666,31.1299991607666,3928,0.0,0.0
2022-04-28,31.110000610351562,31.110000610351562,30.90999984741211,31.030000686645508,31.030000686645508,397,0.0,0.0
2022-04-29,30.950000762939453,30.950000762939453,30.219999313354492,30.30500030517578,30.30500030517578,14440,0.0,0.0
2022-05-03,29.690000534057617,31.00385093688965,28.59000015258789,28.614999771118164,28.614999771118164,5587,0.0,0.0
2022-05-04,28.989999771118164,29.040000915527344,28.290000915527344,28.420000076293945,28.420000076293945,13427,0.0,0.0
2022-05-05,28.770000457763672,28.770000457763672,28.239999771118164,28.19499969482422,28.19499969482422,15274,0.0,0.0
2022-05-06,28.09000015258789,28.149999618530273,28.0,27.9950008392334,27.9950008392334,16092,0.0,0.0
2022-05-09,27.950000762939453,27.950000762939453,26.18000030517578,26.25,26.25,6729,0.0,0.0
2022-05-10,25.0,28.489620208740234,25.0,26.149999618530273,26.149999618530273,11860,0.0,0.0
2022-05-11,26.65999984741211,26.65999984741211,25.75,26.15999984741211,26.15999984741211,4957,0.0,0.0
2022-05-12,26.229999542236328,26.31999969482422,25.5,25.764999389648438,25.764999389648438,7752,0.0,0.0
2022-05-13,26.010000228881836,26.020000457763672,25.40999984741211,25.459999084472656,25.459999084472656,2887,0.0,0.0
2022-05-16,25.0,25.0,24.510000228881836,24.68000030517578,24.68000030517578,7828,0.0,0.0
2022-05-17,24.700000762939453,26.23373031616211,24.65999984741211,24.709999084472656,24.709999084472656,5243,0.0,0.0
2022-05-18,24.700000762939453,24.700000762939453,24.5,24.5674991607666,24.5674991607666,16929,0.0,0.0
2022-05-19,24.559999465942383,25.270000457763672,24.395000457763672,25.360000610351562,25.360000610351562,6902,0.0,0.0
2022-05-20,26.15999984741211,26.399999618530273,25.860000610351562,26.190000534057617,26.190000534057617,41111,0.0,0.0
2022-05-23,25.850000381469727,26.0,24.809999465942383,25.90999984741211,25.90999984741211,3658,0.0,0.0
2022-05-24,24.719999313354492,25.18572998046875,24.600000381469727,24.924999237060547,24.924999237060547,2478,0.0,0.0
2022-05-25,24.579999923706055,24.84000015258789,24.579999923706055,24.885000228881836,24.885000228881836,3300,0.0,0.0
2022-05-26,24.885000228881836,25.8799991607666,24.885000228881836,25.725000381469727,25.725000381469727,1822,0.0,0.0
2022-05-27,25.690000534057617,26.729999542236328,25.690000534057617,26.549999237060547,26.549999237060547,14662,0.0,0.0
2022-05-30,27.389999389648438,28.579999923706055,27.389999389648438,27.459999084472656,27.459999084472656,5801,0.0,0.0
2022-05-31,27.739999771118164,27.739999771118164,25.50143051147461,26.700000762939453,26.700000762939453,17950,0.0,0.0
2022-06-01,26.399999618530273,26.860000610351562,25.809999465942383,26.46500015258789,26.46500015258789,9727,0.0,0.0
2022-06-06,26.75,27.809999465942383,26.75,27.565000534057617,27.565000534057617,3109,0.0,0.0
2022-06-07,27.3799991607666,27.440000534057617,26.899999618530273,27.469999313354492,27.469999313354492,5235,0.0,0.0
2022-06-08,27.280000686645508,27.450000762939453,27.139999389648438,27.260000228881836,27.260000228881836,7776,0.0,0.0
2022-06-09,26.280000686645508,26.8799991607666,26.280000686645508,26.204999923706055,26.204999923706055,14356,0.0,0.0
2022-06-10,25.81999969482422,25.81999969482422,25.420000076293945,25.344999313354492,25.344999313354492,410,0.0,0.0
2022-06-13,24.69499969482422,24.84000015258789,24.18000030517578,24.239999771118164,24.239999771118164,6321,0.0,0.0
2022-06-14,24.0,27.120500564575195,23.530000686645508,23.604999542236328,23.604999542236328,5574,0.0,0.0
2022-06-15,23.96500015258789,24.649999618530273,23.760000228881836,24.2450008392334,24.2450008392334,2276,0.0,0.0
2022-06-16,23.969999313354492,24.235000610351562,23.600000381469727,23.594999313354492,23.594999313354492,4736,0.0,0.0
2022-06-17,23.844999313354492,23.975000381469727,23.780000686645508,23.704999923706055,23.704999923706055,203,0.0,0.0
2022-06-20,24.059999465942383,24.200000762939453,23.850000381469727,24.0625,24.0625,6087,0.0,0.0
2022-06-21,24.059999465942383,24.104339599609375,23.90049934387207,24.13249969482422,24.13249969482422,1776,0.0,0.0
2022-06-22,23.329999923706055,23.350000381469727,23.0,23.022499084472656,23.022499084472656,3134,0.0,0.0
2022-06-23,22.6299991607666,22.709999084472656,22.395000457763672,22.399999618530273,22.399999618530273,7031,0.0,0.0
2022-06-24,21.5,21.5,20.325000762939453,20.86750030517578,20.86750030517578,14835,0.0,0.0
2022-06-27,21.614999771118164,21.90999984741211,21.34000015258789,21.420000076293945,21.420000076293945,13880,0.0,0.0
2022-06-28,21.895000457763672,22.49747085571289,21.185930252075195,21.497499465942383,21.497499465942383,8540,0.0,0.0
2022-06-29,21.44499969482422,22.889999389648438,21.299999237060547,22.157499313354492,22.157499313354492,13763,0.0,0.0
2022-06-30,21.934999465942383,21.934999465942383,21.454999923706055,21.332500457763672,21.332500457763672,735,0.0,0.0
2022-07-01,20.920000076293945,21.155000686645508,19.920000076293945,20.545000076293945,20.545000076293945,4948,0.0,0.0
2022-07-04,21.364999771118164,21.364999771118164,20.899999618530273,21.15250015258789,21.15250015258789,1425,0.0,0.0
2022-07-05,20.885000228881836,21.927719116210938,20.59000015258789,21.452499389648438,21.452499389648438,2402,0.0,0.0
2022-07-06,20.825000762939453,20.950000762939453,20.799999237060547,20.690000534057617,20.690000534057617,1077,0.0,0.0
2022-07-07,20.059999465942383,21.264999389648438,19.969999313354492,20.204999923706055,20.204999923706055,63368,0.0,0.0
2022-07-08,19.69499969482422,20.40999984741211,19.530000686645508,20.295000076293945,20.295000076293945,2189,0.0,0.0
2022-07-11,20.204999923706055,20.25,20.010000228881836,20.252500534057617,20.252500534057617,1358,0.0,0.0
2022-07-12,20.225000381469727,20.915849685668945,20.06999969482422,20.024999618530273,20.024999618530273,3669,0.0,0.0
2022-07-13,20.209999084472656,20.209999084472656,19.6200008392334,19.799999237060547,19.799999237060547,1069,0.0,0.0
2022-07-14,18.920000076293945,19.125,18.3799991607666,18.202499389648438,18.202499389648438,4404,0.0,0.0
2022-07-15,17.239999771118164,18.350000381469727,17.235000610351562,18.375,18.375,23019,0.0,0.0
2022-07-18,18.479999542236328,19.235000610351562,18.475000381469727,19.2450008392334,19.2450008392334,2364,0.0,0.0
2022-07-19,19.559999465942383,20.055330276489258,18.228490829467773,19.6299991607666,19.6299991607666,3100,0.0,0.0
2022-07-20,19.969999313354492,20.264999389648438,19.969999313354492,20.042499542236328,20.042499542236328,2207,0.0,0.0
2022-07-21,19.3799991607666,19.885000228881836,19.18000030517578,19.885000228881836,19.885000228881836,4235,0.0,0.0
2022-07-22,20.489999771118164,20.895000457763672,20.450000762939453,20.844999313354492,20.844999313354492,2001,0.0,0.0
2022-07-25,20.389999389648438,20.989999771118164,19.75,20.670000076293945,20.670000076293945,10915,0.0,0.0
2022-07-26,21.155000686645508,21.225000381469727,19.640459060668945,20.782499313354492,20.782499313354492,1750,0.0,0.0
2022-07-27,20.360000610351562,20.55500030517578,20.360000610351562,20.540000915527344,20.540000915527344,1560,0.0,0.0
2022-07-28,20.55500030517578,20.594999313354492,20.170000076293945,20.5,20.5,89346,0.0,0.0
2022-07-29,20.5,21.69499969482422,20.5,21.832500457763672,21.832500457763672,4980,0.0,0.0
2022-08-01,22.479999542236328,23.440000534057617,22.145000457763672,22.13249969482422,22.13249969482422,15465,0.0,0.0
2022-08-02,22.100000381469727,22.100000381469727,20.494539260864258,21.06999969482422,21.06999969482422,9664,0.0,0.0
2022-08-03,20.950000762939453,20.950000762939453,20.905000686645508,20.84749984741211,20.84749984741211,825,0.0,0.0
2022-08-04,21.170000076293945,21.170000076293945,21.170000076293945,20.842500686645508,20.842500686645508,200,0.0,0.0
2022-08-05,21.405000686645508,21.405000686645508,20.725000381469727,21.010000228881836,21.010000228881836,1270,0.0,0.0
2022-08-08,20.780000686645508,20.780000686645508,20.235000610351562,20.417499542236328,20.417499542236328,624,0.0,0.0
2022-08-09,20.170000076293945,22.6936092376709,20.045000076293945,20.28499984741211,20.28499984741211,2011,0.0,0.0
2022-08-10,20.059999465942383,21.05500030517578,20.059999465942383,21.00749969482422,21.00749969482422,2251,0.0,0.0
2022-08-11,21.635000228881836,22.170000076293945,21.635000228881836,22.212499618530273,22.212499618530273,1077,0.0,0.0
2022-08-12,22.200000762939453,22.43000030517578,21.6200008392334,21.522499084472656,21.522499084472656,2570,0.0,0.0
2022-08-15,21.045000076293945,21.184999465942383,20.3700008392334,20.524999618530273,20.524999618530273,5189,0.0,0.0
2022-08-16,20.575000762939453,21.059999465942383,20.516979217529297,20.96500015258789,20.96500015258789,1200,0.0,0.0
2022-08-17,20.829999923706055,20.950000762939453,20.639999389648438,20.467500686645508,20.467500686645508,2355,0.0,0.0
2022-08-18,20.295000076293945,20.30500030517578,20.295000076293945,20.344999313354492,20.344999313354492,1175,0.0,0.0
2022-08-19,20.399999618530273,20.90999984741211,20.2549991607666,20.774999618530273,20.774999618530273,1857,0.0,0.0
2022-08-22,20.665000915527344,20.8799991607666,20.559999465942383,20.604999542236328,20.604999542236328,2389,0.0,0.0
2022-08-23,20.530000686645508,20.893800735473633,20.46316909790039,20.387500762939453,20.387500762939453,6020,0.0,0.0
2022-08-24,20.21500015258789,20.21500015258789,20.065000534057617,20.047500610351562,20.047500610351562,8753,0.0,0.0
2022-08-25,20.184999465942383,20.239999771118164,20.0,20.295000076293945,20.295000076293945,1466,0.0,0.0
2022-08-26,20.459999084472656,20.649999618530273,20.09000015258789,19.99250030517578,19.99250030517578,9483,0.0,0.0
2022-08-30,19.889999389648438,20.191030502319336,19.65999984741211,20.102500915527344,20.102500915527344,7392,0.0,0.0
2022-08-31,20.235000610351562,20.235000610351562,20.235000610351562,20.207500457763672,20.207500457763672,250,0.0,0.0
2022-09-01,19.735000610351562,19.735000610351562,19.200000762939453,19.052499771118164,19.052499771118164,2896,0.0,0.0
2022-09-02,18.989999771118164,18.989999771118164,18.93000030517578,19.3125,19.3125,2741,0.0,0.0
2022-09-05,19.700000762939453,20.145000457763672,19.700000762939453,20.125,20.125,203,0.0,0.0
2022-09-06,20.190000534057617,20.190000534057617,19.564149856567383,19.872499465942383,19.872499465942383,4703,0.0,0.0
2022-09-07,19.915000915527344,20.200000762939453,19.875,20.197500228881836,20.197500228881836,4387,0.0,0.0
2022-09-08,20.209999084472656,20.364999771118164,19.924999237060547,20.25,20.25,3550,0.0,0.0
2022-09-09,21.110000610351562,21.28499984741211,20.989999771118164,21.145000457763672,21.145000457763672,5704,0.0,0.0
2022-09-12,21.510000228881836,22.799999237060547,21.510000228881836,22.852500915527344,22.852500915527344,55043,0.0,0.0
2022-09-13,22.829999923706055,23.610000610351562,20.0662899017334,22.530000686645508,22.530000686645508,11127,0.0,0.0
2022-09-14,22.405000686645508,22.549999237060547,22.174999237060547,22.545000076293945,22.545000076293945,10901,0.0,0.0
2022-09-15,22.790000915527344,22.790000915527344,21.690000534057617,21.787500381469727,21.787500381469727,994,0.0,0.0
2022-09-16,21.59000015258789,22.790000915527344,21.59000015258789,22.792499542236328,22.792499542236328,10932,0.0,0.0
2022-09-20,22.969999313354492,23.375,21.73941993713379,23.25749969482422,23.25749969482422,6354,0.0,0.0
2022-09-21,23.6299991607666,24.010000228881836,22.989999771118164,23.272499084472656,23.272499084472656,22511,0.0,0.0
2022-09-22,23.229999542236328,23.334999084472656,22.78499984741211,22.7549991607666,22.7549991607666,7733,0.0,0.0
2022-09-23,22.375,22.375,21.635000228881836,21.989999771118164,21.989999771118164,4516,0.0,0.0
2022-09-26,21.729999542236328,21.729999542236328,20.704999923706055,20.889999389648438,20.889999389648438,23299,0.0,0.0
2022-09-27,20.709999084472656,23.33111000061035,20.5049991607666,20.584999084472656,20.584999084472656,2843,0.0,0.0
2022-09-28,20.0,20.489999771118164,19.84000015258789,20.190000534057617,20.190000534057617,17279,0.0,0.0
2022-09-29,20.510000228881836,21.450000762939453,20.415000915527344,20.982500076293945,20.982500076293945,38831,0.0,0.0
2022-09-30,21.21500015258789,21.264999389648438,20.530000686645508,20.4950008392334,20.4950008392334,19284,0.0,0.0
2022-10-03,19.875,20.21500015258789,19.799999237060547,19.915000915527344,19.915000915527344,20980,0.0,0.0
2022-10-04,20.235000610351562,21.01534080505371,19.969999313354492,20.43000030517578,20.43000030517578,8517,0.0,0.0
2022-10-05,20.575000762939453,21.0,20.399999618530273,20.887500762939453,20.887500762939453,27623,0.0,0.0
2022-10-06,21.260000228881836,21.325000762939453,20.809999465942383,21.0575008392334,21.0575008392334,6029,0.0,0.0
2022-10-07,21.065000534057617,21.15999984741211,20.989999771118164,21.207500457763672,21.207500457763672,12411,0.0,0.0
2022-10-10,20.684999465942383,21.104999542236328,20.684999465942383,20.885000228881836,20.885000228881836,11854,0.0,0.0
2022-10-11,20.424999237060547,20.485000610351562,20.204750061035156,20.475000381469727,20.475000381469727,1188,0.0,0.0
2022-10-12,20.395000457763672,20.530000686645508,20.174999237060547,20.670000076293945,20.670000076293945,23021,0.0,0.0
2022-10-13,20.565000534057617,20.690000534057617,20.3799991607666,20.639999389648438,20.639999389648438,3228,0.0,0.0
2022-10-14,21.149999618530273,21.170000076293945,20.354999542236328,20.4375,20.4375,24231,0.0,0.0
2022-10-17,20.405000686645508,20.405000686645508,20.084999084472656,20.0575008392334,20.0575008392334,47928,0.0,0.0
2022-10-18,20.18000030517578,20.833799362182617,20.0,20.177499771118164,20.177499771118164,11625,0.0,0.0
2022-10-19,20.43000030517578,20.43000030517578,20.299999237060547,20.552499771118164,20.552499771118164,1079,0.0,0.0
2022-10-20,20.815000534057617,20.815000534057617,20.815000534057617,20.647499084472656,20.647499084472656,337,0.0,0.0
2022-10-21,20.389999389648438,20.389999389648438,20.389999389648438,20.352500915527344,20.352500915527344,20,0.0,0.0
2022-10-24,20.684999465942383,20.780000686645508,20.684999465942383,20.735000610351562,20.735000610351562,1310,0.0,0.0
2022-10-25,20.46500015258789,20.885000228881836,20.267370223999023,20.854999542236328,20.854999542236328,217,0.0,0.0
2022-10-26,20.860000610351562,21.0,20.860000610351562,21.059999465942383,21.059999465942383,2322,0.0,0.0
2022-10-27,20.790000915527344,21.05500030517578,20.790000915527344,21.037500381469727,21.037500381469727,1531,0.0,0.0
2022-10-28,20.25,21.075000762939453,20.25,20.565000534057617,20.565000534057617,8753,0.0,0.0
2022-10-31,20.420000076293945,20.420000076293945,20.2549991607666,20.315000534057617,20.315000534057617,2656,0.0,0.0
2022-11-01,21.145000457763672,21.489999771118164,20.67889976501465,21.729999542236328,21.729999542236328,1812,0.0,0.0
2022-11-02,22.059999465942383,22.385000228881836,22.059999465942383,22.239999771118164,22.239999771118164,4836,0.0,0.0
2022-11-03,21.854999542236328,21.920000076293945,21.735000610351562,21.6299991607666,21.6299991607666,3860,0.0,0.0
2022-11-04,21.530000686645508,22.575000762939453,21.479999542236328,22.477500915527344,22.477500915527344,9959,0.0,0.0
2022-11-07,21.7549991607666,21.764999389648438,21.5,21.764999389648438,21.764999389648438,2911,0.0,0.0
2022-11-08,22.15999984741211,22.280000686645508,21.465829849243164,22.267499923706055,22.267499923706055,2778,0.0,0.0
2022-11-09,22.274999618530273,23.020000457763672,22.274999618530273,22.920000076293945,22.920000076293945,30839,0.0,0.0
2022-11-10,23.229999542236328,23.5,22.975000381469727,23.542499542236328,23.542499542236328,7402,0.0,0.0
2022-11-11,24.790000915527344,24.985000610351562,24.479999542236328,24.825000762939453,24.825000762939453,22868,0.0,0.0
2022-11-14,24.59000015258789,28.8700008392334,24.59000015258789,26.329999923706055,26.329999923706055,32648,0.0,0.0
2022-11-15,27.469999313354492,29.0,23.270540237426758,28.924999237060547,28.924999237060547,28957,0.0,0.0
2022-11-16,26.950000762939453,27.059999465942383,25.0,25.479999542236328,25.479999542236328,24872,0.0,0.0
2022-11-17,25.420000076293945,25.420000076293945,23.5,23.520000457763672,23.520000457763672,19546,0.0,0.0
2022-11-18,23.5,24.040000915527344,22.489999771118164,23.575000762939453,23.575000762939453,5815,0.0,0.0
2022-11-21,23.645000457763672,23.645000457763672,22.895000457763672,23.292499542236328,23.292499542236328,2664,0.0,0.0
2022-11-22,23.725000381469727,28.164169311523438,23.5049991607666,24.290000915527344,24.290000915527344,9769,0.0,0.0
2022-11-23,24.2450008392334,24.46500015258789,23.989999771118164,24.332500457763672,24.332500457763672,21035,0.0,0.0
2022-11-24,24.2450008392334,24.2450008392334,24.2450008392334,24.325000762939453,24.325000762939453,400,0.0,0.0
2022-11-25,24.31999969482422,24.31999969482422,23.725000381469727,23.864999771118164,23.864999771118164,18607,0.0,0.0
2022-11-28,23.364999771118164,23.885000228881836,23.364999771118164,23.719999313354492,23.719999313354492,9306,0.0,0.0
2022-11-29,24.31999969482422,25.389999389648438,23.93000030517578,25.174999237060547,25.174999237060547,10250,0.0,0.0
2022-11-30,25.030000686645508,25.149999618530273,24.264999389648438,25.145000457763672,25.145000457763672,15848,0.0,0.0
2022-12-01,25.459999084472656,25.469999313354492,25.049999237060547,25.545000076293945,25.545000076293945,3497,0.0,0.0
2022-12-02,25.68000030517578,26.0,25.469999313354492,26.28499984741211,26.28499984741211,4578,0.0,0.0
2022-12-05,27.0,27.0,26.270000457763672,26.774999618530273,26.774999618530273,8269,0.0,0.0
2022-12-06,26.75,27.219999313354492,24.95013999938965,27.174999237060547,27.174999237060547,9082,0.0,0.0
2022-12-07,26.979999542236328,27.389999389648438,26.940000534057617,27.295000076293945,27.295000076293945,4275,0.0,0.0
2022-12-08,28.610000610351562,31.350000381469727,27.799999237060547,27.75,27.75,10719,0.0,0.0
2022-12-09,28.549999237060547,28.549999237060547,27.540000915527344,28.18000030517578,28.18000030517578,23414,0.0,0.0
2022-12-12,27.020000457763672,27.25,27.0,27.079999923706055,27.079999923706055,1078,0.0,0.0
2022-12-13,26.809999465942383,28.755680084228516,26.729999542236328,26.594999313354492,26.594999313354492,422,0.0,0.0
2022-12-14,26.15999984741211,26.479999542236328,26.15999984741211,26.4950008392334,26.4950008392334,257,0.0,0.0
2022-12-15,26.84000015258789,27.020000457763672,26.81999969482422,26.270000457763672,26.270000457763672,1415,0.0,0.0
2022-12-16,26.31999969482422,26.860000610351562,26.31999969482422,26.760000228881836,26.760000228881836,1160,0.0,0.0
2022-12-19,26.579999923706055,26.579999923706055,25.25,25.65999984741211,25.65999984741211,1004,0.0,0.0
2022-12-20,25.690000534057617,26.979080200195312,25.690000534057617,26.84000015258789,26.84000015258789,970,0.0,0.0
2022-12-21,26.5,26.989999771118164,26.06999969482422,27.045000076293945,27.045000076293945,1961,0.0,0.0
2022-12-22,26.510000228881836,26.510000228881836,26.510000228881836,26.989999771118164,26.989999771118164,26,0.0,0.0
2022-12-23,28.0,28.0,27.389999389648438,27.59000015258789,27.59000015258789,1433,0.0,0.0
2022-12-28,27.950000762939453,29.030000686645508,27.950000762939453,28.299999237060547,28.299999237060547,14147,0.0,0.0
2022-12-29,28.209999084472656,28.299999237060547,28.209999084472656,28.100000381469727,28.100000381469727,1026,0.0,0.0
2022-12-30,28.799999237060547,28.799999237060547,28.059999465942383,28.375,28.375,982,0.0,0.0
2023-01-03,28.219999313354492,29.280000686645508,28.219999313354492,28.479999542236328,28.479999542236328,1349,0.0,0.0
2023-01-04,28.709999084472656,28.729999542236328,27.299999237060547,27.450000762939453,27.450000762939453,4626,0.0,0.0
2023-01-05,26.739999771118164,26.959999084472656,25.59000015258789,25.790000915527344,25.790000915527344,3395,0.0,0.0
2023-01-06,25.700000762939453,26.059999465942383,25.5,25.8700008392334,25.8700008392334,1434,0.0,0.0
2023-01-09,26.489999771118164,27.149999618530273,25.510000228881836,25.530000686645508,25.530000686645508,14680,0.0,0.0
2023-01-10,25.790000915527344,29.05171012878418,25.459999084472656,25.549999237060547,25.549999237060547,4733,0.0,0.0
2023-01-11,25.700000762939453,26.010000228881836,25.530000686645508,25.530000686645508,25.530000686645508,1586,0.0,0.0
2023-01-12,24.469999313354492,25.610000610351562,24.15999984741211,25.190000534057617,25.190000534057617,13935,0.0,0.0
2023-01-13,25.309999465942383,26.15999984741211,25.0,25.075000762939453,25.075000762939453,42339,0.0,0.0
2023-01-16,25.0,25.209999084472656,24.540000915527344,25.389999389648438,25.389999389648438,683,0.0,0.0
2023-01-17,25.1200008392334,26.299009323120117,25.1200008392334,25.170000076293945,25.170000076293945,1167,0.0,0.0
2023-01-18,24.920000076293945,26.0,24.920000076293945,25.674999237060547,25.674999237060547,31389,0.0,0.0
2023-01-19,26.3799991607666,27.329999923706055,26.3799991607666,27.1299991607666,27.1299991607666,1249,0.0,0.0
2023-01-20,27.290000915527344,27.290000915527344,26.3799991607666,26.3799991607666,26.3799991607666,33595,0.0,0.0
2023-01-23,26.43000030517578,26.43000030517578,25.940000534057617,26.200000762939453,26.200000762939453,2398,0.0,0.0
2023-01-24,26.399999618530273,27.209999084472656,25.828310012817383,27.114999771118164,27.114999771118164,3756,0.0,0.0
2023-01-25,26.90999984741211,27.270000457763672,26.739999771118164,26.854999542236328,26.854999542236328,175965,0.0,0.0
2023-01-26,27.299999237060547,27.299999237060547,27.06999969482422,27.020000457763672,27.020000457763672,953,0.0,0.0
2023-01-27,27.079999923706055,27.420000076293945,27.079999923706055,27.260000228881836,27.260000228881836,676,0.0,0.0
2023-01-30,27.5,27.780000686645508,27.5,27.579999923706055,27.579999923706055,40568,0.0,0.0
2023-01-31,27.229999542236328,27.90999984741211,26.852909088134766,27.700000762939453,27.700000762939453,13965,0.0,0.0
2023-02-01,28.1200008392334,28.1200008392334,27.149999618530273,27.43000030517578,27.43000030517578,7307,0.0,0.0
2023-02-02,26.649999618530273,27.469999313354492,26.649999618530273,27.6200008392334,27.6200008392334,3551,0.0,0.0
2023-02-03,27.510000228881836,27.510000228881836,26.829999923706055,26.774999618530273,26.774999618530273,15867,0.0,0.0
2023-02-06,26.020000457763672,26.020000457763672,25.09000015258789,25.219999313354492,25.219999313354492,9643,0.0,0.0
2023-02-07,25.0,27.58194923400879,25.0,25.264999389648438,25.264999389648438,8887,0.0,0.0
2023-02-08,25.579999923706055,25.579999923706055,25.579999923706055,25.424999237060547,25.424999237060547,9,0.0,0.0
2023-02-09,25.350000381469727,26.43000030517578,25.350000381469727,26.385000228881836,26.385000228881836,5398,0.0,0.0
2023-02-10,26.639999389648438,26.639999389648438,25.809999465942383,25.684999465942383,25.684999465942383,1192,0.0,0.0
2023-02-13,25.0,25.100000381469727,25.0,24.940000534057617,24.940000534057617,875,0.0,0.0
2023-02-14,24.790000915527344,25.760290145874023,24.614999771118164,24.63249969482422,24.63249969482422,358,0.0,0.0
2023-02-15,24.405000686645508,24.405000686645508,24.405000686645508,24.3799991607666,24.3799991607666,200,0.0,0.0
2023-02-16,24.200000762939453,24.309999465942383,24.165000915527344,24.350000381469727,24.350000381469727,390,0.0,0.0
2023-02-17,24.079999923706055,24.190000534057617,24.079999923706055,24.020000457763672,24.020000457763672,1043,0.0,0.0
2023-02-20,24.549999237060547,25.06999969482422,24.18000030517578,24.969999313354492,24.969999313354492,3041,0.0,0.0
2023-02-21,25.190000534057617,25.350000381469727,24.11903953552246,25.30500030517578,25.30500030517578,958,0.0,0.0
2023-02-22,24.420000076293945,24.514999389648438,24.260000228881836,24.40250015258789,24.40250015258789,679,0.0,0.0
2023-02-23,23.790000915527344,23.950000762939453,23.600000381469727,23.52750015258789,23.52750015258789,14442,0.0,0.0
2023-02-24,23.56999969482422,23.56999969482422,23.0,23.142499923706055,23.142499923706055,4280,0.0,0.0
2023-02-27,22.545000076293945,23.399999618530273,22.545000076293945,23.520000457763672,23.520000457763672,1736,0.0,0.0
2023-02-28,25.16967010498047,25.16967010498047,24.88865089416504,22.88249969482422,22.88249969482422,63,0.0,0.0
2023-03-01,23.610000610351562,23.709999084472656,22.979999542236328,23.107500076293945,23.107500076293945,735,0.0,0.0
2023-03-02,22.924999237060547,23.065000534057617,22.5,22.565000534057617,22.565000534057617,6366,0.0,0.0
2023-03-03,22.594999313354492,23.0,22.594999313354492,22.94499969482422,22.94499969482422,1068,0.0,0.0
2023-03-06,22.655000686645508,22.81999969482422,22.524999618530273,22.78499984741211,22.78499984741211,1194,0.0,0.0
2023-03-07,22.670000076293945,23.0562801361084,22.0,22.337499618530273,22.337499618530273,84562,0.0,0.0
2023-03-08,22.1200008392334,22.135000228881836,21.94499969482422,22.157499313354492,22.157499313354492,25654,0.0,0.0
2023-03-09,22.139999389648438,22.139999389648438,21.75,21.74250030517578,21.74250030517578,512,0.0,0.0
2023-03-10,21.344999313354492,21.354999542236328,21.155000686645508,21.13249969482422,21.13249969482422,2068,0.0,0.0
2023-03-13,21.165000915527344,21.850000381469727,21.100000381469727,21.732500076293945,21.732500076293945,11171,0.0,0.0
2023-03-14,21.459999084472656,22.07472038269043,21.420000076293945,21.40999984741211,21.40999984741211,2150,0.0,0.0
2023-03-15,21.200000762939453,21.594999313354492,21.135000228881836,21.264999389648438,21.264999389648438,7958,0.0,0.0
2023-03-16,21.28499984741211,21.290000915527344,21.28499984741211,21.209999084472656,21.209999084472656,224,0.0,0.0
2023-03-17,21.729999542236328,21.799999237060547,21.665000915527344,21.700000762939453,21.700000762939453,2420,0.0,0.0
2023-03-20,21.520000457763672,21.520000457763672,21.200000762939453,21.177499771118164,21.177499771118164,1613,0.0,0.0
2023-03-21,21.0,21.354869842529297,21.0,20.8799991607666,20.8799991607666,90,0.0,0.0
2023-03-22,21.020000457763672,21.065000534057617,20.975000381469727,20.950000762939453,20.950000762939453,763,0.0,0.0
2023-03-23,20.940000534057617,20.940000534057617,20.610000610351562,20.8799991607666,20.8799991607666,1937,0.0,0.0
2023-03-24,21.75,21.905000686645508,21.510000228881836,21.65999984741211,21.65999984741211,966,0.0,0.0
2023-03-27,21.424999237060547,22.264999389648438,21.424999237060547,22.0674991607666,22.0674991607666,1520,0.0,0.0
2023-03-28,22.114999771118164,22.385000228881836,20.972679138183594,22.3125,22.3125,1634,0.0,0.0
2023-03-29,22.280000686645508,22.549999237060547,21.94499969482422,22.014999389648438,22.014999389648438,11151,0.0,0.0
2023-03-30,22.075000762939453,22.075000762939453,21.4950008392334,21.602500915527344,21.602500915527344,5224,0.0,0.0
2023-03-31,21.575000762939453,21.655000686645508,21.56999969482422,21.764999389648438,21.764999389648438,3086,0.0,0.0
2023-04-03,21.954999923706055,22.1200008392334,21.94499969482422,21.924999237060547,21.924999237060547,404,0.0,0.0
2023-04-04,21.64027976989746,22.072010040283203,21.64027976989746,21.735000610351562,21.735000610351562,12164,0.0,0.0
2023-04-05,20.989999771118164,21.344999313354492,20.989999771118164,21.0575008392334,21.0575008392334,3231,0.0,0.0
2023-04-06,20.799999237060547,21.030000686645508,20.799999237060547,21.0625,21.0625,1027,0.0,0.0
2023-04-11,21.454999923706055,21.549999237060547,21.117219924926758,21.647499084472656,21.647499084472656,594,0.0,0.0
2023-04-12,21.540000915527344,21.7549991607666,21.540000915527344,21.797500610351562,21.797500610351562,3660,0.0,0.0
2023-04-13,21.719999313354492,22.0,21.719999313354492,21.950000762939453,21.950000762939453,1914,0.0,0.0
2023-04-14,22.06999969482422,22.7450008392334,22.06999969482422,22.207500457763672,22.207500457763672,42807,0.0,0.0
2023-04-17,22.735000610351562,23.03499984741211,22.655000686645508,22.655000686645508,22.655000686645508,2000,0.0,0.0
2023-04-18,22.760000228881836,23.65999984741211,21.64361000061035,23.649999618530273,23.649999618530273,1947,0.0,0.0
2023-04-19,23.75,23.75,22.895000457763672,23.4424991607666,23.4424991607666,230,0.0,0.0
2023-04-20,23.540000915527344,23.920000076293945,23.375,23.40250015258789,23.40250015258789,1284,0.0,0.0
2023-04-21,22.864999771118164,22.864999771118164,22.520000457763672,22.532499313354492,22.532499313354492,610,0.0,0.0
2023-04-24,22.5,22.5,22.5,22.485000610351562,22.485000610351562,44,0.0,0.0
2023-04-25,22.56999969482422,23.39838981628418,21.719999313354492,21.709999084472656,21.709999084472656,1320,0.0,0.0
2023-04-26,21.920000076293945,21.94499969482422,21.850000381469727,21.860000610351562,21.860000610351562,2025,0.0,0.0
2023-04-27,22.0,22.0,21.924999237060547,22.197500228881836,22.197500228881836,572,0.0,0.0
2023-04-28,22.315000534057617,22.315000534057617,22.100000381469727,22.165000915527344,22.165000915527344,100,0.0,0.0
2023-05-02,22.774999618530273,22.774999618530273,22.00758934020996,22.950000762939453,22.950000762939453,800,0.0,0.0
2023-05-03,23.219999313354492,23.389999389648438,23.190000534057617,23.082500457763672,23.082500457763672,3064,0.0,0.0
2023-05-04,23.274999618530273,23.274999618530273,23.274999618530273,22.264999389648438,22.264999389648438,100,0.0,0.0
2023-05-05,22.149999618530273,22.46500015258789,22.149999618530273,22.582500457763672,22.582500457763672,245,0.0,0.0
2023-05-09,22.309999465942383,22.984079360961914,21.829999923706055,21.834999084472656,21.834999084472656,235,0.0,0.0
2023-05-10,21.71500015258789,21.71500015258789,20.854999542236328,20.825000762939453,20.825000762939453,4288,0.0,0.0
2023-05-11,20.5,20.520000457763672,20.25,20.239999771118164,20.239999771118164,4957,0.0,0.0
2023-05-12,20.420000076293945,20.524999618530273,20.360000610351562,20.584999084472656,20.584999084472656,501,0.0,0.0
2023-05-15,20.584999084472656,20.635000228881836,20.030000686645508,20.084999084472656,20.084999084472656,8749,0.0,0.0
2023-05-16,20.030000686645508,21.831300735473633,19.635000228881836,19.704999923706055,19.704999923706055,47537,0.0,0.0
2023-05-17,19.895000457763672,19.895000457763672,19.7549991607666,19.72249984741211,19.72249984741211,3748,0.0,0.0
2023-05-18,19.729999542236328,19.729999542236328,19.420000076293945,19.372499465942383,19.372499465942383,1085,0.0,0.0
2023-05-19,19.71500015258789,20.100000381469727,19.649999618530273,19.799999237060547,19.799999237060547,22387,0.0,0.0
2023-05-22,19.670000076293945,19.850000381469727,19.670000076293945,19.797500610351562,19.797500610351562,463,0.0,0.0
2023-05-23,19.395000457763672,19.81652069091797,19.395000457763672,19.627500534057617,19.627500534057617,308,0.0,0.0
2023-05-24,19.56999969482422,19.56999969482422,19.31999969482422,19.207500457763672,19.207500457763672,3924,0.0,0.0
2023-05-25,19.469999313354492,19.469999313354492,19.469999313354492,19.88249969482422,19.88249969482422,100,0.0,0.0
2023-05-26,19.889999389648438,19.889999389648438,19.815000534057617,19.690000534057617,19.690000534057617,470,0.0,0.0
2023-05-30,19.524999618530273,19.725000381469727,19.524999618530273,19.4424991607666,19.4424991607666,1053,0.0,0.0
2023-05-31,19.065000534057617,19.075000762939453,18.93000030517578,18.997499465942383,18.997499465942383,15680,0.0,0.0
2023-06-01,19.329999923706055,19.354999542236328,19.329999923706055,19.309999465942383,19.309999465942383,258,0.0,0.0
2023-06-02,19.645000457763672,19.645000457763672,19.639999389648438,19.700000762939453,19.700000762939453,499,0.0,0.0
2023-06-05,19.329999923706055,19.469999313354492,19.329999923706055,19.447500228881836,19.447500228881836,5487,0.0,0.0
2023-06-06,19.604999542236328,19.604999542236328,19.413799285888672,19.399999618530273,19.399999618530273,3,0.0,0.0
2023-06-07,19.364999771118164,19.5,19.364999771118164,19.7549991607666,19.7549991607666,2650,0.0,0.0
2023-06-08,19.760000228881836,19.760000228881836,19.760000228881836,19.889999389648438,19.889999389648438,200,0.0,0.0
2023-06-09,19.93000030517578,19.985000610351562,19.739999771118164,19.752500534057617,19.752500534057617,137,0.0,0.0
2023-06-12,19.75,19.75,19.229999542236328,19.2549991607666,19.2549991607666,2130,0.0,0.0
2023-06-13,19.575000762939453,19.895000457763672,19.428810119628906,19.959999084472656,19.959999084472656,26213,0.0,0.0
2023-06-14,20.5,20.649999618530273,20.420000076293945,21.092500686645508,21.092500686645508,904,0.0,0.0
2023-06-15,20.829999923706055,21.239999771118164,20.829999923706055,21.272499084472656,21.272499084472656,503,0.0,0.0
2023-06-16,21.600000381469727,21.645000457763672,21.229999542236328,21.21500015258789,21.21500015258789,381,0.0,0.0
2023-06-19,21.020000457763672,21.020000457763672,20.84000015258789,20.837499618530273,20.837499618530273,2288,0.0,0.0
2023-06-20,20.59000015258789,20.6200008392334,20.28499984741211,20.264999389648438,20.264999389648438,426,0.0,0.0
2023-06-21,20.364999771118164,20.44499969482422,19.69499969482422,19.77750015258789,19.77750015258789,4063,0.0,0.0
2023-06-22,19.700000762939453,19.700000762939453,19.700000762939453,19.649999618530273,19.649999618530273,4,0.0,0.0
2023-06-23,19.55500030517578,19.559999465942383,19.475000381469727,19.625,19.625,73,0.0,0.0
2023-06-26,19.639999389648438,19.639999389648438,18.924999237060547,18.90999984741211,18.90999984741211,6071,0.0,0.0
2023-06-27,19.18000030517578,20.66568946838379,18.94499969482422,19.260000228881836,19.260000228881836,377,0.0,0.0
2023-06-28,18.5,18.56999969482422,18.5,18.592500686645508,18.592500686645508,480,0.0,0.0
2023-06-29,18.65999984741211,18.885000228881836,18.53499984741211,18.924999237060547,18.924999237060547,1085,0.0,0.0
2023-06-30,19.079999923706055,19.079999923706055,19.049999237060547,19.087499618530273,19.087499618530273,59,0.0,0.0
2023-07-03,18.96500015258789,19.0,18.950000762939453,19.045000076293945,19.045000076293945,1652,0.0,0.0
2023-07-04,19.658519744873047,19.658519744873047,18.93647003173828,18.997499465942383,18.997499465942383,10258,0.0,0.0
2023-07-05,19.0,19.354999542236328,18.979999542236328,19.577499389648438,19.577499389648438,1088,0.0,0.0
2023-07-06,19.59000015258789,19.639999389648438,19.59000015258789,19.649999618530273,19.649999618530273,7000,0.0,0.0
2023-07-07,19.274999618530273,19.274999618530273,19.209999084472656,19.350000381469727,19.350000381469727,325,0.0,0.0
2023-07-10,19.204999923706055,19.204999923706055,19.204999923706055,19.397499084472656,19.397499084472656,7,0.0,0.0
2023-07-11,18.935609817504883,19.34902000427246,18.935609817504883,19.229999542236328,19.229999542236328,55,0.0,0.0
2023-07-12,19.834999084472656,19.834999084472656,19.834999084472656,19.9950008392334,19.9950008392334,2809,0.0,0.0
2023-07-13,19.780000686645508,19.799999237060547,19.610000610351562,19.770000457763672,19.770000457763672,3566,0.0,0.0
2023-07-14,19.670000076293945,19.959999084472656,19.670000076293945,19.94499969482422,19.94499969482422,250,0.0,0.0
2023-07-17,19.625,19.625,19.315000534057617,19.397499084472656,19.397499084472656,867,0.0,0.0
2023-07-18,19.40999984741211,19.652910232543945,19.219999313354492,19.364999771118164,19.364999771118164,598,0.0,0.0
2023-07-19,19.477500915527344,19.477500915527344,19.477500915527344,19.477500915527344,19.477500915527344,0,0.0,0.0
2023-07-20,19.700000762939453,19.850000381469727,19.649999618530273,19.665000915527344,19.665000915527344,1622,0.0,0.0
2023-07-21,19.7549991607666,19.7549991607666,19.7549991607666,19.34000015258789,19.34000015258789,53,0.0,0.0
2023-07-24,19.405000686645508,19.704999923706055,19.204999923706055,19.684999465942383,19.684999465942383,1005,0.0,0.0
2023-07-25,20.065000534057617,20.700000762939453,19.494949340820312,20.7549991607666,20.7549991607666,8993,0.0,0.0
2023-07-26,20.524999618530273,20.524999618530273,20.15999984741211,20.147499084472656,20.147499084472656,2092,0.0,0.0
2023-07-27,20.020000457763672,20.045000076293945,20.014999389648438,19.924999237060547,19.924999237060547,2375,0.0,0.0
2023-07-28,20.200000762939453,20.53499984741211,20.200000762939453,20.579999923706055,20.579999923706055,152,0.0,0.0
2023-07-31,20.5049991607666,20.5049991607666,20.350000381469727,20.575000762939453,20.575000762939453,201,0.0,0.0
2023-08-01,20.78499984741211,20.93000030517578,20.342330932617188,20.672500610351562,20.672500610351562,4525,0.0,0.0
2023-08-02,20.56999969482422,20.56999969482422,19.9950008392334,19.887500762939453,19.887500762939453,1703,0.0,0.0
2023-08-03,19.8799991607666,19.9950008392334,19.8799991607666,19.997499465942383,19.997499465942383,4204,0.0,0.0
2023-08-04,20.170000076293945,20.170000076293945,19.639999389648438,19.475000381469727,19.475000381469727,2711,0.0,0.0
2023-08-07,19.809999465942383,19.834999084472656,19.434999465942383,19.522499084472656,19.522499084472656,3571,0.0,0.0
2023-08-08,19.389999389648438,20.352039337158203,19.190000534057617,19.415000915527344,19.415000915527344,2203,0.0,0.0
2023-08-09,19.065000534057617,19.149999618530273,18.975000381469727,19.010000228881836,19.010000228881836,1671,0.0,0.0
2023-08-10,18.96500015258789,19.0049991607666,18.96500015258789,18.905000686645508,18.905000686645508,378,0.0,0.0
2023-08-11,18.834999084472656,18.834999084472656,18.575000762939453,18.797500610351562,18.797500610351562,1221,0.0,0.0
2023-08-14,18.760000228881836,18.760000228881836,18.6299991607666,18.582500457763672,18.582500457763672,301,0.0,0.0
2023-08-15,18.5,19.368389129638672,18.270000457763672,18.31999969482422,18.31999969482422,1914,0.0,0.0
2023-08-16,18.3700008392334,18.55500030517578,18.309999465942383,18.290000915527344,18.290000915527344,1350,0.0,0.0
2023-08-17,18.584999084472656,18.704999923706055,18.584999084472656,18.774999618530273,18.774999618530273,480,0.0,0.0
2023-08-18,18.545000076293945,18.7450008392334,18.545000076293945,18.649999618530273,18.649999618530273,117,0.0,0.0
2023-08-21,18.684999465942383,18.719999313354492,18.459999084472656,18.672500610351562,18.672500610351562,1114,0.0,0.0
2023-08-22,18.632600784301758,18.632600784301758,18.55936050415039,18.747499465942383,18.747499465942383,66,0.0,0.0
2023-08-23,19.040000915527344,19.165000915527344,18.9950008392334,19.3174991607666,19.3174991607666,1302,0.0,0.0
2023-08-24,19.03499984741211,19.135000228881836,19.03499984741211,19.1299991607666,19.1299991607666,811,0.0,0.0
2023-08-25,19.469999313354492,19.670000076293945,19.31999969482422,19.295000076293945,19.295000076293945,1848,0.0,0.0
2023-08-29,19.065000534057617,19.065000534057617,18.982749938964844,19.177499771118164,19.177499771118164,437,0.0,0.0
2023-08-30,19.19499969482422,19.19499969482422,18.829999923706055,19.110000610351562,19.110000610351562,5427,0.0,0.0
2023-08-31,18.81999969482422,18.899999618530273,18.81999969482422,18.829999923706055,18.829999923706055,120,0.0,0.0
2023-09-01,18.950000762939453,18.950000762939453,18.950000762939453,19.334999084472656,19.334999084472656,200,0.0,0.0
2023-09-04,19.295000076293945,19.344999313354492,19.200000762939453,19.38249969482422,19.38249969482422,6512,0.0,0.0
2023-09-05,19.364999771118164,19.520000457763672,18.994869232177734,19.467500686645508,19.467500686645508,583,0.0,0.0
2023-09-06,19.15999984741211,19.19499969482422,18.989999771118164,18.989999771118164,18.989999771118164,5226,0.0,0.0
2023-09-07,18.780000686645508,18.94499969482422,18.780000686645508,18.829999923706055,18.829999923706055,5100,0.0,0.0
2023-09-08,18.610000610351562,18.610000610351562,18.610000610351562,18.627500534057617,18.627500534057617,14,0.0,0.0
2023-09-11,18.600000381469727,18.94499969482422,18.46500015258789,18.719999313354492,18.719999313354492,1669,0.0,0.0
2023-09-12,18.43000030517578,19.3587703704834,18.395000457763672,18.49250030517578,18.49250030517578,1036,0.0,0.0
2023-09-13,18.200000762939453,18.280000686645508,18.149999618530273,18.450000762939453,18.450000762939453,3649,0.0,0.0
2023-09-14,18.780000686645508,18.895000457763672,18.774999618530273,18.780000686645508,18.780000686645508,833,0.0,0.0
2023-09-15,18.6200008392334,18.6200008392334,18.575000762939453,18.459999084472656,18.459999084472656,241,0.0,0.0
2023-09-18,18.55500030517578,18.55500030517578,18.290000915527344,18.274999618530273,18.274999618530273,2170,0.0,0.0
2023-09-19,18.100000381469727,18.79804039001465,18.100000381469727,18.3075008392334,18.3075008392334,642,0.0,0.0
2023-09-20,18.389999389648438,18.40999984741211,18.170000076293945,18.13249969482422,18.13249969482422,1198,0.0,0.0
2023-09-21,17.84000015258789,17.899999618530273,17.684999465942383,17.760000228881836,17.760000228881836,5646,0.0,0.0
2023-09-22,17.8700008392334,17.8700008392334,17.8700008392334,17.8174991607666,17.8174991607666,484,0.0,0.0
2023-09-25,17.704999923706055,17.80500030517578,17.68000030517578,17.725000381469727,17.725000381469727,455,0.0,0.0
2023-09-26,17.46500015258789,17.958209991455078,17.420000076293945,17.364999771118164,17.364999771118164,1605,0.0,0.0
2023-09-27,17.174999237060547,17.475000381469727,17.165000915527344,17.422500610351562,17.422500610351562,2460,0.0,0.0
2023-09-28,17.424999237060547,17.575000762939453,17.364999771118164,17.6875,17.6875,495,0.0,0.0
2023-09-29,17.450000762939453,17.649999618530273,17.299999237060547,17.462499618530273,17.462499618530273,5953,0.0,0.0
2023-10-02,17.360000610351562,17.5049991607666,17.264999389648438,17.315000534057617,17.315000534057617,1464,0.0,0.0
2023-10-03,17.200000762939453,17.454999923706055,17.200000762939453,17.295000076293945,17.295000076293945,2529,0.0,0.0
2023-10-04,17.229999542236328,17.229999542236328,17.229999542236328,17.295000076293945,17.295000076293945,28,0.0,0.0
2023-10-05,17.110000610351562,17.110000610351562,16.940000534057617,16.940000534057617,16.940000534057617,6139,0.0,0.0
2023-10-06,17.0,17.075000762939453,16.979999542236328,17.052499771118164,17.052499771118164,918,0.0,0.0
2023-10-09,17.05500030517578,17.354999542236328,17.05500030517578,17.389999389648438,17.389999389648438,12395,0.0,0.0
2023-10-10,17.274999618530273,17.32206916809082,17.053869247436523,17.065000534057617,17.065000534057617,5029,0.0,0.0
2023-10-11,17.110000610351562,17.110000610351562,16.985000610351562,16.947500228881836,16.947500228881836,3184,0.0,0.0
2023-10-12,17.114999771118164,17.114999771118164,17.114999771118164,17.127500534057617,17.127500534057617,4,0.0,0.0
2023-10-13,17.104999542236328,17.260000228881836,17.104999542236328,17.1200008392334,17.1200008392334,867,0.0,0.0
2023-10-16,17.18000030517578,17.25,17.084999084472656,17.232500076293945,17.232500076293945,4009,0.0,0.0
2023-10-17,17.020000457763672,17.14849090576172,16.959999084472656,17.042499542236328,17.042499542236328,33,0.0,0.0
2023-10-18,17.100000381469727,17.19499969482422,17.09000015258789,17.15999984741211,17.15999984741211,701,0.0,0.0
2023-10-19,17.114999771118164,17.1299991607666,17.100000381469727,17.100000381469727,17.100000381469727,131,0.0,0.0
2023-10-20,16.815000534057617,17.100000381469727,16.795000076293945,17.24250030517578,17.24250030517578,2070,0.0,0.0
2023-10-23,17.03499984741211,17.03499984741211,16.885000228881836,16.782499313354492,16.782499313354492,3271,0.0,0.0
2023-10-24,16.78499984741211,17.05245018005371,16.655000686645508,16.764999389648438,16.764999389648438,548,0.0,0.0
2023-10-25,16.854999542236328,16.94499969482422,16.84000015258789,17.0,17.0,23040,0.0,0.0
2023-10-26,16.700000762939453,16.700000762939453,16.614999771118164,16.565000534057617,16.565000534057617,3018,0.0,0.0
2023-10-27,16.7549991607666,16.93000030517578,16.7549991607666,16.905000686645508,16.905000686645508,2968,0.0,0.0
2023-10-30,17.0,17.030000686645508,16.885000228881836,16.915000915527344,16.915000915527344,12600,0.0,0.0
2023-10-31,16.78499984741211,16.844839096069336,16.56999969482422,16.770000457763672,16.770000457763672,11896,0.0,0.0
2023-11-01,16.575000762939453,16.65999984741211,16.575000762939453,16.565000534057617,16.565000534057617,12486,0.0,0.0
2023-11-02,16.524999618530273,16.614999771118164,16.514999389648438,16.537500381469727,16.537500381469727,396,0.0,0.0
2023-11-03,16.584999084472656,16.645000457763672,16.584999084472656,16.739999771118164,16.739999771118164,2005,0.0,0.0
2023-11-06,16.739999771118164,16.739999771118164,16.665000915527344,16.905000686645508,16.905000686645508,1408,0.0,0.0
2023-11-07,16.5,16.71371078491211,16.295000076293945,16.375,16.375,3763,0.0,0.0
2023-11-08,16.770000457763672,16.770000457763672,16.645000457763672,16.61750030517578,16.61750030517578,61,0.0,0.0
2023-11-09,16.399999618530273,16.485000610351562,16.399999618530273,16.477500915527344,16.477500915527344,3795,0.0,0.0
2023-11-10,16.139999389648438,16.139999389648438,15.899999618530273,15.897500038146973,15.897500038146973,463,0.0,0.0
2023-11-13,15.850000381469727,15.864999771118164,15.805000305175781,15.862500190734863,15.862500190734863,2863,0.0,0.0
2023-11-14,15.805000305175781,16.625959396362305,15.805000305175781,16.0674991607666,16.0674991607666,551,0.0,0.0
2023-11-15,16.084999084472656,16.135000228881836,16.0,16.102500915527344,16.102500915527344,5370,0.0,0.0
2023-11-16,15.984999656677246,15.984999656677246,15.8149995803833,15.707500457763672,15.707500457763672,5359,0.0,0.0
2023-11-17,15.600000381469727,15.600000381469727,15.454999923706055,15.587499618530273,15.587499618530273,5332,0.0,0.0
2023-11-20,15.550000190734863,15.550000190734863,15.390000343322754,15.6225004196167,15.6225004196167,33384,0.0,0.0
2023-11-21,15.851550102233887,15.982230186462402,15.851550102233887,15.552499771118164,15.552499771118164,255,0.0,0.0
2023-11-22,15.354999542236328,15.354999542236328,15.119999885559082,15.1274995803833,15.1274995803833,632,0.0,0.0
2023-11-23,15.104999542236328,15.149999618530273,15.050000190734863,15.287500381469727,15.287500381469727,913,0.0,0.0
2023-11-24,15.0649995803833,15.069999694824219,14.744999885559082,14.822500228881836,14.822500228881836,8317,0.0,0.0
2023-11-27,14.645000457763672,14.699999809265137,14.609999656677246,14.725000381469727,14.725000381469727,513,0.0,0.0
2023-11-28,15.015000343322754,15.4350004196167,15.015000343322754,15.425000190734863,15.425000190734863,3649,0.0,0.0
2023-11-29,15.640000343322754,15.869999885559082,15.494999885559082,15.8125,15.8125,31379,0.0,0.0
2023-11-30,15.34000015258789,15.34000015258789,15.119999885559082,15.229999542236328,15.229999542236328,2803,0.0,0.0
2023-12-01,15.324999809265137,15.65999984741211,15.324999809265137,15.642499923706055,15.642499923706055,12278,0.0,0.0
2023-12-04,15.199999809265137,15.399999618530273,15.1850004196167,15.404999732971191,15.404999732971191,2849,0.0,0.0
2023-12-05,15.0600004196167,15.301910400390625,14.895000457763672,14.944999694824219,14.944999694824219,1623,0.0,0.0
2023-12-06,15.194999694824219,15.295000076293945,15.069999694824219,15.03499984741211,15.03499984741211,6265,0.0,0.0
2023-12-07,15.199999809265137,15.199999809265137,15.03499984741211,15.199999809265137,15.199999809265137,5701,0.0,0.0
2023-12-08,15.46500015258789,15.569999694824219,15.350000381469727,15.467499732971191,15.467499732971191,566,0.0,0.0
2023-12-11,15.305000305175781,15.335000038146973,15.170000076293945,15.175000190734863,15.175000190734863,8970,0.0,0.0
2023-12-12,15.225000381469727,15.244999885559082,15.100000381469727,15.192500114440918,15.192500114440918,1270,0.0,0.0
2023-12-13,15.107500076293945,15.107500076293945,15.107500076293945,15.107500076293945,15.107500076293945,0,0.0,0.0
2023-12-14,15.640000343322754,15.640000343322754,15.430000305175781,15.515000343322754,15.515000343322754,26314,0.0,0.0
2023-12-15,15.664999961853027,15.890000343322754,15.5,15.772500038146973,15.772500038146973,2019,0.0,0.0
2023-12-18,15.670000076293945,15.670000076293945,15.664999961853027,15.442500114440918,15.442500114440918,5203,0.0,0.0
2023-12-19,15.199999809265137,15.658100128173828,15.199999809265137,15.300000190734863,15.300000190734863,2665,0.0,0.0
2023-12-20,15.479999542236328,15.520000457763672,15.399999618530273,15.444999694824219,15.444999694824219,5673,0.0,0.0
2023-12-21,15.404999732971191,15.524999618530273,15.404999732971191,15.595000267028809,15.595000267028809,1372,0.0,0.0
2023-12-22,15.569999694824219,15.569999694824219,15.515000343322754,15.477499961853027,15.477499961853027,3467,0.0,0.0
2023-12-27,16.0,16.0,15.300000190734863,15.670000076293945,15.670000076293945,36359,0.0,0.0
2023-12-28,15.625,15.625,15.369999885559082,15.492500305175781,15.492500305175781,22895,0.0,0.0
2023-12-29,15.145000457763672,15.1850004196167,15.100000381469727,15.135000228881836,15.135000228881836,13820,0.0,0.0
2024-01-02,15.375,15.483770370483398,15.210000038146973,15.452500343322754,15.452500343322754,3361,0.0,0.0
2024-01-03,15.3149995803833,15.3149995803833,15.0,15.149999618530273,15.149999618530273,17596,0.0,0.0
2024-01-04,14.9350004196167,14.994999885559082,14.729999542236328,14.75,14.75,35063,0.0,0.0
2024-01-05,14.720000267028809,14.930000305175781,14.65999984741211,14.925000190734863,14.925000190734863,591,0.0,0.0
2024-01-08,15.104999542236328,15.104999542236328,14.875,15.039999961853027,15.039999961853027,952,0.0,0.0
2024-01-09,14.899999618530273,15.099729537963867,14.800000190734863,14.864999771118164,14.864999771118164,1310,0.0,0.0
2024-01-10,14.920000076293945,15.015000343322754,14.850000381469727,14.994999885559082,14.994999885559082,2682,0.0,0.0
2024-01-11,15.0649995803833,15.114999771118164,15.0649995803833,15.074999809265137,15.074999809265137,5370,0.0,0.0
2024-01-12,15.074999809265137,15.074999809265137,14.895000457763672,14.917499542236328,14.917499542236328,21488,0.0,0.0
2024-01-15,15.015000343322754,15.050000190734863,14.895000457763672,14.917499542236328,14.917499542236328,1607,0.0,0.0
2024-01-16,14.8149995803833,14.971179962158203,14.800000190734863,14.805000305175781,14.805000305175781,15548,0.0,0.0
2024-01-17,14.75,14.765000343322754,14.6850004196167,14.835000038146973,14.835000038146973,20365,0.0,0.0
2024-01-18,14.800000190734863,14.819999694824219,14.75,14.770000457763672,14.770000457763672,947,0.0,0.0
2024-01-19,14.869999885559082,14.869999885559082,14.869999885559082,14.729999542236328,14.729999542236328,250,0.0,0.0
2024-01-22,14.649999618530273,14.710000038146973,14.604999542236328,14.677499771118164,14.677499771118164,22370,0.0,0.0
2024-01-23,14.859999656677246,14.984999656677246,14.783109664916992,14.917499542236328,14.917499542236328,1408,0.0,0.0
2024-01-24,14.914999961853027,15.274999618530273,14.914999961853027,15.2475004196167,15.2475004196167,2741,0.0,0.0
2024-01-25,15.28499984741211,15.329999923706055,15.279999732971191,15.34749984741211,15.34749984741211,25133,0.0,0.0
2024-01-26,15.329999923706055,15.399999618530273,15.329999923706055,15.357500076293945,15.357500076293945,11100,0.0,0.0
2024-01-29,15.135000228881836,15.135000228881836,15.135000228881836,15.067500114440918,15.067500114440918,100,0.0,0.0
2024-01-30,14.954999923706055,15.166959762573242,14.856579780578613,15.079999923706055,15.079999923706055,14175,0.0,0.0
2024-01-31,15.0649995803833,15.0649995803833,14.984999656677246,14.895000457763672,14.895000457763672,10634,0.0,0.0
2024-02-01,14.859999656677246,14.920000076293945,14.859999656677246,14.895000457763672,14.895000457763672,1163,0.0,0.0
2024-02-02,15.0,15.0649995803833,14.869999885559082,14.907500267028809,14.907500267028809,1412,0.0,0.0
2024-02-05,14.795000076293945,14.795000076293945,14.65999984741211,14.635000228881836,14.635000228881836,5714,0.0,0.0
2024-02-06,14.635000228881836,14.963139533996582,14.529999732971191,14.592499732971191,14.592499732971191,12685,0.0,0.0
2024-02-07,14.53499984741211,14.670000076293945,14.489999771118164,14.635000228881836,14.635000228881836,9006,0.0,0.0
2024-02-08,14.649999618530273,14.710000038146973,14.649999618530273,14.6899995803833,14.6899995803833,1656,0.0,0.0
2024-02-09,14.704999923706055,14.704999923706055,14.675000190734863,14.572500228881836,14.572500228881836,395,0.0,0.0
2024-02-12,14.59000015258789,14.675000190734863,14.59000015258789,14.642499923706055,14.642499923706055,4291,0.0,0.0
2024-02-13,14.664999961853027,14.864999771118164,14.653030395507812,14.887499809265137,14.887499809265137,7080,0.0,0.0
2024-02-14,14.920000076293945,15.104999542236328,14.914999961853027,14.954999923706055,14.954999923706055,2322,0.0,0.0
2024-02-15,15.069999694824219,15.15999984741211,14.90999984741211,14.90999984741211,14.90999984741211,1756,0.0,0.0
2024-02-16,14.960000038146973,15.050000190734863,14.960000038146973,14.9975004196167,14.9975004196167,736,0.0,0.0
2024-02-19,14.890000343322754,15.020000457763672,14.890000343322754,14.979999542236328,14.979999542236328,4013,0.0,0.0
2024-02-20,14.975000381469727,15.0377197265625,14.975000381469727,14.947500228881836,14.947500228881836,3032,0.0,0.0
2024-02-21,15.204999923706055,15.460000038146973,15.204999923706055,15.494999885559082,15.494999885559082,9239,0.0,0.0
2024-02-22,15.645000457763672,15.890000343322754,15.645000457763672,15.942500114440918,15.942500114440918,4021,0.0,0.0
2024-02-23,16.045000076293945,16.075000762939453,15.9399995803833,16.05500030517578,16.05500030517578,3229,0.0,0.0
2024-02-26,15.800000190734863,15.835000038146973,15.765000343322754,15.717499732971191,15.717499732971191,13300,0.0,0.0
2024-02-27,15.819999694824219,15.970000267028809,15.354680061340332,15.982500076293945,15.982500076293945,7241,0.0,0.0
2024-02-28,16.05500030517578,16.100000381469727,16.05500030517578,16.165000915527344,16.165000915527344,2380,0.0,0.0
2024-02-29,16.18000030517578,16.260000228881836,16.149999618530273,16.36750030517578,16.36750030517578,18305,0.0,0.0
2024-03-01,16.15999984741211,16.15999984741211,15.949999809265137,16.202499389648438,16.202499389648438,6799,0.0,0.0
2024-03-04,16.200000762939453,16.415000915527344,16.200000762939453,16.38249969482422,16.38249969482422,1571,0.0,0.0
2024-03-05,16.204999923706055,16.43000030517578,15.968810081481934,16.227500915527344,16.227500915527344,13527,0.0,0.0
2024-03-06,16.177499771118164,16.177499771118164,16.177499771118164,16.177499771118164,16.177499771118164,0,0.0,0.0
2024-03-07,16.200000762939453,16.459999084472656,16.200000762939453,16.417499542236328,16.417499542236328,8920,0.0,0.0
2024-03-08,16.5,16.600000381469727,16.440000534057617,16.467500686645508,16.467500686645508,6248,0.0,0.0
2024-03-11,16.450000762939453,16.889999389648438,16.450000762939453,16.80500030517578,16.80500030517578,22748,0.0,0.0
2024-03-12,16.844999313354492,16.924999237060547,16.097810745239258,16.9424991607666,16.9424991607666,4590,0.0,0.0
2024-03-13,16.915000915527344,16.934999465942383,16.7549991607666,16.780000686645508,16.780000686645508,37599,0.0,0.0
2024-03-14,16.704999923706055,16.704999923706055,16.440000534057617,16.530000686645508,16.530000686645508,15261,0.0,0.0
2024-03-15,16.584999084472656,16.584999084472656,16.584999084472656,16.532499313354492,16.532499313354492,100,0.0,0.0
2024-03-18,16.360000610351562,16.469999313354492,16.28499984741211,16.329999923706055,16.329999923706055,19481,0.0,0.0
2024-03-19,16.1200008392334,16.60202980041504,15.904999732971191,15.892499923706055,15.892499923706055,2966,0.0,0.0
2024-03-20,15.979999542236328,16.049999237060547,15.914999961853027,15.989999771118164,15.989999771118164,844,0.0,0.0
2024-03-21,15.994999885559082,16.135000228881836,15.96500015258789,16.014999389648438,16.014999389648438,14318,0.0,0.0
2024-03-22,15.899999618530273,15.904999732971191,15.729999542236328,15.71500015258789,15.71500015258789,5648,0.0,0.0
2024-03-25,15.6850004196167,15.699999809265137,15.520000457763672,15.46500015258789,15.46500015258789,14056,0.0,0.0
2024-03-26,15.479999542236328,16.256139755249023,15.25,15.210000038146973,15.210000038146973,2245,0.0,0.0
2024-03-27,15.149999618530273,15.154999732971191,15.149999618530273,15.212499618530273,15.212499618530273,278,0.0,0.0
2024-03-28,15.350000381469727,15.404999732971191,15.274999618530273,15.274999618530273,15.274999618530273,15935,0.0,0.0
2024-04-02,15.5,15.744999885559082,15.340239524841309,15.59000015258789,15.59000015258789,17401,0.0,0.0
2024-04-03,15.569999694824219,15.920000076293945,15.460000038146973,15.897500038146973,15.897500038146973,2635,0.0,0.0
2024-04-04,15.880000114440918,16.204999923706055,15.880000114440918,16.204999923706055,16.204999923706055,5873,0.0,0.0
2024-04-05,16.264999389648438,16.28499984741211,16.045000076293945,16.28499984741211,16.28499984741211,9814,0.0,0.0
2024-04-08,16.18000030517578,16.40999984741211,16.18000030517578,16.3174991607666,16.3174991607666,6438,0.0,0.0
2024-04-09,16.354999542236328,16.704999923706055,15.789549827575684,16.717500686645508,16.717500686645508,23723,0.0,0.0
2024-04-10,16.7549991607666,17.239999771118164,16.674999237060547,16.86750030517578,16.86750030517578,5507,0.0,0.0
2024-04-11,16.670000076293945,16.68000030517578,16.049999237060547,16.202499389648438,16.202499389648438,18309,0.0,0.0
2024-04-12,16.5049991607666,16.549999237060547,16.30500030517578,16.272499084472656,16.272499084472656,3869,0.0,0.0
2024-04-15,16.81999969482422,16.829999923706055,16.274999618530273,16.389999389648438,16.389999389648438,9207,0.0,0.0
2024-04-16,16.235000610351562,16.62360954284668,16.139999389648438,16.25,16.25,1089,0.0,0.0
2024-04-17,16.395000457763672,16.690000534057617,16.395000457763672,16.670000076293945,16.670000076293945,335,0.0,0.0
2024-04-18,16.989999771118164,17.010000228881836,16.684999465942383,17.072500228881836,17.072500228881836,9340,0.0,0.0
2024-04-19,17.389999389648438,17.825000762939453,17.389999389648438,17.612499237060547,17.612499237060547,16008,0.0,0.0
2024-04-22,17.600000381469727,18.079999923706055,17.5,17.997499465942383,17.997499465942383,14968,0.0,0.0
2024-04-23,17.459999084472656,17.520000457763672,16.90212059020996,17.405000686645508,17.405000686645508,22396,0.0,0.0
2024-04-24,17.594999313354492,17.649999618530273,17.239999771118164,17.350000381469727,17.350000381469727,4333,0.0,0.0
2024-04-25,17.40999984741211,17.4950008392334,17.350000381469727,17.502500534057617,17.502500534057617,1742,0.0,0.0
2024-04-26,17.799999237060547,17.799999237060547,17.655000686645508,17.532499313354492,17.532499313354492,2153,0.0,0.0
2024-04-29,17.704999923706055,17.729999542236328,17.475000381469727,17.592500686645508,17.592500686645508,30888,0.0,0.0
2024-04-30,17.575000762939453,17.665000915527344,17.454999923706055,17.665000915527344,17.665000915527344,4518,0.0,0.0
2024-05-01,17.44499969482422,17.44499969482422,17.200000762939453,17.247499465942383,17.247499465942383,4781,0.0,0.0
2024-05-02,17.149999618530273,17.149999618530273,17.0,17.114999771118164,17.114999771118164,10612,0.0,0.0
2024-05-03,17.5,17.565000534057617,17.3799991607666,17.5575008392334,17.5575008392334,9721,0.0,0.0
2024-05-07,17.594999313354492,17.610000610351562,17.459999084472656,17.592500686645508,17.592500686645508,3049,0.0,0.0
2024-05-08,17.145000457763672,17.30500030517578,17.05500030517578,17.280000686645508,17.280000686645508,4061,0.0,0.0
2024-05-09,17.225000381469727,17.415000915527344,17.09000015258789,17.372499465942383,17.372499465942383,1996,0.0,0.0
2024-05-10,17.315000534057617,17.440000534057617,17.315000534057617,17.389999389648438,17.389999389648438,11760,0.0,0.0
2024-05-13,17.454999923706055,17.6299991607666,17.454999923706055,17.584999084472656,17.584999084472656,818,0.0,0.0
2024-05-14,17.520000457763672,17.6299991607666,17.109310150146484,17.497499465942383,17.497499465942383,714,0.0,0.0
2024-05-15,17.584999084472656,17.844999313354492,17.579999923706055,17.825000762939453,17.825000762939453,6388,0.0,0.0
2024-05-16,18.0,18.15999984741211,17.84000015258789,18.184999465942383,18.184999465942383,22250,0.0,0.0
2024-05-17,18.924999237060547,19.53499984741211,18.875,19.24250030517578,19.24250030517578,141851,0.0,0.0
2024-05-20,19.690000534057617,19.899999618530273,19.520000457763672,19.739999771118164,19.739999771118164,16969,0.0,0.0
2024-05-21,19.575000762939453,19.809999465942383,17.761150360107422,19.477500915527344,19.477500915527344,8840,0.0,0.0
2024-05-22,18.920000076293945,19.450000762939453,18.6299991607666,18.639999389648438,18.639999389648438,14108,0.0,0.0
2024-05-23,18.360000610351562,18.540000915527344,18.204999923706055,18.415000915527344,18.415000915527344,7997,0.0,0.0
2024-05-24,18.520000457763672,18.6299991607666,18.489999771118164,18.524999618530273,18.524999618530273,37789,0.0,0.0
2024-05-28,18.729999542236328,18.825000762939453,18.639999389648438,18.770000457763672,18.770000457763672,1715,0.0,0.0
2024-05-29,18.860000610351562,18.94499969482422,18.780000686645508,18.7450008392334,18.7450008392334,783,0.0,0.0
2024-05-30,18.489999771118164,18.489999771118164,18.350000381469727,18.389999389648438,18.389999389648438,33003,0.0,0.0
2024-05-31,18.5,18.559999465942383,18.200000762939453,17.947500228881836,17.947500228881836,20071,0.0,0.0
2024-06-03,17.690000534057617,18.1299991607666,17.600000381469727,17.739999771118164,17.739999771118164,8278,0.0,0.0
2024-06-04,17.899999618530273,17.899999618530273,17.43000030517578,17.450000762939453,17.450000762939453,1620,0.0,0.0
2024-06-05,17.139999389648438,17.190000534057617,16.729999542236328,16.700000762939453,16.700000762939453,1952,0.0,0.0
2024-06-06,16.790000915527344,17.0,16.780000686645508,16.97249984741211,16.97249984741211,6153,0.0,0.0
2024-06-07,16.799999237060547,16.80500030517578,16.475000381469727,16.447500228881836,16.447500228881836,14423,0.0,0.0
2024-06-10,16.549999237060547,16.565000534057617,16.344999313354492,16.389999389648438,16.389999389648438,10434,0.0,0.0
2024-06-11,16.290000915527344,16.646780014038086,16.18000030517578,16.34749984741211,16.34749984741211,22683,0.0,0.0
2024-06-12,16.399999618530273,16.565000534057617,16.225000381469727,16.40999984741211,16.40999984741211,1899,0.0,0.0
2024-06-13,16.21500015258789,16.295000076293945,16.104999542236328,16.174999237060547,16.174999237060547,10809,0.0,0.0
2024-06-14,16.0049991607666,16.155000686645508,15.904999732971191,16.00749969482422,16.00749969482422,15192,0.0,0.0
2024-06-17,15.875,16.049999237060547,15.789999961853027,15.912500381469727,15.912500381469727,10207,0.0,0.0
2024-06-18,15.859999656677246,15.859999656677246,15.699999809265137,15.732500076293945,15.732500076293945,15816,0.0,0.0
2024-06-19,15.84000015258789,15.914999961853027,15.725000381469727,15.837499618530273,15.837499618530273,4881,0.0,0.0
2024-06-20,15.75,15.960000038146973,15.6850004196167,15.875,15.875,159,0.0,0.0
2024-06-21,15.699999809265137,15.734999656677246,15.654999732971191,15.717499732971191,15.717499732971191,11597,0.0,0.0
2024-06-24,15.635000228881836,15.854999542236328,15.635000228881836,15.789999961853027,15.789999961853027,4069,0.0,0.0
2024-06-25,15.795000076293945,15.800000190734863,15.630000114440918,15.72249984741211,15.72249984741211,1920,0.0,0.0
2024-06-26,15.800000190734863,15.800000190734863,15.635000228881836,15.577500343322754,15.577500343322754,440,0.0,0.0
2024-06-27,15.680000305175781,15.729999542236328,15.515000343322754,15.577500343322754,15.577500343322754,51,0.0,0.0
2024-06-28,15.824999809265137,15.824999809265137,15.704999923706055,15.725000381469727,15.725000381469727,294,0.0,0.0
2024-07-01,15.779999732971191,16.0,15.779999732971191,15.827500343322754,15.827500343322754,4777,0.0,0.0
2024-07-02,15.829999923706055,15.954999923706055,15.729999542236328,15.5024995803833,15.5024995803833,18278,0.0,0.0
2024-07-03,15.824999809265137,15.970000267028809,15.699999809265137,15.827500343322754,15.827500343322754,6686,0.0,0.0
2024-07-04,15.71500015258789,15.739999771118164,15.71500015258789,15.71500015258789,15.71500015258789,739,0.0,0.0
2024-07-05,15.864999771118164,15.96500015258789,15.640000343322754,15.862500190734863,15.862500190734863,15543,0.0,0.0
2024-07-08,15.880000114440918,15.949999809265137,15.835000038146973,15.920000076293945,15.920000076293945,1400,0.0,0.0
2024-07-09,15.8100004196167,15.869999885559082,15.649999618530273,15.6225004196167,15.6225004196167,5558,0.0,0.0
2024-07-10,15.569999694824219,15.614999771118164,15.350000381469727,15.350000381469727,15.350000381469727,17841,0.0,0.0
2024-07-11,15.550000190734863,15.675000190734863,15.319999694824219,15.327500343322754,15.327500343322754,19884,0.0,0.0
2024-07-12,15.479999542236328,15.479999542236328,15.430000305175781,15.354999542236328,15.354999542236328,2010,0.0,0.0
2024-07-15,15.34000015258789,15.390000343322754,15.21500015258789,15.232500076293945,15.232500076293945,5246,0.0,0.0
2024-07-16,15.210000038146973,15.279999732971191,15.135000228881836,15.130000114440918,15.130000114440918,1883,0.0,0.0
2024-07-17,15.194999694824219,15.194999694824219,15.0,14.994999885559082,14.994999885559082,1282,0.0,0.0
2024-07-18,15.045000076293945,15.055000305175781,14.994999885559082,14.984999656677246,14.984999656677246,480,0.0,0.0
2024-07-19,14.835000038146973,14.895000457763672,14.8100004196167,14.800000190734863,14.800000190734863,437,0.0,0.0
2024-07-22,14.795000076293945,14.8100004196167,14.645000457763672,14.734999656677246,14.734999656677246,18956,0.0,0.0
2024-07-23,14.6850004196167,14.694999694824219,14.600000381469727,14.609999656677246,14.609999656677246,692,0.0,0.0
2024-07-24,14.505000114440918,14.59000015258789,14.4350004196167,14.427499771118164,14.427499771118164,18063,0.0,0.0
2024-07-25,14.3100004196167,14.449999809265137,14.199999809265137,14.387499809265137,14.387499809265137,11249,0.0,0.0
2024-07-26,14.46500015258789,14.494999885559082,14.34000015258789,14.399999618530273,14.399999618530273,10153,0.0,0.0
2024-07-29,14.46500015258789,14.510000228881836,14.3100004196167,14.46500015258789,14.46500015258789,1203,0.0,0.0
2024-07-30,14.444999694824219,14.6850004196167,14.430000305175781,14.607500076293945,14.607500076293945,3895,0.0,0.0
2024-07-31,14.970000267028809,15.25,14.875,15.104999542236328,15.104999542236328,21534,0.0,0.0
2024-08-01,15.050000190734863,15.050000190734863,14.744999885559082,14.827500343322754,14.827500343322754,5571,0.0,0.0
2024-08-02,14.890000343322754,14.975000381469727,14.8149995803833,14.852499961853027,14.852499961853027,5385,0.0,0.0
2024-08-05,14.819999694824219,14.925000190734863,14.510000228881836,14.779999732971191,14.779999732971191,6195,0.0,0.0
2024-08-06,14.789999961853027,14.885000228881836,14.729999542236328,14.869999885559082,14.869999885559082,16557,0.0,0.0
2024-08-07,14.885000228881836,14.895000457763672,14.545000076293945,14.842499732971191,14.842499732971191,845,0.0,0.0
2024-08-08,14.979999542236328,14.979999542236328,14.675000190734863,14.712499618530273,14.712499618530273,58,0.0,0.0
2024-08-09,14.890000343322754,15.180000305175781,14.880000114440918,14.734999656677246,14.734999656677246,1119,0.0,0.0
2024-08-12,14.729999542236328,14.78499984741211,14.71500015258789,14.8774995803833,14.8774995803833,4224,0.0,0.0
2024-08-13,14.729999542236328,14.845000267028809,14.729999542236328,14.837499618530273,14.837499618530273,327,0.0,0.0
2024-08-14,14.90999984741211,14.9350004196167,14.779999732971191,14.842499732971191,14.842499732971191,38,0.0,0.0
2024-08-15,14.930000305175781,14.970000267028809,14.84000015258789,14.862500190734863,14.862500190734863,4884,0.0,0.0
2024-08-16,14.829999923706055,14.90999984741211,14.649999618530273,14.882499694824219,14.882499694824219,11935,0.0,0.0
2024-08-19,14.994999885559082,15.145000457763672,14.970000267028809,15.140000343322754,15.140000343322754,5587,0.0,0.0
2024-08-20,15.345000267028809,15.489999771118164,15.260000228881836,15.420000076293945,15.420000076293945,1594,0.0,0.0
2024-08-21,15.449999809265137,15.449999809265137,15.329999923706055,15.345000267028809,15.345000267028809,3160,0.0,0.0
2024-08-22,15.255000114440918,15.3149995803833,15.074999809265137,15.09000015258789,15.09000015258789,277,0.0,0.0
2024-08-23,15.210000038146973,15.260000228881836,15.170000076293945,15.28499984741211,15.28499984741211,224,0.0,0.0
2024-08-27,15.414999961853027,15.555000305175781,15.414999961853027,15.587499618530273,15.587499618530273,323,0.0,0.0
2024-08-28,15.494999885559082,15.569999694824219,15.40999984741211,15.47249984741211,15.47249984741211,1202,0.0,0.0
2024-08-29,15.470000267028809,15.470000267028809,15.470000267028809,15.444999694824219,15.444999694824219,530,0.0,0.0
2024-08-30,15.454999923706055,15.454999923706055,15.239999771118164,15.239999771118164,15.239999771118164,774,0.0,0.0
2024-09-02,15.119999885559082,15.210000038146973,15.069999694824219,15.154999732971191,15.154999732971191,2094,0.0,0.0
2024-09-03,15.149999618530273,15.180000305175781,14.829999923706055,14.984999656677246,14.984999656677246,5728,0.0,0.0
2024-09-04,14.845000267028809,14.854999542236328,14.720000267028809,14.744999885559082,14.744999885559082,7341,0.0,0.0
2024-09-05,14.59000015258789,14.65999984741211,14.5,14.569999694824219,14.569999694824219,11211,0.0,0.0
2024-09-06,14.579999923706055,14.640000343322754,14.430000305175781,14.4375,14.4375,6277,0.0,0.0
2024-09-09,14.53499984741211,14.600000381469727,14.390000343322754,14.462499618530273,14.462499618530273,4598,0.0,0.0
2024-09-10,14.40999984741211,14.40999984741211,14.239999771118164,14.307499885559082,14.307499885559082,4098,0.0,0.0
2024-09-11,14.460000038146973,14.65999984741211,14.385000228881836,14.632499694824219,14.632499694824219,12584,0.0,0.0
2024-09-12,14.699999809265137,14.774999618530273,14.604999542236328,14.637499809265137,14.637499809265137,3601,0.0,0.0
2024-09-13,14.630000114440918,14.649999618530273,14.470000267028809,14.515000343322754,14.515000343322754,6355,0.0,0.0
2024-09-16,14.579999923706055,14.835000038146973,14.529999732971191,14.739999771118164,14.739999771118164,19063,0.0,0.0
2024-09-17,14.824999809265137,14.869999885559082,14.725000381469727,14.675000190734863,14.675000190734863,2710,0.0,0.0
2024-09-18,14.699999809265137,14.800000190734863,14.699999809265137,14.755000114440918,14.755000114440918,11178,0.0,0.0
2024-09-19,14.895000457763672,14.96500015258789,14.789999961853027,14.8100004196167,14.8100004196167,40949,0.0,0.0
2024-09-20,14.970000267028809,15.024999618530273,14.9399995803833,15.024999618530273,15.024999618530273,13944,0.0,0.0
2024-09-23,14.895000457763672,15.0,14.829999923706055,15.017499923706055,15.017499923706055,3013,0.0,0.0
2024-09-24,15.104999542236328,15.210000038146973,15.104999542236328,15.172499656677246,15.172499656677246,11518,0.0,0.0
2024-09-25,15.260000228881836,15.260000228881836,15.045000076293945,15.255000114440918,15.255000114440918,910,0.0,0.0
2024-09-26,15.25,15.28499984741211,15.21500015258789,15.239999771118164,15.239999771118164,2520,0.0,0.0
2024-09-27,15.359999656677246,15.380000114440918,15.319999694824219,15.420000076293945,15.420000076293945,7205,0.0,0.0
2024-09-30,15.539999961853027,15.895000457763672,15.529999732971191,15.9350004196167,15.9350004196167,21038,0.0,0.0
2024-10-01,16.049999237060547,16.1200008392334,16.0049991607666,16.059999465942383,16.059999465942383,8348,0.0,0.0
2024-10-02,16.19499969482422,16.510000228881836,16.19499969482422,16.547500610351562,16.547500610351562,1292,0.0,0.0
2024-10-03,16.600000381469727,16.674999237060547,16.145000457763672,16.020000457763672,16.020000457763672,22484,0.0,0.0
2024-10-04,16.155000686645508,16.350000381469727,16.114999771118164,16.219999313354492,16.219999313354492,10511,0.0,0.0
2024-10-07,16.25,16.514999389648438,16.25,16.38249969482422,16.38249969482422,4014,0.0,0.0
2024-10-08,15.944999694824219,16.1299991607666,15.90999984741211,16.059999465942383,16.059999465942383,2435,0.0,0.0
2024-10-09,16.145000457763672,16.155000686645508,15.774999618530273,15.760000228881836,15.760000228881836,355,0.0,0.0
2024-10-10,15.760000228881836,15.90999984741211,15.710000038146973,15.907500267028809,15.907500267028809,5949,0.0,0.0
2024-10-11,16.09000015258789,16.260000228881836,15.975000381469727,16.207500457763672,16.207500457763672,413,0.0,0.0
2024-10-14,16.0,16.024999618530273,15.854999542236328,16.022499084472656,16.022499084472656,321,0.0,0.0
2024-10-15,15.800000190734863,15.859999656677246,15.725000381469727,15.817500114440918,15.817500114440918,250,0.0,0.0
2024-10-16,15.680000305175781,15.75,15.649999618530273,15.692500114440918,15.692500114440918,1293,0.0,0.0
2024-10-17,15.404999732971191,15.489999771118164,15.305000305175781,15.420000076293945,15.420000076293945,2894,0.0,0.0
2024-10-18,15.404999732971191,15.449999809265137,15.279999732971191,15.354999542236328,15.354999542236328,3092,0.0,0.0
2024-10-21,15.524999618530273,15.550000190734863,15.125,15.119999885559082,15.119999885559082,14443,0.0,0.0
2024-10-22,15.074999809265137,15.095000267028809,14.8100004196167,14.787500381469727,14.787500381469727,2417,0.0,0.0
2024-10-23,14.770000457763672,14.819999694824219,14.654999732971191,14.760000228881836,14.760000228881836,430,0.0,0.0
2024-10-24,14.824999809265137,14.850000381469727,14.765000343322754,14.800000190734863,14.800000190734863,2076,0.0,0.0
2024-10-25,14.71500015258789,14.71500015258789,14.59000015258789,14.632499694824219,14.632499694824219,13085,0.0,0.0
2024-10-28,14.585000038146973,14.65999984741211,14.430000305175781,14.484999656677246,14.484999656677246,2966,0.0,0.0
2024-10-29,14.470000267028809,14.529999732971191,14.404999732971191,14.369999885559082,14.369999885559082,2479,0.0,0.0
2024-10-30,14.449999809265137,14.449999809265137,14.369999885559082,14.324999809265137,14.324999809265137,852,0.0,0.0
2024-10-31,14.335000038146973,14.380000114440918,14.25,14.242500305175781,14.242500305175781,16709,0.0,0.0
2024-11-01,14.5,14.585000038146973,14.494999885559082,14.449999809265137,14.449999809265137,2900,0.0,0.0
2024-11-04,14.444999694824219,14.5,14.404999732971191,14.545000076293945,14.545000076293945,601,0.0,0.0
2024-11-05,14.680000305175781,14.805000305175781,14.604999542236328,14.619999885559082,14.619999885559082,4341,0.0,0.0
2024-11-06,14.619999885559082,14.654999732971191,14.46500015258789,14.614999771118164,14.614999771118164,689,0.0,0.0
2024-11-07,14.8149995803833,15.050000190734863,14.8149995803833,15.012499809265137,15.012499809265137,3198,0.0,0.0
2024-11-08,14.899999618530273,14.96500015258789,14.8149995803833,14.835000038146973,14.835000038146973,1441,0.0,0.0
2024-11-11,14.670000076293945,14.944999694824219,14.585000038146973,14.595000267028809,14.595000267028809,20899,0.0,0.0
2024-11-12,14.4399995803833,14.489999771118164,14.28499984741211,14.390000343322754,14.390000343322754,156,0.0,0.0
2024-11-13,14.399999618530273,14.40999984741211,14.239999771118164,14.242500305175781,14.242500305175781,2231,0.0,0.0
2024-11-14,14.170000076293945,14.260000228881836,14.100000381469727,14.167499542236328,14.167499542236328,1587,0.0,0.0
2024-11-15,14.164999961853027,14.239999771118164,14.0600004196167,14.047499656677246,14.047499656677246,1234,0.0,0.0
2024-11-18,14.140000343322754,14.220000267028809,14.0,14.175000190734863,14.175000190734863,1060,0.0,0.0
2024-11-19,14.364999771118164,14.65863037109375,14.274999618530273,14.390000343322754,14.390000343322754,11502,0.0,0.0
2024-11-20,14.489999771118164,14.569999694824219,14.385000228881836,14.407500267028809,14.407500267028809,1431,0.0,0.0
2024-11-21,14.454999923706055,14.510000228881836,14.239999771118164,14.229999542236328,14.229999542236328,3912,0.0,0.0
2024-11-22,14.380000114440918,14.510000228881836,14.0649995803833,14.452500343322754,14.452500343322754,10277,0.0,0.0
2024-11-25,14.489999771118164,14.725000381469727,14.4350004196167,14.65999984741211,14.65999984741211,25419,0.0,0.0
2024-11-26,14.550000190734863,14.595000267028809,14.3810396194458,14.487500190734863,14.487500190734863,29459,0.0,0.0
2024-11-27,14.390000343322754,14.470000267028809,14.390000343322754,14.367500305175781,14.367500305175781,14833,0.0,0.0
2024-11-28,14.520000457763672,14.555000305175781,14.5,14.524999618530273,14.524999618530273,2714,0.0,0.0
2024-11-29,14.505000114440918,14.505000114440918,14.4350004196167,14.397500038146973,14.397500038146973,13,0.0,0.0
2024-12-02,14.239999771118164,14.350000381469727,14.149999618530273,14.207500457763672,14.207500457763672,1097,0.0,0.0
2024-12-03,14.515000343322754,14.520000457763672,14.40999984741211,14.512499809265137,14.512499809265137,3009,0.0,0.0
2024-12-04,14.609999656677246,14.645000457763672,14.5,14.569999694824219,14.569999694824219,14382,0.0,0.0
2024-12-05,14.520000457763672,14.520000457763672,14.390000343322754,14.447500228881836,14.447500228881836,25799,0.0,0.0
2024-12-06,14.5649995803833,14.5649995803833,14.53499984741211,14.522500038146973,14.522500038146973,4,0.0,0.0
2024-12-09,14.515000343322754,14.555000305175781,14.399999618530273,14.467499732971191,14.467499732971191,450,0.0,0.0
2024-12-10,14.359999656677246,14.359999656677246,14.211030006408691,14.204999923706055,14.204999923706055,898,0.0,0.0
2024-12-11,14.274999618530273,14.274999618530273,14.204999923706055,14.307499885559082,14.307499885559082,411,0.0,0.0
2024-12-12,14.59000015258789,14.649999618530273,14.59000015258789,14.614999771118164,14.614999771118164,1733,0.0,0.0
2024-12-13,14.579999923706055,14.579999923706055,14.579999923706055,14.322500228881836,14.322500228881836,52,0.0,0.0
2024-12-16,14.270000457763672,14.295000076293945,14.180000305175781,14.170000076293945,14.170000076293945,2089,0.0,0.0
2024-12-17,14.0600004196167,14.472760200500488,14.0,14.0,14.0,5091,0.0,0.0
2024-12-18,14.005000114440918,14.050000190734863,13.954999923706055,14.005000114440918,14.005000114440918,4074,0.0,0.0
2024-12-19,13.835000038146973,13.835000038146973,13.609999656677246,13.6274995803833,13.6274995803833,37350,0.0,0.0
2024-12-20,13.729999542236328,13.890000343322754,13.6850004196167,13.857500076293945,13.857500076293945,3293,0.0,0.0
2024-12-23,13.944999694824219,14.010000228881836,13.8149995803833,13.837499618530273,13.837499618530273,1518,0.0,0.0
2024-12-24,14.0,14.000789642333984,13.960000038146973,14.0600004196167,14.0600004196167,2029,0.0,0.0
2024-12-27,14.390000343322754,14.390000343322754,13.800000190734863,13.880000114440918,13.880000114440918,4741,0.0,0.0
2024-12-30,13.989999771118164,14.095000267028809,13.890000343322754,13.90250015258789,13.90250015258789,188,0.0,0.0
2024-12-31,13.914999961853027,13.914999961853027,13.8571195602417,13.864999771118164,13.864999771118164,5,0.0,0.0
2025-01-02,13.770000457763672,13.880000114440918,13.625,13.635000228881836,13.635000228881836,4490,0.0,0.0
2025-01-03,13.595000267028809,13.65999984741211,13.4350004196167,13.612500190734863,13.612500190734863,282,0.0,0.0
2025-01-06,13.529999732971191,13.805000305175781,13.489999771118164,13.729999542236328,13.729999542236328,7511,0.0,0.0
2025-01-07,13.829999923706055,13.895000457763672,13.677129745483398,13.895000457763672,13.895000457763672,14086,0.0,0.0
2025-01-08,13.925000190734863,13.949999809265137,13.829999923706055,13.949999809265137,13.949999809265137,342,0.0,0.0
2025-01-09,13.895000457763672,13.975000381469727,13.869999885559082,13.975000381469727,13.975000381469727,12553,0.0,0.0
2025-01-10,13.979999542236328,14.109999656677246,13.954999923706055,14.1225004196167,14.1225004196167,9022,0.0,0.0
2025-01-13,14.199999809265137,14.354999542236328,14.145000457763672,14.319999694824219,14.319999694824219,545,0.0,0.0
2025-01-14,14.255000114440918,14.375,13.754260063171387,14.34749984741211,14.34749984741211,1096,0.0,0.0
2025-01-15,14.319999694824219,14.335000038146973,14.270000457763672,14.282500267028809,14.282500267028809,5123,0.0,0.0
2025-01-16,14.34000015258789,14.399999618530273,14.270000457763672,14.387499809265137,14.387499809265137,8607,0.0,0.0
2025-01-17,14.399999618530273,14.505000114440918,14.399999618530273,14.487500190734863,14.487500190734863,14965,0.0,0.0
2025-01-20,14.380000114440918,14.484999656677246,14.274999618530273,14.470000267028809,14.470000267028809,1451,0.0,0.0
2025-01-21,14.484999656677246,14.550000190734863,14.460000038146973,14.520000457763672,14.520000457763672,17295,0.0,0.0
2025-01-22,14.324999809265137,14.335000038146973,14.130000114440918,14.172499656677246,14.172499656677246,10293,0.0,0.0
2025-01-23,14.085000038146973,14.175000190734863,14.039999961853027,14.100000381469727,14.100000381469727,29383,0.0,0.0
2025-01-24,14.204999923706055,14.204999923706055,14.050000190734863,14.112500190734863,14.112500190734863,17320,0.0,0.0
2025-01-27,14.119999885559082,14.25,14.045000076293945,14.039999961853027,14.039999961853027,12374,0.0,0.0
2025-01-28,13.984999656677246,14.276339530944824,13.899999618530273,13.882499694824219,13.882499694824219,15234,0.0,0.0
2025-01-29,13.864999771118164,13.970000267028809,13.864999771118164,13.947500228881836,13.947500228881836,921,0.0,0.0
2025-01-30,13.859999656677246,13.859999656677246,13.859999656677246,13.890000343322754,13.890000343322754,45,0.0,0.0
2025-01-31,13.8100004196167,13.845000267028809,13.680000305175781,13.702500343322754,13.702500343322754,71303,0.0,0.0
2025-02-03,13.670000076293945,13.699999809265137,13.550000190734863,13.667499542236328,13.667499542236328,3617,0.0,0.0
2025-02-04,13.625,14.03831958770752,13.574999809265137,13.755000114440918,13.755000114440918,3304,0.0,0.0
2025-02-05,13.800000190734863,14.03499984741211,13.739999771118164,14.03499984741211,14.03499984741211,10429,0.0,0.0
2025-02-06,14.180000305175781,14.244999885559082,14.180000305175781,14.244999885559082,14.244999885559082,1158,0.0,0.0
2025-02-07,14.1899995803833,14.260000228881836,14.154999732971191,14.175000190734863,14.175000190734863,3251,0.0,0.0
2025-02-10,14.21500015258789,14.239999771118164,13.930000305175781,13.944999694824219,13.944999694824219,11475,0.0,0.0
2025-02-11,13.880000114440918,13.989999771118164,13.75,13.97249984741211,13.97249984741211,2561,0.0,0.0
2025-02-12,13.845000267028809,13.90999984741211,13.824999809265137,13.859999656677246,13.859999656677246,654,0.0,0.0
2025-02-13,13.9399995803833,13.9399995803833,13.795000076293945,13.835000038146973,13.835000038146973,1915,0.0,0.0
2025-02-14,13.975000381469727,14.015000343322754,13.920000076293945,13.90999984741211,13.90999984741211,10619,0.0,0.0
2025-02-17,13.854999542236328,13.949999809265137,13.854999542236328,13.949999809265137,13.949999809265137,5585,0.0,0.0
2025-02-18,13.800000190734863,13.859999656677246,13.770000457763672,13.8100004196167,13.8100004196167,10717,0.0,0.0
2025-02-19,13.835000038146973,13.875,13.755000114440918,13.859999656677246,13.859999656677246,37285,0.0,0.0
2025-02-20,14.03499984741211,14.125,14.010000228881836,14.077500343322754,14.077500343322754,1905,0.0,0.0
2025-02-21,13.979999542236328,13.984999656677246,13.880000114440918,13.957500457763672,13.957500457763672,15252,0.0,0.0
2025-02-24,14.020000457763672,14.045000076293945,13.885000228881836,13.882499694824219,13.882499694824219,2407,0.0,0.0
2025-02-25,13.779999732971191,13.824999809265137,13.779999732971191,13.792499542236328,13.792499542236328,252,0.0,0.0
2025-02-26,13.960000038146973,14.039999961853027,13.84000015258789,13.989999771118164,13.989999771118164,1007,0.0,0.0
2025-02-27,14.229999542236328,14.305000305175781,14.140000343322754,14.227499961853027,14.227499961853027,1533,0.0,0.0
2025-02-28,14.135000228881836,14.194999694824219,13.875,13.875,13.875,543,0.0,0.0
2025-03-03,14.114999771118164,14.390000343322754,14.03499984741211,14.329999923706055,14.329999923706055,2939,0.0,0.0
2025-03-04,14.180000305175781,14.404999732971191,14.180000305175781,14.354999542236328,14.354999542236328,1628,0.0,0.0
2025-03-05,14.454999923706055,14.505000114440918,14.225000381469727,14.287500381469727,14.287500381469727,1860,0.0,0.0
2025-03-06,14.390000343322754,14.625,14.390000343322754,14.645000457763672,14.645000457763672,2108,0.0,0.0
2025-03-07,14.675000190734863,14.850000381469727,14.625,14.819999694824219,14.819999694824219,1965,0.0,0.0
2025-03-10,14.9350004196167,14.984999656677246,14.8100004196167,14.854999542236328,14.854999542236328,5040,0.0,0.0
2025-03-11,14.805000305175781,14.864999771118164,14.744999885559082,14.802499771118164,14.802499771118164,5961,0.0,0.0
2025-03-12,14.949999809265137,15.050000190734863,14.90999984741211,14.927499771118164,14.927499771118164,2847,0.0,0.0
2025-03-13,14.720000267028809,14.899999618530273,14.720000267028809,14.845000267028809,14.845000267028809,7341,0.0,0.0
2025-03-14,14.975000381469727,15.045000076293945,14.800000190734863,14.819999694824219,14.819999694824219,365,0.0,0.0
2025-03-17,14.880000114440918,15.010000228881836,14.6899995803833,14.727499961853027,14.727499961853027,5252,0.0,0.0
2025-03-18,14.574999809265137,14.680000305175781,14.53499984741211,14.59749984741211,14.59749984741211,728,0.0,0.0
2025-03-19,14.755000114440918,14.890000343322754,14.71500015258789,14.694999694824219,14.694999694824219,285,0.0,0.0
2025-03-20,14.670000076293945,14.680000305175781,14.630000114440918,14.59749984741211,14.59749984741211,553,0.0,0.0
2025-03-21,14.40999984741211,14.550000190734863,14.40999984741211,14.4350004196167,14.4350004196167,690,0.0,0.0
2025-03-24,14.4350004196167,14.704999923706055,14.345000267028809,14.367500305175781,14.367500305175781,8151,0.0,0.0
2025-03-25,14.390000343322754,14.600000381469727,14.34000015258789,14.520000457763672,14.520000457763672,53,0.0,0.0
2025-03-26,14.524999618530273,14.574999809265137,14.404999732971191,14.5600004196167,14.5600004196167,5054,0.0,0.0
2025-03-27,14.470000267028809,14.53499984741211,14.470000267028809,14.569999694824219,14.569999694824219,155,0.0,0.0
2025-03-28,14.670000076293945,14.779999732971191,14.654999732971191,14.737500190734863,14.737500190734863,952,0.0,0.0
2025-03-31,14.324999809265137,14.494999885559082,14.239999771118164,14.274999618530273,14.274999618530273,2072,0.0,0.0
2025-04-01,14.520000457763672,14.539999961853027,14.4350004196167,14.470000267028809,14.470000267028809,131,0.0,0.0
2025-04-02,14.420000076293945,14.430000305175781,14.329999923706055,14.335000038146973,14.335000038146973,2746,0.0,0.0
2025-04-03,14.199999809265137,14.25,14.109999656677246,14.079999923706055,14.079999923706055,619,0.0,0.0
2025-04-04,14.079999923706055,14.09000015258789,13.100000381469727,13.130000114440918,13.130000114440918,23394,0.0,0.0
2025-04-07,13.055000305175781,13.074999809265137,12.625,12.819999694824219,12.819999694824219,12586,0.0,0.0
2025-04-08,13.050000190734863,14.12421989440918,12.720000267028809,12.720000267028809,12.720000267028809,5271,0.0,0.0
2025-04-09,12.800000190734863,12.800000190734863,12.515000343322754,12.672499656677246,12.672499656677246,10968,0.0,0.0
2025-04-10,13.220000267028809,13.335000038146973,13.050000190734863,13.229999542236328,13.229999542236328,324,0.0,0.0
2025-04-11,13.305000305175781,13.720000267028809,13.305000305175781,13.4975004196167,13.4975004196167,4571,0.0,0.0
2025-04-14,13.720000267028809,13.859999656677246,13.649999618530273,13.707500457763672,13.707500457763672,4257,0.0,0.0
2025-04-15,13.960000038146973,14.03499984741211,13.859999656677246,13.954999923706055,13.954999923706055,1121,0.0,0.0
2025-04-16,13.824999809265137,14.045000076293945,13.789999961853027,14.050000190734863,14.050000190734863,3115,0.0,0.0
2025-04-17,14.220000267028809,14.220000267028809,13.979999542236328,14.032500267028809,14.032500267028809,390,0.0,0.0
2025-04-22,14.0600004196167,14.104999542236328,14.005000114440918,14.015000343322754,14.015000343322754,398,0.0,0.0
2025-04-23,14.095000267028809,14.154999732971191,13.994999885559082,14.015000343322754,14.015000343322754,2024,0.0,0.0
2025-04-24,14.010000228881836,14.145000457763672,14.010000228881836,14.162500381469727,14.162500381469727,1927,0.0,0.0
2025-04-25,14.170000076293945,14.229999542236328,13.880000114440918,13.90250015258789,13.90250015258789,5252,0.0,0.0
2025-04-28,13.970000267028809,14.069999694824219,13.920000076293945,13.984999656677246,13.984999656677246,102,0.0,0.0
2025-04-29,13.979999542236328,13.994999885559082,13.979999542236328,13.930000305175781,13.930000305175781,14500,0.0,0.0
2025-04-30,13.914999961853027,14.005000114440918,13.850000381469727,13.802499771118164,13.802499771118164,161,0.0,0.0
2025-05-01,13.654999732971191,13.819999694824219,13.654999732971191,13.670000076293945,13.670000076293945,739,0.0,0.0
2025-05-02,13.649999618530273,13.90999984741211,13.649999618530273,13.852499961853027,13.852499961853027,4075,0.0,0.0
2025-05-06,13.949999809265137,14.0649995803833,13.949999809265137,14.037500381469727,14.037500381469727,4137,0.0,0.0
2025-05-07,14.055000305175781,14.055000305175781,13.880000114440918,13.90999984741211,13.90999984741211,2996,0.0,0.0
2025-05-08,13.920000076293945,13.9350004196167,13.845000267028809,13.922499656677246,13.922499656677246,14,0.0,0.0
2025-05-09,13.9350004196167,14.039999961853027,13.9350004196167,14.157500267028809,14.157500267028809,1,0.0,0.0
2025-05-12,14.199999809265137,14.239999771118164,13.960000038146973,13.97249984741211,13.97249984741211,517,0.0,0.0
2025-05-13,14.045000076293945,14.045000076293945,13.949999809265137,14.050000190734863,14.050000190734863,4,0.0,0.0
2025-05-14,14.140000343322754,14.25,14.140000343322754,14.194999694824219,14.194999694824219,2551,0.0,0.0
2025-05-15,14.005000114440918,14.095000267028809,13.994999885559082,14.140000343322754,14.140000343322754,2,0.0,0.0
2025-05-16,14.0600004196167,14.0600004196167,13.984999656677246,13.992500305175781,13.992500305175781,3,0.0,0.0
2025-05-19,13.800000190734863,13.984999656677246,13.800000190734863,13.892499923706055,13.892499923706055,1588,0.0,0.0
2025-05-20,13.800000190734863,13.875,13.770000457763672,13.845000267028809,13.845000267028809,3426,0.0,0.0
2025-05-21,13.970000267028809,13.994999885559082,13.890000343322754,13.942500114440918,13.942500114440918,311,0.0,0.0
2025-05-22,13.800000190734863,13.875,13.800000190734863,13.854999542236328,13.854999542236328,380,0.0,0.0
2025-05-23,13.885000228881836,13.970000267028809,13.8149995803833,13.949999809265137,13.949999809265137,2767,0.0,0.0
2025-05-27,13.729999542236328,13.864999771118164,13.725000381469727,13.744999885559082,13.744999885559082,173,0.0,0.0
2025-05-28,13.515000343322754,13.645000457763672,13.335000038146973,13.40999984741211,13.40999984741211,482,0.0,0.0
2025-05-29,13.595000267028809,13.739999771118164,13.5649995803833,13.727499961853027,13.727499961853027,2657,0.0,0.0
2025-05-30,13.614999771118164,13.734999656677246,13.614999771118164,13.6225004196167,13.6225004196167,410,0.0,0.0
2025-06-02,13.795000076293945,13.890000343322754,13.75,13.862500190734863,13.862500190734863,148,0.0,0.0
2025-06-03,13.744999885559082,13.795000076293945,13.744999885559082,13.77750015258789,13.77750015258789,187,0.0,0.0
2025-06-04,13.744999885559082,13.869999885559082,13.744999885559082,13.729999542236328,13.729999542236328,161,0.0,0.0
2025-06-05,13.850000381469727,13.850000381469727,13.765000343322754,13.867500305175781,13.867500305175781,151,0.0,0.0
2025-06-06,13.859999656677246,13.869999885559082,13.8100004196167,13.835000038146973,13.835000038146973,1840,0.0,0.0
2025-06-09,13.875,13.944999694824219,13.71500015258789,13.765000343322754,13.765000343322754,6506,0.0,0.0
2025-06-10,13.6899995803833,13.770000457763672,13.625,13.6899995803833,13.6899995803833,1703,0.0,0.0
2025-06-11,13.699999809265137,13.760000228881836,13.545000076293945,13.545000076293945,13.545000076293945,24363,0.0,0.0
2025-06-12,13.479999542236328,13.545000076293945,13.449999809265137,13.515000343322754,13.515000343322754,458,0.0,0.0
2025-06-13,13.550000190734863,13.569999694824219,13.494999885559082,13.512499809265137,13.512499809265137,1524,0.0,0.0
2025-06-16,13.484999656677246,13.630000114440918,13.444999694824219,13.4399995803833,13.4399995803833,673,0.0,0.0
2025-06-17,13.375,13.40999984741211,13.34000015258789,13.322500228881836,13.322500228881836,321,0.0,0.0
2025-06-18,13.40999984741211,13.470000267028809,13.300000190734863,13.447500228881836,13.447500228881836,8003,0.0,0.0
2025-06-19,13.40999984741211,13.454999923706055,13.40999984741211,13.420000076293945,13.420000076293945,93,0.0,0.0
2025-06-20,13.354999542236328,13.414999961853027,13.3149995803833,13.390000343322754,13.390000343322754,302,0.0,0.0
2025-06-23,13.260000228881836,13.274999618530273,13.229999542236328,13.225000381469727,13.225000381469727,4180,0.0,0.0
2025-06-24,13.364999771118164,13.364999771118164,13.239999771118164,13.305000305175781,13.305000305175781,3078,0.0,0.0
2025-06-25,13.420000076293945,13.460000038146973,13.359999656677246,13.444999694824219,13.444999694824219,57,0.0,0.0
2025-06-26,13.555000305175781,13.609999656677246,13.555000305175781,13.557499885559082,13.557499885559082,530,0.0,0.0
2025-06-27,13.579999923706055,13.600000381469727,13.555000305175781,13.600000381469727,13.600000381469727,158,0.0,0.0
2025-06-30,13.595000267028809,13.604999542236328,13.5600004196167,13.572500228881836,13.572500228881836,395,0.0,0.0
2025-07-01,13.5600004196167,13.585000038146973,13.545000076293945,13.5649995803833,13.5649995803833,1155,0.0,0.0
2025-07-02,13.600000381469727,13.625,13.59000015258789,13.649999618530273,13.649999618530273,503,0.0,0.0
2025-07-03,13.720000267028809,13.819999694824219,13.710000038146973,13.774999618530273,13.774999618530273,16243,0.0,0.0
2025-07-04,13.744999885559082,13.744999885559082,13.675000190734863,13.645000457763672,13.645000457763672,502,0.0,0.0
2025-07-07,13.489999771118164,13.550000190734863,13.4399995803833,13.520000457763672,13.520000457763672,7153,0.0,0.0
2025-07-08,13.515000343322754,13.515000343322754,13.404999732971191,13.404999732971191,13.404999732971191,80,0.0,0.0
2025-07-09,13.364999771118164,13.40999984741211,13.364999771118164,13.354999542236328,13.354999542236328,940,0.0,0.0
2025-07-10,13.614999771118164,13.630000114440918,13.510000228881836,13.617500305175781,13.617500305175781,508,0.0,0.0
2025-07-11,13.614999771118164,13.630000114440918,13.505000114440918,13.529999732971191,13.529999732971191,2164,0.0,0.0
2025-07-14,13.585000038146973,13.585000038146973,13.380000114440918,13.40999984741211,13.40999984741211,4838,0.0,0.0
2025-07-15,13.380000114440918,13.5,13.350000381469727,13.487500190734863,13.487500190734863,450,0.0,0.0
2025-07-16,13.449999809265137,13.520000457763672,13.364999771118164,13.392499923706055,13.392499923706055,298,0.0,0.0
2025-07-17,13.34000015258789,13.454999923706055,13.300000190734863,13.4375,13.4375,1241,0.0,0.0
2025-07-18,13.489999771118164,13.555000305175781,13.470000267028809,13.539999961853027,13.539999961853027,810,0.0,0.0
2025-07-21,13.71500015258789,13.824999809265137,13.65999984741211,13.832500457763672,13.832500457763672,1523,0.0,0.0
2025-07-22,13.805000305175781,13.854999542236328,13.75,13.832500457763672,13.832500457763672,12222,0.0,0.0
2025-07-23,13.779999732971191,13.899999618530273,13.779999732971191,13.862500190734863,13.862500190734863,17312,0.0,0.0
2025-07-24,13.920000076293945,13.920000076293945,13.680000305175781,13.734999656677246,13.734999656677246,4705,0.0,0.0
2025-07-25,13.859999656677246,13.859999656677246,13.604999542236328,13.5649995803833,13.5649995803833,1555,0.0,0.0
2025-07-28,13.5600004196167,13.609999656677246,13.539999961853027,13.587499618530273,13.587499618530273,2202,0.0,0.0
2025-07-29,13.545000076293945,13.614999771118164,13.5,13.600000381469727,13.600000381469727,691,0.0,0.0
2025-07-30,13.539999961853027,13.539999961853027,13.369999885559082,13.367500305175781,13.367500305175781,1593,0.0,0.0
2025-07-31,13.324999809265137,13.34000015258789,13.239999771118164,13.270000457763672,13.270000457763672,6453,0.0,0.0
2025-08-01,13.244999885559082,13.300000190734863,13.149999618530273,13.335000038146973,13.335000038146973,16,0.0,0.0
2025-08-04,13.350000381469727,13.510000228881836,13.350000381469727,13.422499656677246,13.422499656677246,16407,0.0,0.0
2025-08-05,13.364999771118164,13.444999694824219,13.300000190734863,13.380000114440918,13.380000114440918,1446,0.0,0.0
2025-08-06,13.4350004196167,13.520000457763672,13.40999984741211,13.447500228881836,13.447500228881836,9719,0.0,0.0
2025-08-07,13.494999885559082,13.539999961853027,13.460000038146973,13.454999923706055,13.454999923706055,679,0.0,0.0
2025-08-08,13.460000038146973,13.46500015258789,13.399999618530273,13.470000267028809,13.470000267028809,120,0.0,0.0
2025-08-11,13.550000190734863,13.645000457763672,13.515000343322754,13.635000228881836,13.635000228881836,11236,0.0,0.0
2025-08-12,13.53499984741211,13.649999618530273,13.53499984741211,13.6225004196167,13.6225004196167,298,0.0,0.0
2025-08-13,13.614999771118164,13.649999618530273,13.555000305175781,13.5649995803833,13.5649995803833,95,0.0,0.0
2025-08-14,13.454999923706055,13.515000343322754,13.359999656677246,13.364999771118164,13.364999771118164,4337,0.0,0.0
2025-08-15,13.385000228881836,13.475000381469727,13.385000228881836,13.475000381469727,13.475000381469727,896,0.0,0.0
2025-08-18,13.404999732971191,13.449999809265137,13.390000343322754,13.4399995803833,13.4399995803833,119,0.0,0.0
2025-08-19,13.430000305175781,13.4399995803833,13.359999656677246,13.352499961853027,13.352499961853027,947,0.0,0.0
2025-08-20,13.28499984741211,13.359999656677246,13.25,13.359999656677246,13.359999656677246,1209,0.0,0.0
2025-08-21,13.335000038146973,13.335000038146973,13.28499984741211,13.27750015258789,13.27750015258789,1,0.0,0.0
2025-08-22,13.274999618530273,13.449999809265137,13.274999618530273,13.414999961853027,13.414999961853027,3308,0.0,0.0
2025-08-26,13.40999984741211,13.619999885559082,13.375,13.579999923706055,13.579999923706055,482,0.0,0.0
2025-08-27,13.545000076293945,13.585000038146973,13.399999618530273,13.4375,13.4375,7559,0.0,0.0
2025-08-28,13.449999809265137,13.555000305175781,13.449999809265137,13.569999694824219,13.569999694824219,86,0.0,0.0
2025-08-29,13.619999885559082,13.725000381469727,13.614999771118164,13.712499618530273,13.712499618530273,871,0.0,0.0
2025-09-01,13.755000114440918,13.789999961853027,13.734999656677246,13.71500015258789,13.71500015258789,9212,0.0,0.0
2025-09-02,13.675000190734863,13.675000190734863,13.520000457763672,13.545000076293945,13.545000076293945,1456,0.0,0.0
2025-09-03,13.600000381469727,13.640000343322754,13.585000038146973,13.59749984741211,13.59749984741211,1415,0.0,0.0
2025-09-04,13.460000038146973,13.5600004196167,13.460000038146973,13.52750015258789,13.52750015258789,4824,0.0,0.0
2025-09-05,13.515000343322754,13.59000015258789,13.510000228881836,13.5625,13.5625,12224,0.0,0.0
2025-09-08,13.654999732971191,13.694999694824219,13.5,13.52750015258789,13.52750015258789,74,0.0,0.0
2025-09-09,13.430000305175781,13.510000228881836,13.395000457763672,13.40999984741211,13.40999984741211,10452,0.0,0.0
2025-09-10,13.460000038146973,13.479999542236328,13.395000457763672,13.449999809265137,13.449999809265137,13208,0.0,0.0
2025-09-11,13.40999984741211,13.46500015258789,13.399999618530273,13.454999923706055,13.454999923706055,313,0.0,0.0
2025-09-12,13.649999618530273,13.664999961853027,13.635000228881836,13.670000076293945,13.670000076293945,9670,0.0,0.0
2025-09-15,13.680000305175781,13.774999618530273,13.680000305175781,13.712499618530273,13.712499618530273,7387,0.0,0.0
2025-09-16,13.649999618530273,13.704999923706055,13.649999618530273,13.699999809265137,13.699999809265137,7887,0.0,0.0
2025-09-17,13.550000190734863,13.6899995803833,13.515000343322754,13.677499771118164,13.677499771118164,767,0.0,0.0
2025-09-18,13.539999961853027,13.630000114440918,13.505000114440918,13.557499885559082,13.557499885559082,394,0.0,0.0
2025-09-19,13.614999771118164,13.675000190734863,13.5649995803833,13.569999694824219,13.569999694824219,35987,0.0,0.0
2025-09-22,13.550000190734863,13.555000305175781,13.505000114440918,13.5024995803833,13.5024995803833,10250,0.0,0.0
2025-09-23,13.619999885559082,13.635000228881836,13.484999656677246,13.619999885559082,13.619999885559082,364,0.0,0.0
2025-09-24,13.609999656677246,13.6850004196167,13.545000076293945,13.694999694824219,13.694999694824219,2967,0.0,0.0
2025-09-25,13.710000038146973,13.760000228881836,13.574999809265137,13.552499771118164,13.552499771118164,375,0.0,0.0
2025-09-26,13.515000343322754,13.520000457763672,13.475000381469727,13.467499732971191,13.467499732971191,37901,0.0,0.0
2025-09-29,13.515000343322754,13.604999542236328,13.489999771118164,13.592499732971191,13.592499732971191,463,0.0,0.0
2025-09-30,13.515000343322754,13.579999923706055,12.123860359191895,13.507499694824219,13.507499694824219,211,0.0,0.0
2025-10-01,13.529999732971191,13.649999618530273,13.475000381469727,13.452500343322754,13.452500343322754,1103,0.0,0.0
2025-10-02,13.484999656677246,13.600000381469727,13.484999656677246,13.5649995803833,13.5649995803833,20849,0.0,0.0
2025-10-03,13.625,13.710000038146973,13.625,13.702500343322754,13.702500343322754,2252,0.0,0.0
2025-10-06,13.664999961853027,13.704999923706055,13.595000267028809,13.707500457763672,13.707500457763672,7086,0.0,0.0
2025-10-07,13.71500015258789,13.779999732971191,13.6899995803833,13.744999885559082,13.744999885559082,3536,0.0,0.0
2025-10-08,13.704999923706055,13.739999771118164,13.600000381469727,13.595000267028809,13.595000267028809,19002,0.0,0.0
2025-10-09,13.760000228881836,13.850000381469727,13.720000267028809,13.725000381469727,13.725000381469727,31372,0.0,0.0
2025-10-10,13.595000267028809,13.640000343322754,13.524999618530273,13.517499923706055,13.517499923706055,6061,0.0,0.0
2025-10-13,13.494999885559082,13.53499984741211,13.454999923706055,13.467499732971191,13.467499732971191,6938,0.0,0.0
2025-10-14,13.40999984741211,13.484999656677246,13.375,13.40250015258789,13.40250015258789,4379,0.0,0.0
2025-10-15,13.489999771118164,13.505000114440918,13.425000190734863,13.454999923706055,13.454999923706055,2727,0.0,0.0
2025-10-16,13.479999542236328,13.524999618530273,13.420000076293945,13.524999618530273,13.524999618530273,2938,0.0,0.0
2025-10-17,13.460000038146973,13.479999542236328,13.399999618530273,13.40999984741211,13.40999984741211,21749,0.0,0.0
2025-10-20,13.380000114440918,13.5,13.369999885559082,13.475000381469727,13.475000381469727,1817,0.0,0.0
2025-10-21,13.479999542236328,13.5,13.399999618530273,13.4375,13.4375,4179,0.0,0.0
2025-10-22,13.470000267028809,13.479999542236328,13.390000343322754,13.420000076293945,13.420000076293945,3519,0.0,0.0
2025-10-23,13.5,13.625,13.46500015258789,13.609999656677246,13.609999656677246,1222,0.0,0.0
2025-10-24,13.606439590454102,13.606439590454102,13.606439590454102,13.606439590454102,13.606439590454102,0,0.0,0.0
2025-10-27,13.539999961853027,13.625,13.484999656677246,13.529999732971191,13.529999732971191,17923,0.0,0.0
2025-10-28,13.4399995803833,13.574999809265137,13.420000076293945,13.550000190734863,13.550000190734863,1676,0.0,0.0
2025-10-29,13.579999923706055,13.619999885559082,13.545000076293945,13.602499961853027,13.602499961853027,4944,0.0,0.0
2025-10-30,13.53499984741211,13.569999694824219,13.460000038146973,13.494999885559082,13.494999885559082,5142,0.0,0.0
2025-10-31,13.444999694824219,13.489999771118164,13.431329727172852,13.489999771118164,13.489999771118164,8669,0.0,0.0
2025-11-03,13.5,13.524999618530273,13.375,13.385000228881836,13.385000228881836,4107,0.0,0.0
2025-11-04,13.329999923706055,13.385000228881836,13.319999694824219,13.332500457763672,13.332500457763672,4071,0.0,0.0
2025-11-05,13.34000015258789,13.385000228881836,13.28499984741211,13.289999961853027,13.289999961853027,12075,0.0,0.0
2025-11-06,13.34000015258789,13.420000076293945,13.295000076293945,13.3100004196167,13.3100004196167,10568,0.0,0.0
2025-11-07,13.335000038146973,13.380000114440918,13.300000190734863,13.3149995803833,13.3149995803833,177,0.0,0.0
2025-11-10,13.375,13.430000305175781,13.324999809265137,13.359999656677246,13.359999656677246,1438,0.0,0.0
2025-11-11,13.345000267028809,13.364999771118164,13.28499984741211,13.317500114440918,13.317500114440918,1294,0.0,0.0
2025-11-12,13.270000457763672,13.3149995803833,13.265000343322754,13.319999694824219,13.319999694824219,5153,0.0,0.0
2025-11-13,13.28499984741211,13.34000015258789,13.220000267028809,13.229999542236328,13.229999542236328,21510,0.0,0.0
2025-11-14,13.145000457763672,13.175000190734863,13.0649995803833,13.162500381469727,13.162500381469727,3364,0.0,0.0
2025-11-17,13.079999923706055,13.114999771118164,12.930000305175781,12.9399995803833,12.9399995803833,644,0.0,0.0
2025-11-18,12.854999542236328,12.954999923706055,12.854999542236328,12.9350004196167,12.9350004196167,17790,0.0,0.0
2025-11-19,12.914999961853027,12.994999885559082,12.899999618530273,12.9350004196167,12.9350004196167,786,0.0,0.0
2025-11-20,12.84000015258789,12.859999656677246,12.75,12.795000076293945,12.795000076293945,6621,0.0,0.0
2025-11-21,12.755000114440918,12.8100004196167,12.664999961853027,12.805000305175781,12.805000305175781,1634,0.0,0.0
2025-11-24,12.880000114440918,13.020000457763672,12.880000114440918,13.005000114440918,13.005000114440918,10167,0.0,0.0
2025-11-25,12.979999542236328,13.154999732971191,12.975000381469727,13.135000228881836,13.135000228881836,3065,0.0,0.0
2025-11-26,13.15999984741211,13.180000305175781,13.095000267028809,13.095000267028809,13.095000267028809,2031,0.0,0.0
2025-11-27,13.109999656677246,13.135000228881836,13.085000038146973,13.100000381469727,13.100000381469727,4742,0.0,0.0
2025-11-28,13.119999885559082,13.164999961853027,13.100000381469727,13.100000381469727,13.100000381469727,114,0.0,0.0
2025-12-01,13.145000457763672,13.199999809265137,13.095000267028809,13.175000190734863,13.175000190734863,1455,0.0,0.0
2025-12-02,13.175000190734863,13.194999694824219,12.988450050354004,13.045000076293945,13.045000076293945,2965,0.0,0.0
2025-12-03,13.149999618530273,13.175000190734863,13.149999618530273,13.149999618530273,13.149999618530273,2659,0.0,0.0
2025-12-04,13.164999961853027,13.1850004196167,13.140000343322754,13.15999984741211,13.15999984741211,154660,0.0,0.0
2025-12-05,13.1850004196167,13.239999771118164,13.164999961853027,13.180000305175781,13.180000305175781,1140,0.0,0.0
2025-12-08,13.135000228881836,13.180000305175781,13.100000381469727,13.119999885559082,13.119999885559082,7119,0.0,0.0
2025-12-09,13.050000190734863,13.095000267028809,13.050000190734863,13.020000457763672,13.020000457763672,13724,0.0,0.0
2025-12-10,13.024999618530273,13.055000305175781,12.949999809265137,12.949999809265137,12.949999809265137,1079,0.0,0.0
2025-12-11,12.899999618530273,12.925000190734863,12.890000343322754,12.920000076293945,12.920000076293945,4794,0.0,0.0
2025-12-12,12.914999961853027,12.920000076293945,12.875,12.887499809265137,12.887499809265137,1188,0.0,0.0
2025-12-15,12.854999542236328,12.854999542236328,12.574999809265137,12.625,12.625,16825,0.0,0.0
2025-12-16,12.619999885559082,12.645000457763672,12.555000305175781,12.59000015258789,12.59000015258789,792,0.0,0.0
2025-12-17,12.765000343322754,12.765000343322754,12.694999694824219,12.694999694824219,12.694999694824219,3999,0.0,0.0
2025-12-18,12.854999542236328,12.920000076293945,12.8100004196167,12.895000457763672,12.895000457763672,6820,0.0,0.0
2025-12-19,13.045000076293945,13.100000381469727,13.029999732971191,13.0600004196167,13.0600004196167,3759,0.0,0.0
2025-12-22,13.3100004196167,13.510000228881836,13.279999732971191,13.479999542236328,13.479999542236328,25157,0.0,0.0
2025-12-23,13.675000190734863,14.079999923706055,13.630000114440918,13.8100004196167,13.8100004196167,45413,0.0,0.0
2025-12-24,14.005000114440918,14.015000343322754,13.949999809265137,13.942500114440918,13.942500114440918,25666,0.0,0.0
2025-12-29,14.010000228881836,14.145000457763672,13.954999923706055,13.979999542236328,13.979999542236328,81236,0.0,0.0
2025-12-30,14.449999809265137,14.890000343322754,14.385000228881836,14.854999542236328,14.854999542236328,98927,0.0,0.0
2025-12-31,14.654999732971191,14.812270164489746,14.654999732971191,14.734999656677246,14.734999656677246,15990,0.0,0.0
2026-01-02,14.885000228881836,14.975000381469727,14.845000267028809,14.845000267028809,14.845000267028809,26591,0.0,0.0
2026-01-05,14.869999885559082,15.0,14.819999694824219,15.0,15.0,188077,0.0,0.0
2026-01-06,15.770000457763672,16.514999389648438,13.950750350952148,16.514999389648438,16.514999389648438,88215,0.0,0.0
2026-01-07,16.43000030517578,16.565000534057617,15.680000305175781,15.800000190734863,15.800000190734863,130727,0.0,0.0
2026-01-08,15.130000114440918,15.194689750671387,14.899999618530273,15.1899995803833,15.1899995803833,68877,0.0,0.0
2026-01-09,15.404999732971191,15.739999771118164,15.390000343322754,15.579999923706055,15.579999923706055,33413,0.0,0.0
2026-01-12,15.885000228881836,16.100000381469727,15.395000457763672,15.854999542236328,15.854999542236328,51913,0.0,0.0
2026-01-13,15.545000076293945,15.720000267028809,15.545000076293945,15.5625,15.5625,32440,0.0,0.0
2026-01-14,15.670000076293945,16.614999771118164,15.670000076293945,16.489999771118164,16.489999771118164,56685,0.0,0.0
2026-01-15,16.200000762939453,16.375,15.895000457763672,16.360000610351562,16.360000610351562,25702,0.0,0.0
2026-01-16,15.944999694824219,16.030000686645508,15.454999923706055,15.550000190734863,15.550000190734863,66030,0.0,0.0
2026-01-19,15.885000228881836,16.0,15.819999694824219,15.970000267028809,15.970000267028809,3455,0.0,0.0
2026-01-20,15.925000190734863,15.949999809265137,15.489999771118164,15.604999542236328,15.604999542236328,14747,0.0,0.0
2026-01-21,15.904999732971191,15.989999771118164,15.79224967956543,15.845000267028809,15.845000267028809,11379,0.0,0.0
2026-01-22,15.850000381469727,15.9399995803833,15.779999732971191,15.885000228881836,15.885000228881836,7812,0.0,0.0
2026-01-23,16.329999923706055,16.614999771118164,16.329999923706055,16.415000915527344,16.415000915527344,38207,0.0,0.0
2026-01-26,16.415000915527344,16.584999084472656,16.31999969482422,16.31999969482422,16.31999969482422,21857,0.0,0.0
2026-01-27,16.315000534057617,16.489999771118164,15.954999923706055,15.954999923706055,15.954999923706055,44256,0.0,0.0
2026-01-28,16.190000534057617,16.360000610351562,16.075000762939453,16.094999313354492,16.094999313354492,23810,0.0,0.0
2026-01-29,16.684999465942383,16.829999923706055,16.049999237060547,16.1299991607666,16.1299991607666,72798,0.0,0.0
2026-01-30,15.734999656677246,15.890000343322754,15.489999771118164,15.664999961853027,15.664999961853027,68658,0.0,0.0
2026-02-02,15.010000228881836,15.087499618530273,14.710000038146973,14.819999694824219,14.819999694824219,44109,0.0,0.0
2026-02-03,15.244999885559082,16.061880111694336,15.154999732971191,15.380000114440918,15.380000114440918,157763,0.0,0.0
2026-02-04,15.399999618530273,15.4399995803833,15.145000457763672,15.270000457763672,15.270000457763672,137910,0.0,0.0
2026-02-05,15.125,15.140000343322754,14.864999771118164,15.0,15.0,21434,0.0,0.0
2026-02-06,14.84000015258789,15.100000381469727,14.8149995803833,15.029999732971191,15.029999732971191,23000,0.0,0.0
2026-02-09,15.125,15.28499984741211,15.0600004196167,15.270000457763672,15.270000457763672,12184,0.0,0.0
2026-02-10,15.104999542236328,15.545000076293945,15.010000228881836,15.380000114440918,15.380000114440918,2673,0.0,0.0
2026-02-11,15.779999732971191,15.84000015258789,15.670000076293945,15.75,15.75,28386,0.0,0.0
2026-02-12,15.760000228881836,15.760000228881836,15.125,15.194999694824219,15.194999694824219,16645,0.0,0.0
2026-02-13,15.15999984741211,15.164999961853027,14.854999542236328,14.984999656677246,14.984999656677246,10318,0.0,0.0
2026-02-16,14.944999694824219,15.100000381469727,14.913000106811523,15.03499984741211,15.03499984741211,7450,0.0,0.0
2026-02-17,14.9350004196167,15.0,14.835000038146973,14.835000038146973,14.835000038146973,3567,0.0,0.0
2026-02-18,14.864999771118164,15.25,14.829999923706055,15.25,15.25,6330,0.0,0.0
2026-02-19,15.395000457763672,15.395000457763672,15.079999923706055,15.175000190734863,15.175000190734863,44128,0.0,0.0
2026-02-20,15.210000038146973,15.380000114440918,15.194999694824219,15.2524995803833,15.2524995803833,23668,0.0,0.0
2026-02-23,15.414999961853027,15.489999771118164,15.180000305175781,15.217499732971191,15.217499732971191,30797,0.0,0.0
2026-02-24,15.515000343322754,15.819999694824219,15.425000190734863,15.725000381469727,15.725000381469727,13703,0.0,0.0
2026-02-25,15.725000381469727,15.925000190734863,15.5649995803833,15.897500038146973,15.897500038146973,54620,0.0,0.0
2026-02-26,15.710000038146973,15.774999618530273,15.489999771118164,15.579999923706055,15.579999923706055,60530,0.0,0.0
2026-02-27,15.765000343322754,15.765000343322754,15.600000381469727,15.600000381469727,15.600000381469727,13963,0.0,0.0
2026-03-02,15.71500015258789,15.289999961853027,15.020000457763672,15.074999809265137,15.074999809265137,19215,0.0,0.0
2026-03-03,15.045000076293945,15.104999542236328,14.96500015258789,15.0,15.0,19824,0.0,0.0
2026-03-04,15.28499984741211,15.515000343322754,15.265000343322754,15.362500190734863,15.362500190734863,4365,0.0,0.0
2026-03-05,15.175000190734863,15.255000114440918,15.085000038146973,15.085000038146973,15.085000038146973,17433,0.0,0.0
2026-03-06,15.279999732971191,15.364999771118164,15.175000190734863,15.335000038146973,15.335000038146973,15843,0.0,0.0
2026-03-09,15.03499984741211,15.34000015258789,14.989999771118164,15.3125,15.3125,12251,0.0,0.0
2026-03-10,15.329999923706055,15.399999618530273,15.295000076293945,15.354999542236328,15.354999542236328,7845,0.0,0.0
2026-03-11,15.260000228881836,15.574999809265137,15.241999626159668,15.547499656677246,15.547499656677246,9223,0.0,0.0
2026-03-12,15.555000305175781,15.595000267028809,15.494999885559082,15.567500114440918,15.567500114440918,13677,0.0,0.0
2026-03-13,15.3149995803833,15.380000114440918,15.164999961853027,15.157500267028809,15.157500267028809,9689,0.0,0.0
2026-03-16,15.119999885559082,15.600000381469727,15.074999809265137,15.324999809265137,15.324999809265137,255010,0.0,0.0
2026-03-17,15.21500015258789,15.319999694824219,15.100000381469727,15.114999771118164,15.114999771118164,14488,0.0,0.0
2026-03-18,15.09000015258789,15.220000267028809,15.005000114440918,15.050000190734863,15.050000190734863,4750,0.0,0.0
2026-03-19,14.630000114440918,14.885000228881836,14.349160194396973,14.904999732971191,14.904999732971191,17087,0.0,0.0
2026-03-20,14.914999961853027,14.989999771118164,14.765000343322754,14.899999618530273,14.899999618530273,15117,0.0,0.0
2026-03-23,14.704999923706055,15.194999694824219,14.670000076293945,14.982500076293945,14.982500076293945,254818,0.0,0.0
2026-03-24,14.850000381469727,15.0,14.798999786376953,14.897500038146973,14.897500038146973,26260,0.0,0.0
2026-03-25,15.1899995803833,15.390000343322754,15.1899995803833,15.244999885559082,15.244999885559082,3773,0.0,0.0
2026-03-26,15.109999656677246,15.210000038146973,15.015000343322754,15.142499923706055,15.142499923706055,1742,0.0,0.0
2026-03-27,15.140000343322754,15.149999618530273,14.987000465393066,15.079999923706055,15.079999923706055,7007,0.0,0.0
2026-03-30,15.1899995803833,15.239999771118164,15.104999542236328,15.172499656677246,15.172499656677246,68703,0.0,0.0
2026-03-31,15.015000343322754,15.085000038146973,14.989999771118164,14.994999885559082,14.994999885559082,2743,0.0,0.0
2026-04-01,15.119999885559082,15.292750358581543,15.074999809265137,15.100000381469727,15.100000381469727,13571,0.0,0.0
2026-04-02,14.899999618530273,15.103870391845703,14.885000228881836,14.975000381469727,14.975000381469727,7415,0.0,0.0
2026-04-07,14.975000381469727,15.0,14.789999961853027,14.864999771118164,14.864999771118164,6719,0.0,0.0
2026-04-08,15.130000114440918,15.274999618530273,15.130000114440918,15.204999923706055,15.204999923706055,55407,0.0,0.0
2026-04-09,15.0649995803833,15.109999656677246,15.020000457763672,14.989999771118164,14.989999771118164,46522,0.0,0.0
2026-04-10,15.055000305175781,15.09000015258789,15.024999618530273,15.0649995803833,15.0649995803833,2979,0.0,0.0
2026-04-13,15.369999885559082,15.579999923706055,15.345000267028809,15.487500190734863,15.487500190734863,51741,0.0,0.0
2026-04-14,15.670000076293945,15.96500015258789,15.619999885559082,15.922499656677246,15.922499656677246,15281,0.0,0.0
2026-04-15,16.014999389648438,16.084999084472656,15.869999885559082,15.882499694824219,15.882499694824219,30982,0.0,0.0
2026-04-16,16.049999237060547,16.1299991607666,15.952949523925781,15.989999771118164,15.989999771118164,7244,0.0,0.0
2026-04-17,16.235000610351562,16.325000762939453,15.824999809265137,15.845000267028809,15.845000267028809,38590,0.0,0.0
2026-04-20,15.899999618530273,16.229999542236328,15.854999542236328,16.0049991607666,16.0049991607666,45499,0.0,0.0
2026-04-21,16.0,16.09000015258789,15.895000457763672,15.970000267028809,15.970000267028809,27374,0.0,0.0
2026-04-22,16.045000076293945,16.200000762939453,16.045000076293945,16.190000534057617,16.190000534057617,21256,0.0,0.0
2026-04-23,16.075000762939453,16.43000030517578,16.075000762939453,16.3799991607666,16.3799991607666,3294,0.0,0.0
2026-04-24,16.360000610351562,16.700000762939453,16.345949172973633,16.684999465942383,16.684999465942383,5419,0.0,0.0
2026-04-27,16.875,17.100000381469727,16.71500015258789,16.780000686645508,16.780000686645508,97062,0.0,0.0
2026-04-28,16.8700008392334,17.05500030517578,16.780000686645508,17.047500610351562,17.047500610351562,36461,0.0,0.0
2026-04-29,17.049999237060547,17.100000381469727,16.80500030517578,16.860000610351562,16.860000610351562,32063,0.0,0.0
2026-04-30,16.889999389648438,17.084999084472656,16.889999389648438,17.032499313354492,17.032499313354492,11562,0.0,0.0
2026-05-01,17.03499984741211,17.184999465942383,16.924999237060547,16.989999771118164,16.989999771118164,15197,0.0,0.0
2026-05-05,16.924999237060547,17.219999313354492,16.924999237060547,17.184999465942383,17.184999465942383,5626,0.0,0.0
2026-05-06,17.399999618530273,17.434999465942383,16.770000457763672,16.799999237060547,16.799999237060547,30444,0.0,0.0
2026-05-07,16.889999389648438,16.889999389648438,16.59000015258789,16.735000610351562,16.735000610351562,26016,0.0,0.0
2026-05-08,16.739999771118164,16.739999771118164,16.530000686645508,16.545000076293945,16.545000076293945,156,0.0,0.0
2026-05-11,16.6200008392334,16.889999389648438,16.614999771118164,16.829999923706055,16.829999923706055,5296,0.0,0.0
2026-05-12,16.55500030517578,16.6299991607666,16.524999618530273,16.572500228881836,16.572500228881836,2032,0.0,0.0
2026-05-13,16.770000457763672,16.834999084472656,16.760000228881836,16.829999923706055,16.829999923706055,10095,0.0,0.0
2026-05-14,16.559999465942383,16.639999389648438,16.510000228881836,16.552499771118164,16.552499771118164,8499,0.0,0.0
2026-05-15,16.3700008392334,16.3799991607666,16.094999313354492,16.155000686645508,16.155000686645508,6243,0.0,0.0
2026-05-18,16.315000534057617,16.354999542236328,16.190000534057617,16.19499969482422,16.19499969482422,11668,0.0,0.0
2026-05-19,16.469999313354492,16.670000076293945,16.395000457763672,16.434999465942383,16.434999465942383,10270,0.0,0.0
2026-05-20,16.524999618530273,16.625,16.385000228881836,16.552499771118164,16.552499771118164,16049,0.0,0.0
2026-05-21,16.420000076293945,16.5049991607666,16.260000228881836,16.362499237060547,16.362499237060547,7064,0.0,0.0
2026-05-22,16.389999389648438,16.579999923706055,16.360000610351562,16.5625,16.5625,5594,0.0,0.0
2026-05-26,16.360000610351562,16.665000915527344,16.290000915527344,16.55500030517578,16.55500030517578,2061,0.0,0.0
2026-05-27,16.545000076293945,16.684999465942383,16.514999389648438,16.530000686645508,16.530000686645508,14410,0.0,0.0
2026-05-28,16.549999237060547,16.725000381469727,16.459999084472656,16.68000030517578,16.68000030517578,10323,0.0,0.0
2026-05-29,16.600000381469727,16.735000610351562,16.594999313354492,16.645000457763672,16.645000457763672,4326,0.0,0.0
2026-06-01,16.690000534057617,16.895889282226562,16.684999465942383,16.837499618530273,16.837499618530273,27325,0.0,0.0
2026-06-02,16.8700008392334,16.96500015258789,16.780000686645508,16.8075008392334,16.8075008392334,5459,0.0,0.0
2026-06-03,16.614999771118164,16.709999084472656,16.440000534057617,16.475000381469727,16.475000381469727,8090,0.0,0.0
2026-06-04,16.25,16.31999969482422,16.190000534057617,16.30500030517578,16.30500030517578,7379,0.0,0.0
2026-06-05,16.149999618530273,16.334999084472656,16.059999465942383,16.15999984741211,16.15999984741211,36244,0.0,0.0
2026-06-08,16.200000762939453,16.28499984741211,15.930000305175781,15.984999656677246,15.984999656677246,9324,0.0,0.0
2026-06-09,15.960000038146973,16.045000076293945,15.704999923706055,15.704999923706055,15.704999923706055,17459,0.0,0.0
2026-06-10,15.654999732971191,15.694999694824219,15.25,15.4399995803833,15.4399995803833,38005,0.0,0.0
2026-06-11,15.430000305175781,15.475000381469727,15.375,15.422499656677246,15.422499656677246,4680,0.0,0.0
2026-06-12,15.579999923706055,15.614999771118164,15.454999923706055,15.529999732971191,15.529999732971191,727,0.0,0.0
2026-06-15,15.670000076293945,15.8100004196167,15.572890281677246,15.574999809265137,15.574999809265137,26775,0.0,0.0
2026-06-16,15.609999656677246,15.694999694824219,15.53499984741211,15.694999694824219,15.694999694824219,12272,0.0,0.0
2026-06-17,15.859999656677246,15.859999656677246,15.664999961853027,15.770000457763672,15.770000457763672,31742,0.0,0.0
2026-06-18,15.635000228881836,15.704999923706055,15.529999732971191,15.550000190734863,15.550000190734863,2085,0.0,0.0
2026-06-19,15.569999694824219,15.569999694824219,15.295000076293945,15.295000076293945,15.295000076293945,1824,0.0,0.0
2026-06-22,15.5649995803833,15.614999771118164,15.444999694824219,15.444999694824219,15.444999694824219,3776,0.0,0.0
2026-06-23,15.164999961853027,15.164999961853027,14.899999618530273,15.007499694824219,15.007499694824219,7902,0.0,0.0
2026-06-24,14.755000114440918,14.795000076293945,14.550000190734863,14.6899995803833,14.6899995803833,4556,0.0,0.0
2026-06-25,14.720000267028809,14.770000457763672,14.675350189208984,14.699999809265137,14.699999809265137,2663,0.0,0.0
2026-06-26,14.649999618530273,14.649999618530273,14.545000076293945,14.5625,14.5625,13317,0.0,0.0
2026-06-29,14.635000228881836,14.670000076293945,14.15999984741211,14.199999809265137,14.199999809265137,674,0.0,0.0
2026-06-30,14.324999809265137,14.369999885559082,14.199999809265137,14.234999656677246,14.234999656677246,6665,0.0,0.0
2026-07-01,14.135000228881836,14.34000015258789,14.104999542236328,14.262499809265137,14.262499809265137,29357,0.0,0.0
2026-07-02,14.055000305175781,14.279999732971191,14.055000305175781,14.164999961853027,14.164999961853027,27322,0.0,0.0
2026-07-03,14.329999923706055,14.399999618530273,14.210000038146973,14.239999771118164,14.239999771118164,11668,0.0,0.0
2026-07-06,14.270000457763672,14.34000015258789,14.107569694519043,14.319999694824219,14.319999694824219,2115,0.0,0.0
2026-07-07,14.25,14.28499984741211,14.220000267028809,14.25,14.25,17547,0.0,0.0
2026-07-08,14.100000381469727,14.319999694824219,14.100000381469727,14.210000038146973,14.210000038146973,1530,0.0,0.0
2026-07-09,14.4399995803833,14.460000038146973,14.350000381469727,14.425000190734863,14.425000190734863,6729,0.0,0.0
2026-07-10,14.46500015258789,14.614999771118164,14.430000305175781,14.574999809265137,14.574999809265137,7822,0.0,0.0
2026-07-13,14.399999618530273,14.645000457763672,14.380000114440918,14.609999656677246,14.609999656677246,1390,0.0,0.0
2026-07-14,14.630000114440918,14.734999656677246,14.550000190734863,14.587499618530273,14.587499618530273,743,0.0,0.0
2026-07-15,14.649999618530273,14.72323989868164,14.515000343322754,14.604999542236328,14.604999542236328,8532,0.0,0.0
2026-07-16,15.029999732971191,15.050000190734863,14.885000228881836,14.96500015258789,14.96500015258789,6258,0.0,0.0
2026-07-17,14.604999542236328,14.805000305175781,14.574999809265137,14.78499984741211,14.78499984741211,204,0.0,0.0
2026-07-20,14.710000038146973,14.845000267028809,14.675000190734863,14.737500190734863,14.737500190734863,1190,0.0,0.0
2026-07-21,14.885000228881836,14.914999961853027,14.805000305175781,14.854999542236328,14.854999542236328,90,0.0,0.0
2026-07-22,14.925000190734863,15.020000457763672,14.90999984741211,15.0,15.0,1695,0.0,0.0
2026-07-23,15.069999694824219,15.175000190734863,14.800000190734863,14.96500015258789,14.96500015258789,376,0.0,0.0
2026-07-24,15.175000190734863,15.220000267028809,15.114999771118164,15.114999771118164,15.114999771118164,579,0.0,0.0
2026-07-27,15.135000228881836,15.149999618530273,14.930000305175781,14.96500015258789,14.96500015258789,4245,0.0,0.0
2026-07-28,14.864999771118164,14.890000343322754,14.680000305175781,14.755000114440918,14.755000114440918,1202,0.0,0.0
2026-07-29,14.949999809265137,14.989999771118164,14.895000457763672,14.920000076293945,14.920000076293945,4599,0.0,0.0
2026-07-30,14.914999961853027,15.069999694824219,14.864999771118164,15.045000076293945,15.045000076293945,602,0.0,0.0
2026-07-31,15.015000343322754,15.095000267028809,14.989999771118164,15.0,15.0,14143,0.0,0.0
2026-08-03,14.774999618530273,14.824999809265137,14.75,14.817500114440918,14.817500114440918,450,0.0,0.0
2026-08-04,15.055000305175781,15.119999885559082,14.895000457763672,14.904999732971191,14.904999732971191,1373,0.0,0.0
2026-08-05,14.90999984741211,14.90999984741211,14.805000305175781,14.885000228881836,14.885000228881836,27692,0.0,0.0
2026-08-06,14.449999809265137,14.59000015258789,14.420000076293945,14.5625,14.5625,4162,0.0,0.0
2026-08-07,14.829999923706055,14.859999656677246,14.694999694824219,14.770000457763672,14.770000457763672,1597,0.0,0.0
2026-08-10,14.755000114440918,14.819999694824219,14.640000343322754,14.6899995803833,14.6899995803833,7172,0.0,0.0
2026-08-11,14.71500015258789,14.725000381469727,14.574999809265137,14.609999656677246,14.609999656677246,686,0.0,0.0
2026-08-12,14.664999961853027,14.729999542236328,14.614999771118164,14.702500343322754,14.702500343322754,7226,0.0,0.0
2026-08-13,14.5600004196167,14.680000305175781,14.5600004196167,14.592499732971191,14.592499732971191,3221,0.0,0.0
2026-08-14,14.484999656677246,14.609999656677246,14.46500015258789,14.5649995803833,14.5649995803833,4363,0.0,0.0
2026-08-17,14.675000190734863,14.739999771118164,14.614999771118164,14.609999656677246,14.609999656677246,183,0.0,0.0
2026-08-18,14.654999732971191,14.699999809265137,14.579999923706055,14.567500114440918,14.567500114440918,4633,0.0,0.0
2026-08-19,14.569999694824219,14.875,14.545000076293945,14.859999656677246,14.859999656677246,698,0.0,0.0
2026-08-20,14.765000343322754,14.774999618530273,14.635000228881836,14.654999732971191,14.654999732971191,1173,0.0,0.0
2026-08-21,14.729999542236328,14.84000015258789,14.725000381469727,14.8149995803833,14.8149995803833,3113,0.0,0.0
2026-08-24,14.8149995803833,14.880000114440918,14.725000381469727,14.792499542236328,14.792499542236328,47245,0.0,0.0
2026-08-25,14.729999542236328,14.824999809265137,14.619999885559082,14.800000190734863,14.800000190734863,38171,0.0,0.0
2026-08-26,14.75,14.829999923706055,14.680000305175781,14.677499771118164,14.677499771118164,84148,0.0,0.0
2026-08-27,14.585000038146973,14.675000190734863,14.585000038146973,14.640000343322754,14.640000343322754,1719,0.0,0.0
2026-08-28,14.670000076293945,14.8149995803833,14.614999771118164,14.65250015258789,14.65250015258789,93415,0.0,0.0
2026-09-01,14.635000228881836,14.670000076293945,14.364999771118164,14.475000381469727,14.475000381469727,124273,0.0,0.0
2026-09-02,14.4350004196167,14.755000114440918,14.34000015258789,14.667499542236328,14.667499542236328,6849,0.0,0.0
2026-09-03,14.625,14.725000381469727,14.5600004196167,14.572500228881836,14.572500228881836,2199,0.0,0.0
2026-09-04,14.600000381469727,14.635000228881836,14.539999961853027,14.617500305175781,14.617500305175781,1569,0.0,0.0
2026-09-07,14.59000015258789,14.595000267028809,14.46500015258789,14.479999542236328,14.479999542236328,3210,0.0,0.0
2026-09-08,14.489999771118164,14.640000343322754,14.489999771118164,14.602499961853027,14.602499961853027,39182,0.0,0.0
2026-09-09,14.555000305175781,14.704999923706055,14.555000305175781,14.65999984741211,14.65999984741211,957,0.0,0.0
2026-09-10,14.520000457763672,14.675000190734863,14.475000381469727,14.454999923706055,14.454999923706055,4519,0.0,0.0
2026-09-11,14.289999961853027,14.420000076293945,14.21500015258789,14.279999732971191,14.279999732971191,3339,0.0,0.0
2026-09-14,14.21500015258789,14.25,14.149999618530273,14.1850004196167,14.1850004196167,6891,0.0,0.0
2026-09-15,14.109999656677246,14.140000343322754,13.800000190734863,13.845000267028809,13.845000267028809,56634,0.0,0.0
2026-09-16,14.09000015258789,14.125,13.875,13.989999771118164,13.989999771118164,1816,0.0,0.0
2026-09-17,14.130000114440918,14.225000381469727,14.104999542236328,14.137499809265137,14.137499809265137,506,0.0,0.0
2026-09-18,14.100000381469727,14.180000305175781,14.024999618530273,14.045000076293945,14.045000076293945,2014,0.0,0.0
2026-09-21,14.095000267028809,14.180000305175781,14.0649995803833,14.104999542236328,14.104999542236328,20138,0.0,0.0
2026-09-22,14.274999618530273,14.425000190734863,14.239999771118164,14.390000343322754,14.390000343322754,823,0.0,0.0
2026-09-23,14.324999809265137,14.404999732971191,14.274999618530273,14.28499984741211,14.28499984741211,250,0.0,0.0
2026-09-24,14.3100004196167,14.375,14.270000457763672,14.3149995803833,14.3149995803833,50,0.0,0.0
2026-09-25,14.3100004196167,14.3100004196167,14.09000015258789,14.167499542236328,14.167499542236328,980,0.0,0.0
2026-09-28,14.085000038146973,14.100000381469727,14.010000228881836,14.029999732971191,14.029999732971191,5242,0.0,0.0
2026-09-29,13.845000267028809,14.015000343322754,13.805000305175781,13.8149995803833,13.8149995803833,487,0.0,0.0
2026-09-30,13.9350004196167,13.9350004196167,13.78499984741211,13.8100004196167,13.8100004196167,1408,0.0,0.0
2026-10-01,13.635000228881836,13.770000457763672,13.550000190734863,13.537500381469727,13.537500381469727,1176,0.0,0.0
2026-10-02,13.53499984741211,13.604999542236328,13.515000343322754,13.524999618530273,13.524999618530273,7723,0.0,0.0
2026-10-05,13.595000267028809,13.645000457763672,13.46500015258789,13.604999542236328,13.604999542236328,7937,0.0,0.0
2026-10-07,13.520000457763672,13.649999618530273,13.510000228881836,13.649999618530273,13.649999618530273,103,0.0,0.0
