mode,strategy,variant,year,n,avg_net,avg_xs,avg_xs_stress,avg_bars
ohlc,conservative,A,2000,19,-0.014806307789265389,-0.00432132974278561,-0.006290756058987347,1.105263157894737
ohlc,conservative,A,2001,151,-0.010658177767395369,-0.008092507943674969,-0.010070226473370008,1.2317880794701987
ohlc,conservative,A,2002,245,-0.005153376713403696,-0.012432588679922092,-0.014421311441725931,1.1877551020408164
ohlc,conservative,A,2003,363,-0.007962259194011638,-0.014495912207187382,-0.016479019944128415,1.3636363636363635
ohlc,conservative,A,2004,860,-0.007916473099736839,-0.010538470074150368,-0.012521669338615092,1.363953488372093
ohlc,conservative,A,2005,1031,-0.005799432955398577,-0.00847680216095727,-0.010464233440512711,1.600387972841901
ohlc,conservative,A,2006,1353,-0.005095687525408681,-0.009565950451789366,-0.011554788535692707,1.541019955654102
ohlc,conservative,A,2007,1651,-0.003441469920016345,-0.006601689754679107,-0.008593834660084192,1.3797698364627498
ohlc,conservative,A,2008,613,0.006028495208673102,0.010322412018469404,0.008311336420871096,1.401305057096248
ohlc,conservative,A,2009,1050,-0.005786121824092806,-0.010149553256083086,-0.012137011144915968,1.160952380952381
ohlc,conservative,A,2010,2120,-0.0048258653094763,-0.007820154498006405,-0.009809531963126814,1.3033018867924528
ohlc,conservative,A,2011,1975,-0.007095423873543976,-0.007882290645062738,-0.009867131207036502,1.4268354430379746
ohlc,conservative,A,2012,2554,-0.00688108466598477,-0.007602793410862533,-0.009588062442160962,1.4028974158183243
ohlc,conservative,A,2013,2052,-0.0054268693528961446,-0.005777202203035657,-0.007765378246355843,1.3338206627680311
ohlc,conservative,A,2014,2786,-0.005211794793996755,-0.006377202336452575,-0.008365808319082766,1.5028715003589375
ohlc,conservative,A,2015,1668,-0.0056082255208791,-0.005391432525806257,-0.007379246033705593,1.4034772182254196
ohlc,conservative,A,2016,2305,-0.006681719017222452,-0.008846640779595336,-0.010832308347707719,1.286767895878525
ohlc,conservative,A,2017,2200,-0.007865423980697108,-0.007421562254700645,-0.009404863567604423,1.355909090909091
ohlc,conservative,A,2018,2128,-0.0031776961838308397,-0.004013483576356901,-0.006006155771919922,1.263157894736842
ohlc,conservative,A,2019,2640,-0.00817476580192063,-0.007398501387701171,-0.00938118431872914,1.3181818181818181
ohlc,conservative,A,2020,2136,-0.0074995676226754324,-0.01212406884769804,-0.014108101516420602,1.2275280898876404
ohlc,conservative,A,2021,897,-0.009999435823197638,-0.01071380753100845,-0.012692842901981269,1.1282051282051282
ohlc,conservative,B,2000,19,-0.02688432402098,-0.010331813832998568,-0.012277095898986021,4.105263157894737
ohlc,conservative,B,2001,151,-0.007521236043461098,-0.011009062634280484,-0.012993051987299263,3.3642384105960264
ohlc,conservative,B,2002,245,-0.001147173222188324,-0.010238398456888984,-0.012235129717575868,3.020408163265306
ohlc,conservative,B,2003,363,-0.0018631792600887409,-0.018807548924214344,-0.020802848871297866,3.5371900826446283
ohlc,conservative,B,2004,860,-0.0018301652193203721,-0.007941525261518078,-0.00993689120447756,3.4767441860465116
ohlc,conservative,B,2005,1031,-0.001004524424852276,-0.005560508154485227,-0.007557524573611188,3.4364694471387005
ohlc,conservative,B,2006,1353,-0.00010066164965333675,-0.009177149785123207,-0.011175973048070623,3.574279379157428
ohlc,conservative,B,2007,1651,0.00010896362254733627,-0.0077708717108209945,-0.009770114019820862,3.543307086614173
ohlc,conservative,B,2008,613,-0.015125583398618478,0.0014106653087188443,-0.000558122767721357,3.5057096247960846
ohlc,conservative,B,2009,1050,0.0051644314616293785,-0.00959804160238366,-0.011607389915392393,3.699047619047619
ohlc,conservative,B,2010,2120,-0.0005317157812085659,-0.008787874597612013,-0.010785836172794772,3.794811320754717
ohlc,conservative,B,2011,1975,-0.009109408878209158,-0.010637566791844364,-0.012618381348475243,3.97873417721519
ohlc,conservative,B,2012,2554,-0.005324245830806764,-0.008378708712914571,-0.010367089903168468,3.99804228660924
ohlc,conservative,B,2013,2052,-0.006721201663067773,-0.006913094018958186,-0.008898682660294668,3.854775828460039
ohlc,conservative,B,2014,2786,-0.0039301778501108,-0.006583574050607632,-0.008574742016892949,3.709978463747308
ohlc,conservative,B,2015,1668,-0.009138805479167924,-0.0071012415595479985,-0.009081997351653694,3.588129496402878
ohlc,conservative,B,2016,2305,-0.005960684596500307,-0.01246261463658742,-0.014449723570163555,3.542299349240781
ohlc,conservative,B,2017,2200,-0.009464389664692301,-0.00936548441381167,-0.011345589355157584,3.662272727272727
ohlc,conservative,B,2018,2128,-0.004259286952916611,-0.004381467404015769,-0.006371977473145339,3.5159774436090228
ohlc,conservative,B,2019,2640,-0.009219225016900359,-0.007696789573752898,-0.00967738460523335,3.584469696969697
ohlc,conservative,B,2020,2136,-0.001020495495532929,-0.01431795837450647,-0.01631494286707103,3.449438202247191
ohlc,conservative,B,2021,897,-0.016594034871732697,-0.015855331899898416,-0.017821184505884345,3.4548494983277593
ohlc,conservative,C,2000,19,-0.02688432402098,-0.010331813832998568,-0.012277095898986021,4.105263157894737
ohlc,conservative,C,2001,151,-0.007521236043461098,-0.011009062634280484,-0.012993051987299263,3.3642384105960264
ohlc,conservative,C,2002,245,-0.001147173222188324,-0.010238398456888984,-0.012235129717575868,3.020408163265306
ohlc,conservative,C,2003,363,-0.0018631792600887409,-0.018807548924214344,-0.020802848871297866,3.5371900826446283
ohlc,conservative,C,2004,860,-0.0018301652193203721,-0.007941525261518078,-0.00993689120447756,3.4767441860465116
ohlc,conservative,C,2005,1031,-0.001004524424852276,-0.005560508154485227,-0.007557524573611188,3.4364694471387005
ohlc,conservative,C,2006,1353,-0.00010066164965333675,-0.009177149785123207,-0.011175973048070623,3.574279379157428
ohlc,conservative,C,2007,1651,0.00010896362254733627,-0.0077708717108209945,-0.009770114019820862,3.543307086614173
ohlc,conservative,C,2008,613,-0.015125583398618478,0.0014106653087188443,-0.000558122767721357,3.5057096247960846
ohlc,conservative,C,2009,1050,0.0051644314616293785,-0.00959804160238366,-0.011607389915392393,3.699047619047619
ohlc,conservative,C,2010,2120,-0.0005317157812085659,-0.008787874597612013,-0.010785836172794772,3.794811320754717
ohlc,conservative,C,2011,1975,-0.009109408878209158,-0.010637566791844364,-0.012618381348475243,3.97873417721519
ohlc,conservative,C,2012,2554,-0.005324245830806764,-0.008378708712914571,-0.010367089903168468,3.99804228660924
ohlc,conservative,C,2013,2052,-0.006721201663067773,-0.006913094018958186,-0.008898682660294668,3.854775828460039
ohlc,conservative,C,2014,2786,-0.0039301778501108,-0.006583574050607632,-0.008574742016892949,3.709978463747308
ohlc,conservative,C,2015,1668,-0.009138805479167924,-0.0071012415595479985,-0.009081997351653694,3.588129496402878
ohlc,conservative,C,2016,2305,-0.005960684596500307,-0.01246261463658742,-0.014449723570163555,3.542299349240781
ohlc,conservative,C,2017,2200,-0.009464389664692301,-0.00936548441381167,-0.011345589355157584,3.662272727272727
ohlc,conservative,C,2018,2128,-0.004259286952916611,-0.004381467404015769,-0.006371977473145339,3.5159774436090228
ohlc,conservative,C,2019,2640,-0.009219225016900359,-0.007696789573752898,-0.00967738460523335,3.584469696969697
ohlc,conservative,C,2020,2136,-0.001020495495532929,-0.01431795837450647,-0.01631494286707103,3.449438202247191
ohlc,conservative,C,2021,897,-0.016594034871732697,-0.015855331899898416,-0.017821184505884345,3.4548494983277593
ohlc,momentum,A,2001,99,-0.008492600070833167,-0.005353168556430968,-0.007335216128972229,1.8080808080808082
ohlc,momentum,A,2002,156,-0.007045933883208819,-0.015823784708695606,-0.017808724202371968,1.9423076923076923
ohlc,momentum,A,2003,202,-0.007267622124110514,-0.017196096932938644,-0.01918059326639274,2.3564356435643563
ohlc,momentum,A,2004,439,-0.006182962425648909,-0.011055215456564151,-0.013041880051316665,2.3963553530751707
ohlc,momentum,A,2005,571,-0.004918415921057196,-0.010503904716624792,-0.012493097170806277,2.8879159369527145
ohlc,momentum,A,2006,616,-0.005553857301695988,-0.012363131370557313,-0.014351053561858167,2.965909090909091
ohlc,momentum,A,2007,960,-0.002647529445916053,-0.010309245517086752,-0.012302977528941607,2.30625
ohlc,momentum,A,2008,643,-0.005200202607629132,-0.006617283170913394,-0.008605912326608005,1.7884914463452566
ohlc,momentum,A,2009,827,-0.004677354087778753,-0.010765267369929924,-0.012754941712619256,2.0145102781136637
ohlc,momentum,A,2010,1247,-0.0037305560278428998,-0.010036158925866656,-0.012027725941063036,2.6094627105052126
ohlc,momentum,A,2011,1099,-0.01071024889724189,-0.01318428542040989,-0.015161899858641274,2.8853503184713376
ohlc,momentum,A,2012,1310,-0.007274111178380184,-0.009542862177932923,-0.011527345539608614,3.1801526717557254
ohlc,momentum,A,2013,1369,-0.006462196400961496,-0.007438578606159574,-0.00942468500535755,2.246165084002922
ohlc,momentum,A,2014,1605,-0.005885401733417959,-0.008730571630686218,-0.010717831056549186,3.5314641744548285
ohlc,momentum,A,2015,1189,-0.007295850106401423,-0.007056044775867995,-0.009040484680894235,2.840201850294365
ohlc,momentum,A,2016,1463,-0.007896190713318187,-0.012247998469951914,-0.01423123827940376,2.3615857826384143
ohlc,momentum,A,2017,1360,-0.010203503722947847,-0.010285909265977148,-0.012264536700221151,2.8397058823529413
ohlc,momentum,A,2018,1417,-0.004880413829443345,-0.0056568910399533165,-0.007646159461246527,2.1891319689484825
ohlc,momentum,A,2019,1669,-0.010666521077412849,-0.009667643168048398,-0.011645345019262428,2.378070701018574
ohlc,momentum,A,2020,1893,-0.0091112296232312,-0.014240604482740081,-0.016221415399657074,1.7210776545166402
ohlc,momentum,A,2021,1052,-0.014995640769558633,-0.015621314164127363,-0.017590361999065104,1.4106463878326996
ohlc,momentum,B,2001,99,-0.011483075509183411,0.003400055576829784,0.0014239860379207001,8.181818181818182
ohlc,momentum,B,2002,156,0.0030431311635551305,-0.014722838156370587,-0.01672794593813696,8.557692307692308
ohlc,momentum,B,2003,202,0.01657991087057905,-0.015671596879882413,-0.01770376501577246,9.589108910891088
ohlc,momentum,B,2004,439,0.002315961902823563,-0.008310734368224193,-0.01031438852083141,9.9498861047836
ohlc,momentum,B,2005,571,0.005304191147914763,-0.006954320011954269,-0.008963947707998339,10.49737302977233
ohlc,momentum,B,2006,616,0.009360520509346859,-0.01225422549737384,-0.014271961895142998,9.522727272727273
ohlc,momentum,B,2007,960,0.018495042974784236,-0.008657402329488839,-0.010693398861353053,9.822916666666666
ohlc,momentum,B,2008,643,-0.02886680460317528,0.00017470656218515564,-0.00176661247657142,10.786936236391913
ohlc,momentum,B,2009,827,0.025920680587975656,-0.01240939196359392,-0.014460232526886285,10.88149939540508
ohlc,momentum,B,2010,1247,0.009707908170764263,-0.011617859276210262,-0.013636290110421435,11.073777064955895
ohlc,momentum,B,2011,1099,-0.002896668385153227,-0.009919518264565576,-0.011912752241579972,11.686988171064604
ohlc,momentum,B,2012,1310,0.004794406767846688,-0.005333978345278952,-0.007342586969863631,12.158778625954199
ohlc,momentum,B,2013,1369,-0.005394592648861556,-0.007257004569917743,-0.009245245135159699,11.64645726807889
ohlc,momentum,B,2014,1605,0.0015838480452027444,-0.009584748935361443,-0.011586939574439233,10.834890965732088
ohlc,momentum,B,2015,1189,-0.015601655878055546,-0.006315674445460448,-0.008283510841356166,10.602186711522288
ohlc,momentum,B,2016,1463,0.011489154008604181,-0.007026677128481975,-0.00904866871674223,10.363636363636363
ohlc,momentum,B,2017,1360,-0.0058030542835369675,-0.010795147904655501,-0.012782571945087312,11.128676470588236
ohlc,momentum,B,2018,1417,-0.006419661312576646,-0.004721522144656346,-0.006707713572537604,9.836273817925195
ohlc,momentum,B,2019,1669,-0.012883517772607671,-0.0074600215568370095,-0.00943329157736742,10.593169562612342
ohlc,momentum,B,2020,1893,0.015341359911373519,-0.015858362364930937,-0.017888054607123838,9.853671421024828
ohlc,momentum,B,2021,1052,-0.017240895690973312,-0.013041068005858764,-0.015005627521226673,8.368821292775666
ohlc,momentum,C,2001,99,-0.002720532978843387,-0.0008573940640574301,-0.0028509801400622113,9.88888888888889
ohlc,momentum,C,2002,156,0.007420020759178951,-0.010446656409458148,-0.012460513700707637,11.35897435897436
ohlc,momentum,C,2003,202,0.03891886861896456,-0.014315490133949891,-0.016392314393416475,16.722772277227723
ohlc,momentum,C,2004,439,0.04035339011578545,0.010878605693028924,0.00879891378996155,17.91343963553531
ohlc,momentum,C,2005,571,0.02505427461782845,0.00782049941623147,0.005771390819690011,15.754816112084063
ohlc,momentum,C,2006,616,0.028720420296083876,-0.021449819969078087,-0.02350625728060713,18.11525974025974
ohlc,momentum,C,2007,960,0.059826089985943035,0.018834968877571915,0.01671635057061564,15.105208333333334
ohlc,momentum,C,2008,643,-0.011919791391185153,0.011221317464798762,0.009246120931632108,9.493001555209954
ohlc,momentum,C,2009,827,0.05501362924343991,-0.015425564114365051,-0.017534562194449276,17.51632406287787
ohlc,momentum,C,2010,1247,0.023567913579878585,-0.015116556018305362,-0.01716269334273387,18.72093023255814
ohlc,momentum,C,2011,1099,-0.004318814858490711,-0.01626732135024333,-0.018257712421631933,16.83257506824386
ohlc,momentum,C,2012,1310,0.008061633779034077,-0.004606770741799175,-0.006621910633187232,19.74351145038168
ohlc,momentum,C,2013,1369,-0.003564004474888713,-0.007498399318365388,-0.009490299274194645,15.407596785975164
ohlc,momentum,C,2014,1605,0.0025641589840074783,-0.011514681232117224,-0.013518831536767587,16.860436137071652
ohlc,momentum,C,2015,1189,-0.01688132950893101,-0.007128179228838265,-0.009093457525809154,12.246425567703954
ohlc,momentum,C,2016,1463,0.03573282877998677,0.0056445264524579986,0.003574071164649426,16.71496924128503
ohlc,momentum,C,2017,1360,0.009625327112481749,0.004396689443392006,0.0023784236907385767,16.13455882352941
ohlc,momentum,C,2018,1417,0.0033285426178557005,-6.697225224746271e-05,-0.0020726505785001537,13.965419901199718
ohlc,momentum,C,2019,1669,-0.01482483901947925,-0.0025015955024090862,-0.004470984774227828,14.886159376872378
ohlc,momentum,C,2020,1893,0.06530580367481077,-0.012873290031907726,-0.01500286242071554,17.18119387216059
ohlc,momentum,C,2021,1052,0.0005808310007069537,0.005429536378507922,0.0034293507950640028,10.282319391634982
ohlc,nr7,A,2001,87,0.003778219739795424,-0.007759736677425014,-0.00976631391925619,2.413793103448276
ohlc,nr7,A,2002,126,0.002501630633781604,-0.009130116382996283,-0.011134141691943355,2.0
ohlc,nr7,A,2003,235,-0.0009178515080222581,-0.016902729492498512,-0.018899919172907655,2.5446808510638297
ohlc,nr7,A,2004,436,0.005031790380416718,-0.011509425207007346,-0.013518508367246619,2.770642201834862
ohlc,nr7,A,2005,505,0.0003644273894256448,-0.01006789266893678,-0.01206764565626245,3.3247524752475246
ohlc,nr7,A,2006,675,-0.006121895190878311,-0.019343884681912907,-0.021330671351563153,2.774814814814815
ohlc,nr7,A,2007,897,-0.007702194576607226,-0.018811223090333944,-0.02079485070281366,2.118171683389075
ohlc,nr7,A,2008,323,-0.014686684872187014,-0.01481033136479075,-0.01677999681013307,2.235294117647059
ohlc,nr7,A,2009,837,-0.013630034463031626,-0.02511104032795517,-0.027082818043340694,1.859020310633214
ohlc,nr7,A,2010,1167,-0.015179859139648618,-0.021340126793638357,-0.02330880637154313,2.233076263924593
ohlc,nr7,A,2011,953,-0.019051153152668837,-0.024763346763537298,-0.02672428752990961,2.4753410283315844
ohlc,nr7,A,2012,1218,-0.018526211930253073,-0.022357364696816272,-0.02431935483354697,2.5369458128078817
ohlc,nr7,A,2013,1137,-0.008780437711572258,-0.01415501359199964,-0.016136485770048482,2.461741424802111
ohlc,nr7,A,2014,1145,-0.008578811248004064,-0.01652766252959943,-0.018509537763886388,3.455021834061135
ohlc,nr7,A,2015,663,-0.006859314376848414,-0.007762761648408268,-0.00974807419904779,2.93815987933635
ohlc,nr7,A,2016,1091,-0.004641409271366663,-0.011065769635413494,-0.013055515832671049,2.5151237396883594
ohlc,nr7,A,2017,1101,-0.00631504485044431,-0.008481827076526753,-0.010468227635277666,3.0635785649409626
ohlc,nr7,A,2018,1060,-0.006937149049848656,-0.01160768078958864,-0.01359283774681082,2.520754716981132
ohlc,nr7,A,2019,1279,-0.0050450754686193955,-0.006028249621812398,-0.008017188880456641,2.9515246286161063
ohlc,nr7,A,2020,1276,-0.00460514890634669,-0.012725677456501439,-0.014715496139116617,2.0470219435736676
ohlc,nr7,A,2021,761,-0.007461826556751789,-0.012257261194819402,-0.01424136930885696,1.61892247043364
ohlc,nr7,B,2001,87,0.019183002022675397,0.007542694798108208,0.005505323019260476,12.758620689655173
ohlc,nr7,B,2002,126,0.008605973869704539,-0.00812552147970687,-0.01014174952026603,11.253968253968255
ohlc,nr7,B,2003,235,0.029239781750145195,-0.02235637611344046,-0.024413851641234323,11.157446808510638
ohlc,nr7,B,2004,436,0.018424977310535356,-0.00950375940582874,-0.011539615874714365,11.25
ohlc,nr7,B,2005,505,0.0025119073866457457,-0.013809086556010042,-0.015813132408437753,10.855445544554456
ohlc,nr7,B,2006,675,0.019353733015771354,-0.015746691339492865,-0.017784404413776662,10.669629629629629
ohlc,nr7,B,2007,897,0.019364456961033685,-0.01566358198417149,-0.017701316495884464,10.591973244147157
ohlc,nr7,B,2008,323,-0.023509228956520203,0.0031694343439117693,0.0012174053802409346,12.179566563467493
ohlc,nr7,B,2009,837,0.02278606810977919,-0.01840512126971318,-0.020449695665901088,11.986857825567503
ohlc,nr7,B,2010,1167,0.006051290439770101,-0.010976491302645431,-0.012987612468468917,11.544130248500428
ohlc,nr7,B,2011,953,-0.016851083357996826,-0.026774143432044623,-0.0287394821918119,12.492130115424974
ohlc,nr7,B,2012,1218,-0.001547942136097099,-0.010858711225735493,-0.01285464133954943,12.310344827586206
ohlc,nr7,B,2013,1137,-0.0032995720237078796,-0.01047215984764949,-0.012464588410424096,11.990325417766051
ohlc,nr7,B,2014,1145,0.002696197652966428,-0.0119210205334886,-0.013925434786671588,11.386026200873362
ohlc,nr7,B,2015,663,-0.021008883013185327,-0.008399342086826965,-0.01035636930326711,11.197586726998491
ohlc,nr7,B,2016,1091,0.004034071354516699,-0.014386076176759454,-0.016393164872233752,11.427131072410633
ohlc,nr7,B,2017,1101,-0.002345269705979252,-0.008099997030242117,-0.010094333266718868,12.227066303360582
ohlc,nr7,B,2018,1060,-0.012037154577643545,-0.01153734832565709,-0.013512310246940018,11.50943396226415
ohlc,nr7,B,2019,1279,-0.01201510580862681,-0.006386418920289458,-0.008361424917601584,11.72243940578577
ohlc,nr7,B,2020,1276,0.013724954247972241,-0.024826417818951733,-0.026852878826640884,11.322100313479623
ohlc,nr7,B,2021,761,-0.01464971165607258,-0.014950154704111785,-0.016919894059818506,11.680683311432325
ohlc,nr7,C,2001,87,0.04012343464371097,-0.014191653093595123,-0.01627088531004265,15.195402298850574
ohlc,nr7,C,2002,126,0.03346758070736371,0.003098165737382654,0.0010322387359427416,15.666666666666666
ohlc,nr7,C,2003,235,0.06396290414672978,-0.007218087644811919,-0.009344975544578108,20.91063829787234
ohlc,nr7,C,2004,436,0.08023915606380351,0.02740063273435517,0.02524120820843305,20.504587155963304
ohlc,nr7,C,2005,505,0.02386165626492905,-0.004673655899083604,-0.006720380422332724,15.780198019801981
ohlc,nr7,C,2006,675,0.04132931460305092,-0.02170964476729016,-0.023791287567306075,20.005925925925926
ohlc,nr7,C,2007,897,0.04784944860118088,0.0033396628593007987,0.0012449861517572543,14.987736900780378
ohlc,nr7,C,2008,323,-0.030587530661864978,0.005008848904693982,0.0030709696394659453,13.111455108359133
ohlc,nr7,C,2009,837,0.0298610015958165,-0.023971053939267857,-0.02602977130074568,17.305854241338114
ohlc,nr7,C,2010,1167,0.020887177923068087,-0.015389477184135919,-0.017430255652340472,17.984575835475578
ohlc,nr7,C,2011,953,-0.011673558029775356,-0.028618208473131224,-0.030593897232817115,18.031479538300104
ohlc,nr7,C,2012,1218,0.0042146622873317375,-0.009868327890470983,-0.011875777591642302,20.357963875205254
ohlc,nr7,C,2013,1137,0.009361588489998214,-0.00272319353501718,-0.004740932067705814,17.96306068601583
ohlc,nr7,C,2014,1145,0.0022279859520970276,-0.01417047249705933,-0.01617395078358668,17.503930131004367
ohlc,nr7,C,2015,663,-0.021611901815462305,-0.007192479656576833,-0.009148301423664473,14.82503770739065
ohlc,nr7,C,2016,1091,0.01700943850273054,-0.011546127837084159,-0.013579154609229187,16.081576535288725
ohlc,nr7,C,2017,1101,0.012073852548217977,0.0041270446187234725,0.0021038842037643924,16.789282470481382
ohlc,nr7,C,2018,1060,-0.005631306776380854,-0.00841022668544811,-0.010397994053352481,14.641509433962264
ohlc,nr7,C,2019,1279,-0.01432477337003892,-0.0026244921532726736,-0.004594881068570277,15.991399530883502
ohlc,nr7,C,2020,1276,0.054009522074854495,-0.015523455245842997,-0.01763044609110859,18.663793103448278
ohlc,nr7,C,2021,761,0.013968796991027937,0.012668992581744198,0.01064204412644045,11.227332457293036
ohlc,rand:conservative,A,2000,19,-0.013096661338367621,-0.0066802999768670965,-0.008653143918190095,1.263157894736842
ohlc,rand:conservative,A,2001,152,-0.008175660498384146,-0.005827307989564556,-0.007809989132072372,1.230263157894737
ohlc,rand:conservative,A,2002,246,-0.0076985586231442275,-0.0060048811613331995,-0.007988516042172916,1.3089430894308942
ohlc,rand:conservative,A,2003,366,-0.008573917057516738,-0.010893194202626686,-0.012875079220520265,1.5191256830601092
ohlc,rand:conservative,A,2004,851,-0.009376875636068718,-0.011114094230275482,-0.013094374114307665,1.473560517038778
ohlc,rand:conservative,A,2005,1034,-0.006037668109817052,-0.007733036778190745,-0.009719991819838587,1.7736943907156673
ohlc,rand:conservative,A,2006,1352,-0.006262082556325027,-0.010526687610687611,-0.012513194042361411,1.7877218934911243
ohlc,rand:conservative,A,2007,1649,-0.003963804582632716,-0.007021206503577072,-0.009012307249200635,1.5087932080048514
ohlc,rand:conservative,A,2008,615,-0.004041530386450741,0.003470005587254792,0.0014790602174164218,1.334959349593496
ohlc,rand:conservative,A,2009,1048,-0.006236540851304554,-0.010830591601133543,-0.012817149091301142,1.2814885496183206
ohlc,rand:conservative,A,2010,2125,-0.006233619586176193,-0.008356609026643676,-0.010343172356491803,1.5138823529411765
ohlc,rand:conservative,A,2011,1973,-0.006769396910291292,-0.007827210706727464,-0.009812703004584538,1.5281297516472376
ohlc,rand:conservative,A,2012,2544,-0.006149274387402785,-0.0067146834817616696,-0.008701415419727593,1.5742924528301887
ohlc,rand:conservative,A,2013,2067,-0.005312340708237824,-0.005350156813023786,-0.00733856180190923,1.3575229801644897
ohlc,rand:conservative,A,2014,2778,-0.005552897445958379,-0.006884003232219063,-0.008871927342295046,1.9683225341972643
ohlc,rand:conservative,A,2015,1679,-0.007264846761191876,-0.004814540720143898,-0.006799042601616425,1.5616438356164384
ohlc,rand:conservative,A,2016,2302,-0.0058213000428026995,-0.007968906401576482,-0.009956293968288713,1.425716768027802
ohlc,rand:conservative,A,2017,2196,-0.006831503537375268,-0.007534911049236042,-0.009520279194424712,1.6024590163934427
ohlc,rand:conservative,A,2018,2123,-0.00783204944904645,-0.006737715797842155,-0.008721083827251975,1.3287800282618936
ohlc,rand:conservative,A,2019,2643,-0.008090333043481984,-0.007610526041582662,-0.009593377755762342,1.4578130911842604
ohlc,rand:conservative,A,2020,2127,-0.00671703826953334,-0.008309283581555143,-0.010294880545617256,1.2590503055947344
ohlc,rand:conservative,A,2021,907,-0.007527444750148803,-0.007018890333804034,-0.00900286727546612,1.187431091510474
ohlc,rand:conservative,B,2000,19,-0.0055773495066469584,0.00509659322278437,0.0031087179929764823,4.157894736842105
ohlc,rand:conservative,B,2001,152,-0.0034036899901987074,0.008155101943888852,0.006162881515478919,3.8552631578947367
ohlc,rand:conservative,B,2002,246,-0.00914563820894617,-0.009377255845784204,-0.011357997979095749,3.926829268292683
ohlc,rand:conservative,B,2003,366,9.449872430441419e-05,-0.012706450072009485,-0.014705663465323522,3.8633879781420766
ohlc,rand:conservative,B,2004,851,-0.0052138465533692014,-0.009644395824740247,-0.011632997705853208,3.8401880141010576
ohlc,rand:conservative,B,2005,1034,-0.008531454415276625,-0.009530245086263708,-0.011512214988018969,3.859767891682785
ohlc,rand:conservative,B,2006,1352,0.0005529994348055909,-0.008202959309885563,-0.010203089257347706,3.96301775147929
ohlc,rand:conservative,B,2007,1649,-0.001664335192765862,-0.01015463017329253,-0.012150327614535958,3.8902365069739235
ohlc,rand:conservative,B,2008,615,-0.019294425762516106,-0.00017015496149180428,-0.0021306094199597505,3.9853658536585366
ohlc,rand:conservative,B,2009,1048,0.0043425767607690865,-0.008431811406976315,-0.010439516812312404,4.0066793893129775
ohlc,rand:conservative,B,2010,2125,-0.002381155927054349,-0.008667023516072694,-0.010661288015114729,4.124705882352941
ohlc,rand:conservative,B,2011,1973,-0.007144001567775798,-0.009396502788461002,-0.011381246242434436,4.199695894576787
ohlc,rand:conservative,B,2012,2544,-0.005344016027082048,-0.007457166664413838,-0.009445508333561252,4.152122641509434
ohlc,rand:conservative,B,2013,2067,-0.008831294488324905,-0.008846797794927114,-0.010828168309033853,4.017416545718432
ohlc,rand:conservative,B,2014,2778,-0.004448427231677946,-0.007731260345859697,-0.009721392318940347,3.9967602591792657
ohlc,rand:conservative,B,2015,1679,-0.009281937843828638,-0.0048016860897257384,-0.006782155756729448,3.8415723645026802
ohlc,rand:conservative,B,2016,2302,-0.004890610344716119,-0.009943462613831645,-0.011932710652041127,3.835794960903562
ohlc,rand:conservative,B,2017,2196,-0.0070670039205896545,-0.00879697032556457,-0.01078186769972025,4.020947176684881
ohlc,rand:conservative,B,2018,2123,-0.009609116742867645,-0.007894729458196572,-0.009874545086569132,3.868111163447951
ohlc,rand:conservative,B,2019,2643,-0.009843574171989687,-0.008610225067345439,-0.010589572009575773,3.907302307983352
ohlc,rand:conservative,B,2020,2127,-0.003307710446869209,-0.008986742917972763,-0.010979155211840173,3.768688293370945
ohlc,rand:conservative,B,2021,907,-0.009448147143492864,-0.00884860365288224,-0.010828741063425778,3.9162072767364937
ohlc,rand:conservative,C,2000,19,-0.0055773495066469584,0.00509659322278437,0.0031087179929764823,4.157894736842105
ohlc,rand:conservative,C,2001,152,-0.0034036899901987074,0.008155101943888852,0.006162881515478919,3.8552631578947367
ohlc,rand:conservative,C,2002,246,-0.00914563820894617,-0.009377255845784204,-0.011357997979095749,3.926829268292683
ohlc,rand:conservative,C,2003,366,9.449872430441419e-05,-0.012706450072009485,-0.014705663465323522,3.8633879781420766
ohlc,rand:conservative,C,2004,851,-0.0052138465533692014,-0.009644395824740247,-0.011632997705853208,3.8401880141010576
ohlc,rand:conservative,C,2005,1034,-0.008531454415276625,-0.009530245086263708,-0.011512214988018969,3.859767891682785
ohlc,rand:conservative,C,2006,1352,0.0005529994348055909,-0.008202959309885563,-0.010203089257347706,3.96301775147929
ohlc,rand:conservative,C,2007,1649,-0.001664335192765862,-0.01015463017329253,-0.012150327614535958,3.8902365069739235
ohlc,rand:conservative,C,2008,615,-0.019294425762516106,-0.00017015496149180428,-0.0021306094199597505,3.9853658536585366
ohlc,rand:conservative,C,2009,1048,0.0043425767607690865,-0.008431811406976315,-0.010439516812312404,4.0066793893129775
ohlc,rand:conservative,C,2010,2125,-0.002381155927054349,-0.008667023516072694,-0.010661288015114729,4.124705882352941
ohlc,rand:conservative,C,2011,1973,-0.007144001567775798,-0.009396502788461002,-0.011381246242434436,4.199695894576787
ohlc,rand:conservative,C,2012,2544,-0.005344016027082048,-0.007457166664413838,-0.009445508333561252,4.152122641509434
ohlc,rand:conservative,C,2013,2067,-0.008831294488324905,-0.008846797794927114,-0.010828168309033853,4.017416545718432
ohlc,rand:conservative,C,2014,2778,-0.004448427231677946,-0.007731260345859697,-0.009721392318940347,3.9967602591792657
ohlc,rand:conservative,C,2015,1679,-0.009281937843828638,-0.0048016860897257384,-0.006782155756729448,3.8415723645026802
ohlc,rand:conservative,C,2016,2302,-0.004890610344716119,-0.009943462613831645,-0.011932710652041127,3.835794960903562
ohlc,rand:conservative,C,2017,2196,-0.0070670039205896545,-0.00879697032556457,-0.01078186769972025,4.020947176684881
ohlc,rand:conservative,C,2018,2123,-0.009609116742867645,-0.007894729458196572,-0.009874545086569132,3.868111163447951
ohlc,rand:conservative,C,2019,2643,-0.009843574171989687,-0.008610225067345439,-0.010589572009575773,3.907302307983352
ohlc,rand:conservative,C,2020,2127,-0.003307710446869209,-0.008986742917972763,-0.010979155211840173,3.768688293370945
ohlc,rand:conservative,C,2021,907,-0.009448147143492864,-0.00884860365288224,-0.010828741063425778,3.9162072767364937
ohlc,rand:momentum,A,2001,100,-0.015123800669207519,-0.006839382961240104,-0.008808174601400036,2.33
ohlc,rand:momentum,A,2002,155,-0.004831390799208639,-0.006775567896730902,-0.008764934316262003,2.496774193548387
ohlc,rand:momentum,A,2003,201,-0.00919994248373611,-0.016392045066775964,-0.018372678644512398,2.701492537313433
ohlc,rand:momentum,A,2004,441,-0.010419875427658612,-0.01317656785041111,-0.015154762752318869,2.963718820861678
ohlc,rand:momentum,A,2005,569,-0.006595452877099627,-0.00953194418375161,-0.011517784199990595,3.4622144112478033
ohlc,rand:momentum,A,2006,613,-0.005770142979930434,-0.016826994869560668,-0.01881448470049433,3.8841761827079937
ohlc,rand:momentum,A,2007,962,-0.0033020751110901738,-0.012451606585057454,-0.014444030144099087,3.003118503118503
ohlc,rand:momentum,A,2008,644,-0.006252951762649492,-0.0004547913115069801,-0.0024413159958609244,2.1739130434782608
ohlc,rand:momentum,A,2009,827,-0.006435867225839719,-0.012840028710457127,-0.014826187742320916,2.3688029020556227
ohlc,rand:momentum,A,2010,1250,-0.004378473032675598,-0.008212212359949317,-0.010202484173186806,3.128
ohlc,rand:momentum,A,2011,1104,-0.010856681935011152,-0.012813096983144116,-0.014790418698147135,3.5407608695652173
ohlc,rand:momentum,A,2012,1297,-0.00910957010093228,-0.011528834405399162,-0.013509648639741871,3.9784117193523514
ohlc,rand:momentum,A,2013,1372,-0.008484856948013174,-0.010217797494481056,-0.012199860545714458,2.9591836734693877
ohlc,rand:momentum,A,2014,1609,-0.004715501650198985,-0.0089888399232799,-0.010978438008057794,4.732131758856433
ohlc,rand:momentum,A,2015,1192,-0.008492418734875547,-0.00305678436498999,-0.005038832300026278,3.527684563758389
ohlc,rand:momentum,A,2016,1462,-0.0061921788529979175,-0.010643677685484972,-0.012630323856373527,3.2701778385772915
ohlc,rand:momentum,A,2017,1356,-0.0071158826047333845,-0.008763269692479009,-0.010748069356948145,3.879793510324484
ohlc,rand:momentum,A,2018,1418,-0.009450146110888624,-0.007922133765092751,-0.009902267179651517,2.595909732016925
ohlc,rand:momentum,A,2019,1666,-0.008902726016233263,-0.00753564222300633,-0.009516869943739558,3.1782713085234096
ohlc,rand:momentum,A,2020,1895,-0.00921085600966297,-0.012756358862715226,-0.014736970624046088,2.4
ohlc,rand:momentum,A,2021,1053,-0.010951191402003551,-0.010229350572719799,-0.012206483360983957,2.150997150997151
ohlc,rand:momentum,B,2001,100,-0.020477817934974638,0.0038645377349663655,0.0019064489064301426,13.34
ohlc,rand:momentum,B,2002,155,-0.012507486755261685,-0.01367470320379878,-0.01564872491954111,10.709677419354838
ohlc,rand:momentum,B,2003,201,0.03377950896856473,-0.016128238524121926,-0.01819478907779447,11.427860696517413
ohlc,rand:momentum,B,2004,441,0.0021649575016646793,-0.009701366409760865,-0.011704718700872363,11.426303854875284
ohlc,rand:momentum,B,2005,569,-0.0023032378221410415,-0.011716240819676583,-0.0137106610789184,10.998242530755713
ohlc,rand:momentum,B,2006,613,0.013656317261892554,-0.01511408290671393,-0.01714040670738712,11.225122349102774
ohlc,rand:momentum,B,2007,962,0.018089347223685572,-0.012912475471880704,-0.014947661008003774,11.303534303534304
ohlc,rand:momentum,B,2008,644,-0.03457385546711375,-0.0009246441149062552,-0.0028545546192312687,10.667701863354038
ohlc,rand:momentum,B,2009,827,0.021668828786552727,-0.01528247218258913,-0.017324813190010897,12.45223700120919
ohlc,rand:momentum,B,2010,1250,0.0024921484399037727,-0.011618482893772387,-0.013622489247581686,12.1944
ohlc,rand:momentum,B,2011,1104,-0.008548850878396741,-0.014639220102749586,-0.01662115522854906,12.82518115942029
ohlc,rand:momentum,B,2012,1297,-0.0026718263372913498,-0.011122070963128358,-0.013115754404902378,12.394757131842715
ohlc,rand:momentum,B,2013,1372,-0.007324216873194876,-0.007598259459840666,-0.009582642659005438,12.236151603498543
ohlc,rand:momentum,B,2014,1609,0.0014593223723379204,-0.010256922873897678,-0.012258864583106025,12.027346177750156
ohlc,rand:momentum,B,2015,1192,-0.021100859914010214,-0.005678860227707241,-0.007635703580070302,11.297818791946309
ohlc,rand:momentum,B,2016,1462,0.008030077536608901,-0.008563390656221154,-0.010578467465907855,12.0109439124487
ohlc,rand:momentum,B,2017,1356,-0.007276936830507405,-0.013955696555189773,-0.015940174268317675,12.543510324483776
ohlc,rand:momentum,B,2018,1418,-0.01387470517892131,-0.010079266621300792,-0.012050555233933738,11.407616361071932
ohlc,rand:momentum,B,2019,1666,-0.009941991791770596,-0.0022432948126772257,-0.004222445015675559,12.089435774309724
ohlc,rand:momentum,B,2020,1895,0.007922891531116822,-0.015660871958911034,-0.01767573450114798,11.083377308707124
ohlc,rand:momentum,B,2021,1053,-0.018381512214683166,-0.016194071838865266,-0.018156351233870813,12.04463437796771
ohlc,rand:momentum,C,2001,100,0.00022688268509471032,-0.012859004965146102,-0.01485848299723957,10.95
ohlc,rand:momentum,C,2002,155,0.018196804762103384,0.0012278873675689804,-0.0008075129788047955,9.825806451612904
ohlc,rand:momentum,C,2003,201,0.04192449353398231,-0.016113486981698923,-0.018196319558972524,16.62686567164179
ohlc,rand:momentum,C,2004,441,0.04577732469089201,0.016913253876062254,0.014822719394957657,15.863945578231293
ohlc,rand:momentum,C,2005,569,0.010314725269137189,-0.0016603105402419932,-0.0036799544166925893,11.829525483304042
ohlc,rand:momentum,C,2006,613,0.02334705749700024,-0.022491437241364334,-0.02453713306907484,15.822185970636216
ohlc,rand:momentum,C,2007,962,0.048154749354943495,0.010768915689654098,0.008673628678427556,12.900207900207901
ohlc,rand:momentum,C,2008,644,-0.016133654180022983,0.004476046270942909,0.002509273352680431,7.583850931677019
ohlc,rand:momentum,C,2009,827,0.03941906218560957,-0.01359776326665599,-0.01567558742531107,14.275695284159614
ohlc,rand:momentum,C,2010,1250,0.008220403008917675,-0.012113873075505963,-0.014129330350472506,13.7064
ohlc,rand:momentum,C,2011,1104,0.0019455977281554802,-0.009727160630596823,-0.01173007441614938,15.032608695652174
ohlc,rand:momentum,C,2012,1297,0.0055398061147224524,-0.004767203059399547,-0.006777301755532008,15.943716268311489
ohlc,rand:momentum,C,2013,1372,0.005191538404472872,0.0019340280708747258,-7.537442957654879e-05,12.22667638483965
ohlc,rand:momentum,C,2014,1609,0.003601498803381213,-0.007450697055617228,-0.009456921027968952,13.732131758856433
ohlc,rand:momentum,C,2015,1192,-0.016100430457461783,-0.006995809257730129,-0.008962648591027593,9.02768456375839
ohlc,rand:momentum,C,2016,1462,0.014458171038697476,-0.006476577020914836,-0.008504503746923686,12.870041039671683
ohlc,rand:momentum,C,2017,1356,-0.002552868060275489,-0.008209126997594301,-0.01020304823987713,11.853244837758112
ohlc,rand:momentum,C,2018,1418,-0.00668362084225496,-0.004657264228502653,-0.006642927994820218,10.550070521861777
ohlc,rand:momentum,C,2019,1666,-0.010021677938002646,-0.00077305958508949,-0.002752050493530154,11.705282112845138
ohlc,rand:momentum,C,2020,1895,0.04336352337749649,-0.007148190655216564,-0.009233899888386386,13.870712401055409
ohlc,rand:momentum,C,2021,1053,-0.005829328335173224,-0.00257246477076266,-0.004559836288721849,8.05508072174739
ohlc,rand:nr7,A,2001,232,-0.009321532730786052,-0.006516142437204225,-0.008496532953059292,1.8620689655172413
ohlc,rand:nr7,A,2002,389,-0.007154526851804381,-0.008900372283854735,-0.010885094697527629,2.0411311053984575
ohlc,rand:nr7,A,2003,648,-0.0070520627201626565,-0.012804029949578279,-0.01478895719155948,2.251543209876543
ohlc,rand:nr7,A,2004,1328,-0.007680337035908624,-0.010068787881290196,-0.012052459187529013,2.2311746987951806
ohlc,rand:nr7,A,2005,1403,-0.006661875977742618,-0.008368134952939374,-0.010353842187773604,2.9365645046329294
ohlc,rand:nr7,A,2006,1660,-0.003994707438349469,-0.012103863743124008,-0.014094902713182242,2.906024096385542
ohlc,rand:nr7,A,2007,2130,-0.002979955288283188,-0.00995423842658256,-0.011947305911038071,2.376056338028169
ohlc,rand:nr7,A,2008,920,-0.008753989778068546,-0.00024546344292948776,-0.0022269884910450636,1.808695652173913
ohlc,rand:nr7,A,2009,1817,-0.007540979053687686,-0.012232675834903409,-0.014216625721161296,2.0280682443588334
ohlc,rand:nr7,A,2010,2826,-0.005475340490969476,-0.009689215767999316,-0.01167729491632754,2.596602972399151
ohlc,rand:nr7,A,2011,2502,-0.010601891371477993,-0.012098624166149588,-0.014076455213728434,2.760591526778577
ohlc,rand:nr7,A,2012,3288,-0.008656504358475385,-0.010525995392045174,-0.012507715315901747,2.899330900243309
ohlc,rand:nr7,A,2013,2756,-0.006316559164332746,-0.007384415440474796,-0.009370812972075156,2.3011611030478956
ohlc,rand:nr7,A,2014,2655,-0.006212067335999893,-0.009637085526254707,-0.011623691939578707,3.665913370998117
ohlc,rand:nr7,A,2015,1609,-0.00878484404898364,-0.005158046452735017,-0.007139509822407481,2.8216283405842137
ohlc,rand:nr7,A,2016,2398,-0.0059936940609466105,-0.008499620315445459,-0.010486663262293826,2.5587989991659716
ohlc,rand:nr7,A,2017,2520,-0.007697945198419724,-0.008969003188428476,-0.010952639295519248,3.0845238095238097
ohlc,rand:nr7,A,2018,2280,-0.008210159905833856,-0.007896325524399343,-0.009878937701746858,2.204824561403509
ohlc,rand:nr7,A,2019,2887,-0.007763775537303384,-0.006707042871818199,-0.008690547382449487,2.4928992033252513
ohlc,rand:nr7,A,2020,2720,-0.00827986697531209,-0.010003525979618247,-0.011985998810826879,1.9323529411764706
ohlc,rand:nr7,A,2021,1764,-0.008837235109642586,-0.009147707624804356,-0.011129066263463602,1.7647392290249433
ohlc,rand:nr7,B,2001,232,-0.020200428808153786,0.0013358865313897758,-0.0006227568048036726,12.318965517241379
ohlc,rand:nr7,B,2002,389,-0.018900239514652247,-0.014021715118971958,-0.015982957565402203,11.097686375321336
ohlc,rand:nr7,B,2003,648,0.02982029736300968,-0.012348137706877245,-0.014406773699596913,11.845679012345679
ohlc,rand:nr7,B,2004,1328,0.003120437351350844,-0.011745543955026246,-0.013750806273755103,12.074548192771084
ohlc,rand:nr7,B,2005,1403,-0.0009496780871581849,-0.007955397331815918,-0.009952523390114012,11.208838203848895
ohlc,rand:nr7,B,2006,1660,0.019442215973883445,-0.009352884964511508,-0.011390774918395349,11.48855421686747
ohlc,rand:nr7,B,2007,2130,0.017362747399223454,-0.012762875434868133,-0.014796608480149093,11.236150234741784
ohlc,rand:nr7,B,2008,920,-0.02141818297612621,0.011980710024459669,0.010024501008668408,11.018478260869566
ohlc,rand:nr7,B,2009,1817,0.027449408803241444,-0.009888025314338878,-0.01194192184276913,12.714914694551458
ohlc,rand:nr7,B,2010,2826,0.004565453357299252,-0.010357044155861844,-0.012365195096972216,12.29582448690729
ohlc,rand:nr7,B,2011,2502,-0.008311021892754244,-0.015514501212374921,-0.017496911764140668,12.831334932054357
ohlc,rand:nr7,B,2012,3288,-0.0010197113510375484,-0.009140321860248265,-0.011137307920336877,12.516727493917275
ohlc,rand:nr7,B,2013,2756,-0.008121526001554706,-0.008207157902822218,-0.010189947261514854,12.369738751814223
ohlc,rand:nr7,B,2014,2655,0.0009095424709882055,-0.01042165673158125,-0.012422499417303758,11.841807909604519
ohlc,rand:nr7,B,2015,1609,-0.017898614068881106,-0.005334851835044643,-0.007298096555268872,11.480422622747048
ohlc,rand:nr7,B,2016,2398,0.004181504362698852,-0.011631519399075758,-0.013638902816743764,11.84904086738949
ohlc,rand:nr7,B,2017,2520,-0.0052954743457805506,-0.011330349035644144,-0.013318787740801162,12.634920634920634
ohlc,rand:nr7,B,2018,2280,-0.014138054845807116,-0.009603708472967619,-0.011574470643167535,11.805263157894737
ohlc,rand:nr7,B,2019,2887,-0.011399770784751701,-0.005073565554122565,-0.007049801621215768,12.066505022514722
ohlc,rand:nr7,B,2020,2720,0.011449736863584465,-0.011428113140131587,-0.013450025932553705,11.042279411764707
ohlc,rand:nr7,B,2021,1764,-0.01790077302001815,-0.01592806934933545,-0.01789130975376349,11.835034013605442
ohlc,rand:nr7,C,2001,232,0.0075782371706982704,-0.007352818379775167,-0.009366991949505686,9.827586206896552
ohlc,rand:nr7,C,2002,389,0.0030017425723273617,-0.002050301237357412,-0.004055326282316375,8.431876606683804
ohlc,rand:nr7,C,2003,648,0.04698530131582444,-0.002232451599655015,-0.004325400855613825,16.132716049382715
ohlc,rand:nr7,C,2004,1328,0.040432616574127625,0.01011632364164285,0.008036473362945145,16.48343373493976
ohlc,rand:nr7,C,2005,1403,0.015927605323832833,0.004151649847847521,0.0021207856867190965,11.955808980755524
ohlc,rand:nr7,C,2006,1660,0.03933502555929809,-0.012971702965967703,-0.015049359133348908,17.450602409638556
ohlc,rand:nr7,C,2007,2130,0.037422361676771,0.0039015465700751118,0.0018277138646324873,12.152112676056339
ohlc,rand:nr7,C,2008,920,-0.021748309252948683,0.007241321311455953,0.005285772226176205,7.957608695652174
ohlc,rand:nr7,C,2009,1817,0.0403274556572621,-0.015981865531430536,-0.018061505590880236,15.189873417721518
ohlc,rand:nr7,C,2010,2826,0.017566685602344954,-0.011818738236758651,-0.013852878959501698,15.047416843595187
ohlc,rand:nr7,C,2011,2502,-0.0037744745045145637,-0.015138641313691126,-0.017130120534777162,14.475219824140687
ohlc,rand:nr7,C,2012,3288,0.008398524287463755,-0.0013413236760746689,-0.003357137019838868,15.635644768856448
ohlc,rand:nr7,C,2013,2756,-0.0032088311706831413,-0.005095359774371982,-0.007087969730333845,11.872278664731494
ohlc,rand:nr7,C,2014,2655,0.0028083996510277712,-0.008278901001251683,-0.010283539548976399,14.054990583804143
ohlc,rand:nr7,C,2015,1609,-0.015684096530134462,-0.006412870409823422,-0.008380542004836823,9.284648850217527
ohlc,rand:nr7,C,2016,2398,0.016108762470934485,-0.004009780958805576,-0.006041007257507238,12.726438698915763
ohlc,rand:nr7,C,2017,2520,0.0016942923437287148,-0.002846041444099923,-0.00484845286403503,11.89484126984127
ohlc,rand:nr7,C,2018,2280,-0.008167065878368894,-0.0073076387770320906,-0.009290337100395793,10.39298245614035
ohlc,rand:nr7,C,2019,2887,-0.010792628992791802,-0.0012339772994381297,-0.003211427057841179,11.82092137166609
ohlc,rand:nr7,C,2020,2720,0.04519408397590266,-0.0013986871777808545,-0.003488055746413756,13.520220588235293
ohlc,rand:nr7,C,2021,1764,-0.0026279083667049446,0.0021303300917076113,0.00013655885683492523,8.456349206349206
ohlc,rand:vol_weighted,A,2001,130,-0.010278019882881012,-0.006179089974237972,-0.008157568448853528,1.823076923076923
ohlc,rand:vol_weighted,A,2002,172,-0.007398031949750906,-0.00862342916657793,-0.010607664807597063,1.447674418604651
ohlc,rand:vol_weighted,A,2003,247,-0.006384760613112985,-0.011910007211219365,-0.013896268406453485,1.7408906882591093
ohlc,rand:vol_weighted,A,2004,517,-0.00932677374791108,-0.009739807654306064,-0.011720187693239568,1.8549323017408124
ohlc,rand:vol_weighted,A,2005,589,-0.005947070903238887,-0.006903814706886915,-0.008890950854569259,1.9100169779286926
ohlc,rand:vol_weighted,A,2006,415,-0.005464453797838303,-0.010142263911650733,-0.01213036482274512,2.216867469879518
ohlc,rand:vol_weighted,A,2007,607,-0.00556367740384324,-0.008201089494485342,-0.010188992055161527,1.7182866556836902
ohlc,rand:vol_weighted,A,2008,568,-0.004483843094005025,-0.000544239379835696,-0.002534300555740284,1.5140845070422535
ohlc,rand:vol_weighted,A,2009,418,-0.007116802289282318,-0.011721680477781259,-0.013706478303778453,1.437799043062201
ohlc,rand:vol_weighted,A,2010,147,-0.0026711484316221967,-0.005618233529544358,-0.007611918326468416,1.8571428571428572
ohlc,rand:vol_weighted,A,2011,39,-0.010157495884892117,-0.017366806410383313,-0.019345525815422194,1.8717948717948718
ohlc,rand:vol_weighted,A,2012,34,0.0016835424317890608,0.00042317662782159434,-0.001579213302776282,1.7941176470588236
ohlc,rand:vol_weighted,A,2013,870,-0.005454650934998696,-0.00556476343814166,-0.007552883945398905,1.650574712643678
ohlc,rand:vol_weighted,A,2014,674,-0.004911684041745331,-0.007746337362489429,-0.009735543273862493,2.565281899109792
ohlc,rand:vol_weighted,A,2015,1020,-0.008428766745633984,-0.006021740080159703,-0.008003915257081192,2.0245098039215685
ohlc,rand:vol_weighted,A,2016,1303,-0.006094992071889912,-0.008378743258561307,-0.010365583708205207,1.7897160399079048
ohlc,rand:vol_weighted,A,2017,1320,-0.005878276757310995,-0.006938212434832453,-0.008925486103697132,2.0863636363636364
ohlc,rand:vol_weighted,A,2018,1246,-0.008192533804462821,-0.007696742270030569,-0.009679389682386352,1.5642054574638844
ohlc,rand:vol_weighted,A,2019,1457,-0.0077600615766702345,-0.007235737439715073,-0.009219249374644611,1.7995881949210706
ohlc,rand:vol_weighted,A,2020,1827,-0.008112156198043194,-0.009910002217419321,-0.011892810306578627,1.49480021893815
ohlc,rand:vol_weighted,A,2021,1155,-0.009642647614969736,-0.009200909705732065,-0.011180658305070182,1.4285714285714286
ohlc,rand:vol_weighted,B,2001,130,-0.00039940179880983633,0.02014532607199237,0.018147099997918685,12.607692307692307
ohlc,rand:vol_weighted,B,2002,172,-0.0165636994453219,-0.020236332077670994,-0.022202245324917155,11.732558139534884
ohlc,rand:vol_weighted,B,2003,247,0.022728728235951276,-0.02026852798770394,-0.022312987760079922,12.360323886639677
ohlc,rand:vol_weighted,B,2004,517,0.0008314051549172032,-0.011333283683754282,-0.013333970171068531,11.704061895551257
ohlc,rand:vol_weighted,B,2005,589,-0.0021139324623806396,-0.009209339040243309,-0.01120413772553501,11.00339558573854
ohlc,rand:vol_weighted,B,2006,415,0.018504110025322956,-0.006699717801196835,-0.008735732458317106,11.356626506024096
ohlc,rand:vol_weighted,B,2007,607,0.02362454571621079,-0.006178812183078845,-0.008225062716534693,11.158154859967052
ohlc,rand:vol_weighted,B,2008,568,-0.026247651310192556,-0.0015487486702596173,-0.0034953034605868217,10.82218309859155
ohlc,rand:vol_weighted,B,2009,418,0.01418029875399914,-0.01736445823574126,-0.019391829488248444,12.495215311004785
ohlc,rand:vol_weighted,B,2010,147,0.024025439332971677,0.0036679751925919727,0.0016209232629791287,12.673469387755102
ohlc,rand:vol_weighted,B,2011,39,0.01874439348587892,0.002388760316614303,0.0003522653269723236,13.205128205128204
ohlc,rand:vol_weighted,B,2012,34,-0.0022108366053010613,-0.012999955051473647,-0.014994560023010675,13.323529411764707
ohlc,rand:vol_weighted,B,2013,870,-0.00643764291436371,-0.007009165431250945,-0.008995320913469888,12.416091954022988
ohlc,rand:vol_weighted,B,2014,674,0.005651158180597256,-0.005256621780655686,-0.007266943072294626,11.626112759643917
ohlc,rand:vol_weighted,B,2015,1020,-0.016365513653409255,-0.002593814224134217,-0.00456012364963162,11.11078431372549
ohlc,rand:vol_weighted,B,2016,1303,0.0004454019984872732,-0.015500968021198458,-0.017500882878750543,12.112816577129701
ohlc,rand:vol_weighted,B,2017,1320,-0.0028275724823696394,-0.009723828322031423,-0.011717200423447508,12.431818181818182
ohlc,rand:vol_weighted,B,2018,1246,-0.01584477123801787,-0.012402581787679678,-0.014369932190017407,11.558587479935795
ohlc,rand:vol_weighted,B,2019,1457,-0.013865384434417429,-0.008670612992397495,-0.010641920237426949,11.903225806451612
ohlc,rand:vol_weighted,B,2020,1827,0.01018427209876636,-0.013437706092712354,-0.015457089190080835,10.952380952380953
ohlc,rand:vol_weighted,B,2021,1155,-0.01066714229847807,-0.00943841194855261,-0.011416112557930515,11.85021645021645
ohlc,rand:vol_weighted,C,2001,130,0.03405335303537927,0.014000868442098535,0.011933770467430539,11.63076923076923
ohlc,rand:vol_weighted,C,2002,172,0.0029173236744186814,-0.01151029442512445,-0.013515150714639242,9.436046511627907
ohlc,rand:vol_weighted,C,2003,247,0.03269715868757685,-0.009399708187829226,-0.01146409509678542,15.396761133603238
ohlc,rand:vol_weighted,C,2004,517,0.03609262094788262,0.010032007573890084,0.007960833052727273,16.37330754352031
ohlc,rand:vol_weighted,C,2005,589,0.00933081332116361,-0.0038258323461189668,-0.00584350935849148,11.731748726655349
ohlc,rand:vol_weighted,C,2006,415,0.032112432599279365,-0.017722460279702146,-0.019785678306889043,16.90843373493976
ohlc,rand:vol_weighted,C,2007,607,0.022561131173750366,-0.009207959013006093,-0.011252083754750626,12.036243822075782
ohlc,rand:vol_weighted,C,2008,568,-0.021839176509333324,-0.000752613091536225,-0.002707980530945298,7.818661971830986
ohlc,rand:vol_weighted,C,2009,418,0.039313618043315054,-0.005406126747285516,-0.007483740120518027,14.368421052631579
ohlc,rand:vol_weighted,C,2010,147,0.034892203821664095,-0.004969390930453124,-0.007038165788384741,15.5578231292517
ohlc,rand:vol_weighted,C,2011,39,0.01067824155348284,-0.00870993919631009,-0.010730309750714873,16.28205128205128
ohlc,rand:vol_weighted,C,2012,34,0.03659041097271152,0.021788397570256027,0.019716227954643676,15.441176470588236
ohlc,rand:vol_weighted,C,2013,870,-0.0012511336049229364,-0.0030583284962895367,-0.00505485193762555,12.149425287356323
ohlc,rand:vol_weighted,C,2014,674,0.001837718029147936,-0.009118906965927442,-0.01112160509731992,13.094955489614243
ohlc,rand:vol_weighted,C,2015,1020,-0.013757765410285528,-0.004261051229159281,-0.006232573607253353,8.955882352941176
ohlc,rand:vol_weighted,C,2016,1303,0.01150929013083521,-0.008865814535603124,-0.010887846376464814,12.269378357636224
ohlc,rand:vol_weighted,C,2017,1320,0.0032774987470047313,-0.003495120628147088,-0.005500696916451985,13.407575757575758
ohlc,rand:vol_weighted,C,2018,1246,-0.008469274823295762,-0.00906663198770718,-0.011048726187989464,10.65569823434992
ohlc,rand:vol_weighted,C,2019,1457,-0.011286059953158956,-0.00305655406291923,-0.005033017440749345,11.115305422100207
ohlc,rand:vol_weighted,C,2020,1827,0.05270486720953589,-0.0031702456867907496,-0.005274628495032118,14.555555555555555
ohlc,rand:vol_weighted,C,2021,1155,-1.4214443271708308e-05,0.004298755066491119,0.0022997589934612254,8.47012987012987
ohlc,rand:vwap_rev,A,2000,15,-0.011523007344242971,-0.010840207424553576,-0.012816197138746495,1.0
ohlc,rand:vwap_rev,A,2001,184,-0.008217929062346209,-0.00903290965655004,-0.011015506303163424,1.315217391304348
ohlc,rand:vwap_rev,A,2002,195,-0.008178217582809462,-0.0071815627938500775,-0.009164238824683509,1.2820512820512822
ohlc,rand:vwap_rev,A,2003,135,-0.010217236035720648,-0.011727837299808795,-0.01370643728282327,1.7703703703703704
ohlc,rand:vwap_rev,A,2004,389,-0.006631328418337366,-0.008249252877064387,-0.010235021177217918,1.5141388174807198
ohlc,rand:vwap_rev,A,2005,619,-0.0069030192439869156,-0.008671702361267509,-0.010656927544807383,1.7334410339256865
ohlc,rand:vwap_rev,A,2006,435,-0.003963575954737639,-0.009249990671155344,-0.011241091873811669,1.7862068965517242
ohlc,rand:vwap_rev,A,2007,785,-0.006124348132896461,-0.009325613736762188,-0.011312395502921263,1.556687898089172
ohlc,rand:vwap_rev,A,2008,1346,-0.005215272627037376,-0.0012736814847332683,-0.003262280515090046,1.4175334323922735
ohlc,rand:vwap_rev,A,2009,464,-0.006072534679889498,-0.008831484104348144,-0.010818369446868596,1.228448275862069
ohlc,rand:vwap_rev,A,2010,1210,-0.005658801385947068,-0.008884724827641315,-0.010872437233147876,1.5611570247933884
ohlc,rand:vwap_rev,A,2011,1595,-0.006208853892091451,-0.007222285248643213,-0.009208898085720268,1.4733542319749215
ohlc,rand:vwap_rev,A,2012,1569,-0.0076147644140970566,-0.008869404949536738,-0.010853207337052303,1.516889738687062
ohlc,rand:vwap_rev,A,2013,2128,-0.0060585238857088506,-0.006312138820574621,-0.00829905217101573,1.3073308270676691
ohlc,rand:vwap_rev,A,2014,1479,-0.005462458878715162,-0.007247253527335204,-0.00923535842632177,1.9202163624070319
ohlc,rand:vwap_rev,A,2015,1979,-0.007347404458970802,-0.005398932705936805,-0.007383269552549796,1.569479535118747
ohlc,rand:vwap_rev,A,2016,1539,-0.006711970352471691,-0.00816460857201188,-0.010150215666964304,1.4041585445094218
ohlc,rand:vwap_rev,A,2017,1748,-0.0071824155774141045,-0.007629772821864021,-0.009614439485291497,1.5194508009153318
ohlc,rand:vwap_rev,A,2018,1740,-0.007066425343670289,-0.006706988983625791,-0.008691887514370895,1.3787356321839082
ohlc,rand:vwap_rev,A,2019,1845,-0.007690572989889831,-0.006824709596504543,-0.008808360440820699,1.4444444444444444
ohlc,rand:vwap_rev,A,2020,1951,-0.007682418166676924,-0.008722525542773842,-0.010706192688781297,1.2224500256278832
ohlc,rand:vwap_rev,A,2021,1228,-0.0081090980474246,-0.008750726724555935,-0.010733540927033217,1.1995114006514658
ohlc,rand:vwap_rev,B,2000,15,-0.01439044918258885,0.00674943737706711,0.004779179749327119,4.8
ohlc,rand:vwap_rev,B,2001,184,-0.015322876040008279,-0.010513517418362343,-0.012481911101981071,4.103260869565218
ohlc,rand:vwap_rev,B,2002,195,-0.01225202848815228,-0.009256760910860397,-0.01123129329393436,3.805128205128205
ohlc,rand:vwap_rev,B,2003,135,0.002679724339522729,-0.004971243262269334,-0.006975624584895329,3.8962962962962964
ohlc,rand:vwap_rev,B,2004,389,-0.0034875618087170687,-0.00642413622224118,-0.008416188988832052,3.866323907455013
ohlc,rand:vwap_rev,B,2005,619,-0.007539209916275147,-0.010595505407731489,-0.012579458830538391,3.762520193861066
ohlc,rand:vwap_rev,B,2006,435,0.0009786407516644289,-0.006601349157990918,-0.00860232997286859,3.811494252873563
ohlc,rand:vwap_rev,B,2007,785,-0.0028457009385296963,-0.011201334690893898,-0.013194670553082197,3.9006369426751593
ohlc,rand:vwap_rev,B,2008,1346,-0.013860487324773999,-5.224327880634109e-05,-0.002023560313277893,3.9554234769687966
ohlc,rand:vwap_rev,B,2009,464,0.0038321186051322297,-0.007862166107495617,-0.009868851094478466,4.038793103448276
ohlc,rand:vwap_rev,B,2010,1210,-0.0031271193002334373,-0.00928813669013367,-0.011280909990125524,4.090909090909091
ohlc,rand:vwap_rev,B,2011,1595,-0.005813304074294512,-0.007312985392951134,-0.009300388943800211,4.205015673981191
ohlc,rand:vwap_rev,B,2012,1569,-0.008309826411086796,-0.010882779093895891,-0.012865192035458758,4.2007648183556405
ohlc,rand:vwap_rev,B,2013,2128,-0.007537854317210836,-0.007827781145890006,-0.009811737278572626,4.029135338345864
ohlc,rand:vwap_rev,B,2014,1479,-0.004010993836531167,-0.007670246102574743,-0.009661252515724184,4.062204192021636
ohlc,rand:vwap_rev,B,2015,1979,-0.010666821180796876,-0.007450839030016184,-0.009428540281316202,3.913087417887822
ohlc,rand:vwap_rev,B,2016,1539,-0.005753323934146228,-0.010575539455732787,-0.012563062908350825,3.9135802469135803
ohlc,rand:vwap_rev,B,2017,1748,-0.008920677666950571,-0.010535491784772331,-0.012516683619716175,4.000572082379863
ohlc,rand:vwap_rev,B,2018,1740,-0.0085369411332628,-0.008213637871559609,-0.010195596805231251,3.9270114942528735
ohlc,rand:vwap_rev,B,2019,1845,-0.009954596058889003,-0.007933776589505089,-0.009912901596264803,3.9582655826558266
ohlc,rand:vwap_rev,B,2020,1951,-0.005816200960861506,-0.010942451817402112,-0.012929849577304009,3.7703741670937982
ohlc,rand:vwap_rev,B,2021,1228,-0.008459972348188747,-0.009792956558173431,-0.011775069354331263,3.8957654723127035
ohlc,rand:vwap_rev,C,2000,15,-0.01439044918258885,0.00674943737706711,0.004779179749327119,4.8
ohlc,rand:vwap_rev,C,2001,184,-0.015322876040008279,-0.010513517418362343,-0.012481911101981071,4.103260869565218
ohlc,rand:vwap_rev,C,2002,195,-0.01225202848815228,-0.009256760910860397,-0.01123129329393436,3.805128205128205
ohlc,rand:vwap_rev,C,2003,135,0.002679724339522729,-0.004971243262269334,-0.006975624584895329,3.8962962962962964
ohlc,rand:vwap_rev,C,2004,389,-0.0034875618087170687,-0.00642413622224118,-0.008416188988832052,3.866323907455013
ohlc,rand:vwap_rev,C,2005,619,-0.007539209916275147,-0.010595505407731489,-0.012579458830538391,3.762520193861066
ohlc,rand:vwap_rev,C,2006,435,0.0009786407516644289,-0.006601349157990918,-0.00860232997286859,3.811494252873563
ohlc,rand:vwap_rev,C,2007,785,-0.0028457009385296963,-0.011201334690893898,-0.013194670553082197,3.9006369426751593
ohlc,rand:vwap_rev,C,2008,1346,-0.013860487324773999,-5.224327880634109e-05,-0.002023560313277893,3.9554234769687966
ohlc,rand:vwap_rev,C,2009,464,0.0038321186051322297,-0.007862166107495617,-0.009868851094478466,4.038793103448276
ohlc,rand:vwap_rev,C,2010,1210,-0.0031271193002334373,-0.00928813669013367,-0.011280909990125524,4.090909090909091
ohlc,rand:vwap_rev,C,2011,1595,-0.005813304074294512,-0.007312985392951134,-0.009300388943800211,4.205015673981191
ohlc,rand:vwap_rev,C,2012,1569,-0.008309826411086796,-0.010882779093895891,-0.012865192035458758,4.2007648183556405
ohlc,rand:vwap_rev,C,2013,2128,-0.007537854317210836,-0.007827781145890006,-0.009811737278572626,4.029135338345864
ohlc,rand:vwap_rev,C,2014,1479,-0.004010993836531167,-0.007670246102574743,-0.009661252515724184,4.062204192021636
ohlc,rand:vwap_rev,C,2015,1979,-0.010666821180796876,-0.007450839030016184,-0.009428540281316202,3.913087417887822
ohlc,rand:vwap_rev,C,2016,1539,-0.005753323934146228,-0.010575539455732787,-0.012563062908350825,3.9135802469135803
ohlc,rand:vwap_rev,C,2017,1748,-0.008920677666950571,-0.010535491784772331,-0.012516683619716175,4.000572082379863
ohlc,rand:vwap_rev,C,2018,1740,-0.0085369411332628,-0.008213637871559609,-0.010195596805231251,3.9270114942528735
ohlc,rand:vwap_rev,C,2019,1845,-0.009954596058889003,-0.007933776589505089,-0.009912901596264803,3.9582655826558266
ohlc,rand:vwap_rev,C,2020,1951,-0.005816200960861506,-0.010942451817402112,-0.012929849577304009,3.7703741670937982
ohlc,rand:vwap_rev,C,2021,1228,-0.008459972348188747,-0.009792956558173431,-0.011775069354331263,3.8957654723127035
ohlc,vol_weighted,A,2001,129,-0.008930695976645395,-0.008105257761120008,-0.010086429569217438,1.248062015503876
ohlc,vol_weighted,A,2002,173,-0.003738337179617341,-0.009920247596498212,-0.01191179905698162,1.254335260115607
ohlc,vol_weighted,A,2003,246,-0.008055321767953693,-0.016839193553804355,-0.01882211525638117,1.4715447154471544
ohlc,vol_weighted,A,2004,519,-0.008431616810611095,-0.011645929656895235,-0.013628099136467049,1.4797687861271676
ohlc,vol_weighted,A,2005,590,-0.007014365665121111,-0.008932469240091664,-0.01091747183940904,1.5915254237288134
ohlc,vol_weighted,A,2006,414,-0.006286246327683235,-0.011008464709247224,-0.012994922836950345,1.4009661835748792
ohlc,vol_weighted,A,2007,609,-0.005117327607731968,-0.009249402301951981,-0.011238197126800836,1.2413793103448276
ohlc,vol_weighted,A,2008,569,-0.004666691004813945,-0.009912419960436868,-0.011902115618890161,1.147627416520211
ohlc,vol_weighted,A,2009,418,-0.0058599781058806776,-0.010354287966504117,-0.0123415982148211,1.1339712918660287
ohlc,vol_weighted,A,2010,142,-0.004128111558528551,-0.007986692676069237,-0.009977464968024426,1.6901408450704225
ohlc,vol_weighted,A,2011,40,-0.0037609975954731784,-0.0060519607430200685,-0.008043466904777311,1.7
ohlc,vol_weighted,A,2012,35,-0.0063397513188392885,-0.013825564198413349,-0.01581191536832894,1.7142857142857142
ohlc,vol_weighted,A,2013,868,-0.006263068885019539,-0.006587938393429859,-0.008574442853408444,1.2995391705069124
ohlc,vol_weighted,A,2014,672,-0.003473257568412186,-0.006969911077015838,-0.008961992438133353,1.8199404761904763
ohlc,vol_weighted,A,2015,1026,-0.006252344969149747,-0.007277340506626261,-0.00926386640397527,1.4883040935672514
ohlc,vol_weighted,A,2016,1303,-0.006600662969208534,-0.008560267031235486,-0.010546096632372754,1.34535686876439
ohlc,vol_weighted,A,2017,1315,-0.008289070311402686,-0.008269008584761815,-0.010251463018276234,1.4365019011406843
ohlc,vol_weighted,A,2018,1249,-0.0013894771834327888,-0.0019966732277453686,-0.003992920116880185,1.3378702962369895
ohlc,vol_weighted,A,2019,1454,-0.00923148665007172,-0.008409121946755813,-0.0103896924669313,1.404401650618982
ohlc,vol_weighted,A,2020,1831,-0.008017561086670916,-0.011889380672824162,-0.013872377859927548,1.146368104860732
ohlc,vol_weighted,A,2021,1152,-0.011372072184885305,-0.011898458149346529,-0.013874749586619155,1.0824652777777777
ohlc,vol_weighted,B,2001,129,-0.0025678423604015115,0.0004586446414896494,-0.001535246666800523,10.333333333333334
ohlc,vol_weighted,B,2002,173,0.012893405569713128,-0.006834787188626207,-0.008859585910144482,8.965317919075144
ohlc,vol_weighted,B,2003,246,0.01593616858371856,-0.01830355065204072,-0.020334431931335335,10.113821138211382
ohlc,vol_weighted,B,2004,519,-0.003374547441317138,-0.010871896482086191,-0.012864175167164989,10.215799614643545
ohlc,vol_weighted,B,2005,590,0.0059210282839117275,-0.003358666038878622,-0.005369526807462682,10.474576271186441
ohlc,vol_weighted,B,2006,414,0.007580275782777163,-0.015757286938296818,-0.017771464583262835,9.717391304347826
ohlc,vol_weighted,B,2007,609,0.017348712735192142,-0.005699060659913177,-0.007732765649557058,9.648604269293925
ohlc,vol_weighted,B,2008,569,-0.025471848659892965,-0.0009328051116772664,-0.0028809107505003064,10.374340949033392
ohlc,vol_weighted,B,2009,418,0.01844712593637263,-0.014675071480679685,-0.016710972225210716,10.485645933014354
ohlc,vol_weighted,B,2010,142,0.000854788757499699,-0.006248824110056955,-0.008249557341765391,12.105633802816902
ohlc,vol_weighted,B,2011,40,0.04565575048815858,0.019510485899032405,0.01742019444773618,12.65
ohlc,vol_weighted,B,2012,35,0.016131252603049772,-0.004599355509493708,-0.006630626766520176,13.342857142857143
ohlc,vol_weighted,B,2013,868,-0.016241456677033632,-0.007234708980747481,-0.009201266399178568,11.611751152073733
ohlc,vol_weighted,B,2014,672,0.009006395565128503,-0.008627392752577881,-0.010644421245911721,10.380952380952381
ohlc,vol_weighted,B,2015,1026,-0.012980417667140753,-0.005655979608515893,-0.007629055923784241,10.628654970760234
ohlc,vol_weighted,B,2016,1303,0.009631600314559598,-0.008293459314525796,-0.010311737607463789,10.039907904834996
ohlc,vol_weighted,B,2017,1315,-0.006651614722712557,-0.010415584961361971,-0.012401312708696282,10.98555133079848
ohlc,vol_weighted,B,2018,1249,-0.005800058388828085,-0.004338137790868709,-0.00632556782016741,9.904723779023218
ohlc,vol_weighted,B,2019,1454,-0.013339664484811373,-0.006966792286886334,-0.008939150458968903,10.596286107290235
ohlc,vol_weighted,B,2020,1831,0.019321453519223424,-0.013986470808501548,-0.016024119355281273,9.800109229929001
ohlc,vol_weighted,B,2021,1152,-0.019950542839059317,-0.014948123018504492,-0.016907265882869404,8.51388888888889
ohlc,vol_weighted,C,2001,129,0.018543765191735118,8.605742549428178e-05,-0.0019500365032746997,11.30232558139535
ohlc,vol_weighted,C,2002,173,0.011681303287707496,-0.009979622945858321,-0.012001998645232843,11.757225433526012
ohlc,vol_weighted,C,2003,246,0.03785455383345045,-0.018820809757209945,-0.02089550642535729,17.565040650406505
ohlc,vol_weighted,C,2004,519,0.044577452612028924,0.013370760516661005,0.011282624609224589,18.495183044315993
ohlc,vol_weighted,C,2005,590,0.023576731275731927,0.011863122924855727,0.009816967973637278,15.277966101694915
ohlc,vol_weighted,C,2006,414,0.017201875897957554,-0.020644913399644384,-0.022678324858854872,16.570048309178745
ohlc,vol_weighted,C,2007,609,0.05400739698862662,0.021925967594754396,0.01981898099758819,14.177339901477833
ohlc,vol_weighted,C,2008,569,-0.009198075660736816,0.00457456477383754,0.002593927464276215,8.764499121265377
ohlc,vol_weighted,C,2009,418,0.05097557999238585,-0.014752792045855783,-0.016853717966603197,16.741626794258373
ohlc,vol_weighted,C,2010,142,0.02075342917627555,-0.01138882285301967,-0.013429333954204144,16.359154929577464
ohlc,vol_weighted,C,2011,40,0.11081287315978013,0.07034220955586647,0.06812166742077878,27.725
ohlc,vol_weighted,C,2012,35,0.03883315832642357,0.021522746736213027,0.019446093813720075,25.571428571428573
ohlc,vol_weighted,C,2013,868,-0.02230030673107514,-0.009496294846953456,-0.011450740475757091,11.336405529953916
ohlc,vol_weighted,C,2014,672,0.017524797919444304,-0.006637891348994968,-0.008671948337234149,17.058035714285715
ohlc,vol_weighted,C,2015,1026,-0.012137105749182451,-0.004682192162549637,-0.006656954278993049,11.440545808966862
ohlc,vol_weighted,C,2016,1303,0.0337757338104027,0.005055233171082512,0.0029886901640435747,15.511895625479662
ohlc,vol_weighted,C,2017,1315,0.008284646767904372,0.0031040672586576776,0.0010884815588437032,14.952091254752851
ohlc,vol_weighted,C,2018,1249,0.007002786815524231,0.003666129590042937,0.0016531063596640309,12.77261809447558
ohlc,vol_weighted,C,2019,1454,-0.014618305649297067,-0.003828971067968054,-0.005798773205051388,14.29573590096286
ohlc,vol_weighted,C,2020,1831,0.07047386127116849,-0.0030668585079727264,-0.005206761970471314,15.993446204259968
ohlc,vol_weighted,C,2021,1152,0.0044847460913629575,0.01031110870445806,0.008303119099148649,10.096354166666666
ohlc,vwap_rev,A,2000,15,-0.019259659605735044,-0.0010558483424976117,-0.0030163722993643413,1.0666666666666667
ohlc,vwap_rev,A,2001,182,-0.014916628713035228,-0.008358336446014117,-0.010327542227987659,1.1923076923076923
ohlc,vwap_rev,A,2002,196,-0.008518402829245758,-0.009246338615197969,-0.011228334607393288,1.336734693877551
ohlc,vwap_rev,A,2003,135,-0.008722412415810055,-0.014578832699076788,-0.01656042087111277,1.288888888888889
ohlc,vwap_rev,A,2004,392,-0.008930186225216834,-0.010268552639169454,-0.012249725466272482,1.461734693877551
ohlc,vwap_rev,A,2005,617,-0.007702462798583944,-0.009281984199934779,-0.011265611276232206,1.3614262560777959
ohlc,vwap_rev,A,2006,434,-0.004748290496452133,-0.010256504683983819,-0.012246037223055119,1.456221198156682
ohlc,vwap_rev,A,2007,788,-0.006350848535156489,-0.010375531485327008,-0.01236186047163542,1.3705583756345177
ohlc,vwap_rev,A,2008,1346,-0.006238264482922756,-0.0064236729982125014,-0.008410227042798285,1.1968796433878157
ohlc,vwap_rev,A,2009,463,-0.005154720937517332,-0.008522735318378452,-0.010511455393045368,1.187904967602592
ohlc,vwap_rev,A,2010,1215,-0.006284695242501058,-0.007389318466710638,-0.00937577969507103,1.2633744855967077
ohlc,vwap_rev,A,2011,1592,-0.007504731848761664,-0.007886765968424017,-0.009870788313732167,1.2939698492462313
ohlc,vwap_rev,A,2012,1564,-0.006654777505307048,-0.007172416353378452,-0.009158137778232897,1.389386189258312
ohlc,vwap_rev,A,2013,2132,-0.005609284771161351,-0.005800002401466252,-0.0077878137918983344,1.1491557223264541
ohlc,vwap_rev,A,2014,1481,-0.0035676952786009284,-0.00587764191352733,-0.007869534491349583,1.4686022957461176
ohlc,vwap_rev,A,2015,1976,-0.006833446886738071,-0.006942117526478126,-0.008927481786863827,1.3577935222672064
ohlc,vwap_rev,A,2016,1537,-0.006278076764164811,-0.007246309236409994,-0.009232783695270658,1.2810670136629798
ohlc,vwap_rev,A,2017,1748,-0.0062798289081378595,-0.0066414131872038614,-0.008627884143485814,1.3907322654462242
ohlc,vwap_rev,A,2018,1741,-0.006967048891679925,-0.007106092303762207,-0.009091189490468376,1.2423894313612867
ohlc,vwap_rev,A,2019,1846,-0.007857274396133292,-0.006588709845012919,-0.008572027449135797,1.2562296858071507
ohlc,vwap_rev,A,2020,1955,-0.006785772908703898,-0.005684237784350943,-0.00766969734618618,1.1202046035805626
ohlc,vwap_rev,A,2021,1220,-0.008159640603728641,-0.009271683308890194,-0.011254396475559732,1.178688524590164
ohlc,vwap_rev,B,2000,15,0.013163580320824335,0.009052290385371208,0.007026951577909409,4.4
ohlc,vwap_rev,B,2001,182,-0.034103050206773185,-0.015021948176560693,-0.0169527998321302,3.8131868131868134
ohlc,vwap_rev,B,2002,196,-0.008630359938553657,-0.004362469290782297,-0.0063442414779745,3.8622448979591835
ohlc,vwap_rev,B,2003,135,0.005578690242548149,-0.006958385619574526,-0.008968562046030694,4.0962962962962965
ohlc,vwap_rev,B,2004,392,-0.01732996539012013,-0.015730929736179018,-0.017695311199037188,3.795918367346939
ohlc,vwap_rev,B,2005,617,-0.008507363631140267,-0.007987473716928411,-0.009969491776751101,3.7050243111831445
ohlc,vwap_rev,B,2006,434,-9.618030565178728e-05,-0.009756555713666232,-0.011755387934930049,3.953917050691244
ohlc,vwap_rev,B,2007,788,0.000829748803996964,-0.012455941785789534,-0.014456624962017738,3.796954314720812
ohlc,vwap_rev,B,2008,1346,-0.013454517336843408,-0.003280494208559008,-0.005252622786977845,3.734026745913819
ohlc,vwap_rev,B,2009,463,0.0035536536547263404,-0.007698765340938713,-0.009704893669666637,4.205183585313175
ohlc,vwap_rev,B,2010,1215,-0.005733990325214973,-0.009185949822711472,-0.011173511923687204,4.070781893004115
ohlc,vwap_rev,B,2011,1592,-0.01214888899141638,-0.013289769664253673,-0.015264508225707301,3.994346733668342
ohlc,vwap_rev,B,2012,1564,-0.007987551490046872,-0.010028781593954244,-0.012011838770976158,4.115728900255754
ohlc,vwap_rev,B,2013,2132,-0.007030082071918763,-0.007255671287753711,-0.009240642469589024,3.924015009380863
ohlc,vwap_rev,B,2014,1481,0.00200913509146697,-0.004347189942069601,-0.0063502307403673205,3.9338284942606347
ohlc,vwap_rev,B,2015,1976,-0.0069999116435126175,-0.007384006681387801,-0.00936903817464831,3.7580971659919027
ohlc,vwap_rev,B,2016,1537,-0.0061703089969225335,-0.011060065668966536,-0.013046755558232932,3.83409238776838
ohlc,vwap_rev,B,2017,1748,-0.009653871036666603,-0.010807551244831487,-0.012787277408274797,3.9147597254004576
ohlc,vwap_rev,B,2018,1741,-0.008198108245952225,-0.007516767244482391,-0.00949940351339313,3.872487076392878
ohlc,vwap_rev,B,2019,1846,-0.008926270830943972,-0.00655292612878917,-0.008534106782861223,3.7806067172264357
ohlc,vwap_rev,B,2020,1955,-0.0017817187810292544,-0.004094889152520191,-0.006090351941096171,3.484910485933504
ohlc,vwap_rev,B,2021,1220,-0.008643513806437625,-0.013351206100902258,-0.01533295199319047,3.9057377049180326
ohlc,vwap_rev,C,2000,15,0.013163580320824335,0.009052290385371208,0.007026951577909409,4.4
ohlc,vwap_rev,C,2001,182,-0.034103050206773185,-0.015021948176560693,-0.0169527998321302,3.8131868131868134
ohlc,vwap_rev,C,2002,196,-0.008630359938553657,-0.004362469290782297,-0.0063442414779745,3.8622448979591835
ohlc,vwap_rev,C,2003,135,0.005578690242548149,-0.006958385619574526,-0.008968562046030694,4.0962962962962965
ohlc,vwap_rev,C,2004,392,-0.01732996539012013,-0.015730929736179018,-0.017695311199037188,3.795918367346939
ohlc,vwap_rev,C,2005,617,-0.008507363631140267,-0.007987473716928411,-0.009969491776751101,3.7050243111831445
ohlc,vwap_rev,C,2006,434,-9.618030565178728e-05,-0.009756555713666232,-0.011755387934930049,3.953917050691244
ohlc,vwap_rev,C,2007,788,0.000829748803996964,-0.012455941785789534,-0.014456624962017738,3.796954314720812
ohlc,vwap_rev,C,2008,1346,-0.013454517336843408,-0.003280494208559008,-0.005252622786977845,3.734026745913819
ohlc,vwap_rev,C,2009,463,0.0035536536547263404,-0.007698765340938713,-0.009704893669666637,4.205183585313175
ohlc,vwap_rev,C,2010,1215,-0.005733990325214973,-0.009185949822711472,-0.011173511923687204,4.070781893004115
ohlc,vwap_rev,C,2011,1592,-0.01214888899141638,-0.013289769664253673,-0.015264508225707301,3.994346733668342
ohlc,vwap_rev,C,2012,1564,-0.007987551490046872,-0.010028781593954244,-0.012011838770976158,4.115728900255754
ohlc,vwap_rev,C,2013,2132,-0.007030082071918763,-0.007255671287753711,-0.009240642469589024,3.924015009380863
ohlc,vwap_rev,C,2014,1481,0.00200913509146697,-0.004347189942069601,-0.0063502307403673205,3.9338284942606347
ohlc,vwap_rev,C,2015,1976,-0.0069999116435126175,-0.007384006681387801,-0.00936903817464831,3.7580971659919027
ohlc,vwap_rev,C,2016,1537,-0.0061703089969225335,-0.011060065668966536,-0.013046755558232932,3.83409238776838
ohlc,vwap_rev,C,2017,1748,-0.009653871036666603,-0.010807551244831487,-0.012787277408274797,3.9147597254004576
ohlc,vwap_rev,C,2018,1741,-0.008198108245952225,-0.007516767244482391,-0.00949940351339313,3.872487076392878
ohlc,vwap_rev,C,2019,1846,-0.008926270830943972,-0.00655292612878917,-0.008534106782861223,3.7806067172264357
ohlc,vwap_rev,C,2020,1955,-0.0017817187810292544,-0.004094889152520191,-0.006090351941096171,3.484910485933504
ohlc,vwap_rev,C,2021,1220,-0.008643513806437625,-0.013351206100902258,-0.01533295199319047,3.9057377049180326
stop_first,conservative,A,2000,19,-0.018420907653241815,-0.007935929606762038,-0.009898130249321185,1.105263157894737
stop_first,conservative,A,2001,151,-0.012773244339776254,-0.010207574516055853,-0.012181064975878847,1.2317880794701987
stop_first,conservative,A,2002,245,-0.007686873789998808,-0.014966085756517204,-0.016949743995624527,1.1877551020408164
stop_first,conservative,A,2003,363,-0.009202254394842636,-0.01573590740801838,-0.017716536364187886,1.3636363636363635
stop_first,conservative,A,2004,860,-0.008825140199024521,-0.011447137173438048,-0.01342851999011981,1.363953488372093
stop_first,conservative,A,2005,1031,-0.006760268504623503,-0.009437637710182195,-0.011423148255945747,1.600387972841901
stop_first,conservative,A,2006,1353,-0.006533138031131736,-0.011003400957512422,-0.012989365542654462,1.541019955654102
stop_first,conservative,A,2007,1651,-0.005072348598820192,-0.008232568433482955,-0.010221453172472071,1.3797698364627498
stop_first,conservative,A,2008,613,0.00414642710890044,0.008440343918696741,0.006433030621318058,1.401305057096248
stop_first,conservative,A,2009,1050,-0.008556779135196473,-0.012920210567186754,-0.014902129844206746,1.160952380952381
stop_first,conservative,A,2010,2120,-0.007207952894865718,-0.010202242083395823,-0.012186857697100359,1.3033018867924528
stop_first,conservative,A,2011,1975,-0.008894408176673209,-0.00968127494819197,-0.011662519296490162,1.4268354430379746
stop_first,conservative,A,2012,2554,-0.008303968999028676,-0.009025677743906441,-0.011008102394579451,1.4028974158183243
stop_first,conservative,A,2013,2052,-0.00755807696999655,-0.007908409820136063,-0.009892325527240545,1.3338206627680311
stop_first,conservative,A,2014,2786,-0.0065499047137723655,-0.007715312256228186,-0.009701243324361042,1.5028715003589375
stop_first,conservative,A,2015,1668,-0.00707641321240519,-0.006859620217332346,-0.008844498782083267,1.4034772182254196
stop_first,conservative,A,2016,2305,-0.008662863029667636,-0.01082778479204052,-0.01280949200475767,1.286767895878525
stop_first,conservative,A,2017,2200,-0.009774829807109047,-0.009330968081112584,-0.011310452445011736,1.355909090909091
stop_first,conservative,A,2018,2128,-0.005218114831487863,-0.006053902224013924,-0.008042495572734405,1.263157894736842
stop_first,conservative,A,2019,2640,-0.010095310657028596,-0.00931904624280914,-0.011297889957641347,1.3181818181818181
stop_first,conservative,A,2020,2136,-0.010544448727844186,-0.015168949952866792,-0.01714689582969692,1.2275280898876404
stop_first,conservative,A,2021,897,-0.013677101430215482,-0.014391473138026292,-0.016363156765391823,1.1282051282051282
stop_first,conservative,B,2000,19,-0.02688432402098,-0.010331813832998568,-0.012277095898986021,4.105263157894737
stop_first,conservative,B,2001,151,-0.007521236043461098,-0.011009062634280484,-0.012993051987299263,3.3642384105960264
stop_first,conservative,B,2002,245,-0.001147173222188324,-0.010238398456888984,-0.012235129717575868,3.020408163265306
stop_first,conservative,B,2003,363,-0.0018631792600887409,-0.018807548924214344,-0.020802848871297866,3.5371900826446283
stop_first,conservative,B,2004,860,-0.0019724213857022707,-0.008083781427899976,-0.010078862997299284,3.4767441860465116
stop_first,conservative,B,2005,1031,-0.0010836831767316944,-0.0056396669063646454,-0.007636525085207156,3.4364694471387005
stop_first,conservative,B,2006,1353,-0.00010066164965333675,-0.009177149785123207,-0.011175973048070623,3.574279379157428
stop_first,conservative,B,2007,1651,1.924986837439151e-05,-0.007860585464993939,-0.0098596484340023,3.543307086614173
stop_first,conservative,B,2008,613,-0.015376538780303315,0.0011597099270340054,-0.0008085764834527996,3.5057096247960846
stop_first,conservative,B,2009,1050,0.004900016572276359,-0.009862456491736678,-0.01187127623290659,3.699047619047619
stop_first,conservative,B,2010,2120,-0.0008541189570557765,-0.009110277773459225,-0.01110759485679844,3.794811320754717
stop_first,conservative,B,2011,1975,-0.009302410757829612,-0.010830568671464818,-0.012810997412612097,3.97873417721519
stop_first,conservative,B,2012,2554,-0.005451981007372816,-0.008506443889480622,-0.010494569733988577,3.99804228660924
stop_first,conservative,B,2013,2052,-0.006937497005296828,-0.0071293893611872414,-0.009114545622837956,3.854775828460039
stop_first,conservative,B,2014,2786,-0.004003394858052763,-0.0066567910585495944,-0.008647812662243093,3.709978463747308
stop_first,conservative,B,2015,1668,-0.00921635830385041,-0.007178794384230486,-0.009159395146340524,3.588129496402878
stop_first,conservative,B,2016,2305,-0.005960684596500307,-0.01246261463658742,-0.014449723570163555,3.542299349240781
stop_first,conservative,B,2017,2200,-0.009581987149708015,-0.009483081898827383,-0.011462951759921017,3.662272727272727
stop_first,conservative,B,2018,2128,-0.004259286952916611,-0.004381467404015769,-0.006371977473145339,3.5159774436090228
stop_first,conservative,B,2019,2640,-0.009252325748255455,-0.007729890305107993,-0.009710419167415895,3.584469696969697
stop_first,conservative,B,2020,2136,-0.0012777714893048944,-0.014575234368278435,-0.016571704559831257,3.449438202247191
stop_first,conservative,B,2021,897,-0.016594034871732697,-0.015855331899898416,-0.017821184505884345,3.4548494983277593
stop_first,conservative,C,2000,19,-0.02688432402098,-0.010331813832998568,-0.012277095898986021,4.105263157894737
stop_first,conservative,C,2001,151,-0.007521236043461098,-0.011009062634280484,-0.012993051987299263,3.3642384105960264
stop_first,conservative,C,2002,245,-0.001147173222188324,-0.010238398456888984,-0.012235129717575868,3.020408163265306
stop_first,conservative,C,2003,363,-0.0018631792600887409,-0.018807548924214344,-0.020802848871297866,3.5371900826446283
stop_first,conservative,C,2004,860,-0.0019724213857022707,-0.008083781427899976,-0.010078862997299284,3.4767441860465116
stop_first,conservative,C,2005,1031,-0.0010836831767316944,-0.0056396669063646454,-0.007636525085207156,3.4364694471387005
stop_first,conservative,C,2006,1353,-0.00010066164965333675,-0.009177149785123207,-0.011175973048070623,3.574279379157428
stop_first,conservative,C,2007,1651,1.924986837439151e-05,-0.007860585464993939,-0.0098596484340023,3.543307086614173
stop_first,conservative,C,2008,613,-0.015376538780303315,0.0011597099270340054,-0.0008085764834527996,3.5057096247960846
stop_first,conservative,C,2009,1050,0.004900016572276359,-0.009862456491736678,-0.01187127623290659,3.699047619047619
stop_first,conservative,C,2010,2120,-0.0008541189570557765,-0.009110277773459225,-0.01110759485679844,3.794811320754717
stop_first,conservative,C,2011,1975,-0.009302410757829612,-0.010830568671464818,-0.012810997412612097,3.97873417721519
stop_first,conservative,C,2012,2554,-0.005451981007372816,-0.008506443889480622,-0.010494569733988577,3.99804228660924
stop_first,conservative,C,2013,2052,-0.006937497005296828,-0.0071293893611872414,-0.009114545622837956,3.854775828460039
stop_first,conservative,C,2014,2786,-0.004003394858052763,-0.0066567910585495944,-0.008647812662243093,3.709978463747308
stop_first,conservative,C,2015,1668,-0.00921635830385041,-0.007178794384230486,-0.009159395146340524,3.588129496402878
stop_first,conservative,C,2016,2305,-0.005960684596500307,-0.01246261463658742,-0.014449723570163555,3.542299349240781
stop_first,conservative,C,2017,2200,-0.009581987149708015,-0.009483081898827383,-0.011462951759921017,3.662272727272727
stop_first,conservative,C,2018,2128,-0.004259286952916611,-0.004381467404015769,-0.006371977473145339,3.5159774436090228
stop_first,conservative,C,2019,2640,-0.009252325748255455,-0.007729890305107993,-0.009710419167415895,3.584469696969697
stop_first,conservative,C,2020,2136,-0.0012777714893048944,-0.014575234368278435,-0.016571704559831257,3.449438202247191
stop_first,conservative,C,2021,897,-0.016594034871732697,-0.015855331899898416,-0.017821184505884345,3.4548494983277593
stop_first,momentum,A,2001,99,-0.008492600070833167,-0.005353168556430968,-0.007335216128972229,1.8080808080808082
stop_first,momentum,A,2002,156,-0.007045933883208819,-0.015823784708695606,-0.017808724202371968,1.9423076923076923
stop_first,momentum,A,2003,202,-0.008284616219306063,-0.01821309102813419,-0.02019555436548779,2.3564356435643563
stop_first,momentum,A,2004,439,-0.007030043465468867,-0.01190229649638411,-0.013887267755394662,2.3963553530751707
stop_first,momentum,A,2005,571,-0.005246518691005165,-0.010832007486572759,-0.012820544055282521,2.8879159369527145
stop_first,momentum,A,2006,616,-0.005764731564628762,-0.012574005633490086,-0.014561506281975436,2.965909090909091
stop_first,momentum,A,2007,960,-0.0036915028670337423,-0.01135321893820444,-0.013344864021625609,2.30625
stop_first,momentum,A,2008,643,-0.006881127661657688,-0.008298208224941952,-0.01028347717029098,1.7884914463452566
stop_first,momentum,A,2009,827,-0.006247134241496953,-0.012335047523648125,-0.014321583837369319,2.0145102781136637
stop_first,momentum,A,2010,1247,-0.004664747492839653,-0.01097035039086341,-0.012960049934444733,2.6094627105052126
stop_first,momentum,A,2011,1099,-0.011240712802486532,-0.013714749325654531,-0.015691303353549305,2.8853503184713376
stop_first,momentum,A,2012,1310,-0.007964284814606934,-0.010233035814159673,-0.012216139501835543,3.1801526717557254
stop_first,momentum,A,2013,1369,-0.007255534120371765,-0.008231916325569842,-0.010216436823239423,2.246165084002922
stop_first,momentum,A,2014,1605,-0.006214172131639764,-0.009059342028908022,-0.011045944234693999,3.5314641744548285
stop_first,momentum,A,2015,1189,-0.007796254793027961,-0.007556449462494533,-0.00953988904629827,2.840201850294365
stop_first,momentum,A,2016,1463,-0.0088655450007666,-0.013217352757400326,-0.015198654803893971,2.3615857826384143
stop_first,momentum,A,2017,1360,-0.011246321654215238,-0.01132872719724454,-0.01330527001290736,2.8397058823529413
stop_first,momentum,A,2018,1417,-0.0055697335487774734,-0.006346210759287446,-0.00833410121358161,2.1891319689484825
stop_first,momentum,A,2019,1669,-0.011597553290679971,-0.010598675381315521,-0.012574516076336069,2.378070701018574
stop_first,momentum,A,2020,1893,-0.01180188181869864,-0.01693125667820752,-0.01890668891549695,1.7210776545166402
stop_first,momentum,A,2021,1052,-0.018218133843234445,-0.018843807237803174,-0.020806413230174067,1.4106463878326996
stop_first,momentum,B,2001,99,-0.011483075509183411,0.003400055576829784,0.0014239860379207001,8.181818181818182
stop_first,momentum,B,2002,156,0.0030431311635551305,-0.014722838156370587,-0.01672794593813696,8.557692307692308
stop_first,momentum,B,2003,202,0.01657991087057905,-0.015671596879882413,-0.01770376501577246,9.589108910891088
stop_first,momentum,B,2004,439,0.002315961902823563,-0.008310734368224193,-0.01031438852083141,9.9498861047836
stop_first,momentum,B,2005,571,0.005304191147914763,-0.006954320011954269,-0.008963947707998339,10.49737302977233
stop_first,momentum,B,2006,616,0.009360520509346859,-0.01225422549737384,-0.014271961895142998,9.522727272727273
stop_first,momentum,B,2007,960,0.01843304104348474,-0.008719404260788334,-0.010755276849273574,9.822916666666666
stop_first,momentum,B,2008,643,-0.02886680460317528,0.00017470656218515564,-0.00176661247657142,10.786936236391913
stop_first,momentum,B,2009,827,0.025648482276684384,-0.012681590274885192,-0.01473188670708768,10.88149939540508
stop_first,momentum,B,2010,1247,0.009707908170764263,-0.011617859276210262,-0.013636290110421435,11.073777064955895
stop_first,momentum,B,2011,1099,-0.002896668385153227,-0.009919518264565576,-0.011912752241579972,11.686988171064604
stop_first,momentum,B,2012,1310,0.004688405298966164,-0.005439979814159475,-0.007448376539212094,12.158778625954199
stop_first,momentum,B,2013,1369,-0.005394592648861556,-0.007257004569917743,-0.009245245135159699,11.64645726807889
stop_first,momentum,B,2014,1605,0.0015838480452027444,-0.009584748935361443,-0.011586939574439233,10.834890965732088
stop_first,momentum,B,2015,1189,-0.015601655878055546,-0.006315674445460448,-0.008283510841356166,10.602186711522288
stop_first,momentum,B,2016,1463,0.011489154008604181,-0.007026677128481975,-0.00904866871674223,10.363636363636363
stop_first,momentum,B,2017,1360,-0.0058030542835369675,-0.010795147904655501,-0.012782571945087312,11.128676470588236
stop_first,momentum,B,2018,1417,-0.006419661312576646,-0.004721522144656346,-0.006707713572537604,9.836273817925195
stop_first,momentum,B,2019,1669,-0.012883517772607671,-0.0074600215568370095,-0.00943329157736742,10.593169562612342
stop_first,momentum,B,2020,1893,0.015341359911373519,-0.015858362364930937,-0.017888054607123838,9.853671421024828
stop_first,momentum,B,2021,1052,-0.017240895690973312,-0.013041068005858764,-0.015005627521226673,8.368821292775666
stop_first,momentum,C,2001,99,-0.002720532978843387,-0.0008573940640574301,-0.0028509801400622113,9.88888888888889
stop_first,momentum,C,2002,156,0.007420020759178951,-0.010446656409458148,-0.012460513700707637,11.35897435897436
stop_first,momentum,C,2003,202,0.03891886861896456,-0.014315490133949891,-0.016392314393416475,16.722772277227723
stop_first,momentum,C,2004,439,0.04035339011578545,0.010878605693028924,0.00879891378996155,17.91343963553531
stop_first,momentum,C,2005,571,0.02505427461782845,0.00782049941623147,0.005771390819690011,15.754816112084063
stop_first,momentum,C,2006,616,0.028720420296083876,-0.021449819969078087,-0.02350625728060713,18.11525974025974
stop_first,momentum,C,2007,960,0.059826089985943035,0.018834968877571915,0.01671635057061564,15.105208333333334
stop_first,momentum,C,2008,643,-0.011919791391185153,0.011221317464798762,0.009246120931632108,9.493001555209954
stop_first,momentum,C,2009,827,0.05501362924343991,-0.015425564114365051,-0.017534562194449276,17.51632406287787
stop_first,momentum,C,2010,1247,0.023567913579878585,-0.015116556018305362,-0.01716269334273387,18.72093023255814
stop_first,momentum,C,2011,1099,-0.004318814858490711,-0.01626732135024333,-0.018257712421631933,16.83257506824386
stop_first,momentum,C,2012,1310,0.008061633779034077,-0.004606770741799175,-0.006621910633187232,19.74351145038168
stop_first,momentum,C,2013,1369,-0.003564004474888713,-0.007498399318365388,-0.009490299274194645,15.407596785975164
stop_first,momentum,C,2014,1605,0.0025641589840074783,-0.011514681232117224,-0.013518831536767587,16.860436137071652
stop_first,momentum,C,2015,1189,-0.01688132950893101,-0.007128179228838265,-0.009093457525809154,12.246425567703954
stop_first,momentum,C,2016,1463,0.03573282877998677,0.0056445264524579986,0.003574071164649426,16.71496924128503
stop_first,momentum,C,2017,1360,0.009625327112481749,0.004396689443392006,0.0023784236907385767,16.13455882352941
stop_first,momentum,C,2018,1417,0.0033285426178557005,-6.697225224746271e-05,-0.0020726505785001537,13.965419901199718
stop_first,momentum,C,2019,1669,-0.01482483901947925,-0.0025015955024090862,-0.004470984774227828,14.886159376872378
stop_first,momentum,C,2020,1893,0.06530580367481077,-0.012873290031907726,-0.01500286242071554,17.18119387216059
stop_first,momentum,C,2021,1052,0.0005808310007069537,0.005429536378507922,0.0034293507950640028,10.282319391634982
stop_first,nr7,A,2001,87,-0.0053303953691742345,-0.01972397517140825,-0.021712344068584362,1.9425287356321839
stop_first,nr7,A,2002,126,-0.008657272678925462,-0.020379177593609903,-0.02236089598157509,1.7142857142857142
stop_first,nr7,A,2003,235,-0.00816306012634489,-0.0234545641110817,-0.025437270442041783,2.234042553191489
stop_first,nr7,A,2004,436,-0.0028937221318738864,-0.01735424836004432,-0.01934748822669118,2.3876146788990824
stop_first,nr7,A,2005,505,-0.0032832637090521545,-0.013487078603679009,-0.01547953976717398,3.1445544554455447
stop_first,nr7,A,2006,675,-0.008609528816328916,-0.02164721406456827,-0.02362902789368394,2.6385185185185187
stop_first,nr7,A,2007,897,-0.012152396347031398,-0.022838494833214894,-0.024813226383378767,1.975473801560758
stop_first,nr7,A,2008,323,-0.01851411316265791,-0.019399463252350174,-0.021361477574813582,2.040247678018576
stop_first,nr7,A,2009,837,-0.017504112651611774,-0.028814527758386593,-0.030778561096604526,1.6917562724014337
stop_first,nr7,A,2010,1167,-0.017396942212868746,-0.023347004147420834,-0.025311251721970195,2.0608397600685517
stop_first,nr7,A,2011,953,-0.019747530774523816,-0.0257343166867964,-0.02769386537724969,2.331584470094439
stop_first,nr7,A,2012,1218,-0.01933006850445607,-0.023003583937063348,-0.02496396714481734,2.400656814449918
stop_first,nr7,A,2013,1137,-0.014690469091599108,-0.020302578941179206,-0.022272236821774233,2.167985927880387
stop_first,nr7,A,2014,1145,-0.011462975042252299,-0.018998772670922294,-0.020974882391157,3.285589519650655
stop_first,nr7,A,2015,663,-0.01076343645139683,-0.011758746424667888,-0.013736254539676054,2.7586726998491704
stop_first,nr7,A,2016,1091,-0.012333793700073856,-0.018224953052180606,-0.020199321984593677,2.241063244729606
stop_first,nr7,A,2017,1101,-0.013187277634470905,-0.015168209848439015,-0.017140872645567077,2.782924613987284
stop_first,nr7,A,2018,1060,-0.01482762662546528,-0.019379845783949207,-0.021349229483275316,2.1952830188679244
stop_first,nr7,A,2019,1279,-0.012106584231239136,-0.013097509290819287,-0.015072332420524474,2.6810007818608286
stop_first,nr7,A,2020,1276,-0.015523977006820297,-0.022842305356140905,-0.02481029703400243,1.8025078369905956
stop_first,nr7,A,2021,761,-0.02107087138174471,-0.025181649897667576,-0.027138553197841,1.3350854139290407
stop_first,nr7,B,2001,87,0.019183002022675397,0.007542694798108208,0.005505323019260476,12.758620689655173
stop_first,nr7,B,2002,126,0.008605973869704539,-0.00812552147970687,-0.01014174952026603,11.253968253968255
stop_first,nr7,B,2003,235,0.029239781750145195,-0.02235637611344046,-0.024413851641234323,11.157446808510638
stop_first,nr7,B,2004,436,0.018424977310535356,-0.00950375940582874,-0.011539615874714365,11.25
stop_first,nr7,B,2005,505,0.0025119073866457457,-0.013809086556010042,-0.015813132408437753,10.855445544554456
stop_first,nr7,B,2006,675,0.019353733015771354,-0.015746691339492865,-0.017784404413776662,10.669629629629629
stop_first,nr7,B,2007,897,0.01908708127206702,-0.015944725185417816,-0.017981905216336153,10.581939799331103
stop_first,nr7,B,2008,323,-0.02346188363798753,0.0027196337809683776,0.0007675101728464022,12.170278637770897
stop_first,nr7,B,2009,837,0.02278606810977919,-0.01840512126971318,-0.020449695665901088,11.986857825567503
stop_first,nr7,B,2010,1167,0.005728231066402834,-0.011268097572136388,-0.013278572934361419,11.527849185946872
stop_first,nr7,B,2011,953,-0.016851083357996826,-0.026767492962883572,-0.028732831722650853,12.4900314795383
stop_first,nr7,B,2012,1218,-0.0014050670429653859,-0.010711591357930646,-0.012707807082554484,12.307060755336618
stop_first,nr7,B,2013,1137,-0.0032995720237078796,-0.010458283866586832,-0.01245071242936144,11.989445910290238
stop_first,nr7,B,2014,1145,0.002696197652966428,-0.0119210205334886,-0.013925434786671588,11.386026200873362
stop_first,nr7,B,2015,663,-0.021008883013185327,-0.008399342086826965,-0.01035636930326711,11.197586726998491
stop_first,nr7,B,2016,1091,0.004034071354516699,-0.014404352713114904,-0.0164114414085892,11.425297891842346
stop_first,nr7,B,2017,1101,-0.002345269705979252,-0.008099997030242117,-0.010094333266718868,12.227066303360582
stop_first,nr7,B,2018,1060,-0.012037154577643545,-0.01153734832565709,-0.013512310246940018,11.50943396226415
stop_first,nr7,B,2019,1279,-0.01206895209240041,-0.006421089703015321,-0.008395988060287591,11.704456606724003
stop_first,nr7,B,2020,1276,0.013240516814329736,-0.0251788861234362,-0.027204378728832572,11.289184952978056
stop_first,nr7,B,2021,761,-0.01464971165607258,-0.014950154704111785,-0.016919894059818506,11.680683311432325
stop_first,nr7,C,2001,87,0.04012343464371097,-0.014191653093595123,-0.01627088531004265,15.195402298850574
stop_first,nr7,C,2002,126,0.03346758070736371,0.003098165737382654,0.0010322387359427416,15.666666666666666
stop_first,nr7,C,2003,235,0.06396290414672978,-0.007218087644811919,-0.009344975544578108,20.91063829787234
stop_first,nr7,C,2004,436,0.08023915606380351,0.02740063273435517,0.02524120820843305,20.504587155963304
stop_first,nr7,C,2005,505,0.02386165626492905,-0.004673655899083604,-0.006720380422332724,15.780198019801981
stop_first,nr7,C,2006,675,0.04132931460305092,-0.02170964476729016,-0.023791287567306075,20.005925925925926
stop_first,nr7,C,2007,897,0.04779030911075937,0.003264088858113573,0.0011695303718595913,14.983277591973245
stop_first,nr7,C,2008,323,-0.0305401853433323,0.004559048341750591,0.002621074432071413,13.102167182662539
stop_first,nr7,C,2009,837,0.0298610015958165,-0.023971053939267857,-0.02602977130074568,17.305854241338114
stop_first,nr7,C,2010,1167,0.02069667794962856,-0.015512031935957878,-0.01755242959005055,17.96229648671808
stop_first,nr7,C,2011,953,-0.011683834263629492,-0.02861279524700873,-0.0305884634642515,18.030430220356767
stop_first,nr7,C,2012,1218,0.004344128474398187,-0.0097346169287314,-0.011742325435981039,20.354679802955665
stop_first,nr7,C,2013,1137,0.009361588489998214,-0.002709317553954523,-0.004727056086643157,17.962181178540018
stop_first,nr7,C,2014,1145,0.0022279859520970276,-0.01417047249705933,-0.01617395078358668,17.503930131004367
stop_first,nr7,C,2015,663,-0.021611901815462305,-0.007192479656576833,-0.009148301423664473,14.82503770739065
stop_first,nr7,C,2016,1091,0.01700943850273054,-0.011564404373439608,-0.013597431145584636,16.07974335472044
stop_first,nr7,C,2017,1101,0.012073852548217977,0.0041270446187234725,0.0021038842037643924,16.789282470481382
stop_first,nr7,C,2018,1060,-0.005631306776380854,-0.00841022668544811,-0.010397994053352481,14.641509433962264
stop_first,nr7,C,2019,1279,-0.014377627486176322,-0.002657191424569403,-0.004627474683194554,15.98123534010946
stop_first,nr7,C,2020,1276,0.05363586871945364,-0.015734158798913576,-0.017840402701971684,18.619905956112852
stop_first,nr7,C,2021,761,0.013968796991027937,0.012668992581744198,0.01064204412644045,11.227332457293036
stop_first,rand:conservative,A,2000,19,-0.013096661338367621,-0.0066802999768670965,-0.008653143918190095,1.263157894736842
stop_first,rand:conservative,A,2001,152,-0.009181155503363236,-0.006832802994543643,-0.008813474127913898,1.230263157894737
stop_first,rand:conservative,A,2002,246,-0.009361510124835513,-0.0076678326630244854,-0.009648143263089883,1.3089430894308942
stop_first,rand:conservative,A,2003,366,-0.009842490144829987,-0.012161767289939937,-0.014141116399167094,1.5191256830601092
stop_first,rand:conservative,A,2004,851,-0.010133285461948806,-0.01187050405615557,-0.013849271858422817,1.473560517038778
stop_first,rand:conservative,A,2005,1034,-0.007047925169968729,-0.008743293838342422,-0.010728229351387796,1.7736943907156673
stop_first,rand:conservative,A,2006,1352,-0.007568125347014914,-0.011832730401377497,-0.01381662602153027,1.7877218934911243
stop_first,rand:conservative,A,2007,1649,-0.005767908216645834,-0.008825310137590189,-0.01081280443587038,1.5087932080048514
stop_first,rand:conservative,A,2008,615,-0.0070467900431603996,0.0004647459305451339,-0.0015201918516465265,1.334959349593496
stop_first,rand:conservative,A,2009,1048,-0.008230892807582183,-0.012824943557411171,-0.014807514289180384,1.2814885496183206
stop_first,rand:conservative,A,2010,2125,-0.008046432300211341,-0.010169421740678823,-0.012152361213519347,1.5138823529411765
stop_first,rand:conservative,A,2011,1973,-0.008626870843716343,-0.009684684640152515,-0.01166646380213076,1.5281297516472376
stop_first,rand:conservative,A,2012,2544,-0.007652633400237025,-0.008218042494595911,-0.010201769181080848,1.5742924528301887
stop_first,rand:conservative,A,2013,2067,-0.007654504527316466,-0.0076923206321024284,-0.009676043578158508,1.3575229801644897
stop_first,rand:conservative,A,2014,2778,-0.0064214677151485594,-0.007752573501409244,-0.009738761318247522,1.9683225341972643
stop_first,rand:conservative,A,2015,1679,-0.008690131284287292,-0.006239825243239314,-0.008221477946047736,1.5616438356164384
stop_first,rand:conservative,A,2016,2302,-0.007636108028932084,-0.009783714387705865,-0.011767474108812716,1.425716768027802
stop_first,rand:conservative,A,2017,2196,-0.008587044654238277,-0.009290452166099052,-0.01127231094160533,1.6024590163934427
stop_first,rand:conservative,A,2018,2123,-0.00971771747966689,-0.008623383828462597,-0.010602982361302872,1.3287800282618936
stop_first,rand:conservative,A,2019,2643,-0.01017691723608509,-0.009697110234185766,-0.011675790815468054,1.4578130911842604
stop_first,rand:conservative,A,2020,2127,-0.009942143486016339,-0.011534388798038142,-0.013513538697795967,1.2590503055947344
stop_first,rand:conservative,A,2021,907,-0.012351056520382746,-0.011842502104037976,-0.01381683652765052,1.187431091510474
stop_first,rand:conservative,B,2000,19,-0.0055773495066469584,0.00509659322278437,0.0031087179929764823,4.157894736842105
stop_first,rand:conservative,B,2001,152,-0.0034036899901987074,0.008155101943888852,0.006162881515478919,3.8552631578947367
stop_first,rand:conservative,B,2002,246,-0.00914563820894617,-0.009377255845784204,-0.011357997979095749,3.926829268292683
stop_first,rand:conservative,B,2003,366,9.449872430441419e-05,-0.012706450072009485,-0.014705663465323522,3.8633879781420766
stop_first,rand:conservative,B,2004,851,-0.005357607191545973,-0.009788156462917018,-0.011776470962993847,3.8401880141010576
stop_first,rand:conservative,B,2005,1034,-0.008559987761460048,-0.009558778432447129,-0.011540691295344645,3.859767891682785
stop_first,rand:conservative,B,2006,1352,0.0005529994348055909,-0.008202959309885563,-0.010203089257347706,3.96301775147929
stop_first,rand:conservative,B,2007,1649,-0.001664335192765862,-0.01015463017329253,-0.012150327614535958,3.8902365069739235
stop_first,rand:conservative,B,2008,615,-0.019294425762516106,-0.00017015496149180428,-0.0021306094199597505,3.9853658536585366
stop_first,rand:conservative,B,2009,1048,0.0039855483062080635,-0.008788839861537336,-0.01079583155824983,4.0066793893129775
stop_first,rand:conservative,B,2010,2125,-0.002381155927054349,-0.008667023516072694,-0.010661288015114729,4.124705882352941
stop_first,rand:conservative,B,2011,1973,-0.007144001567775798,-0.009396502788461002,-0.011381246242434436,4.199695894576787
stop_first,rand:conservative,B,2012,2544,-0.005344016027082048,-0.007457166664413838,-0.009445508333561252,4.152122641509434
stop_first,rand:conservative,B,2013,2067,-0.008831294488324905,-0.008846797794927114,-0.010828168309033853,4.017416545718432
stop_first,rand:conservative,B,2014,2778,-0.004448427231677946,-0.007731260345859697,-0.009721392318940347,3.9967602591792657
stop_first,rand:conservative,B,2015,1679,-0.009281937843828638,-0.0048016860897257384,-0.006782155756729448,3.8415723645026802
stop_first,rand:conservative,B,2016,2302,-0.004911562557241114,-0.00996441482635664,-0.011953620980580207,3.835794960903562
stop_first,rand:conservative,B,2017,2196,-0.0070670039205896545,-0.00879697032556457,-0.01078186769972025,4.020947176684881
stop_first,rand:conservative,B,2018,2123,-0.009609116742867645,-0.007894729458196572,-0.009874545086569132,3.868111163447951
stop_first,rand:conservative,B,2019,2643,-0.009912477185767881,-0.008679128081123635,-0.010658337284542125,3.907302307983352
stop_first,rand:conservative,B,2020,2127,-0.003534844391421389,-0.009213876862524943,-0.011205835110075127,3.768688293370945
stop_first,rand:conservative,B,2021,907,-0.009448147143492864,-0.00884860365288224,-0.010828741063425778,3.9162072767364937
stop_first,rand:conservative,C,2000,19,-0.0055773495066469584,0.00509659322278437,0.0031087179929764823,4.157894736842105
stop_first,rand:conservative,C,2001,152,-0.0034036899901987074,0.008155101943888852,0.006162881515478919,3.8552631578947367
stop_first,rand:conservative,C,2002,246,-0.00914563820894617,-0.009377255845784204,-0.011357997979095749,3.926829268292683
stop_first,rand:conservative,C,2003,366,9.449872430441419e-05,-0.012706450072009485,-0.014705663465323522,3.8633879781420766
stop_first,rand:conservative,C,2004,851,-0.005357607191545973,-0.009788156462917018,-0.011776470962993847,3.8401880141010576
stop_first,rand:conservative,C,2005,1034,-0.008559987761460048,-0.009558778432447129,-0.011540691295344645,3.859767891682785
stop_first,rand:conservative,C,2006,1352,0.0005529994348055909,-0.008202959309885563,-0.010203089257347706,3.96301775147929
stop_first,rand:conservative,C,2007,1649,-0.001664335192765862,-0.01015463017329253,-0.012150327614535958,3.8902365069739235
stop_first,rand:conservative,C,2008,615,-0.019294425762516106,-0.00017015496149180428,-0.0021306094199597505,3.9853658536585366
stop_first,rand:conservative,C,2009,1048,0.0039855483062080635,-0.008788839861537336,-0.01079583155824983,4.0066793893129775
stop_first,rand:conservative,C,2010,2125,-0.002381155927054349,-0.008667023516072694,-0.010661288015114729,4.124705882352941
stop_first,rand:conservative,C,2011,1973,-0.007144001567775798,-0.009396502788461002,-0.011381246242434436,4.199695894576787
stop_first,rand:conservative,C,2012,2544,-0.005344016027082048,-0.007457166664413838,-0.009445508333561252,4.152122641509434
stop_first,rand:conservative,C,2013,2067,-0.008831294488324905,-0.008846797794927114,-0.010828168309033853,4.017416545718432
stop_first,rand:conservative,C,2014,2778,-0.004448427231677946,-0.007731260345859697,-0.009721392318940347,3.9967602591792657
stop_first,rand:conservative,C,2015,1679,-0.009281937843828638,-0.0048016860897257384,-0.006782155756729448,3.8415723645026802
stop_first,rand:conservative,C,2016,2302,-0.004911562557241114,-0.00996441482635664,-0.011953620980580207,3.835794960903562
stop_first,rand:conservative,C,2017,2196,-0.0070670039205896545,-0.00879697032556457,-0.01078186769972025,4.020947176684881
stop_first,rand:conservative,C,2018,2123,-0.009609116742867645,-0.007894729458196572,-0.009874545086569132,3.868111163447951
stop_first,rand:conservative,C,2019,2643,-0.009912477185767881,-0.008679128081123635,-0.010658337284542125,3.907302307983352
stop_first,rand:conservative,C,2020,2127,-0.003534844391421389,-0.009213876862524943,-0.011205835110075127,3.768688293370945
stop_first,rand:conservative,C,2021,907,-0.009448147143492864,-0.00884860365288224,-0.010828741063425778,3.9162072767364937
stop_first,rand:momentum,A,2001,100,-0.015123800669207519,-0.006839382961240104,-0.008808174601400036,2.33
stop_first,rand:momentum,A,2002,155,-0.006122998978027959,-0.008067176075550221,-0.0100539605387029,2.496774193548387
stop_first,rand:momentum,A,2003,201,-0.010163637451180709,-0.017355740034220565,-0.019334447162118063,2.701492537313433
stop_first,rand:momentum,A,2004,441,-0.010704063012380015,-0.013460755435132515,-0.015438382239099213,2.963718820861678
stop_first,rand:momentum,A,2005,569,-0.006725473793576675,-0.009661965100228658,-0.011647545201471647,3.4622144112478033
stop_first,rand:momentum,A,2006,613,-0.005869712321651544,-0.016926564211281775,-0.018913855000663077,3.8841761827079937
stop_first,rand:momentum,A,2007,962,-0.003446659580837347,-0.012596191054804626,-0.014588325585950643,3.003118503118503
stop_first,rand:momentum,A,2008,644,-0.0070645250986034825,-0.001266364647460971,-0.0032512669768424945,2.1739130434782608
stop_first,rand:momentum,A,2009,827,-0.006744598667625012,-0.01314876015224242,-0.015134302022393848,2.3688029020556227
stop_first,rand:momentum,A,2010,1250,-0.004789706770689862,-0.00862344609796358,-0.010612895844888467,3.128
stop_first,rand:momentum,A,2011,1104,-0.011256264960003958,-0.013212680008136923,-0.015189202946887975,3.5407608695652173
stop_first,rand:momentum,A,2012,1297,-0.009259800666505894,-0.011679064970972776,-0.01365957889073605,3.9784117193523514
stop_first,rand:momentum,A,2013,1372,-0.008760344347993944,-0.010493284894461826,-0.012474797239636518,2.9591836734693877
stop_first,rand:momentum,A,2014,1609,-0.004957536033870628,-0.009230874306951544,-0.011219988559069527,4.732131758856433
stop_first,rand:momentum,A,2015,1192,-0.008771891212696982,-0.0033362568428114245,-0.005317746105520812,3.527684563758389
stop_first,rand:momentum,A,2016,1462,-0.006454939807427596,-0.010906438639914652,-0.012892559545220797,3.2701778385772915
stop_first,rand:momentum,A,2017,1356,-0.007584818221364524,-0.00923220530911015,-0.011216067559798319,3.879793510324484
stop_first,rand:momentum,A,2018,1418,-0.0098514978282652,-0.008323485482469329,-0.010302816585116737,2.595909732016925
stop_first,rand:momentum,A,2019,1666,-0.009298064428641855,-0.007930980635414923,-0.00991141806498068,3.1782713085234096
stop_first,rand:momentum,A,2020,1895,-0.01065569439056676,-0.014201197243619018,-0.016178920737645177,2.4
stop_first,rand:momentum,A,2021,1053,-0.01189076322629567,-0.011168922397011921,-0.013144176958191034,2.150997150997151
stop_first,rand:momentum,B,2001,100,-0.020477817934974638,0.0038645377349663655,0.0019064489064301426,13.34
stop_first,rand:momentum,B,2002,155,-0.012507486755261685,-0.01367470320379878,-0.01564872491954111,10.709677419354838
stop_first,rand:momentum,B,2003,201,0.03377950896856473,-0.016128238524121926,-0.01819478907779447,11.427860696517413
stop_first,rand:momentum,B,2004,441,0.0021649575016646793,-0.009701366409760865,-0.011704718700872363,11.426303854875284
stop_first,rand:momentum,B,2005,569,-0.0023032378221410415,-0.011716240819676583,-0.0137106610789184,10.998242530755713
stop_first,rand:momentum,B,2006,613,0.013656317261892554,-0.01511408290671393,-0.01714040670738712,11.225122349102774
stop_first,rand:momentum,B,2007,962,0.018089347223685572,-0.012912475471880704,-0.014947661008003774,11.303534303534304
stop_first,rand:momentum,B,2008,644,-0.03457385546711375,-0.0009246441149062552,-0.0028545546192312687,10.667701863354038
stop_first,rand:momentum,B,2009,827,0.021668828786552727,-0.01528247218258913,-0.017324813190010897,12.45223700120919
stop_first,rand:momentum,B,2010,1250,0.0024921484399037727,-0.011618482893772387,-0.013622489247581686,12.1944
stop_first,rand:momentum,B,2011,1104,-0.008548850878396741,-0.014639220102749586,-0.01662115522854906,12.82518115942029
stop_first,rand:momentum,B,2012,1297,-0.0026873876672263972,-0.011137632293063407,-0.01313128462735782,12.394757131842715
stop_first,rand:momentum,B,2013,1372,-0.007324216873194876,-0.007598259459840666,-0.009582642659005438,12.236151603498543
stop_first,rand:momentum,B,2014,1609,0.0014593223723379204,-0.010256922873897678,-0.012258864583106025,12.027346177750156
stop_first,rand:momentum,B,2015,1192,-0.021100859914010214,-0.005678860227707241,-0.007635703580070302,11.297818791946309
stop_first,rand:momentum,B,2016,1462,0.008030077536608901,-0.008563390656221154,-0.010578467465907855,12.0109439124487
stop_first,rand:momentum,B,2017,1356,-0.007276936830507405,-0.013955696555189773,-0.015940174268317675,12.543510324483776
stop_first,rand:momentum,B,2018,1418,-0.01387470517892131,-0.010079266621300792,-0.012050555233933738,11.407616361071932
stop_first,rand:momentum,B,2019,1666,-0.009941991791770596,-0.0022432948126772257,-0.004222445015675559,12.089435774309724
stop_first,rand:momentum,B,2020,1895,0.007922891531116822,-0.015660871958911034,-0.01767573450114798,11.083377308707124
stop_first,rand:momentum,B,2021,1053,-0.018381512214683166,-0.016194071838865266,-0.018156351233870813,12.04463437796771
stop_first,rand:momentum,C,2001,100,0.00022688268509471032,-0.012859004965146102,-0.01485848299723957,10.95
stop_first,rand:momentum,C,2002,155,0.018196804762103384,0.0012278873675689804,-0.0008075129788047955,9.825806451612904
stop_first,rand:momentum,C,2003,201,0.04192449353398231,-0.016113486981698923,-0.018196319558972524,16.62686567164179
stop_first,rand:momentum,C,2004,441,0.04577732469089201,0.016913253876062254,0.014822719394957657,15.863945578231293
stop_first,rand:momentum,C,2005,569,0.010314725269137189,-0.0016603105402419932,-0.0036799544166925893,11.829525483304042
stop_first,rand:momentum,C,2006,613,0.02334705749700024,-0.022491437241364334,-0.02453713306907484,15.822185970636216
stop_first,rand:momentum,C,2007,962,0.048154749354943495,0.010768915689654098,0.008673628678427556,12.900207900207901
stop_first,rand:momentum,C,2008,644,-0.016133654180022983,0.004476046270942909,0.002509273352680431,7.583850931677019
stop_first,rand:momentum,C,2009,827,0.03941906218560957,-0.01359776326665599,-0.01567558742531107,14.275695284159614
stop_first,rand:momentum,C,2010,1250,0.008220403008917675,-0.012113873075505963,-0.014129330350472506,13.7064
stop_first,rand:momentum,C,2011,1104,0.0019455977281554802,-0.009727160630596823,-0.01173007441614938,15.032608695652174
stop_first,rand:momentum,C,2012,1297,0.0055398061147224524,-0.004767203059399547,-0.006777301755532008,15.943716268311489
stop_first,rand:momentum,C,2013,1372,0.005191538404472872,0.0019340280708747258,-7.537442957654879e-05,12.22667638483965
stop_first,rand:momentum,C,2014,1609,0.003601498803381213,-0.007450697055617228,-0.009456921027968952,13.732131758856433
stop_first,rand:momentum,C,2015,1192,-0.016100430457461783,-0.006995809257730129,-0.008962648591027593,9.02768456375839
stop_first,rand:momentum,C,2016,1462,0.014458171038697476,-0.006476577020914836,-0.008504503746923686,12.870041039671683
stop_first,rand:momentum,C,2017,1356,-0.002552868060275489,-0.008209126997594301,-0.01020304823987713,11.853244837758112
stop_first,rand:momentum,C,2018,1418,-0.00668362084225496,-0.004657264228502653,-0.006642927994820218,10.550070521861777
stop_first,rand:momentum,C,2019,1666,-0.010021677938002646,-0.00077305958508949,-0.002752050493530154,11.705282112845138
stop_first,rand:momentum,C,2020,1895,0.04336352337749649,-0.007148190655216564,-0.009233899888386386,13.870712401055409
stop_first,rand:momentum,C,2021,1053,-0.005829328335173224,-0.00257246477076266,-0.004559836288721849,8.05508072174739
stop_first,rand:nr7,A,2001,232,-0.010277970995564807,-0.00747258070198298,-0.009451059274325447,1.8620689655172413
stop_first,rand:nr7,A,2002,389,-0.008064674342076111,-0.009810519774126465,-0.01179342278067857,2.0411311053984575
stop_first,rand:nr7,A,2003,648,-0.0077420343648176735,-0.013494001594233297,-0.015477549566000774,2.251543209876543
stop_first,rand:nr7,A,2004,1328,-0.008129132178149335,-0.010517583023530905,-0.012500357177290264,2.2311746987951806
stop_first,rand:nr7,A,2005,1403,-0.00702825884375496,-0.008734517818951716,-0.010719492645464785,2.9365645046329294
stop_first,rand:nr7,A,2006,1660,-0.0043427744809711715,-0.012451930785745711,-0.014442273961262261,2.906024096385542
stop_first,rand:nr7,A,2007,2130,-0.0035177012579723664,-0.010491984396271737,-0.012483976913365492,2.376056338028169
stop_first,rand:nr7,A,2008,920,-0.01016469508307587,-0.0016561687479368099,-0.0036348737616022546,1.808695652173913
stop_first,rand:nr7,A,2009,1817,-0.008213557626878356,-0.012905254408094079,-0.01488785979331402,2.0280682443588334
stop_first,rand:nr7,A,2010,2826,-0.006131691018605742,-0.01034556629563558,-0.012332333383186313,2.596602972399151
stop_first,rand:nr7,A,2011,2502,-0.011112269701197575,-0.01260900249586917,-0.014585813284668736,2.760591526778577
stop_first,rand:nr7,A,2012,3288,-0.009187146337942743,-0.01105663737151253,-0.013037296529057761,2.899330900243309
stop_first,rand:nr7,A,2013,2756,-0.007023269707844959,-0.008091125983987008,-0.010076110783904925,2.3011611030478956
stop_first,rand:nr7,A,2014,2655,-0.006538246802741909,-0.009963264992996722,-0.011949219365579206,3.665913370998117
stop_first,rand:nr7,A,2015,1609,-0.009103350148772163,-0.005476552552523541,-0.007457379220702934,2.8216283405842137
stop_first,rand:nr7,A,2016,2398,-0.006511022689007406,-0.009016948943506254,-0.011002957737758758,2.5587989991659716
stop_first,rand:nr7,A,2017,2520,-0.008302668129521667,-0.00957372611953042,-0.011556153370673432,3.0845238095238097
stop_first,rand:nr7,A,2018,2280,-0.00892495546087265,-0.00861112107943814,-0.010592304362967183,2.204824561403509
stop_first,rand:nr7,A,2019,2887,-0.008340048223972156,-0.007283315558486972,-0.009265668085905815,2.4928992033252513
stop_first,rand:nr7,A,2020,2720,-0.009497409503050294,-0.011221068507356451,-0.013201107441236893,1.9323529411764706
stop_first,rand:nr7,A,2021,1764,-0.010694084051280917,-0.011004556566442687,-0.012982203318596989,1.7647392290249433
stop_first,rand:nr7,B,2001,232,-0.020200428808153786,0.0013358865313897758,-0.0006227568048036726,12.318965517241379
stop_first,rand:nr7,B,2002,389,-0.018900239514652247,-0.014021715118971958,-0.015982957565402203,11.097686375321336
stop_first,rand:nr7,B,2003,648,0.02982029736300968,-0.012348137706877245,-0.014406773699596913,11.845679012345679
stop_first,rand:nr7,B,2004,1328,0.003120437351350844,-0.011745543955026246,-0.013750806273755103,12.074548192771084
stop_first,rand:nr7,B,2005,1403,-0.0009496780871581849,-0.007955397331815918,-0.009952523390114012,11.208838203848895
stop_first,rand:nr7,B,2006,1660,0.019442215973883445,-0.009352884964511508,-0.011390774918395349,11.48855421686747
stop_first,rand:nr7,B,2007,2130,0.01733480286680678,-0.012790819967284808,-0.01482449715076116,11.236150234741784
stop_first,rand:nr7,B,2008,920,-0.021585278884912174,0.011813614115673707,0.009857739128695961,11.018478260869566
stop_first,rand:nr7,B,2009,1817,0.027325518872895884,-0.010011915244684436,-0.012065564114110108,12.714914694551458
stop_first,rand:nr7,B,2010,2826,0.004516060193869119,-0.010406437319291978,-0.012414489522259112,12.29582448690729
stop_first,rand:nr7,B,2011,2502,-0.008311021892754244,-0.015514501212374921,-0.017496911764140668,12.831334932054357
stop_first,rand:nr7,B,2012,3288,-0.0010570582485267923,-0.009177668757737508,-0.011174580160463488,12.516727493917275
stop_first,rand:nr7,B,2013,2756,-0.008121526001554706,-0.008207157902822218,-0.010189947261514854,12.369738751814223
stop_first,rand:nr7,B,2014,2655,0.0009095424709882055,-0.01042165673158125,-0.012422499417303758,11.841807909604519
stop_first,rand:nr7,B,2015,1609,-0.017898614068881106,-0.005334851835044643,-0.007298096555268872,11.480422622747048
stop_first,rand:nr7,B,2016,2398,0.004181504362698852,-0.011631519399075758,-0.013638902816743764,11.84904086738949
stop_first,rand:nr7,B,2017,2520,-0.0052954743457805506,-0.011330349035644144,-0.013318787740801162,12.634920634920634
stop_first,rand:nr7,B,2018,2280,-0.014138054845807116,-0.009603708472967619,-0.011574470643167535,11.805263157894737
stop_first,rand:nr7,B,2019,2887,-0.011399770784751701,-0.005073565554122565,-0.007049801621215768,12.066505022514722
stop_first,rand:nr7,B,2020,2720,0.011449736863584465,-0.011428113140131587,-0.013450025932553705,11.042279411764707
stop_first,rand:nr7,B,2021,1764,-0.01790077302001815,-0.01592806934933545,-0.01789130975376349,11.835034013605442
stop_first,rand:nr7,C,2001,232,0.0075782371706982704,-0.007352818379775167,-0.009366991949505686,9.827586206896552
stop_first,rand:nr7,C,2002,389,0.0030017425723273617,-0.002050301237357412,-0.004055326282316375,8.431876606683804
stop_first,rand:nr7,C,2003,648,0.04698530131582444,-0.002232451599655015,-0.004325400855613825,16.132716049382715
stop_first,rand:nr7,C,2004,1328,0.040432616574127625,0.01011632364164285,0.008036473362945145,16.48343373493976
stop_first,rand:nr7,C,2005,1403,0.015927605323832833,0.004151649847847521,0.0021207856867190965,11.955808980755524
stop_first,rand:nr7,C,2006,1660,0.03933502555929809,-0.012971702965967703,-0.015049359133348908,17.450602409638556
stop_first,rand:nr7,C,2007,2130,0.037422361676771,0.0039015465700751118,0.0018277138646324873,12.152112676056339
stop_first,rand:nr7,C,2008,920,-0.021748309252948683,0.007241321311455953,0.005285772226176205,7.957608695652174
stop_first,rand:nr7,C,2009,1817,0.0403274556572621,-0.015981865531430536,-0.018061505590880236,15.189873417721518
stop_first,rand:nr7,C,2010,2826,0.017566685602344954,-0.011818738236758651,-0.013852878959501698,15.047416843595187
stop_first,rand:nr7,C,2011,2502,-0.0037744745045145637,-0.015138641313691126,-0.017130120534777162,14.475219824140687
stop_first,rand:nr7,C,2012,3288,0.008398524287463755,-0.0013413236760746689,-0.003357137019838868,15.635644768856448
stop_first,rand:nr7,C,2013,2756,-0.0032088311706831413,-0.005095359774371982,-0.007087969730333845,11.872278664731494
stop_first,rand:nr7,C,2014,2655,0.0028083996510277712,-0.008278901001251683,-0.010283539548976399,14.054990583804143
stop_first,rand:nr7,C,2015,1609,-0.015684096530134462,-0.006412870409823422,-0.008380542004836823,9.284648850217527
stop_first,rand:nr7,C,2016,2398,0.016108762470934485,-0.004009780958805576,-0.006041007257507238,12.726438698915763
stop_first,rand:nr7,C,2017,2520,0.0016942923437287148,-0.002846041444099923,-0.00484845286403503,11.89484126984127
stop_first,rand:nr7,C,2018,2280,-0.008167065878368894,-0.0073076387770320906,-0.009290337100395793,10.39298245614035
stop_first,rand:nr7,C,2019,2887,-0.010792628992791802,-0.0012339772994381297,-0.003211427057841179,11.82092137166609
stop_first,rand:nr7,C,2020,2720,0.04519408397590266,-0.0013986871777808545,-0.003488055746413756,13.520220588235293
stop_first,rand:nr7,C,2021,1764,-0.0026279083667049446,0.0021303300917076113,0.00013655885683492523,8.456349206349206
stop_first,rand:vol_weighted,A,2001,130,-0.010602811994735638,-0.006503882086092597,-0.00848171129332303,1.823076923076923
stop_first,rand:vol_weighted,A,2002,172,-0.008446720963296806,-0.009672118180123833,-0.011654257466124541,1.447674418604651
stop_first,rand:vol_weighted,A,2003,247,-0.00801055294155232,-0.013535799539658699,-0.015518810736215789,1.7408906882591093
stop_first,rand:vol_weighted,A,2004,517,-0.009915687777849756,-0.010328721684244738,-0.012307924469611035,1.8549323017408124
stop_first,rand:vol_weighted,A,2005,589,-0.0065301328087117045,-0.0074868766123597314,-0.009472847205014987,1.9100169779286926
stop_first,rand:vol_weighted,A,2006,415,-0.006253026804668626,-0.010930836918481058,-0.012917361452824173,2.216867469879518
stop_first,rand:vol_weighted,A,2007,607,-0.006848743980340612,-0.009486156070982712,-0.011471489752103707,1.7182866556836902
stop_first,rand:vol_weighted,A,2008,568,-0.006240730174283929,-0.0023011264601146015,-0.004287675575722971,1.5140845070422535
stop_first,rand:vol_weighted,A,2009,418,-0.008991358209610292,-0.013596236398109234,-0.015577286940917473,1.437799043062201
stop_first,rand:vol_weighted,A,2010,147,-0.0036376442446156413,-0.006584729342537803,-0.008576482090664087,1.8571428571428572
stop_first,rand:vol_weighted,A,2011,39,-0.011200168922577625,-0.01840947944806882,-0.020386114524172334,1.8717948717948718
stop_first,rand:vol_weighted,A,2012,34,0.0016835424317890608,0.00042317662782159434,-0.001579213302776282,1.7941176470588236
stop_first,rand:vol_weighted,A,2013,870,-0.00644237558222416,-0.0065524880853671235,-0.008538634106867116,1.650574712643678
stop_first,rand:vol_weighted,A,2014,674,-0.005465145649523274,-0.008299798970267372,-0.010287898498333291,2.565281899109792
stop_first,rand:vol_weighted,A,2015,1020,-0.008961127106021365,-0.006554100440547083,-0.00853521141607169,2.0245098039215685
stop_first,rand:vol_weighted,A,2016,1303,-0.006922281008171989,-0.009206032194843384,-0.011191218873644963,1.7897160399079048
stop_first,rand:vol_weighted,A,2017,1320,-0.006967091078598106,-0.008027026756119564,-0.01001212385849305,2.0863636363636364
stop_first,rand:vol_weighted,A,2018,1246,-0.009403096459267428,-0.008907304924835175,-0.010887532392799684,1.5642054574638844
stop_first,rand:vol_weighted,A,2019,1457,-0.009257173589765914,-0.008732849452810753,-0.010713368624164759,1.7995881949210706
stop_first,rand:vol_weighted,A,2020,1827,-0.010198524491296684,-0.011996370510672814,-0.013975007898522811,1.49480021893815
stop_first,rand:vol_weighted,A,2021,1155,-0.012459770764162919,-0.01201803285492525,-0.013992149956102276,1.4285714285714286
stop_first,rand:vol_weighted,B,2001,130,-0.00039940179880983633,0.02014532607199237,0.018147099997918685,12.607692307692307
stop_first,rand:vol_weighted,B,2002,172,-0.0165636994453219,-0.020236332077670994,-0.022202245324917155,11.732558139534884
stop_first,rand:vol_weighted,B,2003,247,0.022728728235951276,-0.02026852798770394,-0.022312987760079922,12.360323886639677
stop_first,rand:vol_weighted,B,2004,517,0.0008314051549172032,-0.011333283683754282,-0.013333970171068531,11.704061895551257
stop_first,rand:vol_weighted,B,2005,589,-0.0021139324623806396,-0.009209339040243309,-0.01120413772553501,11.00339558573854
stop_first,rand:vol_weighted,B,2006,415,0.018504110025322956,-0.006699717801196835,-0.008735732458317106,11.356626506024096
stop_first,rand:vol_weighted,B,2007,607,0.02362454571621079,-0.006178812183078845,-0.008225062716534693,11.158154859967052
stop_first,rand:vol_weighted,B,2008,568,-0.026247651310192556,-0.0015487486702596173,-0.0034953034605868217,10.82218309859155
stop_first,rand:vol_weighted,B,2009,418,0.01418029875399914,-0.01736445823574126,-0.019391829488248444,12.495215311004785
stop_first,rand:vol_weighted,B,2010,147,0.024025439332971677,0.0036679751925919727,0.0016209232629791287,12.673469387755102
stop_first,rand:vol_weighted,B,2011,39,0.01874439348587892,0.002388760316614303,0.0003522653269723236,13.205128205128204
stop_first,rand:vol_weighted,B,2012,34,-0.0022108366053010613,-0.012999955051473647,-0.014994560023010675,13.323529411764707
stop_first,rand:vol_weighted,B,2013,870,-0.00643764291436371,-0.007009165431250945,-0.008995320913469888,12.416091954022988
stop_first,rand:vol_weighted,B,2014,674,0.005651158180597256,-0.005256621780655686,-0.007266943072294626,11.626112759643917
stop_first,rand:vol_weighted,B,2015,1020,-0.016365513653409255,-0.002593814224134217,-0.00456012364963162,11.11078431372549
stop_first,rand:vol_weighted,B,2016,1303,0.0004454019984872732,-0.015500968021198458,-0.017500882878750543,12.112816577129701
stop_first,rand:vol_weighted,B,2017,1320,-0.0028275724823696394,-0.009723828322031423,-0.011717200423447508,12.431818181818182
stop_first,rand:vol_weighted,B,2018,1246,-0.01584477123801787,-0.012402581787679678,-0.014369932190017407,11.558587479935795
stop_first,rand:vol_weighted,B,2019,1457,-0.013865384434417429,-0.008670612992397495,-0.010641920237426949,11.903225806451612
stop_first,rand:vol_weighted,B,2020,1827,0.01018427209876636,-0.013437706092712354,-0.015457089190080835,10.952380952380953
stop_first,rand:vol_weighted,B,2021,1155,-0.01066714229847807,-0.00943841194855261,-0.011416112557930515,11.85021645021645
stop_first,rand:vol_weighted,C,2001,130,0.03405335303537927,0.014000868442098535,0.011933770467430539,11.63076923076923
stop_first,rand:vol_weighted,C,2002,172,0.0029173236744186814,-0.01151029442512445,-0.013515150714639242,9.436046511627907
stop_first,rand:vol_weighted,C,2003,247,0.03269715868757685,-0.009399708187829226,-0.01146409509678542,15.396761133603238
stop_first,rand:vol_weighted,C,2004,517,0.03609262094788262,0.010032007573890084,0.007960833052727273,16.37330754352031
stop_first,rand:vol_weighted,C,2005,589,0.00933081332116361,-0.0038258323461189668,-0.00584350935849148,11.731748726655349
stop_first,rand:vol_weighted,C,2006,415,0.032112432599279365,-0.017722460279702146,-0.019785678306889043,16.90843373493976
stop_first,rand:vol_weighted,C,2007,607,0.022561131173750366,-0.009207959013006093,-0.011252083754750626,12.036243822075782
stop_first,rand:vol_weighted,C,2008,568,-0.021839176509333324,-0.000752613091536225,-0.002707980530945298,7.818661971830986
stop_first,rand:vol_weighted,C,2009,418,0.039313618043315054,-0.005406126747285516,-0.007483740120518027,14.368421052631579
stop_first,rand:vol_weighted,C,2010,147,0.034892203821664095,-0.004969390930453124,-0.007038165788384741,15.5578231292517
stop_first,rand:vol_weighted,C,2011,39,0.01067824155348284,-0.00870993919631009,-0.010730309750714873,16.28205128205128
stop_first,rand:vol_weighted,C,2012,34,0.03659041097271152,0.021788397570256027,0.019716227954643676,15.441176470588236
stop_first,rand:vol_weighted,C,2013,870,-0.0012511336049229364,-0.0030583284962895367,-0.00505485193762555,12.149425287356323
stop_first,rand:vol_weighted,C,2014,674,0.001837718029147936,-0.009118906965927442,-0.01112160509731992,13.094955489614243
stop_first,rand:vol_weighted,C,2015,1020,-0.013757765410285528,-0.004261051229159281,-0.006232573607253353,8.955882352941176
stop_first,rand:vol_weighted,C,2016,1303,0.01150929013083521,-0.008865814535603124,-0.010887846376464814,12.269378357636224
stop_first,rand:vol_weighted,C,2017,1320,0.0032774987470047313,-0.003495120628147088,-0.005500696916451985,13.407575757575758
stop_first,rand:vol_weighted,C,2018,1246,-0.008469274823295762,-0.00906663198770718,-0.011048726187989464,10.65569823434992
stop_first,rand:vol_weighted,C,2019,1457,-0.011286059953158956,-0.00305655406291923,-0.005033017440749345,11.115305422100207
stop_first,rand:vol_weighted,C,2020,1827,0.05270486720953589,-0.0031702456867907496,-0.005274628495032118,14.555555555555555
stop_first,rand:vol_weighted,C,2021,1155,-1.4214443271708308e-05,0.004298755066491119,0.0022997589934612254,8.47012987012987
stop_first,rand:vwap_rev,A,2000,15,-0.014527134406723485,-0.01384433448703409,-0.015814318877663897,1.0
stop_first,rand:vwap_rev,A,2001,184,-0.009669323000796462,-0.010484303595000296,-0.012463998869588908,1.315217391304348
stop_first,rand:vwap_rev,A,2002,195,-0.01037750899812699,-0.009380854209167604,-0.011359133802605456,1.2820512820512822
stop_first,rand:vwap_rev,A,2003,135,-0.010217236035720648,-0.011727837299808795,-0.01370643728282327,1.7703703703703704
stop_first,rand:vwap_rev,A,2004,389,-0.007304512615692781,-0.008922437074419802,-0.010906859662877853,1.5141388174807198
stop_first,rand:vwap_rev,A,2005,619,-0.007603017391263625,-0.009371700508544216,-0.011355526378646095,1.7334410339256865
stop_first,rand:vwap_rev,A,2006,435,-0.005421739968923834,-0.010708154685341541,-0.01269634098242591,1.7862068965517242
stop_first,rand:vwap_rev,A,2007,785,-0.007660306707169094,-0.010861572311034821,-0.012845283658391295,1.556687898089172
stop_first,rand:vwap_rev,A,2008,1346,-0.00770807577916489,-0.0037664846368607834,-0.00575010049267257,1.4175334323922735
stop_first,rand:vwap_rev,A,2009,464,-0.008095513922644322,-0.010854463347102968,-0.012837304704578337,1.228448275862069
stop_first,rand:vwap_rev,A,2010,1210,-0.007603218981641408,-0.010829142423335656,-0.012812967890453428,1.5611570247933884
stop_first,rand:vwap_rev,A,2011,1595,-0.008153666055172428,-0.00916709741172419,-0.011149822521662588,1.4733542319749215
stop_first,rand:vwap_rev,A,2012,1569,-0.008960613084853285,-0.010215253620292967,-0.012196365623358478,1.516889738687062
stop_first,rand:vwap_rev,A,2013,2128,-0.008192541590542142,-0.008446156525407913,-0.010428803922199128,1.3073308270676691
stop_first,rand:vwap_rev,A,2014,1479,-0.006336542556108593,-0.008121337204728634,-0.010107694789039489,1.9202163624070319
stop_first,rand:vwap_rev,A,2015,1979,-0.008488540203363969,-0.0065400684503299725,-0.008522124138645733,1.569479535118747
stop_first,rand:vwap_rev,A,2016,1539,-0.00859407452869683,-0.010046712748237019,-0.012028557470852108,1.4041585445094218
stop_first,rand:vwap_rev,A,2017,1748,-0.008826054299719981,-0.009273411544169897,-0.011254792533541976,1.5194508009153318
stop_first,rand:vwap_rev,A,2018,1740,-0.009147578762099757,-0.008788142402055258,-0.010768880656153534,1.3787356321839082
stop_first,rand:vwap_rev,A,2019,1845,-0.00969551176442658,-0.008829648371041292,-0.01080929129365011,1.4444444444444444
stop_first,rand:vwap_rev,A,2020,1951,-0.010711187343887903,-0.01175129471998482,-0.01372890728223838,1.2224500256278832
stop_first,rand:vwap_rev,A,2021,1228,-0.01215207009906965,-0.012793698776200985,-0.014768430978542526,1.1995114006514658
stop_first,rand:vwap_rev,B,2000,15,-0.01439044918258885,0.00674943737706711,0.004779179749327119,4.8
stop_first,rand:vwap_rev,B,2001,184,-0.015322876040008279,-0.010513517418362343,-0.012481911101981071,4.103260869565218
stop_first,rand:vwap_rev,B,2002,195,-0.01225202848815228,-0.009256760910860397,-0.01123129329393436,3.805128205128205
stop_first,rand:vwap_rev,B,2003,135,0.002679724339522729,-0.004971243262269334,-0.006975624584895329,3.8962962962962964
stop_first,rand:vwap_rev,B,2004,389,-0.0034875618087170687,-0.00642413622224118,-0.008416188988832052,3.866323907455013
stop_first,rand:vwap_rev,B,2005,619,-0.007539209916275147,-0.010595505407731489,-0.012579458830538391,3.762520193861066
stop_first,rand:vwap_rev,B,2006,435,0.0009786407516644289,-0.006601349157990918,-0.00860232997286859,3.811494252873563
stop_first,rand:vwap_rev,B,2007,785,-0.0028457009385296963,-0.011201334690893898,-0.013194670553082197,3.9006369426751593
stop_first,rand:vwap_rev,B,2008,1346,-0.013914978255945185,-0.0001067342099775259,-0.00207794231574329,3.9554234769687966
stop_first,rand:vwap_rev,B,2009,464,0.0038321186051322297,-0.007862166107495617,-0.009868851094478466,4.038793103448276
stop_first,rand:vwap_rev,B,2010,1210,-0.0033091443278830783,-0.00947016171778331,-0.011462571145287455,4.090909090909091
stop_first,rand:vwap_rev,B,2011,1595,-0.005813304074294512,-0.007312985392951134,-0.009300388943800211,4.205015673981191
stop_first,rand:vwap_rev,B,2012,1569,-0.008309826411086796,-0.010882779093895891,-0.012865192035458758,4.2007648183556405
stop_first,rand:vwap_rev,B,2013,2128,-0.007537854317210836,-0.007827781145890006,-0.009811737278572626,4.029135338345864
stop_first,rand:vwap_rev,B,2014,1479,-0.004010993836531167,-0.007670246102574743,-0.009661252515724184,4.062204192021636
stop_first,rand:vwap_rev,B,2015,1979,-0.010666821180796876,-0.007450839030016184,-0.009428540281316202,3.913087417887822
stop_first,rand:vwap_rev,B,2016,1539,-0.005753323934146228,-0.010575539455732787,-0.012563062908350825,3.9135802469135803
stop_first,rand:vwap_rev,B,2017,1748,-0.009079408808484297,-0.010694222926306058,-0.012675097453810957,4.000572082379863
stop_first,rand:vwap_rev,B,2018,1740,-0.0085369411332628,-0.008213637871559609,-0.010195596805231251,3.9270114942528735
stop_first,rand:vwap_rev,B,2019,1845,-0.009972376966391996,-0.00795155749700808,-0.00993064695929828,3.9582655826558266
stop_first,rand:vwap_rev,B,2020,1951,-0.005852532280194059,-0.010978783136734664,-0.012966108269439534,3.7703741670937982
stop_first,rand:vwap_rev,B,2021,1228,-0.008459972348188747,-0.009792956558173431,-0.011775069354331263,3.8957654723127035
stop_first,rand:vwap_rev,C,2000,15,-0.01439044918258885,0.00674943737706711,0.004779179749327119,4.8
stop_first,rand:vwap_rev,C,2001,184,-0.015322876040008279,-0.010513517418362343,-0.012481911101981071,4.103260869565218
stop_first,rand:vwap_rev,C,2002,195,-0.01225202848815228,-0.009256760910860397,-0.01123129329393436,3.805128205128205
stop_first,rand:vwap_rev,C,2003,135,0.002679724339522729,-0.004971243262269334,-0.006975624584895329,3.8962962962962964
stop_first,rand:vwap_rev,C,2004,389,-0.0034875618087170687,-0.00642413622224118,-0.008416188988832052,3.866323907455013
stop_first,rand:vwap_rev,C,2005,619,-0.007539209916275147,-0.010595505407731489,-0.012579458830538391,3.762520193861066
stop_first,rand:vwap_rev,C,2006,435,0.0009786407516644289,-0.006601349157990918,-0.00860232997286859,3.811494252873563
stop_first,rand:vwap_rev,C,2007,785,-0.0028457009385296963,-0.011201334690893898,-0.013194670553082197,3.9006369426751593
stop_first,rand:vwap_rev,C,2008,1346,-0.013914978255945185,-0.0001067342099775259,-0.00207794231574329,3.9554234769687966
stop_first,rand:vwap_rev,C,2009,464,0.0038321186051322297,-0.007862166107495617,-0.009868851094478466,4.038793103448276
stop_first,rand:vwap_rev,C,2010,1210,-0.0033091443278830783,-0.00947016171778331,-0.011462571145287455,4.090909090909091
stop_first,rand:vwap_rev,C,2011,1595,-0.005813304074294512,-0.007312985392951134,-0.009300388943800211,4.205015673981191
stop_first,rand:vwap_rev,C,2012,1569,-0.008309826411086796,-0.010882779093895891,-0.012865192035458758,4.2007648183556405
stop_first,rand:vwap_rev,C,2013,2128,-0.007537854317210836,-0.007827781145890006,-0.009811737278572626,4.029135338345864
stop_first,rand:vwap_rev,C,2014,1479,-0.004010993836531167,-0.007670246102574743,-0.009661252515724184,4.062204192021636
stop_first,rand:vwap_rev,C,2015,1979,-0.010666821180796876,-0.007450839030016184,-0.009428540281316202,3.913087417887822
stop_first,rand:vwap_rev,C,2016,1539,-0.005753323934146228,-0.010575539455732787,-0.012563062908350825,3.9135802469135803
stop_first,rand:vwap_rev,C,2017,1748,-0.009079408808484297,-0.010694222926306058,-0.012675097453810957,4.000572082379863
stop_first,rand:vwap_rev,C,2018,1740,-0.0085369411332628,-0.008213637871559609,-0.010195596805231251,3.9270114942528735
stop_first,rand:vwap_rev,C,2019,1845,-0.009972376966391996,-0.00795155749700808,-0.00993064695929828,3.9582655826558266
stop_first,rand:vwap_rev,C,2020,1951,-0.005852532280194059,-0.010978783136734664,-0.012966108269439534,3.7703741670937982
stop_first,rand:vwap_rev,C,2021,1228,-0.008459972348188747,-0.009792956558173431,-0.011775069354331263,3.8957654723127035
stop_first,vol_weighted,A,2001,129,-0.010637818410176062,-0.009812380194650677,-0.011790139423199382,1.248062015503876
stop_first,vol_weighted,A,2002,173,-0.007072859116680453,-0.013254769533561323,-0.015239655203036606,1.254335260115607
stop_first,vol_weighted,A,2003,246,-0.009683657246819131,-0.018467529032669794,-0.0204471956527496,1.4715447154471544
stop_first,vol_weighted,A,2004,519,-0.009229812683998674,-0.012444125530282816,-0.014424699396757465,1.4797687861271676
stop_first,vol_weighted,A,2005,590,-0.008147824695145845,-0.010065928270116396,-0.012048665057076554,1.5915254237288134
stop_first,vol_weighted,A,2006,414,-0.0073240865328730075,-0.012046304914436996,-0.01403068837415526,1.4009661835748792
stop_first,vol_weighted,A,2007,609,-0.007231492407419792,-0.011363567101639806,-0.01334813565928231,1.2413793103448276
stop_first,vol_weighted,A,2008,569,-0.007424122126846106,-0.01266985108246903,-0.014654034568585269,1.147627416520211
stop_first,vol_weighted,A,2009,418,-0.010267396623736342,-0.01476170648435978,-0.016740206195130492,1.1339712918660287
stop_first,vol_weighted,A,2010,142,-0.00474211652744729,-0.008600697644987975,-0.010590242525974514,1.6901408450704225
stop_first,vol_weighted,A,2011,40,-0.0073925241079208556,-0.009683487255467745,-0.011667733906797605,1.7
stop_first,vol_weighted,A,2012,35,-0.007444212388387638,-0.0149300252679617,-0.01691416859315316,1.7142857142857142
stop_first,vol_weighted,A,2013,868,-0.008677412565368333,-0.009002282073778654,-0.01098396020161765,1.2995391705069124
stop_first,vol_weighted,A,2014,672,-0.004568699751817838,-0.00806535326042149,-0.010055244805789135,1.8199404761904763
stop_first,vol_weighted,A,2015,1026,-0.007703863246064885,-0.008728858783541397,-0.010712483060310004,1.4883040935672514
stop_first,vol_weighted,A,2016,1303,-0.0096629147228085,-0.011622518784835454,-0.0136022268697287,1.34535686876439
stop_first,vol_weighted,A,2017,1315,-0.011612382397426143,-0.01159232067078527,-0.013568131722058297,1.4365019011406843
stop_first,vol_weighted,A,2018,1249,-0.004509483040672423,-0.005116679084985002,-0.007106689006008337,1.3378702962369895
stop_first,vol_weighted,A,2019,1454,-0.011747276424204353,-0.010924911720888445,-0.012900453115698655,1.404401650618982
stop_first,vol_weighted,A,2020,1831,-0.013068164486775256,-0.016939984072928498,-0.01891288498015565,1.146368104860732
stop_first,vol_weighted,A,2021,1152,-0.0173835675609854,-0.017909953525446623,-0.019874227836252627,1.0824652777777777
stop_first,vol_weighted,B,2001,129,-0.0025678423604015115,0.0004586446414896494,-0.001535246666800523,10.333333333333334
stop_first,vol_weighted,B,2002,173,0.012893405569713128,-0.006834787188626207,-0.008859585910144482,8.965317919075144
stop_first,vol_weighted,B,2003,246,0.01593616858371856,-0.01830355065204072,-0.020334431931335335,10.113821138211382
stop_first,vol_weighted,B,2004,519,-0.003374547441317138,-0.010871896482086191,-0.012864175167164989,10.215799614643545
stop_first,vol_weighted,B,2005,590,0.0059210282839117275,-0.003358666038878622,-0.005369526807462682,10.474576271186441
stop_first,vol_weighted,B,2006,414,0.007580275782777163,-0.015757286938296818,-0.017771464583262835,9.717391304347826
stop_first,vol_weighted,B,2007,609,0.017348712735192142,-0.005699060659913177,-0.007732765649557058,9.648604269293925
stop_first,vol_weighted,B,2008,569,-0.025471848659892965,-0.0009328051116772664,-0.0028809107505003064,10.374340949033392
stop_first,vol_weighted,B,2009,418,0.01790859004298057,-0.015213607374071745,-0.017248431572164193,10.485645933014354
stop_first,vol_weighted,B,2010,142,0.000854788757499699,-0.006248824110056955,-0.008249557341765391,12.105633802816902
stop_first,vol_weighted,B,2011,40,0.04565575048815858,0.019510485899032405,0.01742019444773618,12.65
stop_first,vol_weighted,B,2012,35,0.016131252603049772,-0.004599355509493708,-0.006630626766520176,13.342857142857143
stop_first,vol_weighted,B,2013,868,-0.016241456677033632,-0.007234708980747481,-0.009201266399178568,11.611751152073733
stop_first,vol_weighted,B,2014,672,0.009006395565128503,-0.008627392752577881,-0.010644421245911721,10.380952380952381
stop_first,vol_weighted,B,2015,1026,-0.012980417667140753,-0.005655979608515893,-0.007629055923784241,10.628654970760234
stop_first,vol_weighted,B,2016,1303,0.009631600314559598,-0.008293459314525796,-0.010311737607463789,10.039907904834996
stop_first,vol_weighted,B,2017,1315,-0.006651614722712557,-0.010415584961361971,-0.012401312708696282,10.98555133079848
stop_first,vol_weighted,B,2018,1249,-0.005800058388828085,-0.004338137790868709,-0.00632556782016741,9.904723779023218
stop_first,vol_weighted,B,2019,1454,-0.013339664484811373,-0.006966792286886334,-0.008939150458968903,10.596286107290235
stop_first,vol_weighted,B,2020,1831,0.019321453519223424,-0.013986470808501548,-0.016024119355281273,9.800109229929001
stop_first,vol_weighted,B,2021,1152,-0.019950542839059317,-0.014948123018504492,-0.016907265882869404,8.51388888888889
stop_first,vol_weighted,C,2001,129,0.018543765191735118,8.605742549428178e-05,-0.0019500365032746997,11.30232558139535
stop_first,vol_weighted,C,2002,173,0.011681303287707496,-0.009979622945858321,-0.012001998645232843,11.757225433526012
stop_first,vol_weighted,C,2003,246,0.03785455383345045,-0.018820809757209945,-0.02089550642535729,17.565040650406505
stop_first,vol_weighted,C,2004,519,0.044577452612028924,0.013370760516661005,0.011282624609224589,18.495183044315993
stop_first,vol_weighted,C,2005,590,0.023576731275731927,0.011863122924855727,0.009816967973637278,15.277966101694915
stop_first,vol_weighted,C,2006,414,0.017201875897957554,-0.020644913399644384,-0.022678324858854872,16.570048309178745
stop_first,vol_weighted,C,2007,609,0.05400739698862662,0.021925967594754396,0.01981898099758819,14.177339901477833
stop_first,vol_weighted,C,2008,569,-0.009198075660736816,0.00457456477383754,0.002593927464276215,8.764499121265377
stop_first,vol_weighted,C,2009,418,0.05097557999238585,-0.014752792045855783,-0.016853717966603197,16.741626794258373
stop_first,vol_weighted,C,2010,142,0.02075342917627555,-0.01138882285301967,-0.013429333954204144,16.359154929577464
stop_first,vol_weighted,C,2011,40,0.11081287315978013,0.07034220955586647,0.06812166742077878,27.725
stop_first,vol_weighted,C,2012,35,0.03883315832642357,0.021522746736213027,0.019446093813720075,25.571428571428573
stop_first,vol_weighted,C,2013,868,-0.02230030673107514,-0.009496294846953456,-0.011450740475757091,11.336405529953916
stop_first,vol_weighted,C,2014,672,0.017524797919444304,-0.006637891348994968,-0.008671948337234149,17.058035714285715
stop_first,vol_weighted,C,2015,1026,-0.012137105749182451,-0.004682192162549637,-0.006656954278993049,11.440545808966862
stop_first,vol_weighted,C,2016,1303,0.0337757338104027,0.005055233171082512,0.0029886901640435747,15.511895625479662
stop_first,vol_weighted,C,2017,1315,0.008284646767904372,0.0031040672586576776,0.0010884815588437032,14.952091254752851
stop_first,vol_weighted,C,2018,1249,0.007002786815524231,0.003666129590042937,0.0016531063596640309,12.77261809447558
stop_first,vol_weighted,C,2019,1454,-0.014618305649297067,-0.003828971067968054,-0.005798773205051388,14.29573590096286
stop_first,vol_weighted,C,2020,1831,0.07047386127116849,-0.0030668585079727264,-0.005206761970471314,15.993446204259968
stop_first,vol_weighted,C,2021,1152,0.0044847460913629575,0.01031110870445806,0.008303119099148649,10.096354166666666
stop_first,vwap_rev,A,2000,15,-0.024289532143485053,-0.0060857208802476215,-0.008036189998739585,1.0666666666666667
stop_first,vwap_rev,A,2001,182,-0.01702762219780431,-0.010469329930783198,-0.012434315785086575,1.1923076923076923
stop_first,vwap_rev,A,2002,196,-0.01032524718057956,-0.01105318296653177,-0.013031567032622673,1.336734693877551
stop_first,vwap_rev,A,2003,135,-0.009077871150837111,-0.014934291434103844,-0.016915169035424015,1.288888888888889
stop_first,vwap_rev,A,2004,392,-0.0101505706776675,-0.011488937091620119,-0.013467670340317862,1.461734693877551
stop_first,vwap_rev,A,2005,617,-0.009291479399956639,-0.010871000801307474,-0.012851451394506842,1.3614262560777959
stop_first,vwap_rev,A,2006,434,-0.006093387015752424,-0.011601601203284108,-0.013588444861474536,1.456221198156682
stop_first,vwap_rev,A,2007,788,-0.008611998125984174,-0.012636681076154694,-0.014618489969059897,1.3705583756345177
stop_first,vwap_rev,A,2008,1346,-0.009535188863376565,-0.00972059737866631,-0.011700560790680315,1.1968796433878157
stop_first,vwap_rev,A,2009,463,-0.007911193998559926,-0.011279208379421046,-0.013262418196938287,1.187904967602592
stop_first,vwap_rev,A,2010,1215,-0.008623863853271189,-0.00972848707748077,-0.011710272250506549,1.2633744855967077
stop_first,vwap_rev,A,2011,1592,-0.010725604914195445,-0.0111076390338578,-0.013085222775035245,1.2939698492462313
stop_first,vwap_rev,A,2012,1564,-0.008647699058541876,-0.00916533790661328,-0.011147075432480044,1.389386189258312
stop_first,vwap_rev,A,2013,2132,-0.008729628607584658,-0.00892034623788956,-0.010901919984581494,1.1491557223264541
stop_first,vwap_rev,A,2014,1481,-0.005014169499196511,-0.007324116134122911,-0.009313117174556863,1.4686022957461176
stop_first,vwap_rev,A,2015,1976,-0.008585186933295396,-0.008693857573035453,-0.010675720062171387,1.3577935222672064
stop_first,vwap_rev,A,2016,1537,-0.008242439771590443,-0.009210672243835627,-0.011193219892941024,1.2810670136629798
stop_first,vwap_rev,A,2017,1748,-0.008543643527484674,-0.008905227806550675,-0.010887173341972149,1.3907322654462242
stop_first,vwap_rev,A,2018,1741,-0.009785985275287975,-0.009925028687370257,-0.011904490751215338,1.2423894313612867
stop_first,vwap_rev,A,2019,1846,-0.010478593645785501,-0.009210029094665128,-0.011188106617416954,1.2562296858071507
stop_first,vwap_rev,A,2020,1955,-0.010620268778925749,-0.009518733654572795,-0.01149652796526413,1.1202046035805626
stop_first,vwap_rev,A,2021,1220,-0.012220178360553776,-0.01333222106571533,-0.015306817117974322,1.178688524590164
stop_first,vwap_rev,B,2000,15,0.013163580320824335,0.009052290385371208,0.007026951577909409,4.4
stop_first,vwap_rev,B,2001,182,-0.034103050206773185,-0.015021948176560693,-0.0169527998321302,3.8131868131868134
stop_first,vwap_rev,B,2002,196,-0.008630359938553657,-0.004362469290782297,-0.0063442414779745,3.8622448979591835
stop_first,vwap_rev,B,2003,135,0.005578690242548149,-0.006958385619574526,-0.008968562046030694,4.0962962962962965
stop_first,vwap_rev,B,2004,392,-0.01732996539012013,-0.015730929736179018,-0.017695311199037188,3.795918367346939
stop_first,vwap_rev,B,2005,617,-0.00868636866672347,-0.008166478752511612,-0.010148138976884687,3.7050243111831445
stop_first,vwap_rev,B,2006,434,-9.618030565178728e-05,-0.009756555713666232,-0.011755387934930049,3.953917050691244
stop_first,vwap_rev,B,2007,788,0.000829748803996964,-0.012455941785789534,-0.014456624962017738,3.796954314720812
stop_first,vwap_rev,B,2008,1346,-0.013523044039406448,-0.0033490209111220475,-0.0053210125029843755,3.734026745913819
stop_first,vwap_rev,B,2009,463,0.0035536536547263404,-0.007698765340938713,-0.009704893669666637,4.205183585313175
stop_first,vwap_rev,B,2010,1215,-0.005733990325214973,-0.009185949822711472,-0.011173511923687204,4.070781893004115
stop_first,vwap_rev,B,2011,1592,-0.012416992293645823,-0.013557872966483116,-0.01553207558287026,3.994346733668342
stop_first,vwap_rev,B,2012,1564,-0.008036301749808943,-0.010077531853716314,-0.012060491577775164,4.115728900255754
stop_first,vwap_rev,B,2013,2132,-0.007030082071918763,-0.007255671287753711,-0.009240642469589024,3.924015009380863
stop_first,vwap_rev,B,2014,1481,0.00200913509146697,-0.004347189942069601,-0.0063502307403673205,3.9338284942606347
stop_first,vwap_rev,B,2015,1976,-0.0069999116435126175,-0.007384006681387801,-0.00936903817464831,3.7580971659919027
stop_first,vwap_rev,B,2016,1537,-0.0061703089969225335,-0.011060065668966536,-0.013046755558232932,3.83409238776838
stop_first,vwap_rev,B,2017,1748,-0.009794156820558671,-0.010947837028723555,-0.012927282757449539,3.9147597254004576
stop_first,vwap_rev,B,2018,1741,-0.008198108245952225,-0.007516767244482391,-0.00949940351339313,3.872487076392878
stop_first,vwap_rev,B,2019,1846,-0.008926270830943972,-0.00655292612878917,-0.008534106782861223,3.7806067172264357
stop_first,vwap_rev,B,2020,1955,-0.0017817187810292544,-0.004094889152520191,-0.006090351941096171,3.484910485933504
stop_first,vwap_rev,B,2021,1220,-0.008643513806437625,-0.013351206100902258,-0.01533295199319047,3.9057377049180326
stop_first,vwap_rev,C,2000,15,0.013163580320824335,0.009052290385371208,0.007026951577909409,4.4
stop_first,vwap_rev,C,2001,182,-0.034103050206773185,-0.015021948176560693,-0.0169527998321302,3.8131868131868134
stop_first,vwap_rev,C,2002,196,-0.008630359938553657,-0.004362469290782297,-0.0063442414779745,3.8622448979591835
stop_first,vwap_rev,C,2003,135,0.005578690242548149,-0.006958385619574526,-0.008968562046030694,4.0962962962962965
stop_first,vwap_rev,C,2004,392,-0.01732996539012013,-0.015730929736179018,-0.017695311199037188,3.795918367346939
stop_first,vwap_rev,C,2005,617,-0.00868636866672347,-0.008166478752511612,-0.010148138976884687,3.7050243111831445
stop_first,vwap_rev,C,2006,434,-9.618030565178728e-05,-0.009756555713666232,-0.011755387934930049,3.953917050691244
stop_first,vwap_rev,C,2007,788,0.000829748803996964,-0.012455941785789534,-0.014456624962017738,3.796954314720812
stop_first,vwap_rev,C,2008,1346,-0.013523044039406448,-0.0033490209111220475,-0.0053210125029843755,3.734026745913819
stop_first,vwap_rev,C,2009,463,0.0035536536547263404,-0.007698765340938713,-0.009704893669666637,4.205183585313175
stop_first,vwap_rev,C,2010,1215,-0.005733990325214973,-0.009185949822711472,-0.011173511923687204,4.070781893004115
stop_first,vwap_rev,C,2011,1592,-0.012416992293645823,-0.013557872966483116,-0.01553207558287026,3.994346733668342
stop_first,vwap_rev,C,2012,1564,-0.008036301749808943,-0.010077531853716314,-0.012060491577775164,4.115728900255754
stop_first,vwap_rev,C,2013,2132,-0.007030082071918763,-0.007255671287753711,-0.009240642469589024,3.924015009380863
stop_first,vwap_rev,C,2014,1481,0.00200913509146697,-0.004347189942069601,-0.0063502307403673205,3.9338284942606347
stop_first,vwap_rev,C,2015,1976,-0.0069999116435126175,-0.007384006681387801,-0.00936903817464831,3.7580971659919027
stop_first,vwap_rev,C,2016,1537,-0.0061703089969225335,-0.011060065668966536,-0.013046755558232932,3.83409238776838
stop_first,vwap_rev,C,2017,1748,-0.009794156820558671,-0.010947837028723555,-0.012927282757449539,3.9147597254004576
stop_first,vwap_rev,C,2018,1741,-0.008198108245952225,-0.007516767244482391,-0.00949940351339313,3.872487076392878
stop_first,vwap_rev,C,2019,1846,-0.008926270830943972,-0.00655292612878917,-0.008534106782861223,3.7806067172264357
stop_first,vwap_rev,C,2020,1955,-0.0017817187810292544,-0.004094889152520191,-0.006090351941096171,3.484910485933504
stop_first,vwap_rev,C,2021,1220,-0.008643513806437625,-0.013351206100902258,-0.01533295199319047,3.9057377049180326
