date,close,volume
2010-05-07,15.745951652526855,1600
2010-05-10,17.095396041870117,1000
2010-05-11,16.958290100097656,200
2010-05-12,16.958290100097656,0
2010-05-13,17.203643798828125,4800
2010-05-14,16.61912727355957,5500
2010-05-17,16.691286087036133,1400
2010-05-18,16.835609436035156,300
2010-05-19,16.128414154052734,3700
2010-05-20,15.2263765335083,7500
2010-05-21,15.334620475769043,2900
2010-05-24,15.074834823608398,900
2010-05-25,14.345989227294922,4700
2010-05-26,15.738734245300293,300
2010-05-27,16.04903221130371,300
2010-05-28,16.027385711669922,4600
2010-06-01,16.027385711669922,0
2010-06-02,16.22222328186035,1800
2010-06-03,16.47480010986328,14500
2010-06-04,15.897496223449707,5000
2010-06-07,16.04903221130371,2600
2010-06-08,16.337682723999023,6900
2010-06-09,16.496444702148438,200
2010-06-10,16.48923110961914,2200
2010-06-11,16.453144073486328,400
2010-06-14,16.662416458129883,37300
2010-06-15,16.91498565673828,17900
2010-06-16,17.073745727539062,4000
2010-06-17,17.174772262573242,48200
2010-06-18,17.665483474731445,2000
2010-06-21,17.65826988220215,9900
2010-06-22,17.448991775512695,10400
2010-06-23,17.505462646484375,9300
2010-06-24,17.40411376953125,117200
2010-06-25,17.918121337890625,1500
2010-06-28,17.82400894165039,5700
2010-06-29,16.976970672607422,2800
2010-06-30,17.51993751525879,300
2010-07-01,17.252079010009766,4900
2010-07-02,17.252079010009766,0
2010-07-06,17.462026596069336,800
2010-07-07,17.903642654418945,5100
2010-07-08,17.85296630859375,34400
2010-07-09,17.96879768371582,10800
2010-07-12,18.026716232299805,3100
2010-07-13,18.12083625793457,11300
2010-07-14,17.96879768371582,13000
2010-07-15,18.06291961669922,4000
2010-07-16,17.766090393066406,1100
2010-07-19,18.026716232299805,3900
2010-07-20,18.461095809936523,4200
2010-07-21,18.04119873046875,9600
2010-07-22,18.4321346282959,11600
2010-07-23,18.526254653930664,6200
2010-07-26,18.497295379638672,12800
2010-07-27,18.4321346282959,900
2010-07-28,18.35249900817871,53400
2010-07-29,18.765161514282227,31600
2010-07-30,18.84480094909668,10100
2010-08-02,18.808603286743164,13600
2010-08-03,18.200469970703125,42100
2010-08-04,18.214948654174805,50800
2010-08-05,19.011314392089844,8100
2010-08-06,18.461095809936523,57700
2010-08-09,18.721725463867188,12900
2010-08-10,18.482818603515625,5000
2010-08-11,17.99776268005371,3700
2010-08-12,18.11359214782715,3000
2010-08-13,18.207712173461914,5500
2010-08-16,18.359743118286133,5400
2010-08-17,18.591407775878906,19900
2010-08-18,18.53349494934082,3500
2010-08-19,18.395936965942383,19900
2010-08-20,18.70724105834961,10600
2010-08-23,18.692768096923828,13100
2010-08-24,18.60588836669922,11300
2010-08-25,18.88823890686035,16700
2010-08-26,18.750682830810547,21000
2010-08-27,18.70000457763672,3700
2010-08-30,18.31630516052246,52300
2010-08-31,18.280107498168945,3200
2010-09-01,19.047508239746094,1200
2010-09-02,18.808603286743164,3000
2010-09-03,19.05474853515625,4300
2010-09-07,19.199548721313477,17900
2010-09-08,19.308134078979492,12100
2010-09-09,19.510845184326172,9900
2010-09-10,19.54704475402832,15400
2010-09-13,20.02486228942871,60700
2010-09-14,19.995899200439453,57500
2010-09-15,20.473712921142578,35300
2010-09-16,20.292726516723633,35400
2010-09-17,20.372364044189453,16500
2010-09-20,20.661951065063477,51000
2010-09-21,20.365123748779297,62000
2010-09-22,20.24205207824707,18500
2010-09-23,20.133455276489258,2170700
2010-09-24,20.92982292175293,1682800
2010-09-27,20.937055587768555,696600
2010-09-28,21.002216339111328,1305400
2010-09-29,21.00945281982422,408200
2010-09-30,21.052894592285156,788900
2010-10-01,21.436595916748047,213200
2010-10-04,21.443828582763672,222200
2010-10-05,21.820295333862305,231900
2010-10-06,21.624826431274414,230200
2010-10-07,21.451068878173828,611800
2010-10-08,21.385913848876953,372900
2010-10-11,21.190448760986328,484600
2010-10-12,21.349714279174805,275900
2010-10-13,21.63930320739746,319500
2010-10-14,21.55242919921875,139700
2010-10-15,21.429351806640625,237000
2010-10-18,21.400392532348633,190200
2010-10-19,20.92982292175293,319700
2010-10-20,21.422107696533203,194100
2010-10-21,21.204919815063477,76600
2010-10-22,21.451068878173828,118100
2010-10-25,21.7551326751709,205100
2010-10-26,21.791332244873047,148100
2010-10-27,21.588624954223633,162000
2010-10-28,21.63930320739746,216300
2010-10-29,21.76237678527832,83500
2010-11-01,21.581390380859375,101300
2010-11-02,21.603105545043945,92100
2010-11-03,21.451068878173828,117100
2010-11-04,21.791332244873047,181500
2010-11-05,21.820295333862305,142700
2010-11-08,22.00128173828125,226000
2010-11-09,22.051963806152344,237300
2010-11-10,22.370508193969727,121900
2010-11-11,22.03748321533203,138600
2010-11-12,21.48003578186035,365700
2010-11-15,21.422107696533203,81400
2010-11-16,21.270078659057617,157400
2010-11-17,21.29903793334961,58900
2010-11-18,21.784093856811523,71500
2010-11-19,21.986806869506836,84700
2010-11-22,21.928890228271484,133500
2010-11-23,21.349714279174805,92400
2010-11-24,21.675500869750977,81900
2010-11-26,21.02393341064453,92500
2010-11-29,20.92982292175293,165100
2010-11-30,20.17689323425293,255000
2010-12-01,21.074604034423828,207300
2010-12-02,21.661022186279297,197200
2010-12-03,21.4945068359375,263800
2010-12-06,21.588624954223633,289400
2010-12-07,21.51622200012207,242800
2010-12-08,21.6827392578125,275000
2010-12-09,21.53070831298828,316100
2010-12-10,21.342479705810547,184600
2010-12-13,21.110801696777344,272800
2010-12-14,20.915334701538086,278700
2010-12-15,20.683673858642578,174000
2010-12-16,20.111738204956055,348400
2010-12-17,20.22756576538086,87600
2010-12-20,20.292726516723633,253100
2010-12-21,20.789051055908203,168700
2010-12-22,20.622161865234375,86800
2010-12-23,20.426246643066406,115900
2010-12-27,20.418987274169922,294000
2010-12-28,20.796310424804688,109300
2010-12-29,21.12295150756836,135700
2010-12-30,21.137470245361328,109100
2010-12-31,21.12295150756836,79200
2011-01-03,21.34071922302246,142400
2011-01-04,21.464115142822266,242100
2011-01-05,21.7762393951416,253100
2011-01-06,21.195541381835938,369100
2011-01-07,20.513214111328125,381600
2011-01-10,19.40262794494629,370200
2011-01-11,19.242937088012695,413800
2011-01-12,19.976072311401367,406900
2011-01-13,19.88170623779297,424600
2011-01-14,19.910741806030273,184500
2011-01-18,19.707494735717773,296400
2011-01-19,19.40262794494629,385300
2011-01-20,18.400922775268555,4254600
2011-01-21,18.14686393737793,1972600
2011-01-24,18.299297332763672,974100
2011-01-25,18.930818557739258,1295100
2011-01-26,19.49699592590332,973700
2011-01-27,19.533287048339844,867400
2011-01-28,18.923551559448242,504700
2011-01-31,18.821928024291992,397700
2011-02-01,19.31552505493164,263600
2011-02-02,19.33730125427246,409900
2011-02-03,19.271970748901367,444200
2011-02-04,19.692975997924805,294600
2011-02-07,19.780086517333984,203600
2011-02-08,19.707494735717773,417900
2011-02-09,19.134057998657227,826700
2011-02-10,18.872739791870117,289900
2011-02-11,19.105022430419922,202000
2011-02-14,19.213905334472656,73700
2011-02-15,19.14857292175293,282100
2011-02-16,19.351818084716797,304300
2011-02-17,19.453439712524414,231700
2011-02-18,19.932518005371094,190500
2011-02-22,19.41714859008789,179500
2011-02-23,19.685718536376953,108600
2011-02-24,19.64216423034668,128000
2011-02-25,19.809120178222656,46200
2011-02-28,19.939775466918945,82700
2011-03-01,19.7583065032959,161500
2011-03-02,20.13576889038086,127200
2011-03-03,20.38981819152832,166000
2011-03-04,20.418855667114258,119100
2011-03-07,20.469661712646484,264200
2011-03-08,20.86163330078125,218600
2011-03-09,20.905193328857422,365600
2011-03-10,20.607576370239258,354600
2011-03-11,20.643877029418945,293000
2011-03-14,20.716463088989258,159100
2011-03-15,20.49144172668457,718600
2011-03-16,19.954296112060547,352500
2011-03-17,20.179319381713867,195100
2011-03-18,20.21561050415039,61900
2011-03-21,20.600322723388672,259600
2011-03-22,20.34626579284668,64000
2011-03-23,20.810827255249023,202600
2011-03-24,21.260866165161133,519600
2011-03-25,21.159244537353516,178900
2011-03-28,20.970518112182617,116700
2011-03-29,21.12295150756836,176700
2011-03-30,21.558473587036133,397500
2011-03-31,21.6673641204834,389500
2011-04-01,22.095624923706055,223400
2011-04-04,21.87786293029785,437600
2011-04-05,21.79076385498047,264200
2011-04-06,22.066587448120117,303700
2011-04-07,22.066587448120117,244700
2011-04-08,22.102886199951172,146800
2011-04-11,22.044816970825195,129400
2011-04-12,21.76897621154785,205100
2011-04-13,22.037555694580078,294900
2011-04-14,21.935937881469727,145300
2011-04-15,22.189992904663086,173200
2011-04-18,21.7762393951416,366000
2011-04-19,22.153690338134766,75700
2011-04-20,22.75617027282715,287800
2011-04-21,22.79972267150879,269500
2011-04-25,22.574705123901367,104900
2011-04-26,22.545665740966797,107400
2011-04-27,22.64728546142578,208800
2011-04-28,22.71261978149414,154500
2011-04-29,22.393232345581055,65000
2011-05-02,22.966670989990234,128200
2011-05-03,22.6545467376709,174600
2011-05-04,22.589221954345703,212000
2011-05-05,22.60373306274414,274000
2011-05-06,22.77069091796875,160000
2011-05-09,22.6545467376709,86700
2011-05-10,23.046520233154297,102800
2011-05-11,23.046520233154297,427700
2011-05-12,23.097328186035156,307000
2011-05-13,22.69084358215332,269600
2011-05-16,22.661806106567383,168000
2011-05-17,22.719879150390625,64100
2011-05-18,23.19169807434082,131000
2011-05-19,23.322351455688477,236600
2011-05-20,23.198951721191406,164200
2011-05-23,22.371458053588867,260900
2011-05-24,22.44404411315918,120000
2011-05-25,22.589221954345703,164100
2011-05-26,22.727130889892578,202000
2011-05-27,22.872312545776367,111600
2011-05-31,23.046520233154297,174300
2011-06-01,22.6835880279541,152200
2011-06-02,22.79972267150879,112000
2011-06-03,22.886829376220703,79000
2011-06-06,22.857791900634766,53000
2011-06-07,22.923118591308594,64400
2011-06-08,22.785205841064453,114200
2011-06-09,22.86505699157715,69500
2011-06-10,22.516630172729492,85600
2011-06-13,22.320646286010742,105600
2011-06-14,22.589221954345703,164200
2011-06-15,22.40774917602539,96600
2011-06-16,22.139175415039062,190800
2011-06-17,22.226282119750977,203100
2011-06-20,22.27709197998047,530400
2011-06-21,22.618253707885742,95500
2011-06-22,22.643800735473633,222800
2011-06-23,22.80439567565918,140300
2011-06-24,22.651105880737305,156700
2011-06-27,22.687602996826172,94200
2011-06-28,22.979595184326172,571100
2011-06-29,23.176687240600586,232800
2011-06-30,23.366477966308594,543900
2011-07-01,23.913959503173828,157600
2011-07-05,23.5927791595459,172600
2011-07-06,23.439476013183594,92900
2011-07-07,23.870161056518555,151600
2011-07-08,24.030757904052734,158800
2011-07-11,23.7022705078125,167000
2011-07-12,23.621973037719727,659100
2011-07-13,23.83366584777832,326700
2011-07-14,23.738771438598633,257500
2011-07-15,24.162145614624023,144000
2011-07-18,24.125654220581055,97300
2011-07-19,24.198652267456055,206400
2011-07-20,24.38115119934082,175300
2011-07-21,24.716934204101562,228400
2011-07-22,24.592838287353516,564000
2011-07-25,24.556337356567383,317200
2011-07-26,24.89942741394043,203300
2011-07-27,24.972421646118164,185500
2011-07-28,24.870227813720703,228200
2011-07-29,24.979721069335938,273000
2011-08-01,25.28630828857422,157500
2011-08-02,24.957822799682617,290600
2011-08-03,25.06731605529785,430600
2011-08-04,23.789865493774414,534900
2011-08-05,22.95039176940918,449700
2011-08-08,21.468544006347656,545400
2011-08-09,22.6072998046875,911500
2011-08-10,22.34451675415039,249300
2011-08-11,23.775264739990234,1675800
2011-08-12,23.578170776367188,595000
2011-08-15,24.147546768188477,423000
2011-08-16,23.97235870361328,358500
2011-08-17,24.001548767089844,242500
2011-08-18,23.636568069458008,480200
2011-08-19,22.921192169189453,223800
2011-08-22,22.80439567565918,192000
2011-08-23,23.60007095336914,765300
2011-08-24,23.388381958007812,362300
2011-08-25,22.52700424194336,380000
2011-08-26,23.07448959350586,186500
2011-08-29,23.636568069458008,423700
2011-08-30,23.60007095336914,421900
2011-08-31,23.986957550048828,344700
2011-09-01,23.86286163330078,227600
2011-09-02,23.775264739990234,716100
2011-09-06,23.570873260498047,460600
2011-09-07,24.30084800720215,194600
2011-09-08,23.731464385986328,236600
2011-09-09,23.519777297973633,132300
2011-09-12,23.198585510253906,116500
2011-09-13,22.95039176940918,207600
2011-09-14,21.753232955932617,540100
2011-09-15,21.782434463500977,273900
2011-09-16,22.271516799926758,205300
2011-09-19,21.088956832885742,206000
2011-09-20,20.826169967651367,286600
2011-09-21,19.53411293029785,435100
2011-09-22,17.198198318481445,633400
2011-09-23,18.3150577545166,1412100
2011-09-26,18.636247634887695,282900
2011-09-27,19.767702102661133,300800
2011-09-28,19.431915283203125,698400
2011-09-29,19.979398727416992,206100
2011-09-30,18.862537384033203,212300
2011-10-03,17.482885360717773,281200
2011-10-04,17.971969604492188,416300
2011-10-05,18.701940536499023,262000
2011-10-06,19.55601692199707,225700
2011-10-07,19.161823272705078,308500
2011-10-10,19.85530662536621,144600
2011-10-11,20.074295043945312,180100
2011-10-12,21.21305274963379,363000
2011-10-13,21.31525421142578,296800
2011-10-14,21.541542053222656,229700
2011-10-17,20.921066284179688,207800
2011-10-18,21.446645736694336,210600
2011-10-19,21.446645736694336,164600
2011-10-20,20.906465530395508,271100
2011-10-21,21.446645736694336,383700
2011-10-24,22.21312141418457,257900
2011-10-25,21.643733978271484,425700
2011-10-26,22.059823989868164,235500
2011-10-27,23.278881072998047,335900
2011-10-28,22.745996475219727,405900
2011-10-31,21.775135040283203,239900
2011-11-01,20.97216033935547,143500
2011-11-02,21.775135040283203,157700
2011-11-03,21.986825942993164,199800
2011-11-04,21.811635971069336,137200
2011-11-07,22.19121742248535,152300
2011-11-08,22.47591209411621,230200
2011-11-09,22.256919860839844,253000
2011-11-10,21.855430603027344,199200
2011-11-11,22.19121742248535,133200
2011-11-14,21.82622718811035,289100
2011-11-15,22.059823989868164,183500
2011-11-16,21.70213508605957,137300
2011-11-17,21.0086612701416,197600
2011-11-18,21.023258209228516,197600
2011-11-21,20.33708381652832,179900
2011-11-22,20.592580795288086,126000
2011-11-23,19.972103118896484,211800
2011-11-25,20.074295043945312,96600
2011-11-28,20.293289184570312,250800
2011-11-29,20.607173919677734,253900
2011-11-30,21.797033309936523,255200
2011-12-01,21.526945114135742,298500
2011-12-02,21.307952880859375,81600
2011-12-05,21.65833854675293,115900
2011-12-06,21.402851104736328,66300
2011-12-07,21.519643783569336,105400
2011-12-08,20.964860916137695,115600
2011-12-09,21.526945114135742,195500
2011-12-12,21.088956832885742,90400
2011-12-13,21.14005470275879,108100
2011-12-14,20.68016815185547,99500
2011-12-15,20.73127555847168,149800
2011-12-16,21.067058563232422,130700
2011-12-19,20.78236961364746,100500
2011-12-20,21.531681060791016,140400
2011-12-21,21.553720474243164,619500
2011-12-22,21.70064353942871,114000
2011-12-23,21.583106994628906,91600
2011-12-27,21.465564727783203,111300
2011-12-28,21.01010513305664,110900
2011-12-29,21.605140686035156,107700
2011-12-30,21.531681060791016,141800
2012-01-03,22.02387237548828,456200
2012-01-04,22.053258895874023,470300
2012-01-05,22.075300216674805,480000
2012-01-06,21.737375259399414,170400
2012-01-09,21.891643524169922,193400
2012-01-10,22.347103118896484,129900
2012-01-11,22.08999252319336,277300
2012-01-12,22.06795310974121,108400
2012-01-13,21.891643524169922,145200
2012-01-17,22.104679107666016,181200
2012-01-18,22.993568420410156,170300
2012-01-19,23.206613540649414,176200
2012-01-20,22.993568420410156,115600
2012-01-23,23.177228927612305,156900
2012-01-24,23.000919342041016,113100
2012-01-25,22.85399627685547,275900
2012-01-26,22.765844345092773,154100
2012-01-27,22.780534744262695,193100
2012-01-30,22.4499568939209,429600
2012-01-31,22.31037712097168,170800
2012-02-01,22.743804931640625,220200
2012-02-02,22.956844329833984,235500
2012-02-03,23.177228927612305,192400
2012-02-06,22.685029983520508,242000
2012-02-07,22.457298278808594,127500
2012-02-08,22.729114532470703,138900
2012-02-09,22.574840545654297,181200
2012-02-10,21.825525283813477,203800
2012-02-13,22.156105041503906,341000
2012-02-14,22.119375228881836,235000
2012-02-15,21.898990631103516,553900
2012-02-16,22.075300216674805,523500
2012-02-17,22.398530960083008,169500
2012-02-21,22.229572296142578,548000
2012-02-22,22.229572296142578,463000
2012-02-23,22.016530990600586,623700
2012-02-24,21.35537338256836,349300
2012-02-27,21.171716690063477,214900
2012-02-28,21.575761795043945,295500
2012-02-29,21.94306755065918,228400
2012-03-01,21.840219497680664,989800
2012-03-02,21.987140655517578,863800
2012-03-05,21.862260818481445,313400
2012-03-06,21.399450302124023,493500
2012-03-07,21.605140686035156,214800
2012-03-08,21.891643524169922,191000
2012-03-09,21.9210262298584,246800
2012-03-12,21.796142578125,147700
2012-03-13,22.236913681030273,200000
2012-03-14,22.325069427490234,627500
2012-03-15,22.369144439697266,197200
2012-03-16,22.31037712097168,76100
2012-03-19,22.361801147460938,192600
2012-03-20,21.957761764526367,218100
2012-03-21,22.163454055786133,150400
2012-03-22,21.94306755065918,236000
2012-03-23,22.178146362304688,160500
2012-03-26,22.4499568939209,116500
2012-03-27,22.2883358001709,222300
2012-03-28,22.251605987548828,250100
2012-03-29,22.38383674621582,175800
2012-03-30,22.729114532470703,121600
2012-04-02,23.30211639404297,229100
2012-04-03,23.360885620117188,286700
2012-04-04,22.809919357299805,158500
2012-04-05,23.081727981567383,122400
2012-04-09,22.86134147644043,52400
2012-04-10,22.325069427490234,165200
2012-04-11,22.494033813476562,64300
2012-04-12,22.993568420410156,142600
2012-04-13,22.648303985595703,147500
2012-04-16,22.567489624023438,76700
2012-04-17,22.93480110168457,98000
2012-04-18,22.795223236083984,38600
2012-04-19,22.64095115661621,103700
2012-04-20,22.92745590209961,131400
2012-04-23,22.670337677001953,85400
2012-04-24,22.685029983520508,103800
2012-04-25,22.685029983520508,94900
2012-04-26,22.868684768676758,52600
2012-04-27,22.876028060913086,73000
2012-04-30,22.72176170349121,77700
2012-05-01,22.890727996826172,120000
2012-05-02,22.956844329833984,160000
2012-05-03,22.75849723815918,85200
2012-05-04,22.677688598632812,959000
2012-05-07,22.751144409179688,442000
2012-05-08,22.633607864379883,110000
2012-05-09,22.22222137451172,337600
2012-05-10,22.295682907104492,148000
2012-05-11,22.20018196105957,292500
2012-05-14,21.693294525146484,87000
2012-05-15,21.524333953857422,151400
2012-05-16,21.223142623901367,181000
2012-05-17,21.032142639160156,150700
2012-05-18,20.804405212402344,355000
2012-05-21,21.2672176361084,399500
2012-05-22,21.399450302124023,120800
2012-05-23,21.25987434387207,144000
2012-05-24,20.907258987426758,183600
2012-05-25,19.673095703125,356300
2012-05-29,20.11387062072754,223600
2012-05-30,20.011018753051758,204400
2012-05-31,19.709827423095703,188300
2012-06-01,19.283748626708984,317200
2012-06-04,19.026628494262695,224000
2012-06-05,19.36454963684082,171800
2012-06-06,20.444446563720703,178000
2012-06-07,20.348947525024414,145600
2012-06-08,20.209365844726562,102400
2012-06-11,19.937557220458984,82000
2012-06-12,20.2020206451416,174600
2012-06-13,20.069786071777344,100400
2012-06-14,19.922866821289062,68400
2012-06-15,20.03305435180664,108200
2012-06-18,20.143253326416016,82400
2012-06-19,20.481172561645508,101700
2012-06-20,20.6501407623291,48100
2012-06-21,20.02325439453125,143300
2012-06-22,20.42386817932129,133200
2012-06-25,20.052927017211914,44000
2012-06-26,20.297746658325195,296000
2012-06-27,20.631589889526367,150100
2012-06-28,20.416444778442383,94900
2012-06-29,21.247344970703125,166700
2012-07-02,21.14348793029785,165200
2012-07-03,21.803756713867188,106900
2012-07-05,21.60344886779785,75600
2012-07-06,21.321535110473633,97800
2012-07-09,21.084135055541992,117300
2012-07-10,20.80963897705078,67400
2012-07-11,21.106393814086914,145000
2012-07-12,20.91350746154785,104000
2012-07-13,21.217676162719727,58200
2012-07-16,21.351211547851562,59300
2012-07-17,21.781497955322266,173900
2012-07-18,21.751829147338867,71200
2012-07-19,21.826011657714844,222600
2012-07-20,21.410558700561523,72800
2012-07-23,20.99510955810547,110700
2012-07-24,20.91350746154785,156800
2012-07-25,21.017364501953125,165200
2012-07-26,21.410558700561523,145300
2012-07-27,22.00406265258789,345000
2012-07-30,21.90019989013672,247300
2012-07-31,22.0782527923584,267500
2012-08-01,21.96696662902832,212700
2012-08-02,21.544095993041992,101300
2012-08-03,22.145017623901367,178700
2012-08-06,21.96696662902832,174900
2012-08-07,21.96696662902832,320600
2012-08-08,21.96696662902832,150700
2012-08-09,22.055988311767578,77800
2012-08-10,22.204368591308594,166400
2012-08-13,21.77408218383789,112200
2012-08-14,21.86310386657715,93700
2012-08-15,22.026317596435547,118000
2012-08-16,22.330486297607422,263200
2012-08-17,22.24888038635254,134800
2012-08-20,22.211788177490234,94800
2012-08-21,22.15985870361328,132200
2012-08-22,22.09309196472168,240900
2012-08-23,21.95212745666504,184400
2012-08-24,21.90019989013672,85400
2012-08-27,21.729568481445312,49500
2012-08-28,21.581192016601562,100900
2012-08-29,21.254764556884766,133100
2012-08-30,20.661266326904297,371400
2012-08-31,21.03220558166504,463500
2012-09-04,21.0915584564209,172700
2012-09-05,21.0915584564209,82400
2012-09-06,21.499584197998047,199300
2012-09-07,21.78891372680664,185600
2012-09-10,21.61086654663086,125700
2012-09-11,21.65538215637207,237500
2012-09-12,21.70731544494629,128900
2012-09-13,22.24146270751953,416600
2012-09-14,22.397260665893555,275800
2012-09-17,22.382421493530273,114900
2012-09-18,22.167278289794922,175900
2012-09-19,22.13018226623535,698200
2012-09-20,22.055988311767578,157400
2012-09-21,22.13018226623535,90000
2012-09-24,21.915042877197266,130800
2012-09-25,21.751829147338867,67000
2012-09-26,21.49216651916504,123000
2012-09-27,22.18211555480957,310300
2012-09-28,22.15985870361328,317700
2012-10-01,22.24888038635254,259700
2012-10-02,22.24146270751953,130800
2012-10-03,22.256303787231445,100400
2012-10-04,22.590145111083984,201200
2012-10-05,22.783031463623047,858900
2012-10-08,22.64207649230957,459600
2012-10-09,22.61240005493164,582500
2012-10-10,22.42693328857422,148300
2012-10-11,22.49370002746582,191400
2012-10-12,22.575307846069336,147000
2012-10-15,22.679174423217773,154900
2012-10-16,22.990760803222656,171500
2012-10-17,23.005592346191406,176400
2012-10-18,22.909151077270508,132100
2012-10-19,22.582727432250977,280100
2012-10-22,22.923988342285156,233600
2012-10-23,22.61240005493164,141600
2012-10-24,22.62724494934082,211900
2012-10-25,22.76077651977539,148400
2012-10-26,22.694007873535156,118400
2012-10-31,22.61240005493164,287000
2012-11-01,22.923988342285156,306400
2012-11-02,22.82012176513672,353900
2012-11-05,22.76077651977539,289600
2012-11-06,22.909151077270508,252000
2012-11-07,22.604982376098633,236700
2012-11-08,22.5085391998291,388400
2012-11-09,22.76077651977539,245200
2012-11-12,22.79787254333496,156100
2012-11-13,22.946245193481445,227400
2012-11-14,22.49370002746582,277300
2012-11-15,22.590145111083984,191600
2012-11-16,22.66433334350586,125300
2012-11-19,22.923988342285156,132500
2012-11-20,22.79787254333496,330900
2012-11-21,22.716264724731445,120100
2012-11-23,22.894311904907227,153100
2012-11-26,23.05752944946289,263300
2012-11-27,22.604982376098633,394800
2012-11-28,22.486284255981445,498800
2012-11-29,22.419511795043945,439800
2012-11-30,22.22662353515625,328800
2012-12-03,22.412092208862305,249400
2012-12-04,22.145017623901367,285800
2012-12-05,22.055988311767578,142800
2012-12-06,22.256303787231445,354900
2012-12-07,22.18953514099121,190500
2012-12-10,22.345327377319336,326300
2012-12-11,22.419511795043945,364000
2012-12-12,22.560468673706055,171000
2012-12-13,22.515958786010742,240100
2012-12-14,22.397260665893555,853900
2012-12-17,22.61240005493164,152100
2012-12-18,22.615375518798828,424000
2012-12-19,22.280717849731445,581200
2012-12-20,22.228660583496094,591600
2012-12-21,22.169166564941406,403000
2012-12-24,22.057615280151367,62200
2012-12-26,22.012990951538086,51100
2012-12-27,22.020429611206055,211200
2012-12-28,22.20635223388672,140700
2012-12-31,22.50382423400879,197500
2013-01-02,22.76411247253418,366900
2013-01-03,22.816173553466797,487000
2013-01-04,22.890539169311523,371000
2013-01-07,22.726924896240234,462200
2013-01-08,22.645124435424805,332100
2013-01-09,22.474071502685547,139500
2013-01-10,22.131977081298828,360500
2013-01-11,21.990678787231445,269900
2013-01-14,22.34021759033203,569500
2013-01-15,22.56332015991211,378000
2013-01-16,22.76411247253418,1235200
2013-01-17,22.70461654663086,1027500
2013-01-18,23.039278030395508,286800
2013-01-22,22.95003318786621,263200
2013-01-23,22.78642463684082,319900
2013-01-24,22.630247116088867,395000
2013-01-25,22.78642463684082,205200
2013-01-28,22.48151397705078,944100
2013-01-29,22.778987884521484,309200
2013-01-30,22.816173553466797,735700
2013-01-31,22.890539169311523,278900
2013-02-01,23.3962459564209,276100
2013-02-04,23.091333389282227,273300
2013-02-05,23.30699920654297,477300
2013-02-06,23.30699920654297,579600
2013-02-07,23.28468894958496,167400
2013-02-08,23.59703826904297,334500
2013-02-11,23.76064682006836,331800
2013-02-12,24.080432891845703,300100
2013-02-13,24.08786392211914,278200
2013-02-14,24.184545516967773,302900
2013-02-15,24.2663516998291,338600
2013-02-19,24.25147819519043,285100
2013-02-20,24.028371810913086,400100
2013-02-21,23.901945114135742,637500
2013-02-22,24.184545516967773,666300
2013-02-25,24.22173309326172,445600
2013-02-26,24.437397003173828,305100
2013-02-27,25.143896102905273,259500
2013-02-28,25.367002487182617,402900
2013-03-01,25.55292320251465,583900
2013-03-04,25.16620445251465,452600
2013-03-05,25.248016357421875,386200
2013-03-06,25.567792892456055,679600
2013-03-07,25.627283096313477,491100
2013-03-08,25.93219566345215,519000
2013-03-11,25.701658248901367,366200
2013-03-12,25.47854995727539,432100
2013-03-13,25.28519058227539,222900
2013-03-14,25.084396362304688,209400
2013-03-15,25.233137130737305,295900
2013-03-18,25.099275588989258,435400
2013-03-19,25.106708526611328,399800
2013-03-20,25.426490783691406,341200
2013-03-21,24.95797348022461,680800
2013-03-22,24.690248489379883,535900
2013-03-25,24.63819694519043,321200
2013-03-26,25.37443733215332,251500
2013-03-27,25.738845825195312,388000
2013-03-28,25.90988540649414,437600
2013-04-01,25.590103149414062,280200
2013-04-02,25.723968505859375,632200
2013-04-03,25.582664489746094,365500
2013-04-04,25.344690322875977,288600
2013-04-05,25.337247848510742,463400
2013-04-08,25.22570037841797,211800
2013-04-09,25.448806762695312,374700
2013-04-10,25.463680267333984,357600
2013-04-11,25.567792892456055,427900
2013-04-12,25.35956573486328,527000
2013-04-15,24.91335678100586,589200
2013-04-16,25.77602767944336,335600
2013-04-17,25.75371551513672,248900
2013-04-18,25.842958450317383,305000
2013-04-19,25.939634323120117,243400
2013-04-22,26.09581184387207,481500
2013-04-23,26.289159774780273,415700
2013-04-24,26.326351165771484,566700
2013-04-25,26.140432357788086,774500
2013-04-26,25.761152267456055,304400
2013-04-29,26.289159774780273,587100
2013-04-30,26.452775955200195,343600
2013-05-01,26.229671478271484,238400
2013-05-02,26.20736312866211,455500
2013-05-03,25.85039520263672,891800
2013-05-06,25.96194839477539,168900
2013-05-07,26.30403709411621,308000
2013-05-08,26.400724411010742,348200
2013-05-09,26.289159774780273,138000
2013-05-10,26.385839462280273,250800
2013-05-13,26.110685348510742,355400
2013-05-14,26.385839462280273,279000
2013-05-15,26.30403709411621,335500
2013-05-16,26.125560760498047,189700
2013-05-17,26.49739646911621,251600
2013-05-20,26.891555786132812,300200
2013-05-21,26.70562744140625,305600
2013-05-22,26.60895347595215,450600
2013-05-23,26.289159774780273,531000
2013-05-24,26.02145004272461,915900
2013-05-28,26.296606063842773,478000
2013-05-29,26.177614212036133,399100
2013-05-30,25.887582778930664,587900
2013-05-31,25.143896102905273,592100
2013-06-03,25.322376251220703,801500
2013-06-04,24.95797348022461,312500
2013-06-05,24.3630313873291,539800
2013-06-06,24.682809829711914,592800
2013-06-07,24.177108764648438,468000
2013-06-10,23.1136474609375,707800
2013-06-11,22.213790893554688,819000
2013-06-12,22.474071502685547,1227100
2013-06-13,23.351619720458984,543400
2013-06-14,23.44830322265625,502800
2013-06-17,23.76064682006836,460500
2013-06-18,24.184545516967773,361900
2013-06-19,22.979780197143555,457500
2013-06-20,21.29905891418457,781300
2013-06-21,21.946062088012695,710700
2013-06-24,21.358551025390625,541900
2013-06-25,21.685771942138672,671000
2013-06-26,23.002092361450195,635200
2013-06-27,23.71916389465332,498700
2013-06-28,23.478134155273438,1125400
2013-07-01,23.372678756713867,304600
2013-07-02,22.920740127563477,398800
2013-07-03,22.498933792114258,273200
2013-07-05,22.12232208251953,538200
2013-07-08,21.775833129882812,371400
2013-07-09,21.73064422607422,413600
2013-07-10,21.753236770629883,383400
2013-07-11,23.101518630981445,406400
2013-07-12,22.770095825195312,473000
2013-07-15,22.87554931640625,319400
2013-07-16,22.89061164855957,228300
2013-07-17,23.048791885375977,214200
2013-07-18,22.739971160888672,188300
2013-07-19,22.69477081298828,260600
2013-07-22,22.800228118896484,223800
2013-07-23,22.837888717651367,219500
2013-07-24,22.393476486206055,345700
2013-07-25,22.40854835510254,423200
2013-07-26,22.340761184692383,105400
2013-07-29,21.843626022338867,242800
2013-07-30,21.692977905273438,356600
2013-07-31,21.836090087890625,165100
2013-08-01,22.37088394165039,373000
2013-08-02,22.468809127807617,230900
2013-08-05,22.084659576416016,200900
2013-08-06,21.82855987548828,137100
2013-08-07,21.338956832885742,472300
2013-08-08,21.715576171875,295900
2013-08-09,21.76076889038086,198800
2013-08-12,22.06206512451172,221700
2013-08-13,22.129852294921875,194300
2013-08-14,22.461271286010742,142100
2013-08-15,21.918949127197266,270600
2013-08-16,21.060266494750977,282100
2013-08-19,19.493553161621094,1138200
2013-08-20,18.74785614013672,4033300
2013-08-21,17.93436622619629,1081700
2013-08-22,18.29591941833496,966600
2013-08-23,18.27332878112793,324300
2013-08-26,17.3845157623291,376200
2013-08-27,15.923249244689941,920400
2013-08-28,16.51076316833496,1641600
2013-08-29,16.842187881469727,1078600
2013-08-30,17.339317321777344,1154300
2013-09-03,16.796995162963867,923700
2013-09-04,16.909976959228516,761300
2013-09-05,16.86478614807129,726800
2013-09-06,17.324256896972656,1114100
2013-09-09,18.2507266998291,1887700
2013-09-10,19.011486053466797,1427800
2013-09-11,18.627342224121094,998200
2013-09-12,18.31852149963379,1583800
2013-09-13,18.793048858642578,451900
2013-09-16,19.59147071838379,1025800
2013-09-17,19.10940933227539,1146700
2013-09-18,20.917152404785156,975700
2013-09-19,21.052736282348633,1337200
2013-09-20,19.907825469970703,617100
2013-09-23,19.734588623046875,671600
2013-09-24,19.011486053466797,446800
2013-09-25,18.43903160095215,452300
2013-09-26,18.8608455657959,365300
2013-09-27,18.37877655029297,328000
2013-09-30,17.768659591674805,953600
2013-10-01,18.68760108947754,687100
2013-10-02,18.958759307861328,372900
2013-10-03,18.491756439208984,368600
2013-10-04,18.868377685546875,407300
2013-10-07,18.604747772216797,231300
2013-10-08,18.423967361450195,447000
2013-10-09,19.056682586669922,424100
2013-10-10,19.734588623046875,751700
2013-10-11,19.61406707763672,752300
2013-10-14,20.329639434814453,374900
2013-10-15,19.704456329345703,389000
2013-10-16,19.809911727905273,264800
2013-10-17,20.118730545043945,242800
2013-10-18,20.20911979675293,1438000
2013-10-21,20.058475494384766,263000
2013-10-22,19.922895431518555,638300
2013-10-23,19.56887435913086,271700
2013-10-24,19.960554122924805,620300
2013-10-25,20.615869522094727,393000
2013-10-28,20.555606842041016,253900
2013-10-29,20.26184844970703,260600
2013-10-30,19.870162963867188,610800
2013-10-31,19.342905044555664,798600
2013-11-01,18.83824920654297,1272800
2013-11-04,19.07927894592285,835300
2013-11-05,18.74785614013672,530300
2013-11-06,18.921096801757812,229900
2013-11-07,18.657466888427734,794700
2013-11-08,18.85330581665039,686300
2013-11-11,18.469158172607422,401800
2013-11-12,18.062423706054688,601700
2013-11-13,18.08501625061035,1307600
2013-11-14,18.56708526611328,1054300
2013-11-15,18.499298095703125,631600
2013-11-18,18.401369094848633,741700
2013-11-19,18.258256912231445,456700
2013-11-20,17.731002807617188,380300
2013-11-21,17.919309616088867,299000
2013-11-22,17.79878807067871,248400
2013-11-25,17.6632080078125,296100
2013-11-26,17.48996353149414,675900
2013-11-27,17.512563705444336,349900
2013-11-29,17.4071102142334,227700
2013-12-02,17.4071102142334,419900
2013-12-03,17.248933792114258,402700
2013-12-04,17.0756893157959,552100
2013-12-05,16.781932830810547,694200
2013-12-06,17.083223342895508,641900
2013-12-09,17.1284122467041,581800
2013-12-10,17.437240600585938,340600
2013-12-11,16.93257713317871,624700
2013-12-12,16.81205940246582,560400
2013-12-13,16.555959701538086,498700
2013-12-16,16.638816833496094,372200
2013-12-17,16.62375259399414,845700
2013-12-18,16.942651748657227,563700
2013-12-19,16.76129150390625,335100
2013-12-20,16.428781509399414,216200
2013-12-23,16.45901107788086,406800
2013-12-24,16.63282012939453,94000
2013-12-26,16.511913299560547,193700
2013-12-27,16.768844604492188,102700
2013-12-30,16.995555877685547,197300
2013-12-31,17.26004981994629,436100
2014-01-02,16.77640151977539,775200
2014-01-03,16.640377044677734,365900
2014-01-06,16.443893432617188,611700
2014-01-07,16.383440017700195,935800
2014-01-08,16.496797561645508,586700
2014-01-09,16.53458023071289,284200
2014-01-10,17.267601013183594,647100
2014-01-13,17.54720687866211,491200
2014-01-14,17.67568016052246,506800
2014-01-15,18.0081844329834,615500
2014-01-16,17.63789176940918,453600
2014-01-17,17.67568016052246,313800
2014-01-21,17.68323516845703,349000
2014-01-22,18.159326553344727,477400
2014-01-23,17.819257736206055,941700
2014-01-24,17.10891342163086,1110800
2014-01-27,16.84441566467285,899300
2014-01-28,17.116464614868164,409300
2014-01-29,17.025779724121094,406100
2014-01-30,17.554767608642578,312100
2014-01-31,17.53209114074707,287000
2014-02-03,16.882192611694336,343700
2014-02-04,17.690792083740234,499500
2014-02-05,17.59255599975586,151500
2014-02-06,18.068639755249023,500200
2014-02-07,18.257566452026367,584900
2014-02-10,17.705904006958008,349600
2014-02-11,18.355804443359375,392000
2014-02-12,18.30290412902832,397700
2014-02-13,18.612735748291016,558200
2014-02-14,19.111495971679688,1190800
2014-02-18,18.93012809753418,868200
2014-02-19,19.013254165649414,537900
2014-02-20,19.330646514892578,360300
2014-02-21,19.58757972717285,600300
2014-02-24,19.602699279785156,686500
2014-02-25,19.081266403198242,719900
2014-02-26,18.907461166381836,546800
2014-02-27,19.421327590942383,443500
2014-02-28,19.315534591674805,458800
2014-03-03,19.209741592407227,421800
2014-03-04,19.58757972717285,286200
2014-03-05,19.89742088317871,254900
2014-03-06,20.229921340942383,991400
2014-03-07,19.957876205444336,753200
2014-03-10,20.033445358276367,645000
2014-03-11,19.965431213378906,685700
2014-03-12,20.101455688476562,423400
2014-03-13,19.995656967163086,541800
2014-03-14,21.19721221923828,1070500
2014-03-17,21.537277221679688,642300
2014-03-18,21.514604568481445,1065800
2014-03-19,20.95538902282715,557700
2014-03-20,20.494413375854492,551300
2014-03-21,20.42640495300293,445500
2014-03-24,20.539756774902344,379000
2014-03-25,20.517086029052734,604100
2014-03-26,20.388620376586914,1478200
2014-03-27,20.50197410583496,544500
2014-03-28,20.758907318115234,465900
2014-03-31,20.88737678527832,718400
2014-04-01,21.65062141418457,676400
2014-04-02,21.522157669067383,404300
2014-04-03,21.431480407714844,874400
2014-04-04,21.386133193969727,703500
2014-04-07,21.461702346801758,396300
2014-04-08,21.968019485473633,920900
2014-04-09,21.491931915283203,2526900
2014-04-10,20.728679656982422,2935000
2014-04-11,20.766468048095703,723700
2014-04-14,21.030956268310547,789400
2014-04-15,20.97806167602539,1026800
2014-04-16,21.31812286376953,542800
2014-04-17,21.416362762451172,560400
2014-04-21,21.189651489257812,833300
2014-04-22,20.962947845458984,171300
2014-04-23,20.5926570892334,629100
2014-04-24,20.72112274169922,432900
2014-04-25,20.81936264038086,510200
2014-04-28,20.38106346130371,475100
2014-04-29,20.8344783782959,684000
2014-04-30,20.9176025390625,281600
2014-05-01,21.008291244506836,220100
2014-05-02,20.93271827697754,374400
2014-05-05,20.902488708496094,122900
2014-05-06,20.864707946777344,136700
2014-05-07,21.000734329223633,428300
2014-05-08,20.93271827697754,550400
2014-05-09,21.12919807434082,1085600
2014-05-12,21.446590423583984,734700
2014-05-13,21.431480407714844,477300
2014-05-14,21.99068832397461,561900
2014-05-15,21.77153778076172,460600
2014-05-16,22.345863342285156,367300
2014-05-19,22.081375122070312,659300
2014-05-20,21.114086151123047,1013200
2014-05-21,21.234994888305664,830600
2014-05-22,21.688413619995117,467200
2014-05-23,21.469263076782227,320700
2014-05-27,21.431480407714844,652900
2014-05-28,21.386133193969727,313000
2014-05-29,21.507041931152344,178900
2014-05-30,20.713565826416016,748800
2014-06-02,20.675785064697266,368300
2014-06-03,21.000734329223633,1024100
2014-06-04,20.577537536621094,229300
2014-06-05,20.706010818481445,302200
2014-06-06,20.940275192260742,648800
2014-06-09,20.698453903198242,784200
2014-06-10,20.902488708496094,372100
2014-06-11,20.796693801879883,238900
2014-06-12,20.569982528686523,399100
2014-06-13,20.56243133544922,705300
2014-06-16,20.29037857055664,345200
2014-06-17,20.305492401123047,517000
2014-06-18,20.403730392456055,578200
2014-06-19,20.282825469970703,790900
2014-06-20,20.131683349609375,124900
2014-06-23,20.010766983032227,311500
2014-06-24,19.9427547454834,428500
2014-06-25,19.840389251708984,1149800
2014-06-26,19.802186965942383,560500
2014-06-27,19.748714447021484,486800
2014-06-30,20.153614044189453,693300
2014-07-01,20.39044761657715,690000
2014-07-02,20.535598754882812,1266600
2014-07-03,20.45156478881836,546300
2014-07-07,21.30721664428711,537000
2014-07-08,21.551685333251953,1215700
2014-07-09,22.42261505126953,1248700
2014-07-10,22.063549041748047,2024100
2014-07-11,21.86491584777832,798000
2014-07-14,21.7426815032959,245600
2014-07-15,21.658647537231445,355800
2014-07-16,22.01770782470703,441000
2014-07-17,21.54404640197754,802600
2014-07-18,22.055912017822266,397800
2014-07-21,22.49901580810547,536700
2014-07-22,22.437896728515625,1295900
2014-07-23,22.376781463623047,1129800
2014-07-24,22.315658569335938,443300
2014-07-25,22.071189880371094,708900
2014-07-28,22.369138717651367,356500
2014-07-29,22.216344833374023,348000
2014-07-30,21.910757064819336,799600
2014-07-31,21.19261932373047,1069600
2014-08-01,21.360694885253906,926200
2014-08-04,22.002431869506836,778200
2014-08-05,21.681562423706055,731300
2014-08-06,21.27665901184082,810000
2014-08-07,21.368335723876953,658200
2014-08-08,21.643362045288086,650300
2014-08-11,22.193422317504883,488800
2014-08-12,22.201061248779297,477100
2014-08-13,22.277462005615234,389100
2014-08-14,22.23926544189453,281100
2014-08-15,22.01770782470703,221900
2014-08-18,22.285104751586914,292200
2014-08-19,22.3309383392334,303100
2014-08-20,22.353857040405273,402600
2014-08-21,22.285104751586914,395500
2014-08-22,22.01770782470703,313500
2014-08-25,22.193422317504883,300100
2014-08-26,22.101749420166016,404800
2014-08-27,22.231626510620117,583400
2014-08-28,22.109390258789062,809900
2014-08-29,21.9642333984375,662500
2014-09-02,22.086463928222656,599700
2014-09-03,22.13994598388672,306600
2014-09-04,22.063549041748047,753700
2014-09-05,22.338577270507812,433100
2014-09-08,22.262184143066406,327000
2014-09-09,21.841999053955078,738300
2014-09-10,21.59752655029297,419000
2014-09-11,21.368335723876953,744500
2014-09-12,21.23082160949707,958200
2014-09-15,21.100948333740234,626300
2014-09-16,21.5593204498291,671600
2014-09-17,21.299575805664062,447100
2014-09-18,21.58224868774414,442600
2014-09-19,21.566965103149414,483400
2014-09-22,21.398893356323242,631900
2014-09-23,21.375974655151367,390500
2014-09-24,21.73504066467285,655900
2014-09-25,21.398893356323242,835400
2014-09-26,20.955791473388672,775000
2014-09-29,20.70368003845215,821500
2014-09-30,20.795352935791016,628900
2014-10-01,20.512685775756836,786300
2014-10-02,20.32168960571289,951400
2014-10-03,19.90914535522461,707700
2014-10-06,20.153614044189453,393500
2014-10-07,20.100139617919922,507700
2014-10-08,20.31404685974121,747100
2014-10-09,19.809829711914062,789100
2014-10-10,19.603553771972656,887500
2014-10-13,19.626474380493164,592300
2014-10-14,19.870948791503906,1016200
2014-10-15,19.901506423950195,829000
2014-10-16,19.90914535522461,879600
2014-10-17,20.66547393798828,873500
2014-10-20,20.925230026245117,728900
2014-10-21,21.093303680419922,708900
2014-10-22,20.955791473388672,479000
2014-10-23,21.284297943115234,2169000
2014-10-24,21.139144897460938,896500
2014-10-27,20.772436141967773,709200
2014-10-28,20.65019989013672,857700
2014-10-29,20.841190338134766,642600
2014-10-30,20.971067428588867,782100
2014-10-31,21.062742233276367,763100
2014-11-03,20.88703155517578,298200
2014-11-04,20.871749877929688,214300
2014-11-05,20.71131706237793,432200
2014-11-06,20.497406005859375,496100
2014-11-07,20.543235778808594,350300
2014-11-10,20.32168960571289,419100
2014-11-11,20.619640350341797,161700
2014-11-12,20.581443786621094,309000
2014-11-13,20.612003326416016,303700
2014-11-14,20.78771209716797,328500
2014-11-17,20.917587280273438,1221900
2014-11-18,21.345415115356445,801200
2014-11-19,21.27665901184082,281900
2014-11-20,20.993982315063477,534000
2014-11-21,21.52113151550293,811500
2014-11-24,21.30721664428711,382200
2014-11-25,21.07802391052246,424300
2014-11-26,21.314851760864258,348600
2014-11-28,21.016904830932617,662900
2014-12-01,21.10858726501465,1251800
2014-12-02,21.162059783935547,706800
2014-12-03,21.116222381591797,426200
2014-12-04,21.207897186279297,980800
2014-12-05,21.055105209350586,687500
2014-12-08,20.688398361206055,533500
2014-12-09,20.69603729248047,593700
2014-12-10,20.688398361206055,628800
2014-12-11,20.589080810546875,687900
2014-12-12,20.237651824951172,834900
2014-12-15,19.244489669799805,1356100
2014-12-16,19.15281105041504,1716300
2014-12-17,19.89305305480957,1017600
2014-12-18,20.490766525268555,652900
2014-12-19,20.605703353881836,774700
2014-12-22,20.590381622314453,443400
2014-12-23,20.5367431640625,431700
2014-12-24,20.843263626098633,225700
2014-12-26,21.004180908203125,282900
2014-12-29,20.843263626098633,305100
2014-12-30,20.935216903686523,343800
2014-12-31,21.027172088623047,414000
2015-01-02,20.52141761779785,550700
2015-01-05,20.130611419677734,914700
2015-01-06,20.115278244018555,568600
2015-01-07,20.42180061340332,633000
2015-01-08,20.467775344848633,475300
2015-01-09,20.40646743774414,401200
2015-01-12,20.299192428588867,294300
2015-01-13,20.460111618041992,522300
2015-01-14,20.230222702026367,604900
2015-01-15,20.34516716003418,459200
2015-01-16,20.490766525268555,623100
2015-01-20,20.437118530273438,692400
2015-01-21,21.019512176513672,975800
2015-01-22,21.663198471069336,1541100
2015-01-23,21.49461555480957,1035800
2015-01-26,21.23406982421875,1110900
2015-01-27,20.996519088745117,707700
2015-01-28,20.896902084350586,439500
2015-01-29,20.996519088745117,406000
2015-01-30,20.391145706176758,1189300
2015-02-02,20.644023895263672,708400
2015-02-03,21.073150634765625,689400
2015-02-04,21.096139907836914,420100
2015-02-05,20.97353172302246,456200
2015-02-06,20.866254806518555,599300
2015-02-09,21.004180908203125,629900
2015-02-10,20.774295806884766,1346800
2015-02-11,20.613370895385742,677700
2015-02-12,21.11912727355957,399500
2015-02-13,21.241731643676758,543000
2015-02-17,21.088472366333008,612400
2015-02-18,21.13445281982422,338200
2015-02-19,21.10379981994629,360300
2015-02-20,21.310697555541992,327300
2015-02-23,21.111459732055664,425700
2015-02-24,21.26472282409668,517800
2015-02-25,21.318368911743164,585900
2015-02-26,21.379669189453125,540600
2015-02-27,21.13445281982422,478600
2015-03-02,21.37200355529785,429600
2015-03-03,21.241731643676758,361600
2015-03-04,20.919889450073242,503200
2015-03-05,20.889238357543945,677800
2015-03-06,20.797286987304688,1235600
2015-03-09,20.69000244140625,1250500
2015-03-10,20.306854248046875,1561600
2015-03-11,20.34516716003418,714500
2015-03-12,20.3681583404541,625400
2015-03-13,20.207231521606445,680000
2015-03-16,20.56739616394043,475700
2015-03-17,20.52141761779785,1265500
2015-03-18,20.97353172302246,1615100
2015-03-19,20.743642807006836,484400
2015-03-20,20.94287872314453,381200
2015-03-23,20.904563903808594,259500
2015-03-24,21.080810546875,553700
2015-03-25,20.559728622436523,402900
2015-03-26,20.3988037109375,355400
2015-03-27,20.67467498779297,349900
2015-03-30,21.165109634399414,2105300
2015-03-31,21.26472282409668,487000
2015-04-01,21.26472282409668,434800
2015-04-02,21.18042755126953,396500
2015-04-06,21.433311462402344,384400
2015-04-07,21.364343643188477,1178800
2015-04-08,21.310697555541992,699500
2015-04-09,21.44863510131836,707900
2015-04-10,21.349016189575195,227800
2015-04-13,20.85092544555664,495400
2015-04-14,20.958206176757812,279100
2015-04-15,21.149782180786133,317800
2015-04-16,21.20342445373535,338700
2015-04-17,21.13445281982422,578300
2015-04-20,20.889238357543945,469800
2015-04-21,21.096139907836914,382100
2015-04-22,21.26472282409668,323000
2015-04-23,21.18042755126953,199000
2015-04-24,21.019512176513672,415300
2015-04-27,20.222558975219727,555800
2015-04-28,19.96968650817871,472000
2015-04-29,19.509902954101562,1048000
2015-04-30,18.97349739074707,1951500
2015-05-01,19.03479766845703,903400
2015-05-04,19.555883407592773,2426400
2015-05-05,19.42561149597168,1430400
2015-05-06,19.486915588378906,933000
2015-05-07,19.53289031982422,753300
2015-05-08,19.69381332397461,646400
2015-05-11,19.448604583740234,331600
2015-05-12,19.463926315307617,522500
2015-05-13,19.854736328125,1054000
2015-05-14,19.985010147094727,461800
2015-05-15,19.985010147094727,719500
2015-05-18,19.801101684570312,488900
2015-05-19,20.007997512817383,446200
2015-05-20,20.138269424438477,485500
2015-05-21,20.3681583404541,987200
2015-05-22,20.168916702270508,407200
2015-05-26,19.96968650817871,568300
2015-05-27,19.900714874267578,459000
2015-05-28,19.770444869995117,442800
2015-05-29,19.701478958129883,756400
2015-06-01,19.417951583862305,1626800
2015-06-02,19.456266403198242,787200
2015-06-03,19.134416580200195,638700
2015-06-04,18.781925201416016,366100
2015-06-05,18.682302474975586,660600
2015-06-08,18.391111373901367,285900
2015-06-09,18.061601638793945,847500
2015-06-10,18.337472915649414,2002200
2015-06-11,18.2225284576416,754000
2015-06-12,18.084596633911133,504400
2015-06-15,17.76275062561035,275200
2015-06-16,18.06926918029785,416800
2015-06-17,18.40643882751465,590900
2015-06-18,18.536714553833008,541200
2015-06-19,18.45241355895996,321600
2015-06-22,18.44475555419922,335400
2015-06-23,18.575021743774414,525000
2015-06-24,18.368125915527344,348800
2015-06-25,18.172504425048828,669500
2015-06-26,18.16473960876465,460200
2015-06-29,17.807655334472656,473800
2015-06-30,17.986202239990234,537000
2015-07-01,18.056068420410156,557300
2015-07-02,18.420909881591797,983400
2015-07-06,18.188032150268555,369100
2015-07-07,18.195791244506836,604000
2015-07-08,17.908565521240234,605200
2015-07-09,17.698978424072266,389100
2015-07-10,18.195791244506836,474200
2015-07-13,18.242368698120117,369300
2015-07-14,18.343284606933594,241200
2015-07-15,17.931861877441406,327200
2015-07-16,18.141454696655273,170600
2015-07-17,18.094873428344727,235000
2015-07-20,18.04830551147461,253800
2015-07-21,18.017248153686523,238100
2015-07-22,17.908565521240234,202900
2015-07-23,17.830944061279297,355100
2015-07-24,17.512676239013672,553600
2015-07-27,17.09348487854004,625300
2015-07-28,17.077959060668945,504200
2015-07-29,17.17887306213379,594800
2015-07-30,17.085723876953125,673200
2015-07-31,17.497148513793945,862000
2015-08-03,17.32636833190918,694500
2015-08-04,17.372941970825195,368400
2015-08-05,17.644636154174805,305900
2015-08-06,17.48162078857422,348100
2015-08-07,17.233213424682617,224300
2015-08-10,17.442808151245117,237000
2015-08-11,16.54233741760254,1121200
2015-08-12,15.750539779663086,1369000
2015-08-13,16.06880760192871,548900
2015-08-14,16.20077896118164,373100
2015-08-17,16.107624053955078,527400
2015-08-18,15.804872512817383,414700
2015-08-19,15.610810279846191,935600
2015-08-20,15.370160102844238,720300
2015-08-21,14.430876731872559,1291600
2015-08-24,13.716706275939941,1942200
2015-08-25,13.755518913269043,1503300
2015-08-26,14.55507755279541,1106900
2015-08-27,15.804872512817383,1393000
2015-08-28,15.680675506591797,1620100
2015-08-31,15.471080780029297,1227600
2015-09-01,14.989791870117188,1121700
2015-09-02,15.214910507202148,588900
2015-09-03,15.160577774047852,582900
2015-09-04,14.741382598876953,502500
2015-09-08,14.694809913635254,471300
2015-09-09,14.446403503417969,447200
2015-09-10,14.57060432434082,517800
2015-09-11,14.811243057250977,392300
2015-09-14,14.593894958496094,619600
2015-09-15,14.687049865722656,416900
2015-09-16,14.679285049438477,949500
2015-09-17,14.842302322387695,682400
2015-09-18,14.36877727508545,974000
2015-09-21,14.438638687133789,362600
2015-09-22,14.166943550109863,343200
2015-09-23,13.623555183410645,543700
2015-09-24,13.421724319458008,1018200
2015-09-25,13.445012092590332,905700
2015-09-28,12.878334045410156,667600
2015-09-29,13.375147819519043,1336200
2015-09-30,13.732234954833984,579000
2015-10-01,13.623555183410645,277000
2015-10-02,13.903010368347168,530300
2015-10-05,14.67151927947998,661500
2015-10-06,15.277010917663574,681400
2015-10-07,15.913555145263672,2147300
2015-10-08,16.441417694091797,580000
2015-10-09,17.09348487854004,2894600
2015-10-12,16.984806060791016,691000
2015-10-13,15.991183280944824,575900
2015-10-14,16.123144149780273,521000
2015-10-15,16.44917869567871,300200
2015-10-16,16.480226516723633,441100
2015-10-19,16.255111694335938,361700
2015-10-20,16.487995147705078,292000
2015-10-21,16.301692962646484,323400
2015-10-22,16.8994197845459,583800
2015-10-23,17.046911239624023,508100
2015-10-26,17.070199966430664,277300
2015-10-27,16.77521324157715,323700
2015-10-28,16.317214965820312,951300
2015-10-29,15.742776870727539,3179700
2015-10-30,15.641860961914062,1101300
2015-11-02,16.278400421142578,764900
2015-11-03,16.705347061157227,981100
2015-11-04,16.519044876098633,847700
2015-11-05,16.697582244873047,534600
2015-11-06,16.402603149414062,1111300
2015-11-09,15.688432693481445,1058300
2015-11-10,15.696197509765625,2132400
2015-11-11,15.828160285949707,467600
2015-11-12,15.65738582611084,472900
2015-11-13,15.55646800994873,869800
2015-11-16,15.944608688354492,472200
2015-11-17,16.04551887512207,364000
2015-11-18,16.20853614807129,593100
2015-11-19,16.27063751220703,982500
2015-11-20,16.550090789794922,781600
2015-11-23,16.26287841796875,313900
2015-11-24,16.402603149414062,618800
2015-11-25,16.379322052001953,212600
2015-11-27,16.099851608276367,505400
2015-11-30,15.851449966430664,909200
2015-12-01,16.286163330078125,427600
2015-12-02,16.07657241821289,643000
2015-12-03,15.952363967895508,338600
2015-12-04,16.36379623413086,880700
2015-12-07,16.09209442138672,547900
2015-12-08,15.73501205444336,567600
2015-12-09,15.610810279846191,1027600
2015-12-10,15.595281600952148,711200
2015-12-11,14.989791870117188,1129100
2015-12-14,15.168331146240234,337700
2015-12-15,15.424507141113281,380500
2015-12-16,16.11538314819336,1107500
2015-12-17,15.921317100524902,1034900
2015-12-18,15.703962326049805,685100
2015-12-21,16.107627868652344,410200
2015-12-22,16.38762092590332,240600
2015-12-23,16.449844360351562,384100
2015-12-24,16.309844970703125,281800
2015-12-28,16.488733291625977,325700
2015-12-29,16.46539878845215,329500
2015-12-30,16.33317756652832,193300
2015-12-31,16.232070922851562,142500
2016-01-04,15.98318099975586,680100
2016-01-05,16.364288330078125,619600
2016-01-06,16.302064895629883,694900
2016-01-07,15.788736343383789,724600
2016-01-08,15.664297103881836,764900
2016-01-11,15.703185081481934,641800
2016-01-12,16.115398406982422,729400
2016-01-13,15.944294929504395,716200
2016-01-14,16.154287338256836,710200
2016-01-15,15.633185386657715,573900
2016-01-19,15.788736343383789,554500
2016-01-20,15.648740768432617,945600
2016-01-21,15.796516418457031,725300
2016-01-22,16.169849395751953,632700
2016-01-25,15.98318099975586,445800
2016-01-26,16.34095573425293,358900
2016-01-27,16.232070922851562,411500
2016-01-28,16.418731689453125,717800
2016-01-29,16.83873176574707,853700
2016-02-01,16.82317352294922,768100
2016-02-02,16.12317657470703,475900
2016-02-03,16.652063369750977,958700
2016-02-04,16.916507720947266,1081500
2016-02-05,17.398723602294922,985100
2016-02-08,17.165390014648438,564500
2016-02-09,17.282058715820312,843900
2016-02-10,17.390947341918945,769700
2016-02-11,17.600940704345703,2059600
2016-02-12,17.585390090942383,932500
2016-02-16,17.647611618041992,701500
2016-02-17,17.974275588989258,764500
2016-02-18,17.717609405517578,1156600
2016-02-19,17.21205711364746,860100
2016-02-22,17.398723602294922,441100
2016-02-23,16.908729553222656,503000
2016-02-24,17.04094886779785,784400
2016-02-25,17.173171997070312,565100
2016-02-26,17.18872833251953,798200
2016-02-29,17.647611618041992,801200
2016-03-01,18.013160705566406,704600
2016-03-02,18.083158493041992,687500
2016-03-03,18.316490173339844,1349700
2016-03-04,18.526491165161133,1415300
2016-03-07,18.42538070678711,1119800
2016-03-08,17.958717346191406,662800
2016-03-09,18.067604064941406,915200
2016-03-10,17.99761199951172,736000
2016-03-11,18.53426742553711,807500
2016-03-14,18.5809383392334,661900
2016-03-15,18.34760284423828,440500
2016-03-16,18.68204689025879,955200
2016-03-17,18.89204216003418,1641900
2016-03-18,18.65093421936035,788000
2016-03-21,18.40204620361328,816600
2016-03-22,18.34760284423828,594000
2016-03-23,18.052045822143555,648000
2016-03-24,17.935382843017578,684400
2016-03-28,17.655385971069336,416500
2016-03-29,17.888723373413086,821000
2016-03-30,18.160938262939453,1706000
2016-03-31,18.324268341064453,1068600
2016-04-01,18.472043991088867,1035900
2016-04-04,18.39426612854004,601200
2016-04-05,18.098712921142578,630700
2016-04-06,18.448713302612305,590900
2016-04-07,18.05982780456543,512500
2016-04-08,18.199825286865234,726900
2016-04-11,18.083158493041992,586300
2016-04-12,18.409828186035156,666400
2016-04-13,18.46426773071289,819700
2016-04-14,18.18427276611328,325300
2016-04-15,18.083158493041992,623300
2016-04-18,18.573152542114258,607200
2016-04-19,18.744266510009766,837500
2016-04-20,18.658710479736328,662500
2016-04-21,18.503156661987305,846400
2016-04-22,18.495378494262695,767900
2016-04-25,18.34760284423828,402200
2016-04-26,18.176498413085938,603400
2016-04-27,18.29315948486328,365500
2016-04-28,18.0909423828125,412100
2016-04-29,17.958717346191406,696200
2016-05-02,18.013160705566406,657900
2016-05-03,17.655385971069336,1538100
2016-05-04,17.390947341918945,1175300
2016-05-05,17.3520565032959,583600
2016-05-06,17.422054290771484,731000
2016-05-09,17.25872230529785,1587200
2016-05-10,17.600940704345703,810500
2016-05-11,17.779829025268555,606300
2016-05-12,17.593168258666992,807200
2016-05-13,17.27427864074707,429700
2016-05-16,17.34427833557129,644800
2016-05-17,17.118728637695312,679900
2016-05-18,17.07205581665039,1120900
2016-05-19,16.76095199584961,1511400
2016-05-20,16.97872543334961,703800
2016-05-23,17.025394439697266,756700
2016-05-24,17.09539222717285,820800
2016-05-25,17.32872772216797,635300
2016-05-26,17.468721389770508,586500
2016-05-27,17.46094512939453,622900
2016-05-31,17.398723602294922,1075600
2016-06-01,17.414274215698242,659000
2016-06-02,17.593168258666992,730200
2016-06-03,17.91983413696289,1276100
2016-06-06,18.39426612854004,1740200
2016-06-07,18.565380096435547,1377900
2016-06-08,18.510936737060547,1251600
2016-06-09,18.20760154724121,1038000
2016-06-10,17.8187198638916,723800
2016-06-13,17.66316795349121,948100
2016-06-14,17.670942306518555,906200
2016-06-15,17.904277801513672,795900
2016-06-16,17.989831924438477,842400
2016-06-17,17.943159103393555,650700
2016-06-20,18.246492385864258,621700
2016-06-21,18.355377197265625,1393100
2016-06-22,18.43636131286621,652400
2016-06-23,18.845186233520508,1309900
2016-06-24,17.610849380493164,1862100
2016-06-27,17.70519256591797,1423400
2016-06-28,18.593597412109375,775200
2016-06-29,19.222558975219727,2007900
2016-06-30,19.230419158935547,1193800
2016-07-01,19.222558975219727,1191500
2016-07-05,19.09676742553711,2573500
2016-07-06,19.01814079284668,1491400
2016-07-07,18.986698150634766,629700
2016-07-08,19.28545379638672,862300
2016-07-11,19.560623168945312,1054700
2016-07-12,19.835790634155273,1225600
2016-07-13,19.89868927001953,1360300
2016-07-14,19.80434799194336,914200
2016-07-15,19.60779571533203,998300
2016-07-18,19.890827178955078,625400
2016-07-19,19.969444274902344,522000
2016-07-20,20.142404556274414,853600
2016-07-21,19.914413452148438,715000
2016-07-22,19.945859909057617,326400
2016-07-25,19.843656539916992,568900
2016-07-26,20.008758544921875,581400
2016-07-27,20.307514190673828,696600
2016-07-28,20.33110237121582,351900
2016-07-29,20.425437927246094,951200
2016-08-01,20.708473205566406,797500
2016-08-02,20.64557647705078,1412900
2016-08-03,20.66130256652832,435900
2016-08-04,20.73206329345703,636100
2016-08-05,20.849990844726562,538400
2016-08-08,21.007230758666992,447400
2016-08-09,21.0622615814209,476400
2016-08-10,20.90501594543457,520800
2016-08-11,21.022953033447266,439500
2016-08-12,20.677026748657227,728800
2016-08-15,20.559093475341797,501600
2016-08-16,20.606266021728516,1038300
2016-08-17,20.621992111206055,1305200
2016-08-18,21.054399490356445,1295400
2016-08-19,20.842126846313477,1187000
2016-08-22,20.559093475341797,1050500
2016-08-23,20.425437927246094,758900
2016-08-24,20.527647018432617,644900
2016-08-25,20.73206329345703,1105100
2016-08-26,20.401853561401367,1809900
2016-08-29,20.260339736938477,437700
2016-08-30,19.993030548095703,1000400
2016-08-31,20.063791275024414,1181100
2016-09-01,19.875102996826172,1304700
2016-09-02,20.315370559692383,1359100
2016-09-06,20.543365478515625,991900
2016-09-07,20.590543746948242,664900
2016-09-08,20.323240280151367,760500
2016-09-09,19.50558853149414,1852500
2016-09-12,19.725723266601562,2102400
2016-09-13,19.371932983398438,1807300
2016-09-14,19.206830978393555,1237600
2016-09-15,20.016616821289062,1318300
2016-09-16,20.00089454650879,945500
2016-09-19,20.252477645874023,769700
2016-09-20,20.16599464416504,538900
2016-09-21,20.787097930908203,1225400
2016-09-22,20.928611755371094,946000
2016-09-23,20.637720108032227,518900
2016-09-26,20.441164016723633,631800
2016-09-27,21.030813217163086,820100
2016-09-28,21.243087768554688,828200
2016-09-29,20.897159576416016,1194900
2016-09-30,20.787097930908203,1385900
2016-10-03,21.22736167907715,870400
2016-10-04,20.747779846191406,2112700
2016-10-05,20.857851028442383,1097000
2016-10-06,20.724201202392578,1292400
2016-10-07,20.590543746948242,627900
2016-10-10,20.700611114501953,343600
2016-10-11,20.464754104614258,714300
2016-10-12,20.551231384277344,617500
2016-10-13,20.441164016723633,674900
2016-10-14,20.606266021728516,582400
2016-10-17,20.598405838012695,465300
2016-10-18,20.865713119506836,425100
2016-10-19,20.90501594543457,1028300
2016-10-20,20.763507843017578,513100
2016-10-21,20.826404571533203,299500
2016-10-24,20.739919662475586,301200
2016-10-25,20.677026748657227,273000
2016-10-26,20.621992111206055,483100
2016-10-27,20.574817657470703,558200
2016-10-28,20.504060745239258,701100
2016-10-31,20.637720108032227,459000
2016-11-01,20.362546920776367,1149000
2016-11-02,20.33110237121582,1085500
2016-11-03,20.04020881652832,845100
2016-11-04,20.008758544921875,1154700
2016-11-07,20.6141300201416,1019300
2016-11-08,20.967920303344727,1436500
2016-11-09,20.142404556274414,2548200
2016-11-10,19.230419158935547,3783100
2016-11-11,18.37346649169922,3073800
2016-11-14,18.326292037963867,1785400
2016-11-15,18.632909774780273,2016900
2016-11-16,18.766563415527344,801700
2016-11-17,18.876630783081055,731600
2016-11-18,18.750839233398438,1143700
2016-11-21,18.507116317749023,624700
2016-11-22,18.7351131439209,770600
2016-11-23,18.459943771362305,905300
2016-11-25,18.224084854125977,478600
2016-11-28,18.12187957763672,387400
2016-11-29,18.294841766357422,838100
2016-11-30,18.35773468017578,985300
2016-12-01,18.397052764892578,1319300
2016-12-02,18.790149688720703,556200
2016-12-05,18.97883415222168,881200
2016-12-06,19.073179244995117,1368300
2016-12-07,19.301179885864258,952100
2016-12-08,19.37979507446289,1115000
2016-12-09,19.293315887451172,518500
2016-12-12,19.128215789794922,1087300
2016-12-13,19.419109344482422,894500
2016-12-14,18.70366668701172,959800
2016-12-15,18.798009872436523,936300
2016-12-16,18.70366668701172,687800
2016-12-19,18.56214714050293,379500
2016-12-20,18.255529403686523,646300
2016-12-21,18.141408920288086,507600
2016-12-22,17.826587677001953,1026200
2016-12-23,17.94464874267578,407400
2016-12-27,18.31456184387207,302300
2016-12-28,18.558549880981445,520600
2016-12-29,19.243276596069336,579000
2016-12-30,18.99142074584961,479000
2017-01-03,19.133087158203125,934200
2017-01-04,19.274757385253906,826400
2017-01-05,19.53448486328125,1003600
2017-01-06,19.424291610717773,698400
2017-01-09,19.337722778320312,660900
2017-01-10,19.369199752807617,455100
2017-01-11,19.408552169799805,897400
2017-01-12,19.274757385253906,388700
2017-01-13,19.282629013061523,540900
2017-01-17,19.140960693359375,460500
2017-01-18,19.10947608947754,611300
2017-01-19,19.054384231567383,781500
2017-01-20,18.810401916503906,625600
2017-01-23,19.0779972076416,501000
2017-01-24,19.274757385253906,814300
2017-01-25,19.321979522705078,453000
2017-01-26,19.203922271728516,508900
2017-01-27,19.227535247802734,459200
2017-01-30,19.243276596069336,716800
2017-01-31,19.2117919921875,727400
2017-02-01,19.274757385253906,609600
2017-02-02,19.455778121948242,474000
2017-02-03,19.613191604614258,843100
2017-02-06,19.605318069458008,379400
2017-02-07,19.5423583984375,497800
2017-02-08,19.550228118896484,376500
2017-02-09,19.691890716552734,592300
2017-02-10,19.707637786865234,451000
2017-02-13,19.81781768798828,296000
2017-02-14,19.660411834716797,435000
2017-02-15,19.6761531829834,492800
2017-02-16,19.518739700317383,560400
2017-02-17,19.337722778320312,1382200
2017-02-21,19.38494110107422,897900
2017-02-22,19.3770751953125,1364600
2017-02-23,19.487260818481445,673100
2017-02-24,19.510875701904297,505100
2017-02-27,19.32984733581543,427100
2017-02-28,19.274757385253906,2015600
2017-03-01,19.34559440612793,1015200
2017-03-02,19.259014129638672,1522700
2017-03-03,19.408552169799805,894200
2017-03-06,19.5423583984375,653900
2017-03-07,19.47938346862793,637900
2017-03-08,19.266887664794922,466200
2017-03-09,19.290496826171875,672800
2017-03-10,19.392812728881836,445000
2017-03-13,19.503002166748047,345900
2017-03-14,19.487260818481445,520500
2017-03-15,19.84929847717285,1237500
2017-03-16,20.069671630859375,1263800
2017-03-17,20.16411590576172,1162100
2017-03-20,20.234952926635742,556700
2017-03-21,19.998838424682617,1935000
2017-03-22,20.234952926635742,993500
2017-03-23,20.38449478149414,782700
2017-03-24,20.423845291137695,565600
2017-03-27,20.282176971435547,574800
2017-03-28,20.313655853271484,559400
2017-03-29,20.423845291137695,456600
2017-03-30,20.392364501953125,635700
2017-03-31,20.29792022705078,604500
2017-04-03,20.573381423950195,834800
2017-04-04,20.825237274169922,887900
2017-04-05,20.58912467956543,722800
2017-04-06,20.659961700439453,434000
2017-04-07,20.652088165283203,442800
2017-04-10,20.565507888793945,486800
2017-04-11,20.534025192260742,589200
2017-04-12,20.69144058227539,1602800
2017-04-13,20.4710693359375,568600
2017-04-17,20.43958282470703,466500
2017-04-18,20.38449478149414,547300
2017-04-19,20.16411590576172,1374000
2017-04-20,20.38449478149414,789800
2017-04-21,20.644216537475586,1287900
2017-04-24,20.888200759887695,609300
2017-04-25,20.880332946777344,637900
2017-04-26,20.935426712036133,851100
2017-04-27,20.856719970703125,481500
2017-04-28,20.722917556762695,939200
2017-05-01,20.75440788269043,477200
2017-05-02,20.872461318969727,488200
2017-05-03,20.71504783630371,364200
2017-05-04,20.778013229370117,818500
2017-05-05,21.05348014831543,771500
2017-05-08,21.021997451782227,780000
2017-05-09,21.12432098388672,616100
2017-05-10,20.95903778076172,605100
2017-05-11,20.99051856994629,605000
2017-05-12,21.00625991821289,577100
2017-05-15,21.147930145263672,342400
2017-05-16,20.872461318969727,860900
2017-05-17,20.337270736694336,840400
2017-05-18,20.455324172973633,1430200
2017-05-19,21.557193756103516,1002900
2017-05-22,21.415517807006836,474000
2017-05-23,21.250240325927734,673000
2017-05-24,21.092832565307617,580600
2017-05-25,21.179410934448242,365800
2017-05-26,21.084962844848633,615900
2017-05-30,21.061351776123047,683400
2017-05-31,20.903942108154297,1248400
2017-06-01,21.17153549194336,591800
2017-06-02,21.360427856445312,376900
2017-06-05,21.376169204711914,610600
2017-06-06,21.234506607055664,594100
2017-06-07,21.218761444091797,873100
2017-06-08,21.234506607055664,1450500
2017-06-09,20.982646942138672,800400
2017-06-12,21.116445541381836,542400
2017-06-13,21.26598358154297,820000
2017-06-14,21.509965896606445,1075100
2017-06-15,21.53357696533203,865100
2017-06-16,21.289596557617188,376500
2017-06-19,21.34469223022461,622800
2017-06-20,21.439498901367188,1447400
2017-06-21,21.598834991455078,662500
2017-06-22,21.574935913085938,758200
2017-06-23,21.70241355895996,457700
2017-06-26,21.941429138183594,539400
2017-06-27,21.758182525634766,372900
2017-06-28,21.989227294921875,417200
2017-06-29,21.622739791870117,747800
2017-06-30,21.67850685119629,384800
2017-07-03,21.82988929748535,298800
2017-07-05,21.646642684936523,694700
2017-07-06,21.44746208190918,830400
2017-07-07,21.41559410095215,573600
2017-07-10,21.343891143798828,385400
2017-07-11,21.351858139038086,358600
2017-07-12,21.805986404418945,779600
2017-07-13,21.606809616088867,719900
2017-07-14,21.782081604003906,845700
2017-07-17,21.630708694458008,551700
2017-07-18,21.582904815673828,304600
2017-07-19,21.582904815673828,518400
2017-07-20,21.598834991455078,379700
2017-07-21,21.200481414794922,268000
2017-07-24,21.383731842041016,414700
2017-07-25,21.439498901367188,400900
2017-07-26,21.471364974975586,664600
2017-07-27,21.288122177124023,777000
2017-07-28,21.351858139038086,571700
2017-07-31,21.407630920410156,279600
2017-08-01,21.367794036865234,385800
2017-08-02,21.351858139038086,286900
2017-08-03,21.20845603942871,351400
2017-08-04,21.20845603942871,267900
2017-08-07,21.19251823425293,230100
2017-08-08,21.296091079711914,262700
2017-08-09,21.335926055908203,212300
2017-08-10,21.07301139831543,761700
2017-08-11,21.232349395751953,1119800
2017-08-14,21.367794036865234,775100
2017-08-15,21.335926055908203,492900
2017-08-16,21.662580490112305,318200
2017-08-17,21.383731842041016,663600
2017-08-18,21.598834991455078,492000
2017-08-21,21.574935913085938,395700
2017-08-22,21.694440841674805,485600
2017-08-23,21.798017501831055,364500
2017-08-24,21.654611587524414,398900
2017-08-25,21.734281539916992,417400
2017-08-28,21.646642684936523,434700
2017-08-29,21.630708694458008,428800
2017-08-30,21.45543098449707,499600
2017-08-31,21.41559410095215,257400
2017-09-01,21.574935913085938,508600
2017-09-05,21.152681350708008,496300
2017-09-06,21.232349395751953,355700
2017-09-07,21.343891143798828,313800
2017-09-08,21.479331970214844,314100
2017-09-11,21.76614761352539,364600
2017-09-12,21.566972732543945,347000
2017-09-13,21.359827041625977,412100
2017-09-14,21.2801513671875,239800
2017-09-15,21.503232955932617,370100
2017-09-18,21.359827041625977,514500
2017-09-19,21.582904815673828,255600
2017-09-20,21.343891143798828,420600
2017-09-21,21.375761032104492,331500
2017-09-22,21.471364974975586,384400
2017-09-25,21.25625228881836,455000
2017-09-26,21.152681350708008,378800
2017-09-27,20.953506469726562,724800
2017-09-28,20.87383460998535,825300
2017-09-29,21.264223098754883,795000
2017-10-02,21.128782272338867,551700
2017-10-03,21.312023162841797,635300
2017-10-04,21.343891143798828,340000
2017-10-05,21.367794036865234,539300
2017-10-06,21.12081527709961,763400
2017-10-09,21.19251823425293,274300
2017-10-10,21.335926055908203,532700
2017-10-11,21.160646438598633,608900
2017-10-12,21.272188186645508,318800
2017-10-13,21.511199951171875,554900
2017-10-16,21.495269775390625,239700
2017-10-17,21.375761032104492,1278800
2017-10-18,21.248287200927734,397500
2017-10-19,21.19251823425293,408300
2017-10-20,21.2801513671875,231900
2017-10-23,21.200481414794922,294900
2017-10-24,21.160646438598633,395900
2017-10-25,21.240318298339844,779900
2017-10-26,21.152681350708008,506200
2017-10-27,21.20845603942871,812200
2017-10-30,21.080978393554688,349100
2017-10-31,21.272188186645508,358200
2017-11-01,21.375761032104492,521800
2017-11-02,21.606809616088867,433200
2017-11-03,21.5191707611084,390700
2017-11-06,21.742250442504883,295800
2017-11-07,21.54306983947754,665800
2017-11-08,21.622739791870117,338300
2017-11-09,21.511199951171875,849900
2017-11-10,21.351858139038086,597200
2017-11-13,21.288122177124023,335100
2017-11-14,21.12081527709961,603800
2017-11-15,21.07301139831543,562100
2017-11-16,21.463401794433594,631100
2017-11-17,21.622739791870117,304800
2017-11-20,21.646642684936523,424500
2017-11-21,21.598834991455078,518600
2017-11-22,21.81395149230957,401900
2017-11-24,21.90159034729004,250100
2017-11-27,21.622739791870117,487400
2017-11-28,21.70241355895996,390600
2017-11-29,21.407630920410156,765000
2017-11-30,21.25625228881836,1062400
2017-12-01,21.184545516967773,734700
2017-12-04,21.19251823425293,541300
2017-12-05,21.319990158081055,441900
2017-12-06,21.407630920410156,632800
2017-12-07,21.4872989654541,1056100
2017-12-08,21.582904815673828,396700
2017-12-11,21.598834991455078,619300
2017-12-12,21.44746208190918,409100
2017-12-13,21.805986404418945,1057700
2017-12-14,21.82192039489746,438800
2017-12-15,21.82192039489746,701000
2017-12-18,21.798017501831055,582800
2017-12-19,21.78206443786621,713700
2017-12-20,21.58266830444336,327100
2017-12-21,22.045270919799805,1072500
2017-12-22,22.292522430419922,418400
2017-12-26,22.30049705505371,375700
2017-12-27,22.467985153198242,361200
2017-12-28,22.619535446166992,427200
2017-12-29,22.675363540649414,906400
2018-01-02,22.771074295043945,617400
2018-01-03,22.62750816345215,810900
2018-01-04,22.842853546142578,648500
2018-01-05,23.114032745361328,745800
2018-01-08,23.161888122558594,755600
2018-01-09,22.930587768554688,902500
2018-01-10,22.94654083251953,726600
2018-01-11,23.249618530273438,655600
2018-01-12,23.31342887878418,835200
2018-01-16,23.385211944580078,1030500
2018-01-17,23.67234230041504,719700
2018-01-18,23.608537673950195,505800
2018-01-19,23.728174209594727,408800
2018-01-22,23.74412727355957,545700
2018-01-23,24.0073299407959,796700
2018-01-24,24.16684341430664,965000
2018-01-25,24.13494110107422,1256700
2018-01-26,24.37421989440918,699900
2018-01-29,23.991374969482422,846500
2018-01-30,23.544729232788086,699400
2018-01-31,23.76008415222168,1067300
2018-02-01,23.552705764770508,1615600
2018-02-02,23.2735538482666,1898000
2018-02-05,22.73917007446289,2231100
2018-02-06,23.480924606323242,2084200
2018-02-07,23.05820655822754,1978000
2018-02-08,22.244667053222656,2178700
2018-02-09,22.787025451660156,2407800
2018-02-12,23.034273147583008,1318400
2018-02-13,23.449018478393555,845300
2018-02-14,23.648414611816406,1163200
2018-02-15,23.87971305847168,952700
2018-02-16,24.01530647277832,1126100
2018-02-20,23.90364646911621,1242200
2018-02-21,23.520803451538086,930600
2018-02-22,23.385211944580078,885000
2018-02-23,23.544729232788086,674400
2018-02-26,23.26557731628418,1173200
2018-02-27,22.94654083251953,1329100
2018-02-28,22.818923950195312,1116700
2018-03-01,22.74714469909668,1447300
2018-03-02,22.890708923339844,837700
2018-03-05,22.9226131439209,1264200
2018-03-06,22.611553192138672,755500
2018-03-07,22.34834861755371,1509600
2018-03-08,22.563697814941406,853700
2018-03-09,22.699289321899414,1465600
2018-03-12,22.787025451660156,771600
2018-03-13,22.3563289642334,865500
2018-03-14,22.22073745727539,759300
2018-03-15,21.89373207092285,1542500
2018-03-16,21.8378963470459,1155200
2018-03-19,21.702302932739258,1159500
2018-03-20,21.67040252685547,827400
2018-03-21,21.981460571289062,1140500
2018-03-22,21.1998291015625,1296500
2018-03-23,21.000429153442383,1614700
2018-03-26,21.526838302612305,1999500
2018-03-27,21.13602066040039,1472000
2018-03-28,21.13602066040039,900100
2018-03-29,21.502910614013672,1718500
2018-04-02,21.463029861450195,1119400
2018-04-03,21.805994033813477,1173800
2018-04-04,21.813968658447266,965900
2018-04-05,21.48695945739746,866900
2018-04-06,21.191852569580078,980300
2018-04-09,21.48695945739746,1192800
2018-04-10,22.12502670288086,1080900
2018-04-11,22.276569366455078,1085900
2018-04-12,22.053237915039062,634500
2018-04-13,21.790040969848633,569500
2018-04-16,21.933610916137695,386200
2018-04-17,21.909679412841797,856700
2018-04-18,22.037288665771484,870100
2018-04-19,21.78206443786621,772200
2018-04-20,21.59064483642578,934900
2018-04-23,21.51886558532715,858500
2018-04-24,21.175901412963867,808700
2018-04-25,20.649490356445312,1251700
2018-04-26,20.39426612854004,1317800
2018-04-27,20.354387283325195,629000
2018-04-30,20.22677230834961,628700
2018-05-01,20.011425018310547,1308300
2018-05-02,20.170940399169922,1351100
2018-05-03,19.692394256591797,1468500
2018-05-04,19.596681594848633,1135800
2018-05-07,19.477041244506836,1090900
2018-05-08,19.221813201904297,1258700
2018-05-09,19.732267379760742,1508300
2018-05-10,20.31450653076172,1843200
2018-05-11,20.21879768371582,1368400
2018-05-14,20.083208084106445,667500
2018-05-15,19.30954933166504,1555000
2018-05-16,19.556804656982422,962600
2018-05-17,19.45311737060547,932600
2018-05-18,18.870878219604492,1304000
2018-05-21,18.695411682128906,986800
2018-05-22,18.966588973999023,850200
2018-05-23,19.26169776916504,1086700
2018-05-24,19.851909637451172,1087600
2018-05-25,20.07523536682129,1107700
2018-05-29,20.178918838500977,1242800
2018-05-30,20.609615325927734,1494500
2018-05-31,20.354387283325195,1630800
2018-06-01,20.52187728881836,1598100
2018-06-04,20.76116180419922,1655000
2018-06-05,20.561763763427734,1384400
2018-06-06,20.88877296447754,1149300
2018-06-07,20.561763763427734,1303700
2018-06-08,20.346412658691406,1447500
2018-06-11,20.418193817138672,1785500
2018-06-12,20.306529998779297,1067400
2018-06-13,20.266651153564453,1244300
2018-06-14,20.170940399169922,1191200
2018-06-15,19.772151947021484,2175600
2018-06-18,19.22979164123535,1846100
2018-06-19,19.356557846069336,1653600
2018-06-20,19.47845458984375,1897900
2018-06-21,19.055896759033203,1172200
2018-06-22,19.080270767211914,862900
2018-06-25,19.145278930664062,1370700
2018-06-26,18.763349533081055,1575800
2018-06-27,18.389541625976562,1884400
2018-06-28,18.137632369995117,1273000
2018-06-29,18.66583251953125,901200
2018-07-02,18.47892951965332,1150700
2018-07-03,17.845088958740234,852000
2018-07-05,18.30828094482422,798600
2018-07-06,18.61707878112793,1979600
2018-07-09,19.080270767211914,2065300
2018-07-10,19.12090492248535,1664500
2018-07-11,18.990882873535156,1142800
2018-07-12,19.153404235839844,962800
2018-07-13,19.13715171813965,626900
2018-07-16,18.771474838256836,1135600
2018-07-17,18.925872802734375,872300
2018-07-18,19.06402015686035,708000
2018-07-19,18.812103271484375,832300
2018-07-20,18.95025062561035,802100
2018-07-23,19.06402015686035,821800
2018-07-24,19.283424377441406,1349500
2018-07-25,19.519086837768555,937400
2018-07-26,19.31593132019043,897100
2018-07-27,19.600343704223633,882800
2018-07-30,19.68160629272461,740900
2018-07-31,19.31593132019043,1982500
2018-08-01,19.68160629272461,1013300
2018-08-02,19.551591873168945,1060200
2018-08-03,19.632848739624023,903700
2018-08-06,19.941646575927734,473500
2018-08-07,19.99852752685547,1314500
2018-08-08,19.876632690429688,788100
2018-08-09,19.844127655029297,530200
2018-08-10,19.502832412719727,1500700
2018-08-13,18.51143455505371,2330000
2018-08-14,18.397668838500977,1117000
2018-08-15,18.300155639648438,1910700
2018-08-16,18.422048568725586,1054000
2018-08-17,18.576448440551758,811200
2018-08-20,18.893369674682617,670500
2018-08-21,19.169658660888672,910600
2018-08-22,19.24279022216797,726900
2018-08-23,19.055896759033203,1345300
2018-08-24,19.40531349182129,1236800
2018-08-27,19.616596221923828,942900
2018-08-28,19.49470329284668,1242300
2018-08-29,19.608469009399414,1006900
2018-08-30,18.966501235961914,1712400
2018-08-31,18.990882873535156,1189100
2018-09-04,18.170137405395508,1621500
2018-09-05,17.38189697265625,2114100
2018-09-06,17.845088958740234,1505100
2018-09-07,18.048242568969727,1512600
2018-09-10,17.966981887817383,1399400
2018-09-11,18.18638801574707,876300
2018-09-12,18.25139808654785,1885200
2018-09-13,18.519563674926758,1424300
2018-09-14,18.535816192626953,1354200
2018-09-17,17.991361618041992,1251100
2018-09-18,18.25139808654785,917400
2018-09-19,18.51143455505371,917700
2018-09-20,18.933998107910156,1397100
2018-09-21,18.877113342285156,1699700
2018-09-24,18.454551696777344,681500
2018-09-25,18.454551696777344,945100
2018-09-26,18.438302993774414,1378300
2018-09-27,18.56019401550293,1124800
2018-09-28,18.66583251953125,1032400
2018-10-01,18.625202178955078,559500
2018-10-02,18.210769653320312,851500
2018-10-03,17.85321617126465,1413900
2018-10-04,17.203121185302734,2713300
2018-10-05,17.30063819885254,1676100
2018-10-08,17.5037899017334,776100
2018-10-09,17.463163375854492,799000
2018-10-10,17.10560417175293,2156500
2018-10-11,17.146238327026367,2112900
2018-10-12,17.438779830932617,1472200
2018-10-15,17.357519149780273,811300
2018-10-16,17.9588565826416,1057500
2018-10-17,17.828840255737305,1214500
2018-10-18,17.438779830932617,1599000
2018-10-19,17.650060653686523,869400
2018-10-22,17.682565689086914,1273700
2018-10-23,17.682565689086914,1316400
2018-10-24,16.96746253967285,1100900
2018-10-25,17.544424057006836,1588300
2018-10-26,17.63381004333496,1481800
2018-10-29,17.2600040435791,950700
2018-10-30,17.845088958740234,830600
2018-10-31,17.885723114013672,990400
2018-11-01,18.55206871032715,1640200
2018-11-02,18.584571838378906,1866200
2018-11-05,18.828357696533203,1627200
2018-11-06,18.990882873535156,987500
2018-11-07,19.543458938598633,1894500
2018-11-08,19.194034576416016,1824000
2018-11-09,18.67396354675293,2004900
2018-11-12,18.18638801574707,1349400
2018-11-13,18.61707878112793,1324200
2018-11-14,18.966501235961914,1761600
2018-11-15,19.73849105834961,2498800
2018-11-16,20.006656646728516,1904900
2018-11-19,19.502832412719727,1796400
2018-11-20,19.145278930664062,1459900
2018-11-21,19.527210235595703,1072800
2018-11-23,19.640974044799805,426800
2018-11-26,19.868511199951172,781900
2018-11-27,19.93351936340332,914900
2018-11-28,20.08791732788086,2349500
2018-11-29,20.437339782714844,1394600
2018-11-30,20.08791732788086,1661700
2018-12-03,20.5267276763916,1455200
2018-12-04,20.1285457611084,2130300
2018-12-06,20.1854305267334,1984100
2018-12-07,19.844127655029297,1789800
2018-12-10,19.803499221801758,2031200
2018-12-11,19.819753646850586,1379700
2018-12-12,20.1285457611084,1667100
2018-12-13,20.412960052490234,1523300
2018-12-14,20.177303314208984,1229900
2018-12-17,19.762868881225586,1579000
2018-12-18,20.143095016479492,1799600
2018-12-19,19.939546585083008,3991400
2018-12-20,20.159381866455078,2285500
2018-12-21,19.825565338134766,1714200
2018-12-24,19.467313766479492,835700
2018-12-26,20.102388381958008,1376000
2018-12-27,20.0942440032959,1554400
2018-12-28,20.21637535095215,1216900
2018-12-31,20.20823097229004,854700
2019-01-02,20.54204750061035,1878500
2019-01-03,20.305936813354492,1421300
2019-01-04,21.136409759521484,2202800
2019-01-07,21.250394821166992,2081500
2019-01-08,21.274818420410156,1619900
2019-01-09,21.315532684326172,2048800
2019-01-10,21.71448516845703,2149500
2019-01-11,21.55164909362793,1181300
2019-01-14,21.429515838623047,878200
2019-01-15,21.51093864440918,1153700
2019-01-16,21.79590606689453,1144900
2019-01-17,21.958740234375,1362800
2019-01-18,22.01573944091797,1237800
2019-01-22,21.673778533935547,1293600
2019-01-23,21.918033599853516,839900
2019-01-24,22.048301696777344,1015800
2019-01-25,22.243711471557617,948800
2019-01-28,21.909889221191406,2278100
2019-01-29,21.75519561767578,1226800
2019-01-30,22.170429229736328,1604600
2019-01-31,22.53681755065918,1487000
2019-02-01,22.357694625854492,2288300
2019-02-04,22.284421920776367,867800
2019-02-05,22.544960021972656,872100
2019-02-06,22.219287872314453,811400
2019-02-07,22.146005630493164,1532800
2019-02-08,21.901748657226562,971600
2019-02-11,21.81218910217285,962200
2019-02-12,21.608638763427734,1539700
2019-02-13,21.20154571533203,1023200
2019-02-14,21.16083335876465,1578500
2019-02-15,21.152690887451172,913500
2019-02-19,21.779621124267578,1376600
2019-02-20,21.738908767700195,1481800
2019-02-21,21.592361450195312,716100
2019-02-22,21.53536605834961,983500
2019-02-25,21.844755172729492,1385400
2019-02-26,21.844755172729492,1009100
2019-02-27,21.592361450195312,997200
2019-02-28,20.949146270751953,1558400
2019-03-01,21.063133239746094,1596300
2019-03-04,21.054990768432617,1776200
2019-03-05,21.120126724243164,1115200
2019-03-06,21.030563354492188,906100
2019-03-07,20.672319412231445,1506900
2019-03-08,20.403636932373047,1836400
2019-03-11,20.62346839904785,1445000
2019-03-12,20.50948143005371,748500
2019-03-13,20.46062660217285,853900
2019-03-14,20.52576446533203,722100
2019-03-15,21.111988067626953,963600
2019-03-18,21.339956283569336,1259100
2019-03-19,21.29924964904785,1157800
2019-03-20,21.44580078125,2117900
2019-03-21,21.55164909362793,1219900
2019-03-22,20.916576385498047,1475800
2019-03-25,20.908432006835938,1091700
2019-03-26,21.038705825805664,675400
2019-03-27,20.680461883544922,927000
2019-03-28,20.932859420776367,1069900
2019-03-29,20.908432006835938,873600
2019-04-01,21.095699310302734,1220100
2019-04-02,20.949146270751953,1214900
2019-04-03,21.282962799072266,1633400
2019-04-04,21.44580078125,1343700
2019-04-05,21.48651123046875,953000
2019-04-08,21.364383697509766,1172400
2019-04-09,21.470232009887695,723100
2019-04-10,21.470232009887695,640800
2019-04-11,20.973569869995117,965300
2019-04-12,21.022422790527344,830400
2019-04-15,21.21782875061035,641700
2019-04-16,21.462085723876953,1010600
2019-04-17,21.87732696533203,1987700
2019-04-18,21.71448516845703,1058500
2019-04-22,21.348098754882812,679000
2019-04-23,21.608638763427734,819200
2019-04-24,21.20154571533203,1052900
2019-04-25,20.86772346496582,1273100
2019-04-26,21.16083335876465,702500
2019-04-29,21.168977737426758,756900
2019-04-30,21.266679763793945,788100
2019-05-01,21.071271896362305,1683400
2019-05-02,20.76188087463379,1142000
2019-05-03,20.7700252532959,959800
2019-05-06,20.35478401184082,988600
2019-05-07,20.077960968017578,2030500
2019-05-08,19.99654197692871,2471700
2019-05-09,19.711572647094727,3585400
2019-05-10,19.77670669555664,3304400
2019-05-13,19.09279441833496,2589200
2019-05-14,19.32890510559082,2179600
2019-05-15,18.92995262145996,1366300
2019-05-16,18.563562393188477,1655200
2019-05-17,18.205320358276367,1441100
2019-05-20,18.49028778076172,975700
2019-05-21,18.889240264892578,1670600
2019-05-22,18.69383430480957,1358500
2019-05-23,19.198633193969727,2634600
2019-05-24,19.353330612182617,1324900
2019-05-28,19.467313766479492,2183800
2019-05-29,19.858129501342773,2154200
2019-05-30,19.890695571899414,1481500
2019-05-31,20.6071834564209,1596100
2019-06-03,20.6641788482666,1444400
2019-06-04,20.56647491455078,1364600
2019-06-05,20.54204750061035,740900
2019-06-06,20.6071834564209,568500
2019-06-07,20.753742218017578,2028300
2019-06-10,20.884008407592773,1332400
2019-06-11,21.014280319213867,844800
2019-06-12,20.7455997467041,693600
2019-06-13,20.65604019165039,753600
2019-06-14,20.419921875,814900
2019-06-17,20.36280632019043,894400
2019-06-18,20.991901397705078,1217200
2019-06-19,21.25678253173828,1563900
2019-06-20,21.438892364501953,1123700
2019-06-21,21.157451629638672,779900
2019-06-24,21.182283401489258,683400
2019-06-25,21.190563201904297,896300
2019-06-26,21.198843002319336,625300
2019-06-27,21.48027992248535,624400
2019-06-28,21.513385772705078,1071700
2019-07-01,21.78654670715332,1465700
2019-07-02,21.64582633972168,700700
2019-07-03,21.629268646240234,596600
2019-07-05,21.438892364501953,698900
2019-07-08,21.529943466186523,715100
2019-07-09,21.6706600189209,769900
2019-07-10,21.8941593170166,1220900
2019-07-11,21.778268814086914,664600
2019-07-12,21.76999282836914,670000
2019-07-15,21.96865463256836,927600
2019-07-16,21.836210250854492,730000
2019-07-17,21.76999282836914,406700
2019-07-18,22.026596069335938,807400
2019-07-19,21.877601623535156,741700
2019-07-22,21.94382095336914,380100
2019-07-23,21.7617130279541,935100
2019-07-24,21.74515724182129,402500
2019-07-25,21.620996475219727,1810100
2019-07-26,21.43060874938965,512500
2019-07-29,21.463726043701172,364300
2019-07-30,21.4968318939209,626100
2019-07-31,21.28989028930664,1596600
2019-08-01,20.975343704223633,1891300
2019-08-02,20.958791732788086,1189100
2019-08-05,19.899261474609375,1572400
2019-08-06,20.015148162841797,858300
2019-08-07,20.536636352539062,1177500
2019-08-08,20.77668571472168,1008700
2019-08-09,20.685632705688477,878200
2019-08-12,20.36280632019043,523100
2019-08-13,20.52835464477539,1207000
2019-08-14,20.155868530273438,758300
2019-08-15,20.30486297607422,841100
2019-08-16,20.536636352539062,495900
2019-08-19,20.470413208007812,627500
2019-08-20,20.387636184692383,630400
2019-08-21,20.3214168548584,487800
2019-08-22,20.3214168548584,483300
2019-08-23,20.08136749267578,868900
2019-08-26,20.197256088256836,703500
2019-08-27,20.437307357788086,1352700
2019-08-28,20.578022003173828,516700
2019-08-29,20.702186584472656,425800
2019-08-30,20.851181030273438,460200
2019-09-03,20.635967254638672,530200
2019-09-04,20.735294342041016,476200
2019-09-05,20.925676345825195,763200
2019-09-06,21.04984474182129,534200
2019-09-09,21.182283401489258,797300
2019-09-10,21.248502731323242,661300
2019-09-11,21.389223098754883,785000
2019-09-12,21.43060874938965,937900
2019-09-13,21.306446075439453,891000
2019-09-16,20.793237686157227,624000
2019-09-17,21.01673126220703,590500
2019-09-18,20.991901397705078,687700
2019-09-19,20.76840591430664,538000
2019-09-20,20.61113166809082,595700
2019-09-23,20.735294342041016,533700
2019-09-24,20.255197525024414,1045900
2019-09-25,20.288307189941406,742000
2019-09-26,20.42074966430664,616600
2019-09-27,20.205530166625977,905700
2019-09-30,20.255197525024414,660900
2019-10-01,20.03170394897461,491000
2019-10-02,19.717153549194336,768300
2019-10-03,19.816486358642578,773700
2019-10-04,19.99031639099121,686700
2019-10-07,19.568159103393555,630600
2019-10-08,19.551603317260742,1063600
2019-10-09,19.708877563476562,573300
2019-10-10,19.83304214477539,972900
2019-10-11,20.089649200439453,1021400
2019-10-14,20.114477157592773,446000
2019-10-15,20.36280632019043,696700
2019-10-16,20.42902374267578,1027900
2019-10-17,20.486967086791992,592200
2019-10-18,20.635967254638672,623600
2019-10-21,20.818071365356445,531800
2019-10-22,20.90912437438965,810200
2019-10-23,21.107786178588867,731400
2019-10-24,21.28989028930664,1007200
2019-10-25,21.08295249938965,522900
2019-10-28,21.231948852539062,668900
2019-10-29,21.074674606323242,261500
2019-10-30,21.240230560302734,780300
2019-10-31,20.66080093383789,524700
2019-11-01,20.8925724029541,755900
2019-11-04,20.743574142456055,493300
2019-11-05,21.091232299804688,414100
2019-11-06,20.942237854003906,901600
2019-11-07,20.727020263671875,796300
2019-11-08,20.809791564941406,775800
2019-11-11,20.652523040771484,501400
2019-11-12,20.544912338256836,342800
2019-11-13,20.4124698638916,883300
2019-11-14,20.271753311157227,609300
2019-11-15,20.586299896240234,463800
2019-11-18,20.437307357788086,578100
2019-11-19,20.453857421875,345300
2019-11-20,20.578022003173828,615900
2019-11-21,20.453857421875,296100
2019-11-22,20.288307189941406,502000
2019-11-25,20.280031204223633,969200
2019-11-26,20.155868530273438,679300
2019-11-27,20.0648136138916,435100
2019-11-29,19.890987396240234,326700
2019-12-02,20.280031204223633,575500
2019-12-03,20.222087860107422,597100
2019-12-04,20.4124698638916,388500
2019-12-05,20.635967254638672,537100
2019-12-06,20.71046257019043,457400
2019-12-09,20.685632705688477,229400
2019-12-10,20.751850128173828,542300
2019-12-11,20.78496551513672,506300
2019-12-12,20.77668571472168,606600
2019-12-13,20.751850128173828,721700
2019-12-16,20.93097496032715,341100
2019-12-17,21.038780212402344,427900
2019-12-18,21.204639434814453,851800
2019-12-19,21.038780212402344,739700
2019-12-20,21.11341667175293,889300
2019-12-23,21.27098274230957,190100
2019-12-24,21.26268768310547,198300
2019-12-26,21.32903289794922,174100
2019-12-27,21.295860290527344,313800
2019-12-30,21.163171768188477,549100
2019-12-31,21.279273986816406,255200
2020-01-02,21.51146697998047,534600
2020-01-03,21.212928771972656,664900
2020-01-06,21.2460994720459,403700
2020-01-07,21.121707916259766,406100
2020-01-08,21.28756332397461,539200
2020-01-09,21.295860290527344,372100
2020-01-10,21.61927604675293,463700
2020-01-13,21.8846435546875,465900
2020-01-14,21.868061065673828,551700
2020-01-15,21.635860443115234,762600
2020-01-16,21.8846435546875,447800
2020-01-17,22.025619506835938,532100
2020-01-21,21.61098289489746,611300
2020-01-22,21.70220184326172,1274900
2020-01-23,21.751962661743164,1078400
2020-01-24,21.635860443115234,614800
2020-01-27,20.955856323242188,1300200
2020-01-28,21.14658546447754,806900
2020-01-29,21.080245971679688,459900
2020-01-30,20.740243911743164,932200
2020-01-31,20.05194091796875,1094500
2020-02-03,20.02706527709961,752500
2020-02-04,20.30072593688965,652600
2020-02-05,20.640727996826172,950600
2020-02-06,20.632436752319336,812300
2020-02-07,20.383649826049805,831900
2020-02-10,20.350481033325195,274200
2020-02-11,20.41682243347168,654100
2020-02-12,20.375362396240234,461700
2020-02-13,19.9938907623291,967600
2020-02-14,19.97730827331543,389900
2020-02-18,20.09340476989746,404400
2020-02-19,20.226085662841797,864600
2020-02-20,19.90266990661621,1127800
2020-02-21,19.8612060546875,419400
2020-02-24,19.131439208984375,995700
2020-02-25,18.96558380126953,1676800
2020-02-26,18.932415008544922,859600
2020-02-27,17.89582061767578,2296200
2020-02-28,17.928991317749023,3525200
2020-03-02,18.036794662475586,1911900
2020-03-03,18.40167808532715,2265800
2020-03-04,18.79144287109375,849900
2020-03-05,18.119722366333008,1465500
2020-03-06,17.65532684326172,1632400
2020-03-09,16.08799171447754,1177500
2020-03-10,17.124588012695312,917900
2020-03-11,16.046527862548828,1885900
2020-03-12,13.948455810546875,1574700
2020-03-13,14.976760864257812,1697500
2020-03-16,12.853808403015137,1294900
2020-03-17,13.351374626159668,1299400
2020-03-18,11.958187103271484,800100
2020-03-19,11.029397010803223,1179000
2020-03-20,10.697686195373535,3141600
2020-03-23,9.893285751342773,1182900
2020-03-24,10.52353572845459,1380100
2020-03-25,10.963055610656738,2228500
2020-03-26,12.563560485839844,1445400
2020-03-27,11.891847610473633,1793900
2020-03-30,11.925018310546875,1159300
2020-03-31,12.215263366699219,936200
2020-04-01,11.303059577941895,1218800
2020-04-02,11.925018310546875,1352900
2020-04-03,11.585013389587402,2087800
2020-04-06,12.911858558654785,1505400
2020-04-07,12.8372220993042,1406700
2020-04-08,12.704538345336914,696000
2020-04-09,12.754294395446777,824300
2020-04-13,12.729416847229004,1191400
2020-04-14,13.16064167022705,506600
2020-04-15,12.671367645263672,488100
2020-04-16,12.190386772155762,768500
2020-04-17,12.994786262512207,442700
2020-04-20,12.61331844329834,536000
2020-04-21,12.206971168518066,778100
2020-04-22,12.596732139587402,457100
2020-04-23,12.762589454650879,788100
2020-04-24,12.53868293762207,549100
2020-04-27,12.804051399230957,579300
2020-04-28,12.804051399230957,690200
2020-04-29,13.401130676269531,730900
2020-04-30,13.508939743041992,682500
2020-05-01,12.895272254943848,405500
2020-05-04,13.276741027832031,442100
2020-05-05,13.260153770446777,846600
2020-05-06,13.168932914733887,366500
2020-05-07,13.409422874450684,1251900
2020-05-08,13.600159645080566,536200
2020-05-11,13.658206939697266,380600
2020-05-12,13.359670639038086,561400
2020-05-13,13.293325424194336,573900
2020-05-14,13.235275268554688,1052200
2020-05-15,12.961614608764648,779200
2020-05-18,13.450888633728027,916300
2020-05-19,13.301617622375488,304500
2020-05-20,13.48405933380127,367200
2020-05-21,13.351374626159668,1028100
2020-05-22,13.052834510803223,666200
2020-05-26,13.674793243408203,756000
2020-05-27,13.699670791625977,510700
2020-05-28,14.01479721069336,1104700
2020-05-29,14.354801177978516,1019400
2020-06-01,14.82748794555664,686200
2020-06-02,15.590422630310059,2124900
2020-06-03,16.320192337036133,1815600
2020-06-04,15.772871017456055,1036700
2020-06-05,16.17921257019043,1510700
2020-06-08,16.875802993774414,849300
2020-06-09,16.295310974121094,790300
2020-06-10,15.880672454833984,833500
2020-06-11,14.802611351013184,856900
2020-06-12,15.325055122375488,1178100
2020-06-15,15.318357467651367,673700
2020-06-16,15.820871353149414,706300
2020-06-17,15.703618049621582,389600
2020-06-18,15.59473991394043,643500
2020-06-19,15.527740478515625,761100
2020-06-22,15.56961441040039,580200
2020-06-23,15.536115646362305,610600
2020-06-24,15.56961441040039,891400
2020-06-25,15.586366653442383,1017700
2020-06-26,15.209476470947266,834400
2020-06-29,15.35185718536377,798100
2020-06-30,15.075472831726074,1279600
2020-07-01,15.276479721069336,1073100
2020-07-02,15.494236946105957,691300
2020-07-06,15.795745849609375,477900
2020-07-07,15.845993041992188,814500
2020-07-08,16.214508056640625,885300
2020-07-09,15.971631050109863,1126500
2020-07-10,15.921378135681152,619700
2020-07-13,15.929753303527832,637600
2020-07-14,16.155881881713867,846300
2020-07-15,16.013504028320312,625900
2020-07-16,15.938124656677246,520900
2020-07-17,15.778995513916016,401600
2020-07-20,15.57798957824707,453900
2020-07-21,15.921378135681152,534000
2020-07-22,16.005126953125,669600
2020-07-23,15.87112808227539,468000
2020-07-24,15.963250160217285,631100
2020-07-27,16.147506713867188,417000
2020-07-28,15.896248817443848,564700
2020-07-29,15.87112808227539,822300
2020-07-30,15.76224422454834,675600
2020-07-31,15.695242881774902,935600
2020-08-03,15.25972843170166,1233700
2020-08-04,15.644988059997559,792500
2020-08-05,15.99675464630127,1014600
2020-08-06,16.097253799438477,933000
2020-08-07,15.75386905670166,608800
2020-08-10,15.971631050109863,536300
2020-08-11,15.879497528076172,653400
2020-08-12,16.23126220703125,868900
2020-08-13,16.1977596282959,550500
2020-08-14,16.273136138916016,498000
2020-08-17,16.432268142700195,553800
2020-08-18,16.532772064208984,640400
2020-08-19,16.39038848876953,684700
2020-08-20,16.39038848876953,924800
2020-08-21,16.323392868041992,550900
2020-08-24,16.5411434173584,692400
2020-08-25,16.951534271240234,658600
2020-08-26,16.951534271240234,1046600
2020-08-27,16.666776657104492,648400
2020-08-28,16.951534271240234,599300
2020-08-31,16.42388916015625,924000
2020-09-01,16.398765563964844,1002000
2020-09-02,16.42388916015625,966400
2020-09-03,16.172632217407227,1062800
2020-09-04,16.23126220703125,924100
2020-09-08,16.05537986755371,808800
2020-09-09,15.887872695922852,1174800
2020-09-10,14.556206703186035,2689100
2020-09-11,14.916343688964844,907400
2020-09-14,15.50261402130127,952600
2020-09-15,15.452361106872559,785900
2020-09-16,15.209476470947266,1029800
2020-09-17,15.201105117797852,547500
2020-09-18,15.125726699829102,1317500
2020-09-21,14.832594871520996,622200
2020-09-22,14.6399564743042,606500
2020-09-23,14.296575546264648,1370500
2020-09-24,14.212821960449219,648500
2020-09-25,14.589707374572754,790800
2020-09-28,14.547831535339355,307500
2020-09-29,14.472455024719238,529500
2020-09-30,14.464081764221191,499900
2020-10-01,14.824217796325684,571000
2020-10-02,14.581332206726074,434400
2020-10-05,14.983346939086914,664300
2020-10-06,15.06710147857666,692800
2020-10-07,15.125726699829102,332500
2020-10-08,15.251352310180664,507100
2020-10-09,15.376986503601074,312800
2020-10-12,15.385358810424805,318600
2020-10-13,15.368607521057129,363600
2020-10-14,15.552862167358398,322500
2020-10-15,15.360235214233398,474400
2020-10-16,15.376986503601074,304600
2020-10-19,15.427231788635254,442600
2020-10-20,15.452361106872559,501500
2020-10-21,15.787370681762695,533500
2020-10-22,15.66174602508545,242200
2020-10-23,15.829252243041992,326500
2020-10-26,15.778995513916016,379400
2020-10-27,15.7371244430542,264800
2020-10-28,15.301606178283691,521400
2020-10-29,15.309982299804688,408900
2020-10-30,15.309982299804688,284500
2020-11-02,15.66174602508545,422100
2020-11-03,15.971631050109863,712900
2020-11-04,16.23963165283203,603300
2020-11-05,17.018535614013672,1358400
2020-11-06,17.119037628173828,658800
2020-11-09,17.747182846069336,1879500
2020-11-10,18.207820892333984,958100
2020-11-11,18.10732078552246,819500
2020-11-12,17.67180633544922,1610200
2020-11-13,17.88956069946289,581300
2020-11-16,18.082195281982422,3073500
2020-11-17,18.274824142456055,3027600
2020-11-18,18.149194717407227,2075600
2020-11-19,18.191070556640625,598100
2020-11-20,18.07381820678711,650300
2020-11-23,18.39207649230957,1224200
2020-11-24,18.810840606689453,1327800
2020-11-25,18.685211181640625,852500
2020-11-27,18.99509620666504,826100
2020-11-30,18.224571228027344,1923100
2020-12-01,18.844343185424805,1439400
2020-12-02,19.053726196289062,824500
2020-12-03,19.02859878540039,1146100
2020-12-04,19.045347213745117,1394200
2020-12-07,19.371984481811523,837200
2020-12-08,19.296607971191406,509400
2020-12-09,19.313358306884766,603700
2020-12-10,19.598115921020508,674200
2020-12-11,19.380359649658203,674800
2020-12-14,19.491737365722656,582400
2020-12-15,19.896764755249023,745600
2020-12-16,20.284912109375,910100
2020-12-17,20.32710075378418,351200
2020-12-18,20.2174072265625,530000
2020-12-21,20.141462326049805,820200
2020-12-22,19.238597869873047,1425500
2020-12-23,19.39048194885254,809800
2020-12-24,19.576122283935547,273100
2020-12-28,20.014892578125,420000
2020-12-29,19.888324737548828,886900
2020-12-30,19.668935775756836,541100
2020-12-31,19.761756896972656,627600
2021-01-04,20.10771369934082,1223500
2021-01-05,20.512733459472656,785400
2021-01-06,20.251155853271484,989600
2021-01-07,20.090835571289062,924800
2021-01-08,20.6899356842041,698900
2021-01-11,20.57179832458496,556400
2021-01-12,20.774314880371094,609900
2021-01-13,20.808063507080078,871800
2021-01-14,21.01901626586914,693500
2021-01-15,20.664621353149414,771800
2021-01-19,20.377727508544922,917600
2021-01-20,21.12870979309082,880800
2021-01-21,21.035890579223633,889900
2021-01-22,20.59711456298828,824200
2021-01-25,20.268033981323242,648600
2021-01-26,19.989580154418945,632300
2021-01-27,19.449546813964844,2159800
2021-01-28,19.618309020996094,572300
2021-01-29,18.94327163696289,1047500
2021-02-01,19.888324737548828,1479800
2021-02-02,19.82082176208496,647800
2021-02-03,19.922077178955078,1131500
2021-02-04,19.91364097595215,507400
2021-02-05,20.133026123046875,610600
2021-02-08,20.31866455078125,612200
2021-02-09,20.090835571289062,420300
2021-02-10,20.141462326049805,497600
2021-02-11,20.14990234375,489100
2021-02-12,20.175212860107422,129700
2021-02-16,20.10771369934082,701600
2021-02-17,19.91364097595215,544700
2021-02-18,19.80394172668457,284300
2021-02-19,19.922077178955078,387400
2021-02-22,19.728004455566406,378400
2021-02-23,20.090835571289062,603300
2021-02-24,20.12458610534668,446000
2021-02-25,19.255477905273438,759100
2021-02-26,19.280790328979492,984800
2021-03-01,20.057085037231445,942700
2021-03-02,19.82925796508789,655400
2021-03-03,19.73644256591797,402500
2021-03-04,19.230165481567383,658500
2021-03-05,19.3314208984375,435600
2021-03-08,19.061405181884766,615400
2021-03-09,19.196409225463867,417100
2021-03-10,19.31454086303711,430200
2021-03-11,19.576122283935547,261000
2021-03-12,19.44111442565918,397100
2021-03-15,19.39048194885254,256600
2021-03-16,19.348297119140625,212200
2021-03-17,19.50017738342285,499800
2021-03-18,19.272356033325195,197000
2021-03-19,19.702688217163086,580400
2021-03-22,19.474864959716797,504500
2021-03-23,19.002336502075195,252900
2021-03-24,18.782947540283203,636100
2021-03-25,18.85889434814453,447300
2021-03-26,19.432680130004883,333300
2021-03-29,19.112031936645508,508800
2021-03-30,18.571998596191406,403300
2021-03-31,18.43699073791504,849400
2021-04-01,18.504493713378906,1188000
2021-04-05,18.352611541748047,405300
2021-04-06,18.48761749267578,299300
2021-04-07,18.276668548583984,341200
2021-04-08,18.301982879638672,434600
2021-04-09,18.285110473632812,387900
2021-04-12,17.81258201599121,420100
2021-04-13,17.86320686340332,420300
2021-04-14,18.25135612487793,457900
2021-04-15,18.43699073791504,439500
2021-04-16,18.521373748779297,487600
2021-04-19,18.361051559448242,381200
2021-04-20,18.19228744506836,846200
2021-04-21,18.32729721069336,312100
2021-04-22,18.0404052734375,400700
2021-04-23,18.5129337310791,592700
2021-04-26,18.25135612487793,274500
2021-04-27,18.166976928710938,492900
2021-04-28,18.344175338745117,473900
2021-04-29,18.453868865966797,320800
2021-04-30,18.259794235229492,805900
2021-05-03,18.166976928710938,822200
2021-05-04,18.074159622192383,449400
2021-05-05,18.361051559448242,351800
2021-05-06,18.563562393188477,423700
2021-05-07,18.690135955810547,516500
2021-05-10,18.41167449951172,540600
2021-05-11,18.42855453491211,381100
2021-05-12,17.939149856567383,466200
2021-05-13,18.107908248901367,634200
2021-05-14,18.377927780151367,280900
2021-05-17,17.998214721679688,901300
2021-05-18,18.05728530883789,293500
2021-05-19,17.711328506469727,599900
2021-05-20,17.947587966918945,1049800
2021-05-21,17.71976661682129,453000
2021-05-24,17.80414581298828,305900
2021-05-25,17.930713653564453,448600
2021-05-26,18.023529052734375,574900
2021-05-27,17.939149856567383,1508100
2021-05-28,18.023529052734375,842400
2021-06-01,18.588878631591797,772700
2021-06-02,18.833576202392578,606200
2021-06-03,19.036088943481445,694500
2021-06-04,18.993900299072266,539100
2021-06-07,18.867328643798828,920400
2021-06-08,18.54668426513672,307700
2021-06-09,18.698570251464844,350200
2021-06-10,19.01448631286621,690400
2021-06-11,18.895591735839844,330300
2021-06-14,18.640819549560547,317100
2021-06-15,18.496448516845703,447400
2021-06-16,18.114288330078125,642900
2021-06-17,18.01238441467285,773700
2021-06-18,17.570777893066406,700100
2021-06-21,17.681177139282227,602600
2021-06-22,17.791582107543945,381400
2021-06-23,17.630226135253906,615000
2021-06-24,17.54530143737793,202700
2021-06-25,17.519824981689453,440500
2021-06-28,17.137664794921875,526300
2021-06-29,17.1716365814209,690800
2021-06-30,17.222593307495117,1401700
2021-07-01,17.23957633972168,593900
2021-07-02,17.61324119567871,1118900
2021-07-06,17.265050888061523,460700
2021-07-07,17.23957633972168,706700
2021-07-08,17.001787185668945,528400
2021-07-09,17.265050888061523,595400
2021-07-12,17.324499130249023,229700
2021-07-13,16.984804153442383,415400
2021-07-14,16.95932960510254,276700
2021-07-15,17.086713790893555,315700
2021-07-16,17.18861961364746,260500
2021-07-19,16.891387939453125,370800
2021-07-20,16.950830459594727,349700
2021-07-21,17.2310848236084,325800
2021-07-22,17.460376739501953,584600
2021-07-23,17.16313934326172,613600
2021-07-26,17.248065948486328,583000
2021-07-27,17.069726943969727,409300
2021-07-28,17.04425048828125,607800
2021-07-29,17.14615821838379,623400
2021-07-30,17.061237335205078,297000
2021-08-02,17.154653549194336,327500
2021-08-03,17.55379295349121,222200
2021-08-04,17.366962432861328,459200
2021-08-05,17.723644256591797,425700
2021-08-06,17.358469009399414,243900
2021-08-09,17.069726943969727,824100
2021-08-10,17.18861961364746,381400
2021-08-11,17.30751609802246,200300
2021-08-12,17.494346618652344,186000
2021-08-13,17.630226135253906,523400
2021-08-16,17.723644256591797,484000
2021-08-17,17.58776092529297,216400
2021-08-18,17.74911880493164,483300
2021-08-19,17.460376739501953,494700
2021-08-20,17.740625381469727,551900
2021-08-23,18.00389289855957,467000
2021-08-24,17.80856704711914,1032300
2021-08-25,17.74911880493164,452900
2021-08-26,17.44339370727539,550200
2021-08-27,17.740625381469727,525400
2021-08-30,17.961427688598633,464400
2021-08-31,18.054845809936523,1307200
2021-09-01,18.114288330078125,454100
2021-09-02,18.020872116088867,477600
2021-09-03,18.309616088867188,409900
2021-09-07,18.326601028442383,450600
2021-09-08,17.99540138244629,412100
2021-09-09,18.148258209228516,409500
2021-09-10,18.148258209228516,253000
2021-09-13,18.23318099975586,202400
2021-09-14,18.36057472229004,344700
2021-09-15,18.36057472229004,359500
2021-09-16,18.224693298339844,384700
2021-09-17,18.054845809936523,436400
2021-09-20,17.842533111572266,539700
2021-09-21,17.80006980895996,279300
2021-09-22,18.148258209228516,472300
2021-09-23,18.114288330078125,567400
2021-09-24,18.07183074951172,310900
2021-09-27,17.96991729736328,627000
2021-09-28,17.80856704711914,540800
2021-09-29,17.97841453552246,513500
2021-09-30,18.420021057128906,1005500
2021-10-01,18.57288360595703,552000
2021-10-04,18.980518341064453,622900
2021-10-05,19.158855438232422,994000
2021-10-06,19.541013717651367,641300
2021-10-07,19.693878173828125,987900
2021-10-08,19.846744537353516,1010300
2021-10-11,19.97412872314453,2548700
2021-10-12,20.110008239746094,726200
2021-10-13,20.517641067504883,751100
2021-10-14,20.882814407348633,596900
2021-10-15,20.967737197875977,526500
2021-10-18,20.89130401611328,832200
2021-10-19,20.993215560913086,2469200
2021-10-20,20.967737197875977,543200
2021-10-21,20.755428314208984,600100
2021-10-22,20.7044734954834,601100
2021-10-25,20.585582733154297,1832700
2021-10-26,20.64502716064453,602700
2021-10-27,20.313825607299805,1257000
2021-10-28,20.2713623046875,767600
2021-10-29,20.322315216064453,576500
2021-11-01,20.067543029785156,817300
2021-11-02,19.795787811279297,1429400
2021-11-03,19.93166732788086,561200
2021-11-04,19.829755783081055,1024000
2021-11-05,19.99960708618164,636100
2021-11-08,20.186439514160156,415400
2021-11-09,20.237390518188477,739000
2021-11-10,20.194934844970703,838600
2021-11-11,20.390256881713867,534800
2021-11-12,20.330806732177734,395100
2021-11-15,20.067543029785156,550100
2021-11-16,20.025083541870117,1473100
2021-11-17,20.093021392822266,685300
2021-11-18,19.97412872314453,544500
2021-11-19,20.118499755859375,556800
2021-11-22,20.177942276000977,396300
2021-11-23,20.160961151123047,541000
2021-11-24,20.101516723632812,499700
2021-11-26,19.498552322387695,835500
2021-11-29,19.80428123474121,1072900
2021-11-30,19.80428123474121,1475000
2021-12-01,19.56649398803711,1028600
2021-12-02,19.846744537353516,897700
2021-12-03,19.6004638671875,874700
2021-12-06,19.821266174316406,570700
2021-12-07,20.177942276000977,429100
2021-12-08,20.076038360595703,555200
2021-12-09,19.99111557006836,316100
2021-12-10,19.948650360107422,412100
2021-12-13,19.745975494384766,590500
2021-12-14,19.677560806274414,624900
2021-12-15,19.75452423095703,537500
2021-12-16,19.643354415893555,652200
2021-12-17,19.489423751831055,714200
2021-12-20,19.421005249023438,552600
2021-12-21,19.745975494384766,674400
2021-12-22,19.711767196655273,789700
2021-12-23,19.643354415893555,552300
2021-12-27,19.840044021606445,477500
2021-12-28,19.857147216796875,400600
2021-12-29,19.797283172607422,306800
2021-12-30,19.677560806274414,335500
2021-12-31,19.643354415893555,184800
2022-01-03,19.840044021606445,505500
2022-01-04,19.874250411987305,492300
2022-01-05,19.557838439941406,786900
2022-01-06,19.711767196655273,368400
2022-01-07,19.968320846557617,409900
2022-01-10,19.917011260986328,470100
2022-01-11,20.05384063720703,561800
2022-01-12,20.113698959350586,368300
2022-01-13,20.05384063720703,446800
2022-01-14,20.233423233032227,544500
2022-01-18,19.694664001464844,572300
2022-01-19,19.7374210357666,365600
2022-01-20,19.874250411987305,456100
2022-01-21,20.07948875427246,835900
2022-01-24,19.865699768066406,632600
2022-01-25,19.788732528686523,672200
2022-01-26,19.557838439941406,931300
2022-01-27,19.7374210357666,568500
2022-01-28,19.840044021606445,426500
2022-01-31,19.822938919067383,450600
2022-02-01,19.831491470336914,430500
2022-02-02,19.797283172607422,566200
2022-02-03,19.797283172607422,423800
2022-02-04,19.814388275146484,616300
2022-02-07,20.241979598999023,949300
2022-02-08,20.293283462524414,943800
2022-02-09,20.464324951171875,603300
2022-02-10,20.378803253173828,915000
2022-02-11,20.318941116333008,555400
2022-02-14,20.310392379760742,1124400
2022-02-15,20.772186279296875,1343000
2022-02-16,20.772186279296875,772400
2022-02-17,20.41301155090332,617100
2022-02-18,20.524181365966797,297300
2022-02-22,20.507080078125,1321700
2022-02-23,20.61825180053711,699700
2022-02-24,20.524181365966797,1279700
2022-02-25,20.985977172851562,1350000
2022-02-28,20.806386947631836,991800
2022-03-01,20.84914779663086,3107800
2022-03-02,20.575490951538086,999900
2022-03-03,20.472871780395508,1075900
2022-03-04,20.58404541015625,1082500
2022-03-07,20.327495574951172,934700
2022-03-08,20.48142433166504,1176400
2022-03-09,21.13990592956543,912000
2022-03-10,20.900461196899414,870900
2022-03-11,20.83204460144043,699000
2022-03-14,21.088600158691406,1212200
2022-03-15,21.122806549072266,1152700
2022-03-16,21.618810653686523,1332500
2022-03-17,21.020185470581055,977600
2022-03-18,20.900461196899414,947900
2022-03-21,20.90900993347168,735600
2022-03-22,21.003080368041992,1015400
2022-03-23,20.934667587280273,1168300
2022-03-24,21.310943603515625,967600
2022-03-25,21.19976806640625,424200
2022-03-28,21.310943603515625,540600
2022-03-29,21.2681827545166,659100
2022-03-30,21.216875076293945,620200
2022-03-31,21.165565490722656,1451900
2022-04-01,21.20832061767578,654900
2022-04-04,21.413562774658203,544700
2022-04-05,21.242530822753906,862100
2022-04-06,20.917564392089844,880800
2022-04-07,21.037288665771484,647300
2022-04-08,21.19976806640625,1116600
2022-04-11,20.900461196899414,968000
2022-04-12,20.99452781677246,727500
2022-04-13,21.276735305786133,865200
2022-04-14,20.866254806518555,899600
2022-04-18,21.157014846801758,946300
2022-04-19,20.95176887512207,1023400
2022-04-20,21.276735305786133,951400
2022-04-21,21.405014038085938,1170400
2022-04-22,21.071496963500977,855400
2022-04-25,21.43921661376953,1110500
2022-04-26,21.473426818847656,927800
2022-04-27,21.576047897338867,1330600
2022-04-28,21.618810653686523,763800
2022-04-29,21.567493438720703,1017300
2022-05-02,21.499080657958984,983800
2022-05-03,21.601701736450195,859700
2022-05-04,21.866806030273438,983000
2022-05-05,21.550392150878906,676200
2022-05-06,21.413562774658203,976800
2022-05-09,20.276182174682617,1186400
2022-05-10,20.318941116333008,1318800
2022-05-11,20.318941116333008,2277600
2022-05-12,19.62624740600586,2616500
2022-05-13,19.908458709716797,1281200
2022-05-16,19.8913516998291,729800
2022-05-17,20.165010452270508,761500
2022-05-18,19.8913516998291,1081600
2022-05-19,20.233423233032227,605900
2022-05-20,20.130802154541016,1093700
2022-05-23,20.105152130126953,627800
2022-05-24,20.447214126586914,463400
2022-05-25,20.25052833557129,975600
2022-05-26,20.48142433166504,391000
2022-05-27,21.011632919311523,597000
2022-05-31,21.362253189086914,1955100
2022-06-01,21.259634017944336,1820200
2022-06-02,21.276735305786133,1910100
2022-06-03,21.174116134643555,792800
2022-06-06,20.960325241088867,2152200
2022-06-07,21.011632919311523,744600
2022-06-08,21.011632919311523,399800
2022-06-09,20.617151260375977,911900
2022-06-10,20.166311264038086,461600
2022-06-13,19.6461181640625,1305600
2022-06-14,19.810842514038086,2707900
2022-06-15,19.87153434753418,769500
2022-06-16,19.854190826416016,875200
2022-06-17,19.61143684387207,842800
2022-06-21,20.0015811920166,553300
2022-06-22,19.854190826416016,635600
2022-06-23,20.0015811920166,425600
2022-06-24,20.157642364501953,381000
2022-06-27,19.845523834228516,1047300
2022-06-28,19.698131561279297,386300
2022-06-29,19.42936897277832,948600
2022-06-30,19.403356552124023,683100
2022-07-01,19.151927947998047,853000
2022-07-05,18.76177978515625,1655800
2022-07-06,18.72709846496582,715900
2022-07-07,18.813796997070312,644400
2022-07-08,18.91783905029297,427800
2022-07-11,18.787790298461914,496100
2022-07-12,18.857145309448242,780600
2022-07-13,18.60572052001953,463800
2022-07-14,18.623058319091797,438900
2022-07-15,18.74443817138672,408600
2022-07-18,18.76177978515625,343400
2022-07-19,19.17793846130371,517100
2022-07-20,19.47271728515625,530500
2022-07-21,19.490053176879883,438700
2022-07-22,19.507396697998047,336600
2022-07-25,19.59409523010254,432200
2022-07-26,19.498727798461914,186700
2022-07-27,19.784835815429688,391400
2022-07-28,20.03626251220703,407600
2022-07-29,20.03626251220703,410900
2022-08-01,20.140300750732422,289600
2022-08-02,20.062273025512695,564300
2022-08-03,20.270349502563477,267200
2022-08-04,20.348377227783203,291900
2022-08-05,20.339710235595703,319900
2022-08-08,20.556459426879883,546600
2022-08-09,20.634489059448242,490100
2022-08-10,20.80788803100586,314500
2022-08-11,20.894588470458984,395200
2022-08-12,21.015966415405273,247600
2022-08-15,20.7471981048584,280700
2022-08-16,20.790546417236328,352600
2022-08-17,20.669172286987305,251200
2022-08-18,20.686506271362305,251900
2022-08-19,20.46976089477539,374900
2022-08-22,20.244342803955078,850500
2022-08-23,20.599809646606445,396200
2022-08-24,20.738525390625,211500
2022-08-25,20.7471981048584,220300
2022-08-26,20.426410675048828,510100
2022-08-29,20.46976089477539,369100
2022-08-30,20.565128326416016,651100
2022-08-31,20.599809646606445,356200
2022-09-01,20.781877517700195,475600
2022-09-02,20.84256935119629,598800
2022-09-06,20.920597076416016,312300
2022-09-07,20.85123634338379,675800
2022-09-08,20.998626708984375,230100
2022-09-09,21.12867546081543,474300
2022-09-12,21.319416046142578,615500
2022-09-13,21.093994140625,425500
2022-09-14,21.388774871826172,806900
2022-09-15,21.458133697509766,1058600
2022-09-16,21.04197883605957,1099500
2022-09-19,21.336755752563477,347700
2022-09-20,21.0593204498291,494800
2022-09-21,20.998626708984375,677200
2022-09-22,21.10266876220703,302500
2022-09-23,20.755870819091797,536000
2022-09-26,20.60848045349121,575900
2022-09-27,20.452423095703125,355200
2022-09-28,20.695178985595703,494800
2022-09-29,20.33104133605957,1023100
2022-09-30,20.21833038330078,706500
2022-10-03,20.426410675048828,732500
2022-10-04,20.85123634338379,583600
2022-10-05,20.52178192138672,379200
2022-10-06,20.43507957458496,318200
2022-10-07,20.062273025512695,171800
2022-10-10,20.07961082458496,432300
2022-10-11,19.949565887451172,585800
2022-10-12,20.07961082458496,1429600
2022-10-13,20.010255813598633,486800
2022-10-14,19.55941390991211,448600
2022-10-17,19.793500900268555,354300
2022-10-18,19.62877082824707,505500
2022-10-19,19.680795669555664,504100
2022-10-20,20.166311264038086,354600
2022-10-21,20.495771408081055,438900
2022-10-24,20.547786712646484,690100
2022-10-25,20.539119720458984,470900
2022-10-26,20.504436492919922,593600
2022-10-27,20.46976089477539,285800
2022-10-28,20.58247184753418,409400
2022-10-31,20.591140747070312,393700
2022-11-01,20.46976089477539,798400
2022-11-02,20.07961082458496,589300
2022-11-03,20.070941925048828,724800
2022-11-04,20.547786712646484,1732200
2022-11-07,20.565128326416016,519200
2022-11-08,20.426410675048828,599500
2022-11-09,20.209659576416016,461500
2022-11-10,20.60848045349121,904700
2022-11-11,20.591140747070312,1024800
2022-11-14,20.261680603027344,710100
2022-11-15,20.253013610839844,714400
2022-11-16,19.73281478881836,1832000
2022-11-17,19.87153434753418,1260900
2022-11-18,20.105619430541992,351500
2022-11-21,19.897541046142578,385200
2022-11-22,20.13163185119629,607400
2022-11-23,20.14897346496582,307400
2022-11-25,20.053604125976562,335600
2022-11-28,20.183652877807617,465400
2022-11-29,20.209659576416016,434300
2022-11-30,20.60848045349121,1508200
2022-12-01,20.790546417236328,619500
2022-12-02,20.790546417236328,706900
2022-12-05,20.33104133605957,1020500
2022-12-06,19.828182220458984,422400
2022-12-07,19.654783248901367,476300
2022-12-08,19.810842514038086,299600
2022-12-09,19.490053176879883,690400
2022-12-12,19.73281478881836,624200
2022-12-13,20.1112117767334,872600
2022-12-14,19.988584518432617,419100
2022-12-15,19.62945556640625,913300
2022-12-16,19.944786071777344,442100
2022-12-19,19.927270889282227,341500
2022-12-20,19.795879364013672,249900
2022-12-21,19.900989532470703,247900
2022-12-22,19.66449546813965,312500
2022-12-23,19.638214111328125,160300
2022-12-27,19.74332618713379,301600
2022-12-28,19.287845611572266,327300
2022-12-29,19.638214111328125,411100
2022-12-30,19.6119384765625,300000
2023-01-03,19.638214111328125,502500
2023-01-04,19.559383392333984,659500
2023-01-05,18.919958114624023,309500
2023-01-06,19.2528076171875,432600
2023-01-09,19.182737350463867,568800
2023-01-10,19.025066375732422,421000
2023-01-11,19.025066375732422,720500
2023-01-12,19.53310203552246,565400
2023-01-13,19.550621032714844,558600
2023-01-17,19.830915451049805,1345700
2023-01-18,19.822158813476562,964300
2023-01-19,19.9710636138916,581800
2023-01-20,20.260120391845703,325200
2023-01-23,20.373991012573242,260400
2023-01-24,20.233842849731445,1030500
2023-01-25,20.190048217773438,718200
2023-01-26,20.44406509399414,1697700
2023-01-27,20.628009796142578,1006700
2023-01-30,20.41778564453125,455700
2023-01-31,20.347713470458984,363100
2023-02-01,20.671804428100586,498100
2023-02-02,20.61924934387207,682000
2023-02-03,20.522899627685547,930100
2023-02-06,20.28639793395996,554000
2023-02-07,20.56669044494629,768700
2023-02-08,20.584211349487305,724300
2023-02-09,20.53165626525879,525400
2023-02-10,20.496618270874023,361400
2023-02-13,20.48786163330078,572000
2023-02-14,20.592971801757812,661300
2023-02-15,20.496618270874023,445300
2023-02-16,20.4002685546875,457900
2023-02-17,20.303916931152344,350500
2023-02-21,20.207565307617188,642000
2023-02-22,20.058656692504883,336500
2023-02-23,20.146249771118164,499700
2023-02-24,20.041135787963867,692000
2023-02-27,20.190048217773438,531700
2023-02-28,20.06741714477539,277800
2023-03-01,19.9710636138916,407100
2023-03-02,19.988584518432617,329800
2023-03-03,19.80463981628418,841300
2023-03-06,19.638214111328125,1349100
2023-03-07,19.366676330566406,751800
2023-03-08,19.47178840637207,240200
2023-03-09,19.445514678955078,278000
2023-03-10,19.366676330566406,633300
2023-03-13,19.392955780029297,562400
2023-03-14,19.235286712646484,519600
2023-03-15,18.919958114624023,638000
2023-03-16,19.060102462768555,1435800
2023-03-17,19.270328521728516,2206700
2023-03-20,19.314123153686523,454000
2023-03-21,19.594417572021484,213400
2023-03-22,19.66449546813965,402300
2023-03-23,19.778362274169922,305200
2023-03-24,20.049896240234375,522200
2023-03-27,20.1112117767334,545700
2023-03-28,20.321434020996094,536300
2023-03-29,20.698081970214844,1071000
2023-03-30,20.592971801757812,478100
2023-03-31,20.610488891601562,186400
2023-04-03,20.80319595336914,313500
2023-04-04,20.68932342529297,279800
2023-04-05,20.53165626525879,289500
2023-04-06,20.68932342529297,338500
2023-04-10,20.575450897216797,369700
2023-04-11,20.759397506713867,350500
2023-04-12,20.846988677978516,373700
2023-04-13,21.23239517211914,504300
2023-04-14,21.188602447509766,204300
2023-04-17,20.89954376220703,429800
2023-04-18,21.004653930664062,591600
2023-04-19,20.811952590942383,461300
2023-04-20,20.917062759399414,658900
2023-04-21,20.846988677978516,244100
2023-04-24,20.855749130249023,145500
2023-04-25,20.776914596557617,683800
2023-04-26,21.249916076660156,1998700
2023-04-27,21.644079208374023,457000
2023-04-28,21.67911720275879,435000
2023-05-01,21.617801666259766,314400
2023-05-02,21.24115562438965,564900
2023-05-03,21.144805908203125,356200
2023-05-04,21.162322998046875,248400
2023-05-05,21.27619171142578,293400
2023-05-08,21.03969383239746,322600
2023-05-09,21.065969467163086,298000
2023-05-10,21.2236385345459,269300
2023-05-11,20.846988677978516,361200
2023-05-12,20.636768341064453,339300
2023-05-15,20.8294734954834,451500
2023-05-16,20.592971801757812,183800
2023-05-17,20.601728439331055,601700
2023-05-18,20.540416717529297,184800
2023-05-19,20.663049697875977,383600
2023-05-22,20.89954376220703,460700
2023-05-23,20.83823013305664,345700
2023-05-24,20.759397506713867,434600
2023-05-25,20.7243595123291,571900
2023-05-26,20.83823013305664,492100
2023-05-30,20.82071304321289,817300
2023-05-31,20.479101181030273,1681200
2023-06-01,20.575450897216797,390500
2023-06-02,20.8294734954834,501700
2023-06-05,20.80319595336914,395400
2023-06-06,20.8294734954834,378800
2023-06-07,20.758846282958984,388600
2023-06-08,20.964468002319336,328200
2023-06-09,20.973403930664062,286000
2023-06-12,21.01810646057129,430700
2023-06-13,20.991283416748047,390100
2023-06-14,20.973403930664062,606200
2023-06-15,20.964468002319336,540000
2023-06-16,20.749902725219727,419400
2023-06-20,20.535343170166016,479500
2023-06-21,20.723081588745117,337900
2023-06-22,20.64262580871582,231300
2023-06-23,20.490644454956055,253300
2023-06-26,20.64262580871582,482600
2023-06-27,20.64262580871582,154300
2023-06-28,20.580041885375977,255100
2023-06-29,20.508522033691406,190400
2023-06-30,20.606863021850586,422100
2023-07-03,20.66944694519043,288900
2023-07-05,20.64262580871582,374700
2023-07-06,20.401241302490234,340900
2023-07-07,20.490644454956055,314100
2023-07-10,20.463821411132812,206400
2023-07-11,20.597925186157227,572300
2023-07-12,21.161148071289062,599500
2023-07-13,21.134328842163086,488400
2023-07-14,21.107507705688477,403900
2023-07-17,21.170089721679688,565700
2023-07-18,21.01810646057129,530800
2023-07-19,21.035985946655273,353900
2023-07-20,20.98234748840332,375000
2023-07-21,21.035985946655273,269000
2023-07-24,21.143266677856445,390700
2023-07-25,21.125389099121094,354400
2023-07-26,21.295249938964844,373700
2023-07-27,20.85718536376953,777200
2023-07-28,20.8929443359375,439000
2023-07-31,20.973403930664062,368200
2023-08-01,20.76778221130371,245100
2023-08-02,20.535343170166016,387200
2023-08-03,20.749902725219727,345900
2023-08-04,20.62474250793457,408000
2023-08-07,20.65156364440918,850900
2023-08-08,20.553224563598633,486900
2023-08-09,20.62474250793457,308200
2023-08-10,20.65156364440918,379600
2023-08-11,20.490644454956055,481900
2023-08-14,20.580041885375977,259600
2023-08-15,20.544281005859375,412300
2023-08-16,20.34760093688965,370800
2023-08-17,20.329721450805664,389700
2023-08-18,20.383363723754883,404100
2023-08-21,20.302902221679688,354000
2023-08-22,20.463821411132812,919800
2023-08-23,20.65156364440918,479700
2023-08-24,20.401241302490234,455500
2023-08-25,20.5174617767334,447800
2023-08-28,20.64262580871582,284900
2023-08-29,20.94658851623535,295700
2023-08-30,20.830364227294922,250200
2023-08-31,20.580041885375977,578600
2023-09-01,20.758846282958984,206700
2023-09-05,20.69626235961914,245000
2023-09-06,20.64262580871582,754600
2023-09-07,20.428062438964844,321800
2023-09-08,20.311838150024414,1628800
2023-09-11,20.5174617767334,328400
2023-09-12,20.39229965209961,909600
2023-09-13,20.338661193847656,715800
2023-09-14,20.329721450805664,330500
2023-09-15,20.356538772583008,1192000
2023-09-18,20.293960571289062,388200
2023-09-19,20.428062438964844,221300
2023-09-20,20.508522033691406,399200
2023-09-21,20.34760093688965,331800
2023-09-22,20.499582290649414,270800
2023-09-25,20.39229965209961,203900
2023-09-26,19.92742156982422,947900
2023-09-27,19.90059471130371,390300
2023-09-28,19.972118377685547,467100
2023-09-29,19.9095401763916,362600
2023-10-02,19.90059471130371,259100
2023-10-03,19.81119728088379,384700
2023-10-04,19.668155670166016,307500
2023-10-05,19.587696075439453,684100
2023-10-06,19.659215927124023,319600
2023-10-09,19.525114059448242,434700
2023-10-10,19.578752517700195,366900
2023-10-11,19.587696075439453,755100
2023-10-12,19.41783332824707,267900
2023-10-13,19.426773071289062,244000
2023-10-16,19.462535858154297,356300
2023-10-17,19.319494247436523,349500
2023-10-18,19.060230255126953,483200
2023-10-19,18.631107330322266,1181300
2023-10-20,18.70262908935547,663800
2023-10-23,18.461244583129883,544000
2023-10-24,18.738386154174805,560000
2023-10-25,18.684749603271484,381400
2023-10-26,18.21092414855957,284600
2023-10-27,18.201984405517578,459500
2023-10-30,18.264568328857422,481700
2023-10-31,18.184106826782227,650900
2023-11-01,17.987422943115234,470600
2023-11-02,18.505945205688477,336900
2023-11-03,19.069169998168945,564000
2023-11-06,19.239030838012695,398200
2023-11-07,19.078109741210938,490000
2023-11-08,18.899311065673828,236000
2023-11-09,18.809911727905273,235000
2023-11-10,18.747329711914062,410300
2023-11-13,18.738386154174805,208300
2023-11-14,19.283733367919922,629200
2023-11-15,19.328433990478516,344800
2023-11-16,19.3105525970459,434800
2023-11-17,19.337371826171875,268100
2023-11-20,19.426773071289062,271800
2023-11-21,19.149629592895508,598800
2023-11-22,19.015533447265625,348500
2023-11-24,19.3105525970459,131500
2023-11-27,19.39995574951172,380900
2023-11-28,19.534055709838867,1003600
2023-11-29,19.3820743560791,333700
2023-11-30,19.44465446472168,660400
2023-12-01,19.659215927124023,280600
2023-12-04,19.542999267578125,267000
2023-12-05,19.542999267578125,359100
2023-12-06,19.3820743560791,278200
2023-12-07,19.471477508544922,131400
2023-12-08,19.39995574951172,281100
2023-12-11,19.078109741210938,615400
2023-12-12,19.149629592895508,518600
2023-12-13,19.256914138793945,809800
2023-12-14,19.7217960357666,491200
2023-12-15,19.578752517700195,413000
2023-12-18,19.525114059448242,426400
2023-12-19,19.766496658325195,695300
2023-12-20,19.5916690826416,302700
2023-12-21,19.816965103149414,455200
2023-12-22,19.862022399902344,202100
2023-12-26,19.979175567626953,231500
2023-12-27,20.07830810546875,261000
2023-12-28,20.033245086669922,330700
2023-12-29,20.114351272583008,170200
2024-01-02,20.015222549438477,345200
2024-01-03,19.871034622192383,266700
2024-01-04,20.17743492126465,304800
2024-01-05,20.35767364501953,584400
2024-01-08,20.294588088989258,312400
2024-01-09,20.07830810546875,167500
2024-01-10,20.114351272583008,360100
2024-01-11,20.17743492126465,509000
2024-01-12,20.402727127075195,374300
2024-01-16,20.21347999572754,243300
2024-01-17,19.943126678466797,1205900
2024-01-18,19.9971981048584,292800
2024-01-19,20.015222549438477,408600
2024-01-22,19.898069381713867,564700
2024-01-23,19.70882225036621,367900
2024-01-24,19.681785583496094,2259300
2024-01-25,19.43846893310547,662500
2024-01-26,19.240209579467773,473600
2024-01-29,19.43846893310547,510600
2024-01-30,19.600677490234375,460400
2024-01-31,19.699811935424805,679200
2024-02-01,19.853012084960938,278400
2024-02-02,19.88004493713379,312100
2024-02-05,19.726844787597656,192200
2024-02-06,19.943126678466797,272600
2024-02-07,20.042255401611328,352200
2024-02-08,20.060277938842773,1856400
2024-02-09,20.195457458496094,202100
2024-02-12,20.411741256713867,758300
2024-02-13,19.970165252685547,506100
2024-02-14,20.456802368164062,1117800
2024-02-15,20.600990295410156,341200
2024-02-16,20.492849349975586,344100
2024-02-20,20.53790855407715,498700
2024-02-21,20.456802368164062,217000
2024-02-22,20.57395362854004,217300
2024-02-23,20.402727127075195,328200
2024-02-26,20.31261444091797,326100
2024-02-27,20.294588088989258,310800
2024-02-28,20.31261444091797,441900
2024-02-29,20.159414291381836,585500
2024-03-01,20.258541107177734,471400
2024-03-04,19.988187789916992,269900
2024-03-05,19.961151123046875,325200
2024-03-06,20.303600311279297,348900
2024-03-07,20.53790855407715,322000
2024-03-08,20.62802505493164,522600
2024-03-11,20.65506362915039,277900
2024-03-12,20.64604949951172,345300
2024-03-13,20.52889633178711,1066000
2024-03-14,20.68209457397461,441500
2024-03-15,20.4658145904541,688400
2024-03-18,20.447790145874023,239900
2024-03-19,20.501859664916992,185100
2024-03-20,20.637039184570312,282700
2024-03-21,20.610000610351562,167200
2024-03-22,20.393718719482422,671300
2024-03-25,20.637039184570312,427600
2024-03-26,20.52889633178711,125400
2024-03-27,20.429767608642578,547700
2024-03-28,20.303600311279297,293700
2024-04-01,19.798940658569336,540000
2024-04-02,19.843997955322266,394600
2024-04-03,19.735855102539062,1013200
2024-04-04,19.88004493713379,635400
2024-04-05,19.834985733032227,1444800
2024-04-08,19.853012084960938,246400
2024-04-09,19.9971981048584,885200
2024-04-10,19.5916690826416,452400
2024-04-11,19.618703842163086,428400
2024-04-12,19.339336395263672,298300
2024-04-15,19.35736083984375,334200
2024-04-16,18.78961753845215,2296300
2024-04-17,18.744556427001953,716400
2024-04-18,18.825666427612305,570600
2024-04-19,18.726533889770508,1158300
2024-04-22,18.663448333740234,351100
2024-04-23,19.023921966552734,797000
2024-04-24,18.94281768798828,438700
2024-04-25,18.798629760742188,401800
2024-04-26,18.302980422973633,541800
2024-04-29,18.645427703857422,893000
2024-04-30,18.7175235748291,392500
2024-05-01,18.771595001220703,378800
2024-05-02,18.510251998901367,836100
2024-05-03,18.870723724365234,768600
2024-05-06,18.915781021118164,408500
2024-05-07,18.663448333740234,334100
2024-05-08,18.42914390563965,562900
2024-05-09,18.56432342529297,339000
2024-05-10,18.456178665161133,792300
2024-05-13,18.384082794189453,1512900
2024-05-14,18.456178665161133,578800
2024-05-15,18.807640075683594,1039000
2024-05-16,18.94281768798828,439600
2024-05-17,19.195146560668945,620200
2024-05-20,18.834674835205078,669100
2024-05-21,18.54629898071289,421600
2024-05-22,18.510251998901367,576500
2024-05-23,18.384082794189453,406700
2024-05-24,18.474201202392578,360600
2024-05-28,18.411121368408203,570000
2024-05-29,17.987565994262695,818400
2024-05-30,17.89744758605957,865600
2024-05-31,17.807331085205078,1859000
2024-06-03,18.06867218017578,403800
2024-06-04,18.131755828857422,675800
2024-06-05,17.942506790161133,574100
2024-06-06,18.12274169921875,1274300
2024-06-07,17.816341400146484,783100
2024-06-10,17.915468215942383,714800
2024-06-11,17.621776580810547,500900
2024-06-12,17.631099700927734,390800
2024-06-13,17.444623947143555,554600
2024-06-14,17.015735626220703,457700
2024-06-17,17.03438377380371,496500
2024-06-18,17.13694190979004,475100
2024-06-20,17.08099937438965,418800
2024-06-21,17.519216537475586,1589200
2024-06-24,17.59380531311035,443500
2024-06-25,17.45394515991211,437500
2024-06-26,17.398008346557617,391200
2024-06-27,17.71501350402832,663200
2024-06-28,17.966753005981445,648300
2024-07-01,18.125255584716797,313500
2024-07-02,18.125255584716797,184900
2024-07-03,18.31172752380371,415600
2024-07-05,18.507524490356445,1280200
2024-07-08,18.526174545288086,317000
2024-07-09,18.647382736206055,456700
2024-07-10,18.815208435058594,301200
2024-07-11,18.917768478393555,422400
2024-07-12,19.122892379760742,384000
2024-07-15,18.796558380126953,405000
2024-07-16,18.721969604492188,345500
2024-07-17,18.768590927124023,804600
2024-07-18,18.89912223815918,296300
2024-07-19,18.82452964782715,364700
2024-07-22,18.964387893676758,372700
2024-07-23,18.87114906311035,479000
2024-07-24,18.66602897644043,245700
2024-07-25,18.59143829345703,367800
2024-07-26,18.749940872192383,314100
2024-07-29,18.703323364257812,366100
2024-07-30,18.544824600219727,159700
2024-07-31,18.777912139892578,486500
2024-08-01,18.82452964782715,566200
2024-08-02,18.927093505859375,421600
2024-08-05,18.237136840820312,733300
2024-08-06,18.526174545288086,413300
2024-08-07,18.68467903137207,525600
2024-08-08,19.113563537597656,594200
2024-08-09,19.09491729736328,689400
2024-08-12,19.169506072998047,240700
2024-08-13,19.579750061035156,591300
2024-08-14,19.859458923339844,281900
2024-08-15,19.72892951965332,387500
2024-08-16,19.868785858154297,206300
2024-08-19,20.055259704589844,299300
2024-08-20,20.40955924987793,280900
2024-08-21,20.474822998046875,252500
2024-08-22,19.850139617919922,434900
2024-08-23,20.5307674407959,433600
2024-08-26,20.502798080444336,530500
2024-08-27,20.40955924987793,437400
2024-08-28,20.56806182861328,382600
2024-08-29,20.372264862060547,949400
2024-08-30,20.29767608642578,604600
2024-09-03,20.12984848022461,725400
2024-09-04,20.372264862060547,445300
2024-09-05,20.5307674407959,899400
2024-09-06,20.465499877929688,204300
2024-09-09,20.4561767578125,131700
2024-09-10,20.549415588378906,337100
2024-09-11,20.642650604248047,188300
2024-09-12,20.791828155517578,481000
2024-09-13,20.819801330566406,259900
2024-09-16,20.903715133666992,214000
2024-09-17,21.1181583404541,1123400
2024-09-18,21.220720291137695,507600
2024-09-19,21.74284553527832,389700
2024-09-20,21.62163734436035,807200
2024-09-23,21.82676124572754,675600
2024-09-24,21.975936889648438,994400
2024-09-25,21.62163734436035,771600
2024-09-26,21.630964279174805,747200
2024-09-27,21.453813552856445,1540700
2024-09-30,20.97830581665039,901100
2024-10-01,21.12748146057129,533600
2024-10-02,20.80115509033203,449500
2024-10-03,20.56806182861328,307700
2024-10-04,20.12052345275879,346700
2024-10-07,19.962018966674805,863500
2024-10-08,20.353618621826172,626400
2024-10-09,20.288352966308594,346100
2024-10-10,20.185791015625,260300
2024-10-11,20.418882369995117,337600
2024-10-14,20.474822998046875,1306900
2024-10-15,20.61467933654785,280000
2024-10-16,20.698596954345703,412200
2024-10-17,20.959657669067383,169100
2024-10-18,21.034244537353516,158500
2024-10-21,20.950332641601562,211200
2024-10-22,20.86642074584961,173200
2024-10-23,20.735885620117188,257700
2024-10-24,20.651973724365234,186800
2024-10-25,20.418882369995117,386600
2024-10-28,20.260377883911133,305700
2024-10-29,20.08323097229004,481500
2024-10-30,20.092552185058594,388900
2024-10-31,20.00864028930664,220800
2024-11-01,19.67298698425293,265000
2024-11-04,19.72892951965332,242700
2024-11-05,19.95269775390625,273500
2024-11-06,19.411922454833984,636600
2024-11-07,19.439895629882812,587800
2024-11-08,19.244098663330078,479800
2024-11-11,18.99235725402832,224300
2024-11-12,19.048301696777344,1089000
2024-11-13,19.048301696777344,807700
2024-11-14,18.647382736206055,461300
2024-11-15,18.619409561157227,218700
2024-11-18,18.647382736206055,355000
2024-11-19,18.749940872192383,134100
2024-11-20,18.60076141357422,306600
2024-11-21,18.516849517822266,350400
2024-11-22,18.628732681274414,573500
2024-11-25,18.964387893676758,978000
2024-11-26,18.731294631958008,494300
2024-11-27,18.7872371673584,321500
2024-11-29,18.544824600219727,417400
2024-12-02,18.293081283569336,1034800
2024-12-03,18.647382736206055,419700
2024-12-04,18.973712921142578,301100
2024-12-05,19.011003494262695,396900
2024-12-06,19.020326614379883,144200
2024-12-09,19.28139305114746,510500
2024-12-10,19.300039291381836,277000
2024-12-11,19.160184860229492,252800
2024-12-12,18.815208435058594,174900
2024-12-13,18.516849517822266,405000
2024-12-16,18.43293571472168,477800
2024-12-17,18.045045852661133,273200
2024-12-18,17.441024780273438,1209400
2024-12-19,17.13901710510254,709600
2024-12-20,17.403274536132812,391200
2024-12-23,17.60146713256836,295700
2024-12-24,17.563718795776367,125000
2024-12-26,17.61090660095215,104200
2024-12-27,17.554277420043945,349200
2024-12-30,17.543865203857422,230800
2024-12-31,17.496524810791016,114400
2025-01-02,17.771093368530273,359400
2025-01-03,17.97938346862793,437900
2025-01-06,17.666948318481445,246000
2025-01-07,17.401845932006836,287900
2025-01-08,17.38291358947754,990900
2025-01-10,17.278764724731445,356700
2025-01-13,17.2503604888916,403600
2025-01-14,17.042068481445312,276100
2025-01-15,17.515459060668945,601600
2025-01-16,17.38291358947754,362300
2025-01-17,17.515459060668945,287300
2025-01-21,17.695350646972656,514800
2025-01-22,17.808963775634766,403200
2025-01-23,17.846834182739258,501900
2025-01-24,17.695350646972656,213300
2025-01-27,17.600671768188477,177300
2025-01-28,17.515459060668945,118600
2025-01-29,17.505992889404297,962900
2025-01-30,17.3355712890625,390400
2025-01-31,17.32610321044922,342100
2025-02-03,17.22195816040039,334800
2025-02-04,17.32610321044922,359200
2025-02-05,17.19355583190918,344600
2025-02-06,16.644420623779297,732500
2025-02-07,16.67282485961914,477700
2025-02-10,16.568679809570312,282900
2025-02-11,16.379322052001953,1493300
2025-02-12,16.54027557373047,323800
2025-02-13,16.66335678100586,379700
2025-02-14,16.729631423950195,406100
2025-02-18,17.1840877532959,1415100
2025-02-19,16.843244552612305,1441500
2025-02-20,16.89058494567871,606500
2025-02-21,16.66335678100586,674100
2025-02-24,16.634952545166016,571800
2025-02-25,16.2373046875,1242700
2025-02-26,16.076353073120117,451300
2025-02-27,15.536686897277832,727600
2025-02-28,15.110634803771973,2775300
2025-03-03,15.773383140563965,1172600
2025-03-04,15.584026336669922,503400
2025-03-05,16.142627716064453,1080300
2025-03-06,16.208904266357422,734500
2025-03-07,16.18996810913086,623500
2025-03-10,15.801785469055176,2425400
2025-03-11,15.584026336669922,885200
2025-03-12,15.972206115722656,869500
2025-03-13,15.839654922485352,257100
2025-03-14,15.688170433044434,534300
2025-03-17,15.735511779785156,765000
2025-03-18,14.90234375,1591200
2025-03-19,15.101167678833008,982700
2025-03-20,15.0632963180542,424500
2025-03-21,14.788728713989258,1316300
2025-03-24,14.52363109588623,1482700
2025-03-25,14.883408546447754,846700
2025-03-26,15.442008972167969,1132800
2025-03-27,15.546154975891113,1433300
2025-03-28,15.498817443847656,1569300
2025-03-31,15.432540893554688,317000
2025-04-01,15.385202407836914,1126600
2025-04-02,15.460944175720215,322000
2025-04-03,15.034892082214355,1213500
2025-04-04,14.286934852600098,1494400
2025-04-07,14.343741416931152,1604300
2025-04-08,13.595784187316895,1387700
2025-04-09,14.73192310333252,1235500
2025-04-10,14.627777099609375,546800
2025-04-11,15.02542495727539,595600
2025-04-14,15.23371696472168,538600
2025-04-15,15.281055450439453,318500
2025-04-16,15.082231521606445,259900
2025-04-17,15.271586418151855,1062300
2025-04-21,15.176910400390625,257300
2025-04-22,15.489349365234375,400900
2025-04-23,15.726043701171875,1340800
2025-04-24,15.868061065673828,392100
2025-04-25,15.877527236938477,341700
2025-04-28,16.029014587402344,775700
2025-04-29,16.18996810913086,300100
2025-04-30,16.388792037963867,853400
2025-05-01,16.379322052001953,309200
2025-05-02,16.69175910949707,389400
2025-05-05,16.710695266723633,379900
2025-05-06,16.79590606689453,931900
2025-05-07,16.767499923706055,399600
2025-05-08,16.52134132385254,754800
2025-05-09,16.483469009399414,339100
2025-05-12,16.474000930786133,533000
2025-05-13,16.606550216674805,318000
2025-05-14,17.0136661529541,547500
2025-05-15,17.29770278930664,472900
2025-05-16,17.411314010620117,667600
2025-05-19,17.74268913269043,582200
2025-05-20,17.543865203857422,860300
2025-05-21,17.790029525756836,547900
2025-05-22,17.903642654418945,494900
2025-05-23,18.140335083007812,568500
2025-05-27,18.026723861694336,299900
2025-05-28,17.903642654418945,931800
2025-05-29,17.941511154174805,236100
2025-05-30,17.87523651123047,437300
2025-06-02,17.572267532348633,792900
2025-06-03,17.439716339111328,624000
2025-06-04,17.468124389648438,260900
2025-06-05,17.572267532348633,372100
2025-06-06,17.52492904663086,885300
2025-06-09,17.600671768188477,591500
2025-06-10,17.837366104125977,1020700
2025-06-11,17.903642654418945,295400
2025-06-12,17.894174575805664,498800
2025-06-13,17.62907600402832,560500
2025-06-16,17.5075626373291,1455000
2025-06-17,17.517284393310547,644600
2025-06-18,17.37146759033203,240100
2025-06-20,16.70071792602539,1990100
2025-06-23,16.418807983398438,887500
2025-06-24,16.895137786865234,1167300
2025-06-25,16.70071792602539,882000
2025-06-26,17.021512985229492,815800
2025-06-27,17.00206756591797,166000
2025-06-30,17.13816261291504,287800
2025-07-01,17.00206756591797,372900
2025-07-02,16.992347717285156,237300
2025-07-03,16.98262596130371,179900
2025-07-07,16.856252670288086,613500
2025-07-08,16.827091217041016,225500
2025-07-09,16.98262596130371,307800
2025-07-10,17.264537811279297,661300
2025-07-11,17.37146759033203,298000
2025-07-14,17.13816261291504,887600
2025-07-15,17.225650787353516,2140300
2025-07-16,17.20621109008789,1130600
2025-07-17,17.264537811279297,716500
2025-07-18,17.196491241455078,500500
2025-07-21,17.23537254333496,1364300
2025-07-22,17.07011604309082,894000
2025-07-23,17.313142776489258,741400
2025-07-24,17.313142776489258,395100
2025-07-25,17.10900115966797,438200
2025-07-28,17.25481605529785,461900
2025-07-29,17.30341911315918,518300
2025-07-30,17.089557647705078,593500
2025-07-31,16.7882080078125,540700
2025-08-01,17.118722915649414,493600
2025-08-04,17.099279403686523,510000
2025-08-05,17.128442764282227,789000
2025-08-06,17.167325973510742,1045400
2025-08-07,17.225650787353516,1088900
2025-08-08,17.332584381103516,419000
2025-08-11,17.4783992767334,583400
2025-08-12,18.090824127197266,1145400
2025-08-13,18.3046875,389500
2025-08-14,18.11026382446289,341100
2025-08-15,17.983890533447266,742300
2025-08-18,17.91584587097168,280400
2025-08-19,17.799192428588867,726200
2025-08-20,18.08110237121582,736600
2025-08-21,17.925567626953125,1259500
2025-08-22,18.12970733642578,1725800
2025-08-25,18.090824127197266,1189100
2025-08-26,17.867238998413086,2112200
2025-08-27,17.653377532958984,689900
2025-08-28,17.682540893554688,288100
2025-08-29,17.177047729492188,649800
2025-09-02,17.245094299316406,1882700
2025-09-03,17.313142776489258,541400
2025-09-04,17.27425765991211,397100
2025-09-05,17.429794311523438,2375100
2025-09-08,17.011791229248047,1200900
2025-09-09,16.58406639099121,1305100
2025-09-10,16.84653091430664,1891600
2025-09-11,17.147884368896484,830700
2025-09-12,17.332584381103516,938900
2025-09-15,17.458953857421875,832000
2025-09-16,17.352025985717773,662100
2025-09-17,17.4783992767334,967500
2025-09-18,17.225650787353516,1004500
2025-09-19,17.293699264526367,267600
2025-09-22,17.23537254333496,464000
2025-09-23,17.264537811279297,330200
2025-09-24,17.186769485473633,517500
2025-09-25,16.924299240112305,416500
2025-09-26,17.10900115966797,356200
2025-09-29,17.196491241455078,306500
2025-09-30,17.060394287109375,369200
2025-10-01,16.972904205322266,269000
2025-10-02,16.953466415405273,307900
2025-10-03,16.943744659423828,1206000
2025-10-06,16.93402099609375,509700
2025-10-07,16.943744659423828,176600
2025-10-08,16.963184356689453,126300
2025-10-09,17.157604217529297,556800
2025-10-10,16.827091217041016,528100
2025-10-13,17.079837799072266,317500
2025-10-14,16.739601135253906,574500
2025-10-15,16.72987937927246,365000
2025-10-16,16.875696182250977,306300
2025-10-17,16.81736946105957,622800
2025-10-20,17.322864532470703,438800
2025-10-21,17.663097381591797,631500
2025-10-22,17.390911102294922,494400
2025-10-23,17.789470672607422,630200
2025-10-24,17.789470672607422,338200
2025-10-27,17.585329055786133,328700
2025-10-28,17.546445846557617,180600
2025-10-29,17.808914184570312,286400
2025-10-30,17.760311126708984,148100
2025-10-31,17.770030975341797,121400
2025-11-03,17.93528938293457,287200
2025-11-04,17.84779930114746,974300
2025-11-05,18.022777557373047,405800
2025-11-06,17.925567626953125,260900
2025-11-07,18.0130558013916,512500
2025-11-10,18.032495498657227,204800
2025-11-11,17.93528938293457,234900
2025-11-12,17.925567626953125,202300
2025-11-13,17.770030975341797,268200
2025-11-14,17.867238998413086,336400
2025-11-17,17.867238998413086,365600
2025-11-18,17.750587463378906,391100
2025-11-19,17.964448928833008,302900
2025-11-20,17.818635940551758,594300
2025-11-21,17.857521057128906,697200
2025-11-24,18.25608253479004,528900
2025-11-25,18.207473754882812,502900
2025-11-26,18.343570709228516,383000
2025-11-28,18.14914894104004,221700
2025-12-01,18.26580238342285,312500
2025-12-02,18.392175674438477,1029400
2025-12-03,18.3046875,227600
2025-12-04,18.26580238342285,171100
2025-12-05,18.294965744018555,432000
2025-12-08,18.343570709228516,204700
2025-12-09,18.158870697021484,447400
2025-12-10,18.33384895324707,707600
2025-12-11,18.158870697021484,308200
2025-12-12,18.23663902282715,205400
2025-12-15,18.33384895324707,645600
2025-12-16,18.306394577026367,220100
2025-12-17,18.23775863647461,310600
2025-12-18,18.26717185974121,601200
2025-12-19,18.218149185180664,546000
2025-12-22,18.316200256347656,314500
2025-12-23,18.198535919189453,328000
2025-12-24,18.090681076049805,107100
2025-12-26,18.110288619995117,161100
2025-12-29,18.306394577026367,281000
2025-12-30,18.325044631958008,291300
2025-12-31,18.354490280151367,150000
2026-01-02,18.46245765686035,389500
2026-01-05,18.688209533691406,370100
2026-01-06,18.727468490600586,643600
2026-01-07,18.67839241027832,219300
2026-01-08,18.639131546020508,242300
2026-01-09,18.658761978149414,424300
2026-01-12,18.639131546020508,547300
2026-01-13,18.67839241027832,891600
2026-01-14,18.786359786987305,528700
2026-01-15,18.86488151550293,371900
2026-01-16,18.786359786987305,206300
2026-01-20,18.77654457092285,319100
2026-01-21,18.590055465698242,332900
2026-01-22,18.698022842407227,446300
2026-01-23,18.658761978149414,332900
2026-01-26,18.845252990722656,938700
2026-01-27,18.825620651245117,711300
2026-01-28,16.94109535217285,5942700
2026-01-29,17.255184173583984,1965700
2026-01-30,17.323888778686523,2406400
2026-02-02,17.08832359313965,1046100
2026-02-03,17.264999389648438,1156700
2026-02-04,17.4613037109375,1650200
2026-02-05,17.186477661132812,1281400
2026-02-06,17.27481460571289,541800
2026-02-09,17.27481460571289,408500
2026-02-10,17.422042846679688,387000
2026-02-11,17.755760192871094,930800
2026-02-12,17.55945587158203,606200
2026-02-13,17.441673278808594,1193400
2026-02-17,17.49074935913086,304800
2026-02-18,17.539825439453125,396500
2026-02-19,17.500564575195312,451100
2026-02-20,17.726314544677734,1008200
2026-02-23,17.775390625,494100
2026-02-24,17.61834716796875,968000
2026-02-25,17.883358001708984,258400
2026-02-26,17.55945587158203,329000
2026-02-27,17.49074935913086,631400
2026-03-02,17.196292877197266,684300
2026-03-03,16.833127975463867,812700
2026-03-04,16.55830192565918,1143100
2026-03-05,16.352182388305664,600200
2026-03-06,15.910494804382324,708400
2026-03-09,16.09698486328125,1704700
2026-03-10,16.018463134765625,1411200
2026-03-11,15.871234893798828,810200
2026-03-12,15.566962242126465,870500
2026-03-13,15.233245849609375,1028900
2026-03-16,15.125277519226074,611500
2026-03-17,15.282320976257324,499400
2026-03-18,15.105647087097168,351300
2026-03-19,15.04675579071045,666300
2026-03-20,14.840635299682617,403000
2026-03-23,15.14490795135498,1590900
2026-03-24,14.98786449432373,445500
2026-03-25,15.694561004638672,1175800
2026-03-26,15.321581840515137,564900
2026-03-27,15.105647087097168,423600
2026-03-30,15.17435359954834,329500
2026-03-31,15.49825668334961,716300
2026-04-01,15.48844051361084,463100
2026-04-02,15.252875328063965,413300
2026-04-06,15.095831871032715,479400
2026-04-07,14.958417892456055,282300
2026-04-08,15.59640884399414,792800
2026-04-09,15.576778411865234,181300
2026-04-10,15.704376220703125,486700
2026-04-13,15.871234893798828,469800
2026-04-14,16.126432418823242,433400
2026-04-15,15.969388008117676,199400
2026-04-16,15.920310974121094,414300
2026-04-17,16.234399795532227,1548200
2026-04-20,16.008647918701172,512100
2026-04-21,15.812344551086426,438000
2026-04-22,15.8319730758667,351600
2026-04-23,15.449179649353027,1297700
2026-04-24,15.076200485229492,524200
2026-04-27,14.948602676391602,453900
2026-04-28,14.811189651489258,657000
2026-04-29,14.742484092712402,812700
2026-04-30,14.654146194458008,770100
2026-05-01,14.683591842651367,761000
2026-05-04,14.448026657104492,673700
2026-05-05,14.673776626586914,602100
2026-05-06,14.840635299682617,1733300
2026-05-07,14.830820083618164,566400
2026-05-08,14.614885330200195,519200
2026-05-11,14.359688758850098,1066200
2026-05-12,14.27135181427002,1259800
2026-05-13,14.035786628723145,512800
2026-05-14,14.045601844787598,352900
2026-05-15,13.878743171691895,1006700
2026-05-18,13.692253112792969,1397300
2026-05-19,13.201491355895996,2009000
2026-05-20,13.240752220153809,993800
2026-05-21,12.838327407836914,2025000
2026-05-22,12.848142623901367,1118500
2026-05-26,12.661652565002441,2526800
2026-05-27,12.691099166870117,1820900
2026-05-28,12.681283950805664,698300
2026-05-29,12.484979629516602,1909500
2026-06-01,12.612577438354492,870000
2026-06-02,12.583130836486816,635200
2026-06-03,11.954957008361816,2357900
2026-06-04,11.76846694946289,2154300
2026-06-05,11.02250862121582,3924700
2026-06-08,10.600454330444336,5999800
2026-06-09,11.385673522949219,3327700
2026-06-10,11.896064758300781,4477100
2026-06-11,11.896064758300781,2154600
2026-06-12,12.112000465393066,1493500
2026-06-15,12.710000038146973,3511100
2026-06-16,12.65999984741211,843000
2026-06-17,12.479999542236328,2236300
2026-06-18,12.430000305175781,1804400
2026-06-22,12.149999618530273,2234300
2026-06-23,12.199999809265137,1673900
2026-06-24,11.739999771118164,4274900
2026-06-25,11.930000305175781,2201000
2026-06-26,11.859999656677246,971000
2026-06-29,11.649999618530273,1185600
2026-06-30,11.3100004196167,1976000
2026-07-01,11.279999732971191,1659800
2026-07-02,11.449999809265137,2187700
2026-07-06,11.8100004196167,1365800
2026-07-07,12.020000457763672,1735000
2026-07-08,11.760000228881836,1635300
2026-07-09,11.800000190734863,607900
2026-07-10,11.850000381469727,953100
2026-07-13,11.979999542236328,1977200
2026-07-14,12.069999694824219,917000
2026-07-15,12.010000228881836,1164000
2026-07-16,12.170000076293945,1218500
2026-07-17,12.420000076293945,1890200
2026-07-20,12.529999732971191,2213200
2026-07-21,12.699999809265137,905300
2026-07-22,12.670000076293945,915200
2026-07-23,12.399999618530273,979600
2026-07-24,12.260000228881836,853100
2026-07-27,12.140000343322754,1274100
2026-07-28,12.039999961853027,1323500
2026-07-29,12.0,878600
2026-07-30,12.369999885559082,2128300
2026-07-31,12.369999885559082,970900
2026-08-03,12.470000267028809,792800
2026-08-04,12.720000267028809,893400
2026-08-05,12.699999809265137,1172700
2026-08-06,12.609999656677246,476000
2026-08-07,12.90999984741211,2682000
2026-08-10,12.75,877100
2026-08-11,12.479999542236328,1223500
2026-08-12,12.6899995803833,873600
2026-08-13,12.479999542236328,982200
2026-08-14,12.600000381469727,568300
2026-08-17,12.600000381469727,1007200
2026-08-18,12.5600004196167,658100
2026-08-19,12.579999923706055,571800
2026-08-20,12.5,2123500
2026-08-21,12.770000457763672,614600
2026-08-24,12.649999618530273,633600
2026-08-25,12.789999961853027,938100
2026-08-26,12.5,905600
2026-08-27,12.640000343322754,666500
2026-08-28,12.65999984741211,467300
2026-08-31,12.729999542236328,581200
2026-09-01,12.930000305175781,2462400
2026-09-02,13.0,705300
2026-09-03,13.220000267028809,2910000
2026-09-04,13.0600004196167,735000
2026-09-08,13.220000267028809,1017400
2026-09-09,13.130000114440918,872700
2026-09-10,12.850000381469727,1827800
2026-09-11,12.75,950400
2026-09-14,12.920000076293945,1912000
2026-09-15,12.789999961853027,1192600
2026-09-16,12.609999656677246,822900
2026-09-17,12.729999542236328,511200
2026-09-18,12.470000267028809,906600
2026-09-21,12.359999656677246,765200
2026-09-22,12.15999984741211,3171600
2026-09-23,12.260000228881836,1615400
2026-09-24,12.050000190734863,1147700
2026-09-25,12.0,894000
2026-09-28,11.869999885559082,380400
2026-09-29,11.829999923706055,583900
2026-09-30,11.729999542236328,558100
2026-10-01,11.609999656677246,1091000
2026-10-02,11.680000305175781,1753700
