date,close,open,volume
1990-04-06,641.2440185546875,641.2440185546875,0
1990-04-09,633.4573364257812,633.4573364257812,0
1990-04-10,632.0613403320312,632.0613403320312,0
1990-04-11,634.6682739257812,634.6682739257812,0
1990-04-12,639.589111328125,639.589111328125,0
1990-04-16,639.9890747070312,639.9890747070312,0
1990-04-17,641.8479614257812,641.8479614257812,0
1990-04-18,640.5031127929688,640.5031127929688,0
1990-04-19,643.8809814453125,643.8809814453125,0
1990-04-20,641.6610107421875,641.6610107421875,0
1990-04-23,643.8849487304688,643.8849487304688,0
1990-04-24,638.7730712890625,638.7730712890625,0
1990-05-01,638.985107421875,638.985107421875,0
1990-05-02,636.1292724609375,636.1292724609375,0
1990-05-03,642.1349487304688,642.1349487304688,0
1990-05-04,643.0689697265625,643.0689697265625,0
1990-05-07,641.9209594726562,641.9209594726562,0
1990-05-08,642.958984375,642.958984375,0
1990-05-09,644.9869384765625,644.9869384765625,0
1990-05-11,643.2869873046875,643.2869873046875,0
1990-05-14,638.8970947265625,638.8970947265625,0
1990-05-15,640.830078125,640.830078125,0
1990-05-16,639.3120727539062,639.3120727539062,0
1990-05-17,644.4158935546875,644.4158935546875,0
1990-05-21,647.1907958984375,647.1907958984375,0
1990-05-22,647.3757934570312,647.3757934570312,0
1990-05-23,646.2218017578125,646.2218017578125,0
1990-05-25,647.3347778320312,647.3347778320312,0
1990-05-28,640.1051025390625,640.1051025390625,0
1990-05-29,641.1151123046875,641.1151123046875,0
1990-05-30,640.5551147460938,640.5551147460938,0
1990-05-31,636.3753051757812,636.3753051757812,0
1990-06-01,634.9953002929688,634.9953002929688,0
1990-06-04,636.2152709960938,636.2152709960938,0
1990-06-05,637.0552368164062,637.0552368164062,0
1990-06-06,636.6172485351562,636.6172485351562,0
1990-06-07,635.9752807617188,635.9752807617188,0
1990-06-08,636.0352783203125,636.0352783203125,0
1990-06-11,634.7352905273438,634.7352905273438,0
1990-06-12,634.3953247070312,634.3953247070312,0
1990-06-13,631.3554077148438,631.3554077148438,0
1990-06-14,630.2755126953125,630.2755126953125,0
1990-06-15,628.2555541992188,628.2555541992188,0
1990-06-18,626.8756713867188,626.8756713867188,0
1990-06-19,621.7658081054688,621.7658081054688,0
1990-06-20,622.40576171875,622.40576171875,0
1990-06-21,622.9557495117188,622.9557495117188,0
1990-06-22,623.9257202148438,623.9257202148438,0
1990-06-25,626.1156616210938,626.1156616210938,0
1990-06-26,623.7357177734375,623.7357177734375,0
1990-06-27,627.0755615234375,627.0755615234375,0
1990-06-28,626.7356567382812,626.7356567382812,0
1990-06-29,624.2957153320312,624.2957153320312,0
1990-07-02,629.41552734375,629.41552734375,0
1990-07-03,629.675537109375,629.675537109375,0
1990-07-04,629.6835327148438,629.6835327148438,0
1990-07-05,627.3984985351562,627.3984985351562,0
1990-07-06,626.78662109375,626.78662109375,0
1990-07-09,623.2737426757812,623.2737426757812,0
1990-07-10,624.57666015625,624.57666015625,0
1990-07-11,627.4445190429688,627.4445190429688,0
1990-07-12,627.9445190429688,627.9445190429688,0
1990-07-13,629.9965209960938,629.9965209960938,0
1990-07-16,630.7095336914062,630.7095336914062,0
1990-07-17,629.5065307617188,629.5065307617188,0
1990-07-18,631.1453857421875,631.1453857421875,0
1990-07-19,629.4485473632812,629.4485473632812,0
1990-07-20,630.071533203125,630.071533203125,0
1990-07-24,625.8816528320312,625.8816528320312,0
1990-07-25,627.935546875,627.935546875,0
1990-07-26,625.9756469726562,625.9756469726562,0
1990-07-27,624.0626831054688,624.0626831054688,0
1990-07-30,619.6378784179688,619.6378784179688,0
1990-07-31,614.382080078125,614.382080078125,0
1990-08-01,611.9572143554688,611.9572143554688,0
1990-08-02,612.1981811523438,612.1981811523438,0
1990-08-03,613.4700927734375,613.4700927734375,0
1990-08-06,607.6023559570312,607.6023559570312,0
1990-08-07,603.1005859375,603.1005859375,0
1990-08-08,595.9118041992188,595.9118041992188,0
1990-08-09,593.449951171875,593.449951171875,0
1990-08-10,591.9459228515625,591.9459228515625,0
1990-08-13,589.988037109375,589.988037109375,0
1990-08-14,587.3110961914062,587.3110961914062,0
1990-08-15,584.13330078125,584.13330078125,0
1990-08-16,585.127197265625,585.127197265625,0
1990-08-20,583.4483032226562,583.4483032226562,0
1990-08-21,577.4545288085938,577.4545288085938,0
1990-08-22,573.275634765625,573.275634765625,0
1990-08-23,563.4680786132812,563.4680786132812,0
1990-08-24,551.760498046875,551.760498046875,0
1990-08-27,546.8087158203125,546.8087158203125,0
1990-08-28,556.3153686523438,556.3153686523438,0
1990-08-30,559.3612060546875,559.3612060546875,0
1990-08-31,570.997802734375,570.997802734375,0
1990-09-03,567.3848876953125,567.3848876953125,0
1990-09-04,562.3140869140625,562.3140869140625,0
1990-09-05,557.0363159179688,557.0363159179688,0
1990-09-06,557.1253051757812,557.1253051757812,0
1990-09-07,546.5777587890625,546.5777587890625,0
1990-09-11,541.8489379882812,541.8489379882812,0
1990-09-12,539.3699951171875,539.3699951171875,0
1990-09-13,530.40234375,530.40234375,0
1990-09-14,529.099365234375,529.099365234375,0
1990-09-17,523.0936889648438,523.0936889648438,0
1990-09-18,515.1239013671875,515.1239013671875,0
1990-09-19,507.05224609375,507.05224609375,0
1990-09-20,500.6705017089844,500.6705017089844,0
1990-09-21,500.279541015625,500.279541015625,0
1990-09-24,493.9167785644531,493.9167785644531,0
1990-09-25,477.3594055175781,477.3594055175781,0
1990-09-26,464.2348937988281,464.2348937988281,0
1990-09-27,454.4942626953125,454.4942626953125,0
1990-09-28,468.49078369140625,468.49078369140625,0
1990-10-01,468.4817810058594,468.4817810058594,0
1990-10-02,460.56207275390625,460.56207275390625,0
1990-10-03,456.8832092285156,456.8832092285156,0
1990-10-04,452.59735107421875,452.59735107421875,0
1990-10-05,450.0404968261719,450.0404968261719,0
1990-10-08,446.3236389160156,446.3236389160156,0
1990-10-09,441.748779296875,441.748779296875,0
1990-10-10,433.4831237792969,433.4831237792969,0
1990-10-11,428.5433349609375,428.5433349609375,0
1990-10-12,425.38043212890625,425.38043212890625,0
1990-10-15,419.2266845703125,419.2266845703125,0
1990-10-16,414.7308349609375,414.7308349609375,0
1990-10-17,407.5271301269531,407.5271301269531,0
1990-10-18,398.54248046875,398.54248046875,0
1990-10-19,396.9655456542969,396.9655456542969,0
1990-10-22,407.65911865234375,407.65911865234375,0
1990-10-23,405.0962219238281,405.0962219238281,0
1990-10-24,409.112060546875,409.112060546875,0
1990-10-25,417.55975341796875,417.55975341796875,0
1990-10-26,437.7399597167969,437.7399597167969,0
1990-10-29,453.21136474609375,453.21136474609375,0
1990-10-30,430.66925048828125,430.66925048828125,0
1990-10-31,416.4728088378906,416.4728088378906,0
1990-11-01,416.3267822265625,416.3267822265625,0
1990-11-02,419.71563720703125,419.71563720703125,0
1990-11-05,416.6067810058594,416.6067810058594,0
1990-11-06,415.0648193359375,415.0648193359375,0
1990-11-07,414.4908752441406,414.4908752441406,0
1990-11-08,412.8099060058594,412.8099060058594,0
1990-11-09,412.01397705078125,412.01397705078125,0
1990-11-12,408.9520568847656,408.9520568847656,0
1990-11-13,406.4031982421875,406.4031982421875,0
1990-11-14,402.4943542480469,402.4943542480469,0
1990-11-15,398.939453125,398.939453125,0
1990-11-16,398.5054626464844,398.5054626464844,0
1990-11-19,395.1946105957031,395.1946105957031,0
1990-11-20,391.77874755859375,391.77874755859375,0
1990-11-21,391.91473388671875,391.91473388671875,0
1990-11-22,390.0268249511719,390.0268249511719,0
1990-11-23,390.9718017578125,390.9718017578125,0
1990-11-26,389.642822265625,389.642822265625,0
1990-11-27,388.4568786621094,388.4568786621094,0
1990-11-28,387.3619384765625,387.3619384765625,0
1990-11-29,384.7840576171875,384.7840576171875,0
1990-11-30,382.1881103515625,382.1881103515625,0
1990-12-03,378.1042785644531,378.1042785644531,0
1990-12-04,376.2723388671875,376.2723388671875,0
1990-12-05,371.1835632324219,371.1835632324219,0
1990-12-06,380.95318603515625,380.95318603515625,0
1990-12-07,380.70819091796875,380.70819091796875,0
1990-12-10,378.5672607421875,378.5672607421875,0
1990-12-11,381.4791564941406,381.4791564941406,0
1990-12-12,383.64208984375,383.64208984375,0
1990-12-13,386.1009826660156,386.1009826660156,0
1990-12-14,390.3988037109375,390.3988037109375,0
1990-12-17,395.1966247558594,395.1966247558594,0
1990-12-18,398.2004699707031,398.2004699707031,0
1990-12-19,397.8525390625,397.8525390625,0
1990-12-20,398.2254638671875,398.2254638671875,0
1990-12-21,400.4424133300781,400.4424133300781,0
1990-12-26,403.8272705078125,403.8272705078125,0
1990-12-27,410.5989990234375,410.5989990234375,0
1990-12-28,417.7717590332031,417.7717590332031,0
1991-01-03,408.5220947265625,408.5220947265625,0
1991-01-04,408.47509765625,408.47509765625,0
1991-01-07,404.8012390136719,404.8012390136719,0
1991-01-08,401.63134765625,401.63134765625,0
1991-01-09,399.1174621582031,399.1174621582031,0
1991-01-10,397.3675537109375,397.3675537109375,0
1991-01-11,394.7506103515625,394.7506103515625,0
1991-01-14,391.15478515625,391.15478515625,0
1991-01-15,390.49481201171875,390.49481201171875,0
1991-01-16,389.2088317871094,389.2088317871094,0
1991-01-17,389.6258239746094,389.6258239746094,0
1991-01-18,393.1747131347656,393.1747131347656,0
1991-01-21,389.1078186035156,389.1078186035156,0
1991-01-22,387.4519348144531,387.4519348144531,0
1991-01-23,387.0609130859375,387.0609130859375,0
1991-01-24,384.9649963378906,384.9649963378906,0
1991-01-25,384.1950378417969,384.1950378417969,0
1991-01-28,384.821044921875,384.821044921875,0
1991-01-29,385.0849914550781,385.0849914550781,0
1991-01-30,384.3890380859375,384.3890380859375,0
1991-01-31,383.00311279296875,383.00311279296875,0
1991-02-01,383.611083984375,383.611083984375,0
1991-02-04,383.85107421875,383.85107421875,0
1991-02-05,382.7680969238281,382.7680969238281,0
1991-02-06,380.9851989746094,380.9851989746094,0
1991-02-07,382.2831115722656,382.2831115722656,0
1991-02-08,381.2601623535156,381.2601623535156,0
1991-02-11,381.2152099609375,381.2152099609375,0
1991-02-13,381.22320556640625,381.22320556640625,0
1991-02-14,382.4241027832031,382.4241027832031,0
1991-02-15,382.25311279296875,382.25311279296875,0
1991-02-18,385.385986328125,385.385986328125,0
1991-02-19,388.285888671875,388.285888671875,0
1991-02-20,396.1595458984375,396.1595458984375,0
1991-02-21,406.8111877441406,406.8111877441406,0
1991-02-22,419.51666259765625,419.51666259765625,0
1991-02-25,427.00238037109375,427.00238037109375,0
1991-02-26,411.385986328125,411.385986328125,0
1991-02-27,403.3832702636719,403.3832702636719,0
1991-02-28,391.31475830078125,391.31475830078125,0
1991-03-01,387.909912109375,387.909912109375,0
1991-03-04,382.1871032714844,382.1871032714844,0
1991-03-05,378.5672607421875,378.5672607421875,0
1991-03-06,382.3921203613281,382.3921203613281,0
1991-03-07,386.3369445800781,386.3369445800781,0
1991-03-08,390.03082275390625,390.03082275390625,0
1991-03-11,398.38946533203125,398.38946533203125,0
1991-03-12,397.0825500488281,397.0825500488281,0
1991-03-13,398.7604675292969,398.7604675292969,0
1991-03-14,400.3914489746094,400.3914489746094,0
1991-03-15,401.014404296875,401.014404296875,0
1991-03-18,398.8504638671875,398.8504638671875,0
1991-03-19,398.13446044921875,398.13446044921875,0
1991-03-20,398.7444763183594,398.7444763183594,0
1991-03-21,397.6945495605469,397.6945495605469,0
1991-03-22,398.220458984375,398.220458984375,0
1991-03-25,400.8594055175781,400.8594055175781,0
1991-03-26,403.2112731933594,403.2112731933594,0
1991-03-27,406.96417236328125,406.96417236328125,0
1991-03-28,408.0940856933594,408.0940856933594,0
1991-04-01,407.0771484375,407.0771484375,0
1991-04-02,404.0882873535156,404.0882873535156,0
1991-04-03,404.5232849121094,404.5232849121094,0
1991-04-04,406.1001892089844,406.1001892089844,0
1991-04-05,406.7591857910156,406.7591857910156,0
1991-04-08,408.0491027832031,408.0491027832031,0
1991-04-09,410.7770080566406,410.7770080566406,0
1991-04-10,412.05596923828125,412.05596923828125,0
1991-04-11,411.7659912109375,411.7659912109375,0
1991-04-12,412.46392822265625,412.46392822265625,0
1991-04-22,415.5378112792969,415.5378112792969,0
1991-04-23,419.5646667480469,419.5646667480469,0
1991-04-24,421.8955383300781,421.8955383300781,0
1991-04-25,423.174560546875,423.174560546875,0
1991-04-26,423.133544921875,423.133544921875,0
1991-04-29,420.5546569824219,420.5546569824219,0
1991-04-30,413.6969299316406,413.6969299316406,0
1991-05-01,413.3519287109375,413.3519287109375,0
1991-05-02,412.2049560546875,412.2049560546875,0
1991-05-03,407.46514892578125,407.46514892578125,0
1991-05-06,407.5691223144531,407.5691223144531,0
1991-05-07,406.5111999511719,406.5111999511719,0
1991-05-08,406.6361999511719,406.6361999511719,0
1991-05-10,407.65911865234375,407.65911865234375,0
1991-05-13,406.91015625,406.91015625,0
1991-05-14,404.9212646484375,404.9212646484375,0
1991-05-15,404.7662658691406,404.7662658691406,0
1991-05-16,403.04132080078125,403.04132080078125,0
1991-05-17,404.85723876953125,404.85723876953125,0
1991-05-20,406.002197265625,406.002197265625,0
1991-05-21,406.4411926269531,406.4411926269531,0
1991-05-22,406.68719482421875,406.68719482421875,0
1991-05-23,403.4872741699219,403.4872741699219,0
1991-05-24,402.7203369140625,402.7203369140625,0
1991-05-27,397.85052490234375,397.85052490234375,0
1991-05-29,396.4925537109375,396.4925537109375,0
1991-05-30,397.7275390625,397.7275390625,0
1991-05-31,397.5845642089844,397.5845642089844,0
1991-06-03,396.5095520019531,396.5095520019531,0
1991-06-04,395.1146240234375,395.1146240234375,0
1991-06-05,393.98468017578125,393.98468017578125,0
1991-06-06,395.6186218261719,395.6186218261719,0
1991-06-07,395.9135437011719,395.9135437011719,0
1991-06-10,390.49481201171875,390.49481201171875,0
1991-06-11,390.34783935546875,390.34783935546875,0
1991-06-12,387.2309265136719,387.2309265136719,0
1991-06-13,382.84210205078125,382.84210205078125,0
1991-06-14,379.7502136230469,379.7502136230469,0
1991-06-17,374.4244384765625,374.4244384765625,0
1991-06-18,374.94439697265625,374.94439697265625,0
1991-06-19,373.90948486328125,373.90948486328125,0
1991-06-20,374.6144104003906,374.6144104003906,0
1991-06-21,372.699462890625,372.699462890625,0
1991-06-24,370.22760009765625,370.22760009765625,0
1991-06-25,367.9776916503906,367.9776916503906,0
1991-06-26,360.3719787597656,360.3719787597656,0
1991-06-27,354.19219970703125,354.19219970703125,0
1991-06-28,346.2525329589844,346.2525329589844,0
1991-07-01,342.9056396484375,342.9056396484375,0
1991-07-02,340.37274169921875,340.37274169921875,0
1991-07-03,339.4517517089844,339.4517517089844,0
1991-07-04,342.8316650390625,342.8316650390625,0
1991-07-05,341.76568603515625,341.76568603515625,0
1991-07-08,338.29486083984375,338.29486083984375,0
1991-07-09,332.2360534667969,332.2360534667969,0
1991-07-10,333.3640441894531,333.3640441894531,0
1991-07-11,328.54522705078125,328.54522705078125,0
1991-07-12,328.60321044921875,328.60321044921875,0
1991-07-15,325.5143127441406,325.5143127441406,0
1991-07-16,324.12139892578125,324.12139892578125,0
1991-07-17,323.25439453125,323.25439453125,0
1991-07-18,324.6153564453125,324.6153564453125,0
1991-07-19,322.93341064453125,322.93341064453125,0
1991-07-22,324.891357421875,324.891357421875,0
1991-07-23,325.245361328125,325.245361328125,0
1991-07-24,327.7432556152344,327.7432556152344,0
1991-07-25,332.9420166015625,332.9420166015625,0
1991-07-26,332.4660339355469,332.4660339355469,0
1991-07-29,337.42083740234375,337.42083740234375,0
1991-07-30,338.7898254394531,338.7898254394531,0
1991-07-31,339.94476318359375,339.94476318359375,0
1991-08-01,337.5598449707031,337.5598449707031,0
1991-08-02,336.0419006347656,336.0419006347656,0
1991-08-05,333.99700927734375,333.99700927734375,0
1991-08-06,332.7470397949219,332.7470397949219,0
1991-08-07,330.672119140625,330.672119140625,0
1991-08-08,332.426025390625,332.426025390625,0
1991-08-09,331.96209716796875,331.96209716796875,0
1991-08-12,337.6328430175781,337.6328430175781,0
1991-08-13,334.23699951171875,334.23699951171875,0
1991-08-14,331.6831359863281,331.6831359863281,0
1991-08-15,329.93218994140625,329.93218994140625,0
1991-08-16,329.9251708984375,329.9251708984375,0
1991-08-19,322.0914611816406,322.0914611816406,0
1991-08-20,316.4566650390625,316.4566650390625,0
1991-08-21,315.3007507324219,315.3007507324219,0
1991-08-22,320.2825622558594,320.2825622558594,0
1991-08-23,318.5666198730469,318.5666198730469,0
1991-08-26,314.03375244140625,314.03375244140625,0
1991-08-27,313.6717529296875,313.6717529296875,0
1991-08-28,313.9127502441406,313.9127502441406,0
1991-08-29,308.5849914550781,308.5849914550781,0
1991-08-30,300.9682922363281,300.9682922363281,0
1991-09-02,303.4931945800781,303.4931945800781,0
1991-09-03,299.8523254394531,299.8523254394531,0
1991-09-04,299.329345703125,299.329345703125,0
1991-09-05,301.07928466796875,301.07928466796875,0
1991-09-06,300.53131103515625,300.53131103515625,0
1991-09-09,298.3183898925781,298.3183898925781,0
1991-09-10,297.0604553222656,297.0604553222656,0
1991-09-11,296.9534606933594,296.9534606933594,0
1991-09-12,294.528564453125,294.528564453125,0
1991-09-13,295.28851318359375,295.28851318359375,0
1991-09-16,288.0767822265625,288.0767822265625,0
1991-09-17,281.2760314941406,281.2760314941406,0
1991-09-18,271.5574035644531,271.5574035644531,0
1991-09-19,259.2859191894531,259.2859191894531,0
1991-09-20,254.8330841064453,254.8330841064453,0
1991-09-23,253.08413696289062,253.08413696289062,0
1991-09-24,253.80810546875,253.80810546875,0
1991-09-25,258.2659606933594,258.2659606933594,0
1991-09-30,249.1772918701172,249.1772918701172,0
1991-10-01,250.72523498535156,250.72523498535156,0
1991-10-02,251.36122131347656,251.36122131347656,0
1991-10-03,250.64425659179688,250.64425659179688,0
1991-10-04,250.4552459716797,250.4552459716797,0
1991-10-07,248.2223358154297,248.2223358154297,0
1991-10-08,246.357421875,246.357421875,0
1991-10-09,246.36341857910156,246.36341857910156,0
1991-10-10,241.5496063232422,241.5496063232422,0
1991-10-11,241.9355926513672,241.9355926513672,0
1991-10-14,240.51963806152344,240.51963806152344,0
1991-10-15,239.17367553710938,239.17367553710938,0
1991-10-16,238.14773559570312,238.14773559570312,0
1991-10-17,236.81878662109375,236.81878662109375,0
1991-10-18,233.4439239501953,233.4439239501953,0
1991-10-21,231.1909942626953,231.1909942626953,0
1991-10-22,230.8190155029297,230.8190155029297,0
1991-10-23,230.9759979248047,230.9759979248047,0
1991-10-24,230.50503540039062,230.50503540039062,0
1991-10-25,229.5930633544922,229.5930633544922,0
1991-10-28,227.41912841796875,227.41912841796875,0
1991-10-29,227.21115112304688,227.21115112304688,0
1991-10-30,224.69725036621094,224.69725036621094,0
1991-10-31,226.67518615722656,226.67518615722656,0
1991-11-01,226.95217895507812,226.95217895507812,0
1991-11-04,227.77713012695312,227.77713012695312,0
1991-11-05,229.3230743408203,229.3230743408203,0
1991-11-06,229.0520782470703,229.0520782470703,0
1991-11-07,227.9301300048828,227.9301300048828,0
1991-11-08,225.30923461914062,225.30923461914062,0
1991-11-11,223.2403106689453,223.2403106689453,0
1991-11-12,237.2337646484375,237.2337646484375,0
1991-11-13,242.24256896972656,242.24256896972656,0
1991-11-14,247.53436279296875,247.53436279296875,0
1991-11-15,248.8743133544922,248.8743133544922,0
1991-11-18,243.62852478027344,243.62852478027344,0
1991-11-19,243.49853515625,243.49853515625,0
1991-11-20,242.48556518554688,242.48556518554688,0
1991-11-21,241.24961853027344,241.24961853027344,0
1991-11-22,239.9736785888672,239.9736785888672,0
1991-11-25,240.5656280517578,240.5656280517578,0
1991-11-26,240.8976287841797,240.8976287841797,0
1991-11-27,240.63462829589844,240.63462829589844,0
1991-11-28,240.36563110351562,240.36563110351562,0
1991-11-29,241.30860900878906,241.30860900878906,0
1991-12-02,243.0315399169922,243.0315399169922,0
1991-12-03,242.72755432128906,242.72755432128906,0
1991-12-04,242.76254272460938,242.76254272460938,0
1991-12-05,243.11654663085938,243.11654663085938,0
1991-12-06,242.94554138183594,242.94554138183594,0
1991-12-09,245.56243896484375,245.56243896484375,0
1991-12-10,245.72743225097656,245.72743225097656,0
1991-12-11,244.82147216796875,244.82147216796875,0
1991-12-12,243.0225372314453,243.0225372314453,0
1991-12-13,243.43653869628906,243.43653869628906,0
1991-12-16,245.56143188476562,245.56143188476562,0
1991-12-17,246.04742431640625,246.04742431640625,0
1991-12-18,245.85043334960938,245.85043334960938,0
1991-12-19,248.75230407714844,248.75230407714844,0
1991-12-20,247.90235900878906,247.90235900878906,0
1991-12-23,246.2484130859375,246.2484130859375,0
1991-12-24,247.38035583496094,247.38035583496094,0
1992-01-02,246.94338989257812,246.94338989257812,0
1992-01-03,247.38035583496094,247.38035583496094,0
1992-01-06,249.75328063964844,249.75328063964844,0
1992-01-07,248.26234436035156,248.26234436035156,0
1992-01-08,250.51925659179688,250.51925659179688,0
1992-01-09,250.64524841308594,250.64524841308594,0
1992-01-10,250.1922607421875,250.1922607421875,0
1992-01-13,252.08616638183594,252.08616638183594,0
1992-01-14,251.39622497558594,251.39622497558594,0
1992-01-15,250.1312713623047,250.1312713623047,0
1992-01-16,249.79928588867188,249.79928588867188,0
1992-01-17,251.24122619628906,251.24122619628906,0
1992-01-20,251.57022094726562,251.57022094726562,0
1992-01-21,253.38414001464844,253.38414001464844,0
1992-01-22,256.1430358886719,256.1430358886719,0
1992-01-23,256.5650329589844,256.5650329589844,0
1992-01-24,258.04095458984375,258.04095458984375,0
1992-01-27,260.4758605957031,260.4758605957031,0
1992-01-28,263.8477478027344,263.8477478027344,0
1992-01-29,269.8274841308594,269.8274841308594,0
1992-01-30,275.7122802734375,275.7122802734375,0
1992-01-31,282.23004150390625,282.23004150390625,0
1992-02-03,287.1858215332031,287.1858215332031,0
1992-02-04,286.0388488769531,286.0388488769531,0
1992-02-05,288.45477294921875,288.45477294921875,0
1992-02-06,287.0498352050781,287.0498352050781,0
1992-02-07,294.2145690917969,294.2145690917969,0
1992-02-10,295.29852294921875,295.29852294921875,0
1992-02-11,290.513671875,290.513671875,0
1992-02-12,291.3296813964844,291.3296813964844,0
1992-02-13,292.5395812988281,292.5395812988281,0
1992-02-14,293.1065979003906,293.1065979003906,0
1992-02-17,290.898681640625,290.898681640625,0
1992-02-18,286.73583984375,286.73583984375,0
1992-02-19,280.1871032714844,280.1871032714844,0
1992-02-20,276.376220703125,276.376220703125,0
1992-02-21,279.9211120605469,279.9211120605469,0
1992-02-24,282.9219970703125,282.9219970703125,0
1992-02-25,281.175048828125,281.175048828125,0
1992-02-26,280.29010009765625,280.29010009765625,0
1992-02-27,280.12811279296875,280.12811279296875,0
1992-02-28,280.9840393066406,280.9840393066406,0
1992-03-02,280.4171142578125,280.4171142578125,0
1992-03-03,282.844970703125,282.844970703125,0
1992-03-04,282.19403076171875,282.19403076171875,0
1992-03-05,282.1890563964844,282.1890563964844,0
1992-03-06,283.19696044921875,283.19696044921875,0
1992-03-09,283.9869384765625,283.9869384765625,0
1992-03-10,282.3330383300781,282.3330383300781,0
1992-03-11,282.447021484375,282.447021484375,0
1992-03-12,282.2010498046875,282.2010498046875,0
1992-03-13,282.3140563964844,282.3140563964844,0
1992-03-16,280.6040954589844,280.6040954589844,0
1992-03-17,277.2351989746094,277.2351989746094,0
1992-03-18,275.8092956542969,275.8092956542969,0
1992-03-19,276.8022155761719,276.8022155761719,0
1992-03-20,277.4851989746094,277.4851989746094,0
1992-03-23,276.9632263183594,276.9632263183594,0
1992-03-24,279.3150939941406,279.3150939941406,0
1992-03-25,279.01312255859375,279.01312255859375,0
1992-03-26,278.08319091796875,278.08319091796875,0
1992-03-27,277.9151916503906,277.9151916503906,0
1992-03-30,278.5391540527344,278.5391540527344,0
1992-03-31,278.6771545410156,278.6771545410156,0
1992-04-01,279.49810791015625,279.49810791015625,0
1992-04-02,280.01611328125,280.01611328125,0
1992-04-09,279.1560974121094,279.1560974121094,0
1992-04-10,277.9501953125,277.9501953125,0
1992-04-13,276.9892272949219,276.9892272949219,0
1992-04-14,274.9723205566406,274.9723205566406,0
1992-04-15,273.3753356933594,273.3753356933594,0
1992-04-16,271.77239990234375,271.77239990234375,0
1992-04-20,271.3704528808594,271.3704528808594,0
1992-04-21,273.2283935546875,273.2283935546875,0
1992-04-22,274.0823059082031,274.0823059082031,0
1992-04-23,276.65521240234375,276.65521240234375,0
1992-04-24,277.065185546875,277.065185546875,0
1992-04-27,274.9223327636719,274.9223327636719,0
1992-04-28,274.92633056640625,274.92633056640625,0
1992-04-29,276.7152404785156,276.7152404785156,0
1992-04-30,277.26318359375,277.26318359375,0
1992-05-01,277.8971862792969,277.8971862792969,0
1992-05-04,280.027099609375,280.027099609375,0
1992-05-05,283.1079406738281,283.1079406738281,0
1992-05-06,286.2618408203125,286.2618408203125,0
1992-05-07,291.2156677246094,291.2156677246094,0
1992-05-08,293.8585510253906,293.8585510253906,0
1992-05-11,288.64276123046875,288.64276123046875,0
1992-05-12,288.77276611328125,288.77276611328125,0
1992-05-13,289.5687255859375,289.5687255859375,0
1992-05-14,290.2286682128906,290.2286682128906,0
1992-05-15,290.1686706542969,290.1686706542969,0
1992-05-18,290.96868896484375,290.96868896484375,0
1992-05-19,292.4585876464844,292.4585876464844,0
1992-05-20,294.21856689453125,294.21856689453125,0
1992-05-21,296.2984619140625,296.2984619140625,0
1992-05-22,295.45849609375,295.45849609375,0
1992-05-25,295.468505859375,295.468505859375,0
1992-05-26,296.5284729003906,296.5284729003906,0
1992-05-27,296.99847412109375,296.99847412109375,0
1992-05-29,299.2083435058594,299.2083435058594,0
1992-06-01,298.5783996582031,298.5783996582031,0
1992-06-02,303.56817626953125,303.56817626953125,0
1992-06-03,307.8980407714844,307.8980407714844,0
1992-06-04,313.4878234863281,313.4878234863281,0
1992-06-05,315.56768798828125,315.56768798828125,0
1992-06-08,323.0673828125,323.0673828125,0
1992-06-09,323.0673828125,323.0673828125,0
1992-06-10,329.6471862792969,329.6471862792969,0
1992-06-12,329.607177734375,329.607177734375,0
1992-06-15,328.6272277832031,328.6272277832031,0
1992-06-16,329.59716796875,329.59716796875,0
1992-06-17,330.85711669921875,330.85711669921875,0
1992-06-18,330.8871154785156,330.8871154785156,0
1992-06-19,331.047119140625,331.047119140625,0
1992-06-22,326.0873107910156,326.0873107910156,0
1992-06-23,325.8472900390625,325.8472900390625,0
1992-06-24,322.5174560546875,322.5174560546875,0
1992-06-25,319.6575622558594,319.6575622558594,0
1992-06-26,319.3675537109375,319.3675537109375,0
1992-06-29,318.1076354980469,318.1076354980469,0
1992-06-30,313.54779052734375,313.54779052734375,0
1992-07-01,314.1877746582031,314.1877746582031,0
1992-07-03,319.1075439453125,319.1075439453125,0
1992-07-06,318.3175964355469,318.3175964355469,0
1992-07-07,319.007568359375,319.007568359375,0
1992-07-08,319.68756103515625,319.68756103515625,0
1992-07-09,320.1175537109375,320.1175537109375,0
1992-07-10,321.09747314453125,321.09747314453125,0
1992-07-13,321.5274963378906,321.5274963378906,0
1992-07-14,322.1874694824219,322.1874694824219,0
1992-07-15,321.35748291015625,321.35748291015625,0
1992-07-16,321.6974792480469,321.6974792480469,0
1992-07-17,320.99749755859375,320.99749755859375,0
1992-07-20,320.4075622558594,320.4075622558594,0
1992-07-21,320.24755859375,320.24755859375,0
1992-07-22,319.1975402832031,319.1975402832031,0
1992-07-23,318.5876159667969,318.5876159667969,0
1992-07-24,319.8875427246094,319.8875427246094,0
1992-07-27,318.9275817871094,318.9275817871094,0
1992-07-28,317.17767333984375,317.17767333984375,0
1992-07-29,316.7076721191406,316.7076721191406,0
1992-07-30,317.9376525878906,317.9376525878906,0
1992-07-31,317.17767333984375,317.17767333984375,0
1992-08-03,316.17767333984375,316.17767333984375,0
1992-08-04,315.5577087402344,315.5577087402344,0
1992-08-05,314.5777587890625,314.5777587890625,0
1992-08-06,312.7578125,312.7578125,0
1992-08-07,312.71783447265625,312.71783447265625,0
1992-08-10,313.8177490234375,313.8177490234375,0
1992-08-11,314.1877746582031,314.1877746582031,0
1992-08-12,310.54791259765625,310.54791259765625,0
1992-08-13,310.597900390625,310.597900390625,0
1992-08-14,310.2479248046875,310.2479248046875,0
1992-08-18,308.2879943847656,308.2879943847656,0
1992-08-19,304.3881530761719,304.3881530761719,0
1992-08-20,301.54827880859375,301.54827880859375,0
1992-08-21,300.268310546875,300.268310546875,0
1992-08-24,301.1282958984375,301.1282958984375,0
1992-08-25,300.98828125,300.98828125,0
1992-08-26,300.19830322265625,300.19830322265625,0
1992-08-27,301.4082946777344,301.4082946777344,0
1992-08-28,302.0482482910156,302.0482482910156,0
1992-08-31,301.2682800292969,301.2682800292969,0
1992-09-01,301.5682678222656,301.5682678222656,0
1992-09-03,300.33831787109375,300.33831787109375,0
1992-09-04,298.87841796875,298.87841796875,0
1992-09-07,299.6483154296875,299.6483154296875,0
1992-09-08,298.9084167480469,298.9084167480469,0
1992-09-10,297.16839599609375,297.16839599609375,0
1992-09-11,296.0884704589844,296.0884704589844,0
1992-09-14,295.5585021972656,295.5585021972656,0
1992-09-15,295.3385009765625,295.3385009765625,0
1992-09-16,296.7084655761719,296.7084655761719,0
1992-09-17,296.37847900390625,296.37847900390625,0
1992-09-18,296.1884765625,296.1884765625,0
1992-09-21,295.1585388183594,295.1585388183594,0
1992-09-22,295.5984802246094,295.5984802246094,0
1992-09-23,297.8384094238281,297.8384094238281,0
1992-09-24,297.8583984375,297.8583984375,0
1992-09-25,297.5184020996094,297.5184020996094,0
1992-09-28,297.4684143066406,297.4684143066406,0
1992-09-29,296.84844970703125,296.84844970703125,0
1992-09-30,298.37841796875,298.37841796875,0
1992-10-01,298.54840087890625,298.54840087890625,0
1992-10-02,299.8482971191406,299.8482971191406,0
1992-10-05,300.768310546875,300.768310546875,0
1992-10-06,299.4183349609375,299.4183349609375,0
1992-10-07,299.6583251953125,299.6583251953125,0
1992-10-08,299.81829833984375,299.81829833984375,0
1992-10-09,302.8481750488281,302.8481750488281,0
1992-10-12,304.63812255859375,304.63812255859375,0
1992-10-13,304.90814208984375,304.90814208984375,0
1992-10-14,305.62811279296875,305.62811279296875,0
1992-10-15,306.12811279296875,306.12811279296875,0
1992-10-16,306.3080749511719,306.3080749511719,0
1992-10-19,306.7080383300781,306.7080383300781,0
1992-10-20,306.6980285644531,306.6980285644531,0
1992-10-21,307.1180419921875,307.1180419921875,0
1992-10-22,306.4380798339844,306.4380798339844,0
1992-10-23,309.5979309082031,309.5979309082031,0
1992-10-26,308.38800048828125,308.38800048828125,0
1992-10-27,308.2380065917969,308.2380065917969,0
1992-10-28,305.86810302734375,305.86810302734375,0
1992-10-29,305.3581237792969,305.3581237792969,0
1992-10-30,307.5680236816406,307.5680236816406,0
1992-11-02,306.1881103515625,306.1881103515625,0
1992-11-03,305.2981262207031,305.2981262207031,0
1992-11-04,304.51812744140625,304.51812744140625,0
1992-11-05,304.52813720703125,304.52813720703125,0
1992-11-06,304.34814453125,304.34814453125,0
1992-11-09,302.3982238769531,302.3982238769531,0
1992-11-10,301.6382751464844,301.6382751464844,0
1992-11-11,300.6083068847656,300.6083068847656,0
1992-11-12,299.36834716796875,299.36834716796875,0
1992-11-13,296.72845458984375,296.72845458984375,0
1992-11-16,291.7086486816406,291.7086486816406,0
1992-11-17,292.6385803222656,292.6385803222656,0
1992-11-18,290.65869140625,290.65869140625,0
1992-11-19,288.79876708984375,288.79876708984375,0
1992-11-20,288.8687744140625,288.8687744140625,0
1992-11-23,288.5087585449219,288.5087585449219,0
1992-11-24,287.9888000488281,287.9888000488281,0
1992-11-25,285.8588562011719,285.8588562011719,0
1992-11-26,286.06884765625,286.06884765625,0
1992-11-27,284.64892578125,284.64892578125,0
1992-11-30,285.5888977050781,285.5888977050781,0
1992-12-01,284.33892822265625,284.33892822265625,0
1992-12-02,282.3490295410156,282.3490295410156,0
1992-12-03,281.19903564453125,281.19903564453125,0
1992-12-04,280.4391174316406,280.4391174316406,0
1992-12-07,279.3591003417969,279.3591003417969,0
1992-12-08,278.5591735839844,278.5591735839844,0
1992-12-09,277.5491943359375,277.5491943359375,0
1992-12-10,278.93914794921875,278.93914794921875,0
1992-12-11,278.56915283203125,278.56915283203125,0
1992-12-14,278.3791809082031,278.3791809082031,0
1992-12-15,275.6692810058594,275.6692810058594,0
1992-12-16,272.7693786621094,272.7693786621094,0
1992-12-17,273.0193786621094,273.0193786621094,0
1992-12-18,271.8493957519531,271.8493957519531,0
1992-12-21,270.4394836425781,270.4394836425781,0
1992-12-22,272.1794128417969,272.1794128417969,0
1992-12-23,271.7394104003906,271.7394104003906,0
1992-12-24,271.2694396972656,271.2694396972656,0
1992-12-28,271.6794128417969,271.6794128417969,0
1992-12-29,271.7593994140625,271.7593994140625,0
1992-12-30,274.3293151855469,274.3293151855469,0
1993-01-04,273.5693359375,273.5693359375,0
1993-01-05,273.29937744140625,273.29937744140625,0
1993-01-06,274.8293151855469,274.8293151855469,0
1993-01-07,276.8392333984375,276.8392333984375,0
1993-01-08,279.09912109375,279.09912109375,0
1993-01-11,278.5091552734375,278.5091552734375,0
1993-01-12,278.0592041015625,278.0592041015625,0
1993-01-13,277.3992004394531,277.3992004394531,0
1993-01-14,276.4122314453125,276.4122314453125,0
1993-01-15,277.2591857910156,277.2591857910156,0
1993-01-18,277.92718505859375,277.92718505859375,0
1993-01-19,277.1391906738281,277.1391906738281,0
1993-01-21,276.7292175292969,276.7292175292969,0
1993-01-22,277.0391845703125,277.0391845703125,0
1993-01-25,276.6892395019531,276.6892395019531,0
1993-01-26,276.27923583984375,276.27923583984375,0
1993-01-27,275.959228515625,275.959228515625,0
1993-01-28,277.4092102050781,277.4092102050781,0
1993-01-29,280.13909912109375,280.13909912109375,0
1993-02-01,280.8790588378906,280.8790588378906,0
1993-02-02,280.3791198730469,280.3791198730469,0
1993-02-03,283.93896484375,283.93896484375,0
1993-02-04,289.1887512207031,289.1887512207031,0
1993-02-05,292.0286560058594,292.0286560058594,0
1993-02-08,295.7984619140625,295.7984619140625,0
1993-02-09,297.8984069824219,297.8984069824219,0
1993-02-10,299.3883361816406,299.3883361816406,0
1993-02-11,299.5982971191406,299.5982971191406,0
1993-02-12,300.5283203125,300.5283203125,0
1993-02-15,301.7682800292969,301.7682800292969,0
1993-02-16,301.9782409667969,301.9782409667969,0
1993-02-17,302.6781921386719,302.6781921386719,0
1993-02-18,301.90826416015625,301.90826416015625,0
1993-02-19,300.4283142089844,300.4283142089844,0
1993-02-22,301.2082824707031,301.2082824707031,0
1993-02-23,299.8083190917969,299.8083190917969,0
1993-02-24,299.7983093261719,299.7983093261719,0
1993-02-25,300.20831298828125,300.20831298828125,0
1993-02-26,300.3683166503906,300.3683166503906,0
1993-03-01,300.4383239746094,300.4383239746094,0
1993-03-02,300.8282775878906,300.8282775878906,0
1993-03-03,302.0682373046875,302.0682373046875,0
1993-03-04,304.76812744140625,304.76812744140625,0
1993-03-05,307.17803955078125,307.17803955078125,0
1993-03-08,308.4880065917969,308.4880065917969,0
1993-03-09,310.0679016113281,310.0679016113281,0
1993-03-10,311.7678527832031,311.7678527832031,0
1993-03-11,312.6778259277344,312.6778259277344,0
1993-03-12,312.9378356933594,312.9378356933594,0
1993-03-15,311.6878967285156,311.6878967285156,0
1993-03-16,311.0779113769531,311.0779113769531,0
1993-03-17,310.7679138183594,310.7679138183594,0
1993-03-18,310.35791015625,310.35791015625,0
1993-03-19,312.057861328125,312.057861328125,0
1993-03-29,310.4879150390625,310.4879150390625,0
1993-03-30,311.25787353515625,311.25787353515625,0
1993-03-31,310.7479248046875,310.7479248046875,0
1993-04-01,311.117919921875,311.117919921875,0
1993-04-02,310.0679016113281,310.0679016113281,0
1993-04-05,309.58795166015625,309.58795166015625,0
1993-04-06,309.33795166015625,309.33795166015625,0
1993-04-07,308.3580017089844,308.3580017089844,0
1993-04-08,307.79803466796875,307.79803466796875,0
1993-04-12,308.4380187988281,308.4380187988281,0
1993-04-13,307.2180480957031,307.2180480957031,0
1993-04-14,307.2680358886719,307.2680358886719,0
1993-04-15,308.65802001953125,308.65802001953125,0
1993-04-16,308.6679992675781,308.6679992675781,0
1993-04-19,310.4779052734375,310.4779052734375,0
1993-04-20,311.98785400390625,311.98785400390625,0
1993-04-21,311.98785400390625,311.98785400390625,0
1993-04-22,311.26788330078125,311.26788330078125,0
1993-04-23,310.7679138183594,310.7679138183594,0
1993-04-26,311.1279296875,311.1279296875,0
1993-04-27,311.25787353515625,311.25787353515625,0
1993-04-28,312.1778259277344,312.1778259277344,0
1993-04-29,313.20782470703125,313.20782470703125,0
1993-04-30,314.0877685546875,314.0877685546875,0
1993-05-03,313.6777648925781,313.6777648925781,0
1993-05-04,313.89776611328125,313.89776611328125,0
1993-05-05,313.5977478027344,313.5977478027344,0
1993-05-07,315.0677490234375,315.0677490234375,0
1993-05-10,316.357666015625,316.357666015625,0
1993-05-11,316.3976745605469,316.3976745605469,0
1993-05-12,319.1075439453125,319.1075439453125,0
1993-05-13,321.8274841308594,321.8274841308594,0
1993-05-14,323.5373840332031,323.5373840332031,0
1993-05-17,325.41729736328125,325.41729736328125,0
1993-05-18,325.3073425292969,325.3073425292969,0
1993-05-19,326.39727783203125,326.39727783203125,0
1993-05-21,326.4272766113281,326.4272766113281,0
1993-05-24,328.78717041015625,328.78717041015625,0
1993-05-25,330.62713623046875,330.62713623046875,0
1993-05-26,331.8970947265625,331.8970947265625,0
1993-05-27,333.9070129394531,333.9070129394531,0
1993-05-28,333.3570251464844,333.3570251464844,0
1993-05-31,341.8367004394531,341.8367004394531,0
1993-06-02,345.9765319824219,345.9765319824219,0
1993-06-03,349.8033752441406,349.8033752441406,0
1993-06-04,349.6463928222656,349.6463928222656,0
1993-06-07,349.3263854980469,349.3263854980469,0
1993-06-08,351.9873046875,351.9873046875,0
1993-06-09,352.8162536621094,352.8162536621094,0
1993-06-10,351.3663330078125,351.3663330078125,0
1993-06-11,350.2863464355469,350.2863464355469,0
1993-06-14,351.3263244628906,351.3263244628906,0
1993-06-15,351.68634033203125,351.68634033203125,0
1993-06-16,353.9962158203125,353.9962158203125,0
1993-06-17,354.91619873046875,354.91619873046875,0
1993-06-18,355.6261901855469,355.6261901855469,0
1993-06-22,356.1661071777344,356.1661071777344,0
1993-06-23,358.3660583496094,358.3660583496094,0
1993-06-24,358.87603759765625,358.87603759765625,0
1993-06-25,358.86602783203125,358.86602783203125,0
1993-06-28,358.60601806640625,358.60601806640625,0
1993-06-29,358.8260192871094,358.8260192871094,0
1993-06-30,360.33599853515625,360.33599853515625,0
1993-07-01,360.5159606933594,360.5159606933594,0
1993-07-02,360.7059631347656,360.7059631347656,0
1993-07-05,359.56597900390625,359.56597900390625,0
1993-07-06,361.03594970703125,361.03594970703125,0
1993-07-07,360.2659912109375,360.2659912109375,0
1993-07-08,360.1159973144531,360.1159973144531,0
1993-07-09,359.656005859375,359.656005859375,0
1993-07-12,359.406005859375,359.406005859375,0
1993-07-13,356.7461242675781,356.7461242675781,0
1993-07-14,357.1761169433594,357.1761169433594,0
1993-07-15,356.56610107421875,356.56610107421875,0
1993-07-16,356.7261047363281,356.7261047363281,0
1993-07-19,356.3460998535156,356.3460998535156,0
1993-07-20,354.8161926269531,354.8161926269531,0
1993-07-21,355.05621337890625,355.05621337890625,0
1993-07-22,355.1861877441406,355.1861877441406,0
1993-07-23,355.4161682128906,355.4161682128906,0
1993-07-26,355.316162109375,355.316162109375,0
1993-07-27,355.4861755371094,355.4861755371094,0
1993-07-28,354.626220703125,354.626220703125,0
1993-07-29,354.04620361328125,354.04620361328125,0
1993-07-30,356.70611572265625,356.70611572265625,0
1993-08-02,356.82611083984375,356.82611083984375,0
1993-08-03,358.1160888671875,358.1160888671875,0
1993-08-04,358.676025390625,358.676025390625,0
1993-08-05,359.9859924316406,359.9859924316406,0
1993-08-06,362.59588623046875,362.59588623046875,0
1993-08-09,364.5158386230469,364.5158386230469,0
1993-08-10,369.81561279296875,369.81561279296875,0
1993-08-11,377.3353271484375,377.3353271484375,0
1993-08-12,380.27520751953125,380.27520751953125,0
1993-08-13,379.9252014160156,379.9252014160156,0
1993-08-16,381.9951171875,381.9951171875,0
1993-08-18,383.4150695800781,383.4150695800781,0
1993-08-19,384.8050537109375,384.8050537109375,0
1993-08-20,387.8949279785156,387.8949279785156,0
1993-08-23,390.1648254394531,390.1648254394531,0
1993-08-24,393.61468505859375,393.61468505859375,0
1993-08-25,398.4744567871094,398.4744567871094,0
1993-08-26,405.544189453125,405.544189453125,0
1993-08-27,409.6540832519531,409.6540832519531,0
1993-08-31,417.28375244140625,417.28375244140625,0
1993-09-01,422.81353759765625,422.81353759765625,0
1993-09-02,418.3937072753906,418.3937072753906,0
1993-09-03,417.1437683105469,417.1437683105469,0
1993-09-06,416.1138000488281,416.1138000488281,0
1993-09-07,418.043701171875,418.043701171875,0
1993-09-08,422.33355712890625,422.33355712890625,0
1993-09-09,426.0934143066406,426.0934143066406,0
1993-09-10,427.97332763671875,427.97332763671875,0
1993-09-13,428.3133239746094,428.3133239746094,0
1993-09-14,428.34332275390625,428.34332275390625,0
1993-09-15,431.2931823730469,431.2931823730469,0
1993-09-16,430.0362854003906,430.0362854003906,0
1993-09-17,430.34326171875,430.34326171875,0
1993-09-20,431.4731750488281,431.4731750488281,0
1993-09-21,430.55328369140625,430.55328369140625,0
1993-09-22,427.7433776855469,427.7433776855469,0
1993-09-23,425.32342529296875,425.32342529296875,0
1993-09-24,421.0236511230469,421.0236511230469,0
1993-09-27,420.8836364746094,420.8836364746094,0
1993-09-28,418.3836975097656,418.3836975097656,0
1993-09-29,419.4836730957031,419.4836730957031,0
1993-09-30,419.9436340332031,419.9436340332031,0
1993-10-01,443.2427673339844,443.2427673339844,0
1993-10-04,446.2326354980469,446.2326354980469,0
1993-10-05,441.5528259277344,441.5528259277344,0
1993-10-06,439.4029235839844,439.4029235839844,0
1993-10-07,436.4729919433594,436.4729919433594,0
1993-10-08,438.53289794921875,438.53289794921875,0
1993-10-11,440.3928527832031,440.3928527832031,0
1993-10-12,443.85272216796875,443.85272216796875,0
1993-10-13,448.9625244140625,448.9625244140625,0
1993-10-14,453.932373046875,453.932373046875,0
1993-10-15,454.822265625,454.822265625,0
1993-10-18,456.7822265625,456.7822265625,0
1993-10-19,460.0120849609375,460.0120849609375,0
1993-10-20,463.0719909667969,463.0719909667969,0
1993-10-21,466.2918395996094,466.2918395996094,0
1993-10-22,466.20184326171875,466.20184326171875,0
1993-10-25,464.451904296875,464.451904296875,0
1993-10-26,464.6219177246094,464.6219177246094,0
1993-10-27,464.7818908691406,464.7818908691406,0
1993-10-28,465.0918884277344,465.0918884277344,0
1993-10-29,466.1318664550781,466.1318664550781,0
1993-11-01,469.08172607421875,469.08172607421875,0
1993-11-02,473.9915771484375,473.9915771484375,0
1993-11-03,484.23114013671875,484.23114013671875,0
1993-11-04,500.7304992675781,500.7304992675781,0
1993-11-05,507.20025634765625,507.20025634765625,0
1993-11-08,507.7602233886719,507.7602233886719,0
1993-11-09,508.04022216796875,508.04022216796875,0
1993-11-10,510.2111511230469,510.2111511230469,0
1993-11-11,511.3290710449219,511.3290710449219,0
1993-11-12,512.8500366210938,512.8500366210938,0
1993-11-15,516.7919311523438,516.7919311523438,0
1993-11-16,523.169677734375,523.169677734375,0
1993-11-17,533.1621704101562,533.1621704101562,0
1993-11-18,535.2291870117188,535.2291870117188,0
1993-11-19,535.0932006835938,535.0932006835938,0
1993-11-22,536.4391479492188,536.4391479492188,0
1993-11-23,523.2896728515625,523.2896728515625,0
1993-11-24,523.8096313476562,523.8096313476562,0
1993-11-25,524.1796264648438,524.1796264648438,0
1993-11-26,522.399658203125,522.399658203125,0
1993-11-29,520.4397583007812,520.4397583007812,0
1993-11-30,518.7598266601562,518.7598266601562,0
1993-12-01,517.83984375,517.83984375,0
1993-12-02,519.98974609375,519.98974609375,0
1993-12-03,521.7096557617188,521.7096557617188,0
1993-12-06,523.5196533203125,523.5196533203125,0
1993-12-07,523.3896484375,523.3896484375,0
1993-12-08,523.2996826171875,523.2996826171875,0
1993-12-09,525.2994995117188,525.2994995117188,0
1993-12-10,528.439453125,528.439453125,0
1993-12-13,527.9094848632812,527.9094848632812,0
1993-12-14,536.0591430664062,536.0591430664062,0
1993-12-15,543.81884765625,543.81884765625,0
1993-12-16,553.33642578125,553.33642578125,0
1993-12-17,556.9283447265625,556.9283447265625,0
1993-12-20,552.8784790039062,552.8784790039062,0
1993-12-21,552.178466796875,552.178466796875,0
1993-12-22,550.0486450195312,550.0486450195312,0
1993-12-23,557.318359375,557.318359375,0
1993-12-24,560.5781860351562,560.5781860351562,0
1993-12-27,565.91796875,565.91796875,0
1993-12-28,572.5476684570312,572.5476684570312,0
1993-12-29,587.8571166992188,587.8571166992188,0
1993-12-30,588.7471313476562,588.7471313476562,0
1994-01-03,589.6270751953125,589.6270751953125,0
1994-01-04,599.9166259765625,599.9166259765625,0
1994-01-05,612.8661499023438,612.8661499023438,0
1994-01-06,609.2962646484375,609.2962646484375,0
1994-01-07,607.6663818359375,607.6663818359375,0
1994-01-11,598.0266723632812,598.0266723632812,0
1994-01-12,585.1971435546875,585.1971435546875,0
1994-01-13,571.9977416992188,571.9977416992188,0
1994-01-14,577.6675415039062,577.6675415039062,0
1994-01-17,587.1370849609375,587.1370849609375,0
1994-01-18,591.9869384765625,591.9869384765625,0
1994-01-19,595.976806640625,595.976806640625,0
1994-01-20,592.9169311523438,592.9169311523438,0
1994-01-21,590.2390747070312,590.2390747070312,0
1994-01-24,588.027099609375,588.027099609375,0
1994-01-25,586.5471801757812,586.5471801757812,0
1994-01-26,584.7572631835938,584.7572631835938,0
1994-01-27,590.447021484375,590.447021484375,0
1994-01-28,592.626953125,592.626953125,0
1994-01-31,591.9969482421875,591.9969482421875,0
1994-02-01,591.9269409179688,591.9269409179688,0
1994-02-02,592.1669311523438,592.1669311523438,0
1994-02-03,594.3367919921875,594.3367919921875,0
1994-02-04,601.8065795898438,601.8065795898438,0
1994-02-07,594.096923828125,594.096923828125,0
1994-02-08,587.9470825195312,587.9470825195312,0
1994-02-09,580.6273803710938,580.6273803710938,0
1994-02-10,583.447265625,583.447265625,0
1994-02-11,586.59716796875,586.59716796875,0
1994-02-14,586.7271728515625,586.7271728515625,0
1994-02-15,582.6873779296875,582.6873779296875,0
1994-02-16,574.7976684570312,574.7976684570312,0
1994-02-17,564.6680908203125,564.6680908203125,0
1994-02-18,554.7584228515625,554.7584228515625,0
1994-02-21,543.7388305664062,543.7388305664062,0
1994-02-22,552.8284301757812,552.8284301757812,0
1994-02-23,551.8585205078125,551.8585205078125,0
1994-02-24,552.4984741210938,552.4984741210938,0
1994-02-25,547.4886474609375,547.4886474609375,0
1994-02-28,546.208740234375,546.208740234375,0
1994-03-01,546.3887329101562,546.3887329101562,0
1994-03-02,540.4489135742188,540.4489135742188,0
1994-03-03,530.349365234375,530.349365234375,0
1994-03-04,521.3596801757812,521.3596801757812,0
1994-03-07,522.3496704101562,522.3496704101562,0
1994-03-08,521.149658203125,521.149658203125,0
1994-03-09,514.5499267578125,514.5499267578125,0
1994-03-10,514.2899780273438,514.2899780273438,0
1994-03-17,509.8301696777344,509.8301696777344,0
1994-03-18,508.8601989746094,508.8601989746094,0
1994-03-21,501.1805114746094,501.1805114746094,0
1994-03-22,485.45111083984375,485.45111083984375,0
1994-03-23,486.8810729980469,486.8810729980469,0
1994-03-24,494.1607666015625,494.1607666015625,0
1994-03-25,490.81689453125,490.81689453125,0
1994-03-28,491.0318603515625,491.0318603515625,0
1994-03-29,487.2010803222656,487.2010803222656,0
1994-03-30,492.350830078125,492.350830078125,0
1994-04-04,485.8910827636719,485.8910827636719,0
1994-04-05,480.9412536621094,480.9412536621094,0
1994-04-06,473.9415588378906,473.9415588378906,0
1994-04-07,467.9617919921875,467.9617919921875,0
1994-04-08,463.4119873046875,463.4119873046875,0
1994-04-11,456.8922119140625,456.8922119140625,0
1994-04-13,462.35198974609375,462.35198974609375,0
1994-04-14,469.26171875,469.26171875,0
1994-04-15,472.6316223144531,472.6316223144531,0
1994-04-18,475.75146484375,475.75146484375,0
1994-04-19,465.74188232421875,465.74188232421875,0
1994-04-20,458.6621398925781,458.6621398925781,0
1994-04-21,456.542236328125,456.542236328125,0
1994-04-22,454.832275390625,454.832275390625,0
1994-04-25,454.3923034667969,454.3923034667969,0
1994-04-26,454.3023376464844,454.3023376464844,0
1994-04-27,461.6820373535156,461.6820373535156,0
1994-04-28,465.26190185546875,465.26190185546875,0
1994-04-29,462.3819885253906,462.3819885253906,0
1994-05-02,461.7919921875,461.7919921875,0
1994-05-03,460.32208251953125,460.32208251953125,0
1994-05-04,462.62200927734375,462.62200927734375,0
1994-05-05,462.5419921875,462.5419921875,0
1994-05-06,463.10198974609375,463.10198974609375,0
1994-05-09,464.26190185546875,464.26190185546875,0
1994-05-10,463.0220031738281,463.0220031738281,0
1994-05-11,465.5118713378906,465.5118713378906,0
1994-05-13,467.3818054199219,467.3818054199219,0
1994-05-16,467.8417663574219,467.8417663574219,0
1994-05-17,471.7516174316406,471.7516174316406,0
1994-05-18,477.1914367675781,477.1914367675781,0
1994-05-19,482.7221984863281,482.7221984863281,0
1994-05-20,487.9709777832031,487.9709777832031,0
1994-05-23,498.340576171875,498.340576171875,0
1994-05-24,501.9764404296875,501.9764404296875,0
1994-05-26,502.5804443359375,502.5804443359375,0
1994-05-27,504.9503479003906,504.9503479003906,0
1994-05-30,504.4703369140625,504.4703369140625,0
1994-05-31,501.7704772949219,501.7704772949219,0
1994-06-01,494.3107604980469,494.3107604980469,0
1994-06-02,487.091064453125,487.091064453125,0
1994-06-03,486.7110900878906,486.7110900878906,0
1994-06-06,486.5110778808594,486.5110778808594,0
1994-06-07,486.091064453125,486.091064453125,0
1994-06-08,484.8811340332031,484.8811340332031,0
1994-06-09,484.8811340332031,484.8811340332031,0
1994-06-10,483.03118896484375,483.03118896484375,0
1994-06-13,483.0011901855469,483.0011901855469,0
1994-06-14,482.33123779296875,482.33123779296875,0
1994-06-15,482.07122802734375,482.07122802734375,0
1994-06-16,477.1114501953125,477.1114501953125,0
1994-06-17,476.53143310546875,476.53143310546875,0
1994-06-20,475.71148681640625,475.71148681640625,0
1994-06-21,475.22149658203125,475.22149658203125,0
1994-06-22,473.1116027832031,473.1116027832031,0
1994-06-23,470.9416198730469,470.9416198730469,0
1994-06-24,468.85174560546875,468.85174560546875,0
1994-06-27,464.3719177246094,464.3719177246094,0
1994-06-28,462.3919982910156,462.3919982910156,0
1994-06-29,457.72216796875,457.72216796875,0
1994-06-30,457.2821960449219,457.2821960449219,0
1994-07-01,458.7221374511719,458.7221374511719,0
1994-07-04,458.3521423339844,458.3521423339844,0
1994-07-05,456.74224853515625,456.74224853515625,0
1994-07-06,453.67236328125,453.67236328125,0
1994-07-07,454.0823669433594,454.0823669433594,0
1994-07-08,452.1824035644531,452.1824035644531,0
1994-07-11,450.4324951171875,450.4324951171875,0
1994-07-12,449.7025146484375,449.7025146484375,0
1994-07-13,453.1923522949219,453.1923522949219,0
1994-07-14,460.2720947265625,460.2720947265625,0
1994-07-15,461.7619934082031,461.7619934082031,0
1994-07-18,462.4620056152344,462.4620056152344,0
1994-07-19,460.6221008300781,460.6221008300781,0
1994-07-20,462.5220031738281,462.5220031738281,0
1994-07-21,461.1220703125,461.1220703125,0
1994-07-22,459.0521545410156,459.0521545410156,0
1994-07-25,455.1022644042969,455.1022644042969,0
1994-07-26,454.3423156738281,454.3423156738281,0
1994-07-27,453.35235595703125,453.35235595703125,0
1994-07-28,452.9523620605469,452.9523620605469,0
1994-07-29,451.0624084472656,451.0624084472656,0
1994-08-01,452.7023620605469,452.7023620605469,0
1994-08-02,459.22210693359375,459.22210693359375,0
1994-08-03,464.8319091796875,464.8319091796875,0
1994-08-04,468.7117614746094,468.7117614746094,0
1994-08-05,472.7815856933594,472.7815856933594,0
1994-08-08,472.3916320800781,472.3916320800781,0
1994-08-09,469.9017333984375,469.9017333984375,0
1994-08-10,471.671630859375,471.671630859375,0
1994-08-11,473.5115661621094,473.5115661621094,0
1994-08-12,474.98150634765625,474.98150634765625,0
1994-08-15,478.0113830566406,478.0113830566406,0
1994-08-16,483.5812072753906,483.5812072753906,0
1994-08-18,492.8568115234375,492.8568115234375,0
1994-08-19,492.1908264160156,492.1908264160156,0
1994-08-22,492.4008483886719,492.4008483886719,0
1994-08-23,496.41070556640625,496.41070556640625,0
1994-08-24,498.5205993652344,498.5205993652344,0
1994-08-25,502.9404296875,502.9404296875,0
1994-08-26,505.3103332519531,505.3103332519531,0
1994-08-29,507.740234375,507.740234375,0
1994-08-30,509.0701904296875,509.0701904296875,0
1994-08-31,510.24017333984375,510.24017333984375,0
1994-09-01,512.6900634765625,512.6900634765625,0
1994-09-02,515.5399169921875,515.5399169921875,0
1994-09-05,519.3997192382812,519.3997192382812,0
1994-09-06,524.4796142578125,524.4796142578125,0
1994-09-07,532.029296875,532.029296875,0
1994-09-08,532.8192749023438,532.8192749023438,0
1994-09-09,532.3392333984375,532.3392333984375,0
1994-09-12,521.2196655273438,521.2196655273438,0
1994-09-13,515.679931640625,515.679931640625,0
1994-09-14,520.2897338867188,520.2897338867188,0
1994-09-15,522.0097045898438,522.0097045898438,0
1994-09-16,525.6094970703125,525.6094970703125,0
1994-09-19,522.0296630859375,522.0296630859375,0
1994-09-20,521.6996459960938,521.6996459960938,0
1994-09-21,517.0599365234375,517.0599365234375,0
1994-09-22,513.1400146484375,513.1400146484375,0
1994-09-23,512.550048828125,512.550048828125,0
1994-09-26,510.170166015625,510.170166015625,0
1994-09-27,507.2202453613281,507.2202453613281,0
1994-09-28,502.1104431152344,502.1104431152344,0
1994-09-29,497.2206115722656,497.2206115722656,0
1994-09-30,497.95062255859375,497.95062255859375,0
1994-10-03,497.880615234375,497.880615234375,0
1994-10-04,500.70050048828125,500.70050048828125,0
1994-10-05,503.6204528808594,503.6204528808594,0
1994-10-06,511.4400634765625,511.4400634765625,0
1994-10-07,515.0299072265625,515.0299072265625,0
1994-10-10,511.8400573730469,511.8400573730469,0
1994-10-11,512.3600463867188,512.3600463867188,0
1994-10-12,511.40008544921875,511.40008544921875,0
1994-10-13,507.1602478027344,507.1602478027344,0
1994-10-14,510.3201599121094,510.3201599121094,0
1994-10-17,511.320068359375,511.320068359375,0
1994-10-18,510.6101379394531,510.6101379394531,0
1994-10-19,518.9497680664062,518.9497680664062,0
1994-10-20,518.7398071289062,518.7398071289062,0
1994-10-21,514.9498901367188,514.9498901367188,0
1994-10-24,512.4600219726562,512.4600219726562,0
1994-10-25,514.5099487304688,514.5099487304688,0
1994-10-26,516.2999267578125,516.2999267578125,0
1994-10-27,517.829833984375,517.829833984375,0
1994-10-28,516.389892578125,516.389892578125,0
1994-10-31,523.4696655273438,523.4696655273438,0
1994-11-01,524.629638671875,524.629638671875,0
1994-11-02,524.0696411132812,524.0696411132812,0
1994-11-03,522.8197021484375,522.8197021484375,0
1994-11-04,520.5697631835938,520.5697631835938,0
1994-11-07,517.7698364257812,517.7698364257812,0
1994-11-08,515.7799072265625,515.7799072265625,0
1994-11-09,515.0999145507812,515.0999145507812,0
1994-11-10,513.8899536132812,513.8899536132812,0
1994-11-11,513.3600463867188,513.3600463867188,0
1994-11-16,514.1199951171875,514.1199951171875,0
1994-11-17,512.4400634765625,512.4400634765625,0
1994-11-18,509.8201599121094,509.8201599121094,0
1994-11-21,506.6402893066406,506.6402893066406,0
1994-11-22,498.6405944824219,498.6405944824219,0
1994-11-23,481.9912414550781,481.9912414550781,0
1994-11-24,488.4809875488281,488.4809875488281,0
1994-11-25,487.5509948730469,487.5509948730469,0
1994-11-28,486.8210754394531,486.8210754394531,0
1994-11-29,485.401123046875,485.401123046875,0
1994-11-30,482.6112365722656,482.6112365722656,0
1994-12-01,482.1112365722656,482.1112365722656,0
1994-12-02,471.0316162109375,471.0316162109375,0
1994-12-05,470.57171630859375,470.57171630859375,0
1994-12-06,466.3718566894531,466.3718566894531,0
1994-12-07,462.3119812011719,462.3119812011719,0
1994-12-08,461.18206787109375,461.18206787109375,0
1994-12-09,454.0623474121094,454.0623474121094,0
1994-12-12,447.7425537109375,447.7425537109375,0
1994-12-13,447.02264404296875,447.02264404296875,0
1994-12-14,453.35235595703125,453.35235595703125,0
1994-12-15,458.9121398925781,458.9121398925781,0
1994-12-16,458.76214599609375,458.76214599609375,0
1994-12-19,459.37213134765625,459.37213134765625,0
1994-12-20,462.7619934082031,462.7619934082031,0
1994-12-21,466.3818359375,466.3818359375,0
1994-12-22,469.271728515625,469.271728515625,0
1994-12-23,466.71185302734375,466.71185302734375,0
1994-12-26,466.2518310546875,466.2518310546875,0
1994-12-27,466.1318664550781,466.1318664550781,0
1994-12-28,469.6217346191406,469.6217346191406,0
1995-01-02,470.1217346191406,470.1217346191406,0
1995-01-03,472.36163330078125,472.36163330078125,0
1995-01-04,474.4715270996094,474.4715270996094,0
1995-01-05,477.8014221191406,477.8014221191406,0
1995-01-06,481.2012634277344,481.2012634277344,0
1995-01-09,477.0214538574219,477.0214538574219,0
1995-01-10,468.6717529296875,468.6717529296875,0
1995-01-11,461.3820495605469,461.3820495605469,0
1995-01-12,452.67236328125,452.67236328125,0
1995-01-13,441.852783203125,441.852783203125,0
1995-01-16,447.2825927734375,447.2825927734375,0
1995-01-17,449.08251953125,449.08251953125,0
1995-01-18,449.8224792480469,449.8224792480469,0
1995-01-19,451.7724304199219,451.7724304199219,0
1995-01-20,446.0626220703125,446.0626220703125,0
1995-01-23,436.14300537109375,436.14300537109375,0
1995-01-24,435.44305419921875,435.44305419921875,0
1995-01-25,432.9431457519531,432.9431457519531,0
1995-01-26,434.44305419921875,434.44305419921875,0
1995-01-27,437.13299560546875,437.13299560546875,0
1995-01-30,437.2430114746094,437.2430114746094,0
1995-01-31,433.8131103515625,433.8131103515625,0
1995-02-01,434.633056640625,434.633056640625,0
1995-02-02,440.48284912109375,440.48284912109375,0
1995-02-03,445.3626403808594,445.3626403808594,0
1995-02-06,453.12237548828125,453.12237548828125,0
1995-02-07,457.31219482421875,457.31219482421875,0
1995-02-08,451.93243408203125,451.93243408203125,0
1995-02-09,450.81243896484375,450.81243896484375,0
1995-02-10,453.2923583984375,453.2923583984375,0
1995-02-13,455.6822814941406,455.6822814941406,0
1995-02-14,454.0823669433594,454.0823669433594,0
1995-02-15,456.4322509765625,456.4322509765625,0
1995-02-16,455.572265625,455.572265625,0
1995-02-17,453.12237548828125,453.12237548828125,0
1995-02-20,454.0123596191406,454.0123596191406,0
1995-02-21,455.812255859375,455.812255859375,0
1995-02-22,454.8722839355469,454.8722839355469,0
1995-02-23,454.38232421875,454.38232421875,0
1995-02-24,454.6722717285156,454.6722717285156,0
1995-02-27,452.5523986816406,452.5523986816406,0
1995-02-28,453.5623474121094,453.5623474121094,0
1995-03-01,452.86236572265625,452.86236572265625,0
1995-03-07,447.2026062011719,447.2026062011719,0
1995-03-08,437.2829895019531,437.2829895019531,0
1995-03-09,437.4830017089844,437.4830017089844,0
1995-03-10,432.7131652832031,432.7131652832031,0
1995-03-13,429.92327880859375,429.92327880859375,0
1995-03-14,425.20343017578125,425.20343017578125,0
1995-03-15,428.6533203125,428.6533203125,0
1995-03-16,427.1833801269531,427.1833801269531,0
1995-03-17,426.6534118652344,426.6534118652344,0
1995-03-20,426.92340087890625,426.92340087890625,0
1995-03-21,427.1733703613281,427.1733703613281,0
1995-03-22,425.9034423828125,425.9034423828125,0
1995-03-23,426.2334289550781,426.2334289550781,0
1995-03-24,422.1135559082031,422.1135559082031,0
1995-03-27,423.5735168457031,423.5735168457031,0
1995-03-28,426.06341552734375,426.06341552734375,0
1995-03-29,428.9032897949219,428.9032897949219,0
1995-03-30,428.6233215332031,428.6233215332031,0
1995-04-03,424.47344970703125,424.47344970703125,0
1995-04-04,425.1834411621094,425.1834411621094,0
1995-04-05,428.5333251953125,428.5333251953125,0
1995-04-06,430.833251953125,430.833251953125,0
1995-04-07,428.9732666015625,428.9732666015625,0
1995-04-10,426.1034240722656,426.1034240722656,0
1995-04-11,424.073486328125,424.073486328125,0
1995-04-12,419.983642578125,419.983642578125,0
1995-04-13,419.4336853027344,419.4336853027344,0
1995-04-17,417.82373046875,417.82373046875,0
1995-04-18,414.9438171386719,414.9438171386719,0
1995-04-19,414.1938781738281,414.1938781738281,0
1995-04-20,414.3938903808594,414.3938903808594,0
1995-04-21,419.503662109375,419.503662109375,0
1995-04-24,420.17364501953125,420.17364501953125,0
1995-04-25,421.7635498046875,421.7635498046875,0
1995-04-26,419.58367919921875,419.58367919921875,0
1995-04-27,417.79376220703125,417.79376220703125,0
1995-04-28,416.4338073730469,416.4338073730469,0
1995-05-01,415.3038330078125,415.3038330078125,0
1995-05-02,420.1436462402344,420.1436462402344,0
1995-05-03,423.37353515625,423.37353515625,0
1995-05-04,424.3034973144531,424.3034973144531,0
1995-05-05,426.9933776855469,426.9933776855469,0
1995-05-08,428.5133361816406,428.5133361816406,0
1995-05-09,434.27313232421875,434.27313232421875,0
1995-05-11,459.5321044921875,459.5321044921875,0
1995-05-12,461.51202392578125,461.51202392578125,785200
1995-05-16,463.48199462890625,463.48199462890625,0
1995-05-17,464.5819091796875,464.5819091796875,0
1995-05-18,457.8221740722656,457.8221740722656,0
1995-05-19,458.692138671875,458.692138671875,0
1995-05-22,461.3720703125,461.3720703125,0
1995-05-23,470.7516784667969,470.7516784667969,0
1995-05-24,474.8114929199219,474.8114929199219,0
1995-05-26,473.67156982421875,473.67156982421875,0
1995-05-29,472.7416076660156,472.7416076660156,0
1995-05-30,475.2615051269531,475.2615051269531,0
1995-06-01,485.7610778808594,475.31147269680173,592400
1995-06-02,493.13079833984375,493.13079833984375,0
1995-06-05,497.2406311035156,497.2406311035156,0
1995-06-06,494.66070556640625,496.5906229935816,497000
1995-06-07,495.49072265625,494.6007426505231,309100
1995-06-08,489.07098388671875,495.49074774853943,230900
1995-06-09,491.7308654785156,489.12098168429077,365400
1995-06-12,487.2910461425781,491.5708784733354,208200
1995-06-13,488.27099609375,487.32102087715555,233800
1995-06-14,489.30096435546875,488.31098213235964,228900
1995-06-15,487.25103759765625,489.3509620255296,244900
1995-06-16,486.0210876464844,487.46103403048903,281700
1995-06-19,485.381103515625,486.72104770468684,114100
1995-06-20,487.9309997558594,484.87112142680286,186700
1995-06-21,486.35107421875,487.9710063144448,631500
1995-06-22,490.2309265136719,486.36108196109217,361600
1995-06-23,491.640869140625,490.4609223880326,526200
1995-06-26,489.7909240722656,491.71086273355985,602300
1995-06-27,489.6209716796875,489.95094541819,545400
1995-06-28,489.3309631347656,489.3309631347656,465400
1995-06-29,491.82086181640625,489.3809543007472,367100
1995-06-30,492.2608337402344,491.47085595127385,394400
1995-07-03,492.0608215332031,492.32082117222785,361000
1995-07-04,493.4107971191406,492.23085034777654,283800
1995-07-05,498.5705871582031,489.57093751143617,366900
1995-07-06,499.4605712890625,498.5905795155818,358100
1995-07-07,509.1202087402344,499.4605808591288,388000
1995-07-10,510.4701232910156,509.2501695495885,717200
1995-07-11,507.490234375,510.55011269920254,286000
1995-07-12,507.21026611328125,507.1702591257665,231700
1995-07-13,509.5201721191406,507.21026448890257,692500
1995-07-14,508.240234375,509.52018335207873,388800
1995-07-17,511.8500671386719,510.76011323621174,2266900
1995-07-18,509.93017578125,511.8500840064419,788900
1995-07-19,504.4803466796875,509.93014657584536,369300
1995-07-20,507.4102478027344,505.33034216591085,509100
1995-07-21,510.91009521484375,507.51023372641276,379500
1995-07-24,509.5101623535156,511.03009219275356,204600
1995-07-25,508.9201965332031,509.5301581465768,299500
1995-07-26,509.920166015625,508.9002166790451,260300
1995-07-27,510.71014404296875,510.020168442044,356600
1995-07-28,512.4900512695312,510.750098278591,248800
1995-07-31,512.0400390625,512.4900337294638,1211400
1995-08-01,511.39007568359375,512.0800207214681,578500
1995-08-02,513.06005859375,511.37012189239596,307300
1995-08-03,512.56005859375,513.0600391250862,402500
1995-08-04,510.11016845703125,512.5600853952392,363500
1995-08-07,515.7199096679688,514.1099870019035,301700
1995-08-08,513.5900268554688,515.9099440259553,517300
1995-08-10,514.9799194335938,517.5197984236609,470000
1995-08-11,519.1597290039062,514.9798994738571,393200
1995-08-14,515.909912109375,519.3897571334331,424600
1995-08-15,514.9899291992188,515.9898902085855,465900
1995-08-16,510.3701477050781,514.9899629888467,259200
1995-08-18,500.6304931640625,510.3701345341305,320000
1995-08-21,498.0146179199219,500.5505299851202,286000
1995-08-22,499.08056640625,498.0506077448938,521700
1995-08-23,502.0504455566406,499.0905389130441,265300
1995-08-24,500.3205261230469,502.08046739970735,244300
1995-08-25,500.58050537109375,500.32050573407605,272200
1995-08-28,501.1505126953125,500.59050641006456,158000
1995-08-29,503.9903564453125,501.1604497088968,443300
1995-08-30,506.7702941894531,504.01039178942864,437400
1995-08-31,500.7304992675781,506.7702725961436,412500
1995-09-01,501.7604675292969,500.5605020314579,307200
1995-09-04,500.5205078125,501.9804423872045,327200
1995-09-05,496.5806884765625,500.49054004042137,188200
1995-09-06,493.13079833984375,496.6506808565239,334300
1995-09-07,491.4208679199219,493.14080217131,400600
1995-09-08,489.9809265136719,491.4208729022886,394400
1995-09-11,485.4211120605469,489.98093217169054,337800
1995-09-12,487.9809875488281,485.4310991032332,277000
1995-09-13,493.6607971191406,488.0010135326318,454500
1995-09-14,495.4007263183594,493.660773306848,1198900
1995-09-15,495.30072021484375,495.4107012837214,462300
1995-09-18,494.1907653808594,495.30073806745037,262600
1995-09-19,493.1607971191406,494.19075580881463,246000
1995-09-20,492.9308166503906,493.7807591381354,287400
1995-09-21,493.580810546875,492.93084192793214,354800
1995-09-22,492.7908020019531,493.5807797750687,291000
1995-09-25,493.5307922363281,492.7908307822688,308500
1995-09-26,493.0408020019531,493.52079430074195,397800
1995-09-27,490.19091796875,493.040813181926,492400
1995-09-28,491.9208679199219,490.1909242241825,657400
1995-09-29,493.2207946777344,491.92085747674884,610700
1995-10-02,490.5408935546875,493.220781862826,518000
1995-10-03,487.7809753417969,490.5408775335141,381600
1995-10-04,492.6308288574219,487.9410088661955,360000
1995-10-05,494.99072265625,492.6307987405715,353100
1995-10-06,496.2707214355469,494.99077240030294,281900
1995-10-09,496.710693359375,496.2707080294837,262400
1995-10-10,495.970703125,496.7106951004426,253400
1995-10-11,496.2607116699219,495.97071439570715,253500
1995-10-12,495.4007263183594,496.2606781899835,548700
1995-10-13,496.5406799316406,495.40074014947686,485100
1995-10-16,495.99072265625,496.5406890632094,496400
1995-10-17,499.2305603027344,495.9906962264551,373300
1995-10-18,499.4605712890625,499.23056925473213,408900
1995-10-19,501.6004638671875,501.6004638671875,733600
1995-10-20,500.4205322265625,501.6004789933221,685000
1995-10-23,498.9405822753906,500.420535690371,309500
1995-10-24,498.0006103515625,498.94057621614434,405600
1995-10-25,497.1606140136719,497.7905943406858,328600
1995-10-26,497.1306457519531,497.1606433637538,375500
1995-10-27,494.45074462890625,497.1306329353125,274700
1995-10-30,490.7908935546875,494.4507547569354,278000
1995-10-31,488.4309997558594,490.7908932472414,615800
1995-11-01,487.9709777832031,488.4809676784702,258600
1995-11-02,486.4610900878906,487.99102936021734,370900
1995-11-03,488.3009948730469,486.4610701743273,282400
1995-11-06,489.0009765625,488.3010220874103,305000
1995-11-07,489.89093017578125,489.00095017795735,340200
1995-11-08,487.44097900390625,489.89089565286446,670100
1995-11-09,481.3912658691406,487.44101818005066,488700
1995-11-10,474.5715026855469,481.39124425017224,496900
1995-11-13,467.3318176269531,474.57152609307957,370100
1995-11-14,469.271728515625,467.33180164220613,2117000
1995-11-15,460.7920837402344,469.2717650692693,1106300
1995-11-16,459.882080078125,460.7920482941798,1057800
1995-11-17,456.3222351074219,459.88209410718315,916200
1995-11-20,453.11236572265625,456.32223222120365,548700
1995-11-21,454.0323486328125,453.11240146261076,606400
1995-11-22,458.7321472167969,454.1423295038861,703100
1995-11-23,469.5917053222656,458.73214270628495,891500
1995-11-24,468.9117431640625,469.5917093763322,455500
1995-11-27,472.9115905761719,470.06169536876564,446900
1995-11-28,473.7515563964844,472.91159273970754,549200
1995-11-29,478.6113586425781,473.75153210762574,542500
1995-11-30,481.7112731933594,478.6113876703997,593300
1995-12-01,486.7010803222656,481.7112840702587,884600
1995-12-04,493.9007873535156,487.5010120634834,808300
1995-12-05,496.7606506347656,493.900776671363,1070000
1995-12-06,496.2107238769531,496.76069029339385,673000
1995-12-07,502.6004333496094,496.2106979143562,807400
1995-12-08,506.1003112792969,502.6004474000455,739200
1995-12-11,499.9805603027344,506.8902953080851,509800
1995-12-12,496.9606628417969,499.98053428296555,333500
1995-12-13,491.6008605957031,496.9606678457074,670800
1995-12-14,489.94091796875,491.61086638509806,505600
1995-12-15,492.3108215332031,489.9409186733435,346600
1995-12-18,493.39080810546875,492.3108330324651,362800
1995-12-19,491.7208557128906,492.5808381172074,715300
1995-12-21,504.9603576660156,492.0408470723674,840000
1995-12-22,512.77001953125,506.56026977763935,622800
1995-12-26,515.6299438476562,512.7900275891916,212600
1995-12-27,512.8500366210938,515.6299577322601,438200
1995-12-28,513.8299560546875,512.8500137658549,2595700
1996-01-02,512.4600219726562,513.8299637354821,196100
1996-01-03,519.8197631835938,512.4600036958386,467800
1996-01-04,532.7792358398438,519.819779678072,708800
1996-01-05,533.2592163085938,532.7791935398691,451700
1996-01-08,533.0792236328125,533.2592703348092,443400
1996-01-09,530.7893676757812,533.079256703335,520800
1996-01-10,528.619384765625,526.2794492284039,848300
1996-01-11,533.7592163085938,527.0294372204155,551000
1996-01-12,550.9685668945312,536.2791356230558,950600
1996-01-15,563.8781127929688,551.7585886258241,891500
1996-01-16,558.408203125,565.4579158323376,828400
1996-01-17,556.9883422851562,558.4482464307233,546500
1996-01-18,557.6883544921875,556.9983788579281,539900
1996-01-19,562.3280639648438,557.6882911445026,606100
1996-01-22,571.2977905273438,562.3281076047359,659700
1996-01-23,574.2776489257812,571.3677889720997,838800
1996-01-24,569.9378662109375,574.5076958876206,1218300
1996-01-25,570.1078491210938,569.9378728166254,1524300
1996-01-26,566.837890625,570.0277687284154,814600
1996-01-29,565.762939453125,566.707909975377,504000
1996-01-30,569.1478271484375,565.8180007170877,905800
1996-01-31,578.5374755859375,569.1478264685669,1217100
1996-02-01,581.037353515625,579.087417301022,1396400
1996-02-02,587.547119140625,583.5872514265402,1280300
1996-02-05,591.1170043945312,587.5071595624353,1505600
1996-02-06,592.8969116210938,591.8969505323967,1212200
1996-02-07,591.3369140625,592.7868696988271,823500
1996-02-08,592.626953125,591.336964282466,822600
1996-02-09,580.9873657226562,592.626926717994,880200
1996-02-12,577.4525146484375,580.9764254318638,974700
1996-02-13,584.7981567382812,578.2354246282559,674100
1996-02-14,590.1770629882812,585.5752521850326,940500
1996-02-15,590.7429809570312,590.2329910562163,664000
1996-02-16,595.5037841796875,589.2670275737926,874400
1996-02-26,594.181884765625,593.1039238024517,906200
1996-02-27,597.3367919921875,594.1819462266427,802700
1996-02-28,595.2528076171875,597.4937481334798,739500
1996-02-29,585.1861572265625,595.2527811457014,971100
1996-03-01,589.090087890625,585.1862478690681,609500
1996-03-04,592.02392578125,589.090019120077,715000
1996-03-05,591.4598999023438,592.0038850305764,834100
1996-03-06,587.8511352539062,591.8469513551368,733300
1996-03-07,581.5213623046875,587.984123344518,975300
1996-03-08,568.075927734375,581.512355821974,876700
1996-03-11,544.517822265625,568.0119035728175,664200
1996-03-12,560.8402099609375,546.9257725320308,812700
1996-03-13,560.1072387695312,560.7731674531094,599800
1996-03-14,569.8848266601562,560.159252618822,928100
1996-03-15,576.7675170898438,572.2637251949188,961700
1996-03-18,578.8324584960938,578.3734919791651,657000
1996-03-19,587.3231201171875,578.8904653422012,958600
1996-03-20,585.9561767578125,587.3021326240678,1075400
1996-03-22,585.9991455078125,585.9561784315621,794600
1996-03-25,585.9041748046875,585.999141807846,721000
1996-03-26,585.8601684570312,585.9861401112378,677300
1996-03-27,587.0430908203125,585.9071487813552,1013600
1996-03-28,585.6821899414062,587.2020891989462,2211800
1996-04-01,587.5811157226562,585.6711559420754,1018500
1996-04-02,588.2501220703125,587.6501087950941,1046200
1996-04-03,595.0408325195312,589.8770323280573,1172800
1996-04-04,605.0634155273438,595.0408565605519,1008600
1996-04-08,597.6198120117188,605.0634928523351,640800
1996-04-09,597.329833984375,597.6198007527743,1118500
1996-04-10,603.9124755859375,597.3297849443646,1427800
1996-04-11,605.3133544921875,604.9084020325689,1190600
1996-04-12,607.0263671875,605.313421146331,975200
1996-04-15,612.9720458984375,607.0793315693901,900800
1996-04-16,619.2368774414062,612.8901396770743,1327800
1996-04-17,624.1456909179688,619.2368853885512,1313200
1996-04-18,620.9498291015625,622.5417471180331,904200
1996-04-19,624.5096435546875,620.9928129216024,1179400
1996-04-22,628.3615112304688,624.5096715160868,1422800
1996-04-23,627.8045043945312,628.4985081003618,1546000
1996-04-24,630.1945190429688,627.8186347535658,1255000
1996-04-25,625.3556518554688,630.1944526773914,1636700
1996-04-26,628.216552734375,625.3556412452695,1299900
1996-04-29,625.3016357421875,628.2675236505443,491900
1996-04-30,623.8847045898438,625.3016416065362,557100
1996-05-01,629.447509765625,623.9827564338352,596500
1996-05-02,622.8387451171875,629.5334919885603,873000
1996-05-03,608.0973510742188,618.18399540686,712200
1996-05-06,599.6486206054688,608.0972658561963,984400
1996-05-07,613.8161010742188,599.7316280966425,1323800
1996-05-08,615.5010986328125,613.8161665709596,1155300
1996-05-09,620.247802734375,615.5010394648659,1174800
1996-05-10,619.2559204101562,620.2478251526715,655300
1996-05-13,621.4698486328125,619.2868890978853,598900
1996-05-14,617.9989013671875,621.4697742650071,691000
1996-05-15,619.8128662109375,617.9989719223087,660900
1996-05-17,621.3738403320312,619.8978845595053,1133600
1996-05-20,617.66796875,621.373818121403,438600
1996-05-21,617.27001953125,616.8600012846746,614300
1996-05-22,616.3670043945312,618.0389363991835,718700
1996-05-23,617.2960205078125,616.3670404927278,727500
1996-05-24,618.036865234375,617.2959273406104,939400
1996-05-27,620.6438598632812,618.0369057226237,508700
1996-05-28,620.9618530273438,620.6548581406788,1009800
1996-05-29,622.4607543945312,621.2178218219894,806300
1996-05-30,617.218017578125,622.5278087833992,770900
1996-05-31,617.4420166015625,617.3020073923001,570400
1996-06-03,624.45263671875,617.4109191511817,661300
1996-06-04,615.8950805664062,624.5427548826333,803800
1996-06-05,616.0540771484375,615.9420819862911,1180100
1996-06-06,613.195068359375,616.078989037043,659100
1996-06-07,612.7421264648438,613.2161070279448,670500
1996-06-10,611.668212890625,612.7421457067766,455100
1996-06-11,608.5043334960938,611.6132212941303,661100
1996-06-12,596.0737915039062,608.5043381021032,913700
1996-06-13,581.5043334960938,595.3428449111401,871900
1996-06-14,592.3389282226562,581.6003328134127,954900
1996-06-17,590.7109985351562,592.3039540621069,666600
1996-06-18,588.2091064453125,590.8130090294311,821600
1996-06-19,583.15234375,588.2091542279275,684200
1996-06-20,580.6513671875,583.1482790911292,719800
1996-06-21,572.82763671875,580.4873721876171,668500
1996-06-24,578.75048828125,572.955730873051,985600
1996-06-25,584.1842651367188,578.7505163654653,767700
1996-06-26,592.7619018554688,584.184232783072,816700
1996-06-27,592.0149536132812,592.7618727474418,1419900
1996-06-28,594.23583984375,592.3589597816574,2350000
1996-07-01,596.2578125,594.4438571807019,940800
1996-07-02,594.3848266601562,596.250720648393,839700
1996-07-03,594.0479125976562,594.3849356413629,1416100
1996-07-04,588.589111328125,594.047883430462,1193300
1996-07-05,575.0276489257812,588.5891338034131,1272800
1996-07-08,573.8096313476562,575.0206437722879,705300
1996-07-09,574.86767578125,573.8096724607623,1016900
1996-07-10,577.9335327148438,574.8676728631974,1041300
1996-07-11,579.6683959960938,577.9334782343147,1208800
1996-07-12,579.9244384765625,579.6713965725291,746100
1996-07-15,578.9884643554688,579.1814500126153,866700
1996-07-16,573.3046875,578.7754215979934,988000
1996-07-17,576.2435302734375,573.3046799807918,1387200
1996-07-18,576.3065185546875,576.2435327282435,1216100
1996-07-19,580.0513916015625,576.4635796248672,1473000
1996-07-22,579.7404174804688,580.3083885199837,1577100
1996-07-23,578.1624755859375,579.7434076540202,1525800
1996-07-24,571.7037353515625,578.1624680462721,1932700
1996-07-25,568.4249267578125,572.0967811028258,1924200
1996-07-26,561.2872314453125,568.6939263342715,978000
1996-07-29,540.7169189453125,561.2991252253365,1750800
1996-07-30,533.460205078125,541.0639123251897,1332000
1996-07-31,536.0081176757812,533.2392435717912,1025700
1996-08-01,548.9146118164062,536.1021221633616,1132000
1996-08-02,560.940185546875,549.0076656635406,1208200
1996-08-05,562.8120727539062,560.940136355527,932000
1996-08-06,554.7683715820312,562.9860691072454,1322400
1996-08-07,553.9214477539062,554.702423236344,1370200
1996-08-08,548.15966796875,554.1624247582532,1314600
1996-08-09,547.692626953125,547.2756510294312,859900
1996-08-12,543.923828125,547.6926633084294,772400
1996-08-13,537.4891357421875,543.9428645962162,760200
1996-08-14,535.879150390625,537.6230399806759,780000
1996-08-15,532.3882446289062,535.815113006182,933500
1996-08-16,536.7101440429688,532.5782856984866,1956700
1996-08-19,537.05615234375,536.7101574909195,968000
1996-08-20,539.5839233398438,537.1470677539354,1120900
1996-08-21,542.179931640625,539.5840241594339,1100800
1996-08-22,544.2608032226562,542.1798905463149,1114200
1996-08-23,549.1906127929688,544.7458393957972,1948500
1996-08-26,552.7184448242188,549.3745810300977,1464800
1996-08-27,549.4986572265625,552.8005308160806,921100
1996-08-28,548.4036254882812,549.4936098849155,1100100
1996-08-29,550.0066528320312,548.4356689273034,976300
1996-08-30,547.588623046875,550.0065585045164,1040900
1996-09-02,544.9988403320312,547.5887055075965,939400
1996-09-03,540.5199584960938,545.0247878834937,997700
1996-09-04,545.979736328125,540.8399826665363,1347000
1996-09-05,543.0119018554688,546.1817614872667,1210400
1996-09-06,543.7297973632812,543.0118687848501,977800
1996-09-09,542.4959716796875,543.7298715394346,1046200
1996-09-10,545.0857543945312,542.681856367468,1167300
1996-09-11,542.6988525390625,545.48774547908,1252200
1996-09-12,546.4407348632812,542.6988759153758,1144700
1996-09-13,549.0146484375,546.8467030076719,1571000
1996-09-16,554.37939453125,550.7335405314267,1141500
1996-09-17,561.9201049804688,554.3793833998224,1272600
1996-09-18,559.6752319335938,561.9201396509324,946900
1996-09-19,565.5419921875,559.9441878187567,1439600
1996-09-20,568.9718627929688,565.5999848165378,1145200
1996-09-23,570.1448364257812,569.0468566322102,958400
1996-09-24,569.7438354492188,570.2468066127178,2235000
1996-09-25,572.2637329101562,569.7358161834904,1969100
1996-09-26,571.2357788085938,572.2637539647719,1672300
1996-09-27,573.2806396484375,572.7146826980182,1622100
1996-09-30,573.9166870117188,573.311669057251,988600
1996-10-01,580.1893310546875,574.2775744782516,1704000
1996-10-02,589.2841186523438,580.5484350028361,4430800
1996-10-03,589.7670288085938,590.029042538806,1783400
1996-10-04,588.3261108398438,590.1770520145964,1369600
1996-10-07,586.2881469726562,588.3260925275223,1126100
1996-10-08,574.7576904296875,586.2881871029061,1044100
1996-10-09,566.2958984375,574.7576044265121,914300
1996-10-10,567.9069213867188,566.2959611127826,1012700
1996-10-11,571.2088012695312,567.9069277406415,1231200
1996-10-14,570.9547729492188,571.2087913852528,1144100
1996-10-15,568.5679321289062,570.9548022650159,835800
1996-10-16,565.7579956054688,568.5678837317463,898400
1996-10-17,569.099853515625,565.7580036375085,1182400
1996-10-18,570.1778564453125,569.0998954026393,1382600
1996-10-21,572.4466552734375,570.1777618799858,879600
1996-10-22,571.7847290039062,572.4817233320425,832600
1996-10-23,575.379638671875,573.2837727773426,1469000
1996-10-24,575.8635864257812,575.3795964629272,1458200
1996-10-25,571.3128051757812,575.9105878063353,917600
1996-10-28,567.2518920898438,571.3127690730356,872600
1996-10-29,567.73193359375,567.251910771148,857000
1996-10-30,568.8408203125,567.9089108086303,846100
1996-10-31,568.0068969726562,568.840848908015,1031500
1996-11-01,570.6368408203125,568.0069380470993,788100
1996-11-04,578.2854614257812,570.6367724961012,753500
1996-11-05,583.8472900390625,578.295503987832,860900
1996-11-06,587.3161010742188,583.8472421178336,1114100
1996-11-07,594.56982421875,587.3230976263446,1724600
1996-11-08,601.99658203125,594.5698692219286,1352500
1996-11-11,601.110595703125,602.0085710358554,1334200
1996-11-12,597.0267944335938,601.1106201597047,1111800
1996-11-13,595.4708251953125,597.3427615614555,1359200
1996-11-14,600.8886108398438,595.364838915612,1264000
1996-11-15,616.8660278320312,600.8886217692217,1582600
1996-11-18,620.8358154296875,616.9009710595514,1755900
1996-11-19,615.1830444335938,620.8358397210421,1937400
1996-11-20,606.734375,615.5950529966534,1569100
1996-11-21,602.9635620117188,607.054406416487,1563000
1996-11-22,612.837158203125,601.7515913556276,4620400
1996-11-25,628.2125244140625,612.8371468747468,4819300
1996-11-26,626.2006225585938,628.2125682395339,2670400
1996-11-27,620.245849609375,626.2185782881163,2003900
1996-11-28,611.4782104492188,620.2458745114361,1375500
1996-11-29,612.9890747070312,611.4381098526334,1144400
1996-12-02,616.1441040039062,612.9891972166993,995100
1996-12-03,620.7848510742188,616.1440405507249,2444500
1996-12-04,626.24462890625,620.7848802841957,1538600
1996-12-05,634.2713623046875,626.530635404446,2206300
1996-12-06,628.0985107421875,638.0291540485163,3382700
1996-12-09,634.55126953125,628.098517971485,1621600
1996-12-10,626.6536254882812,632.8184249742044,1905100
1996-12-11,626.5496215820312,624.4117041913354,5795400
1996-12-12,627.87451171875,626.7825743029568,2207800
1996-12-13,624.4336547851562,627.4515424580759,4439200
1996-12-16,623.5897216796875,624.6156826898491,1155500
1996-12-17,623.7807006835938,623.6767008274269,1634700
1996-12-18,629.4275512695312,623.7807371527633,2352600
1996-12-19,628.2944946289062,629.4414836395644,2494600
1996-12-20,632.4993286132812,628.8254606098159,1949200
1996-12-23,633.04833984375,632.778330829765,1163600
1996-12-24,632.7193603515625,633.0483270233315,1060500
1996-12-26,632.4723510742188,632.7193507217859,831200
1996-12-27,637.4072265625,632.4724208527429,2316800
1997-01-02,638.0781860351562,637.4071916501276,1077300
1997-01-03,646.1687622070312,638.0781354455302,975400
1997-01-06,653.9315185546875,646.2208201275248,1748400
1997-01-07,660.3412475585938,653.9895055643663,1542000
1997-01-08,662.1792602539062,660.4403142219444,1742300
1997-01-09,657.4073486328125,662.3201819654524,1933900
1997-01-10,657.8423461914062,657.4344031037358,1505900
1997-01-13,656.0675048828125,658.0854317821731,1335200
1997-01-14,656.62744140625,656.1214186338975,1834400
1997-01-15,656.04150390625,656.8614793425724,2124800
1997-01-16,658.6753540039062,656.5684413732274,2619000
1997-01-17,663.9481201171875,658.5233437673636,2355900
1997-01-20,674.102783203125,664.1941113642788,2120100
1997-01-21,680.853515625,674.4617354947311,3757900
1997-01-22,686.0882568359375,680.8534754573988,4001600
1997-01-23,684.955322265625,686.2582500448561,3732100
1997-01-24,678.8825073242188,685.2922303683212,3010400
1997-01-27,684.955322265625,679.0955650947437,2241300
1997-01-28,689.9471435546875,684.9553334611273,2493100
1997-01-29,691.30810546875,690.2871491265596,3316500
1997-01-30,687.2662963867188,691.199126805266,2772600
1997-01-31,691.089111328125,687.845219116388,2637700
1997-02-03,687.4432373046875,691.0891526506765,1748300
1997-02-04,680.3054809570312,687.7812030561996,1818400
1997-02-05,686.8302612304688,680.3054907791362,1713600
1997-02-06,694.251953125,687.0802353668623,1289900
1997-02-12,701.0277099609375,694.4139536843466,1703200
1997-02-13,707.3414916992188,701.027711526971,2317800
1997-02-14,704.4485473632812,707.3414399430745,2462900
1997-02-17,701.7377319335938,704.4486250725014,1732300
1997-02-18,695.18994140625,701.8627165446786,1893800
1997-02-19,694.85595703125,695.0179380328536,2130400
1997-02-20,698.6417846679688,694.8559214370789,2021200
1997-02-21,696.4679565429688,698.7158551139413,1923600
1997-02-24,697.3418579101562,697.8118103091884,2381700
1997-02-25,701.2797241210938,697.3418890381012,2720100
1997-02-26,712.5792236328125,701.1936810277834,2892600
1997-02-27,709.8934326171875,713.0792829297123,3348500
1997-02-28,705.3465576171875,709.8933776367435,2005800
1997-03-03,700.081787109375,705.7535636407636,1834000
1997-03-04,695.4959716796875,700.081791933378,2657100
1997-03-05,686.1322631835938,696.52187302731,2498400
1997-03-06,683.0814208984375,686.132327705147,2564500
1997-03-07,683.7793579101562,683.6143252851277,1748100
1997-03-10,688.0222778320312,683.7794617314254,1514500
1997-03-11,687.9072875976562,688.6552443704633,2149000
1997-03-12,682.5794677734375,687.9072634678605,1802600
1997-03-13,669.9649658203125,683.1064223837428,2084000
1997-03-14,666.8160400390625,669.0789524973428,2061900
1997-03-17,670.9098510742188,667.2800485592634,1212000
1997-03-18,659.4153442382812,664.6451824322744,2352700
1997-03-19,663.1482543945312,659.415367154197,1608100
1997-03-20,663.1062622070312,664.8171942849704,2054700
1997-03-21,656.0814819335938,663.446185780606,1858800
1997-03-24,649.5947265625,656.1154690061967,1357900
1997-03-25,657.2604370117188,650.3446904755425,1540500
1997-03-26,659.328369140625,657.2604563772574,1961500
1997-03-27,662.2102661132812,659.3683356352617,3061800
1997-04-01,651.9816284179688,662.2102339837182,1454000
1997-04-02,650.8516235351562,651.9845749426185,1752500
1997-04-03,641.5960083007812,648.2017693485748,1576000
1997-04-04,637.4022216796875,641.8000609588839,1677400
1997-04-07,636.615234375,637.4021910473676,1414800
1997-04-08,638.1981201171875,636.6151740708779,1810900
1997-04-10,635.5322875976562,638.5221615398965,1861600
1997-04-11,637.1232299804688,635.7822787174638,1748800
1997-04-14,635.1412963867188,637.1232138808346,2044800
1997-04-15,631.2493896484375,635.1412668067362,1858500
1997-04-16,632.7943115234375,631.8873644427231,1870100
1997-04-17,637.5691528320312,632.7943144577622,1398200
1997-04-21,642.2349853515625,637.5691515288003,1427800
1997-04-22,646.2158203125,642.2579668875348,2082300
1997-04-23,651.4246215820312,646.3167884438536,2557900
1997-04-24,652.9585571289062,651.4746061827417,2574500
1997-04-25,652.4506225585938,653.1125841025314,2685300
1997-04-28,656.5044555664062,653.7545626868055,3854400
1997-04-29,647.2047729492188,656.7654357339969,3258800
1997-04-30,652.0236206054688,647.5518098801567,2248300
1997-05-01,650.4327392578125,652.4796568077612,3166400
1997-05-02,647.8687744140625,650.9376857694353,1995300
1997-05-05,652.7615966796875,647.868781625599,1703300
1997-05-06,659.578369140625,652.8296079963085,1940200
1997-05-07,666.8170776367188,659.6193595892479,2601900
1997-05-09,673.662841796875,666.9100525080272,2798000
1997-05-12,675.7866821289062,675.8477149093509,2806500
1997-05-13,672.8388061523438,675.8306941150653,3182400
1997-05-14,670.2599487304688,673.1388040758293,2866500
1997-05-15,656.96044921875,670.257905216816,2568800
1997-05-16,657.0474243164062,656.9604526038803,3148600
1997-05-19,652.5245971679688,656.9984221087558,1402900
1997-05-20,652.799560546875,652.39857520412,2133700
1997-05-21,654.0655517578125,652.9465767458122,2436100
1997-05-23,658.496337890625,653.9905318529421,1503600
1997-05-26,663.1692504882812,658.8033922218549,1637200
1997-05-27,668.822998046875,663.1822261250154,1822900
1997-05-28,672.4728393554688,668.7439806398298,2604400
1997-05-29,689.4711303710938,672.4728300665558,3783100
1997-05-30,696.0009765625,690.2861717184653,4198000
1997-06-02,699.7037963867188,696.090899835553,3298000
1997-06-03,698.373779296875,699.7897397296234,2862600
1997-06-04,693.511962890625,698.5837866352492,3108200
1997-06-05,691.955078125,693.5599961637108,3045100
1997-06-06,694.9889526367188,692.1380503675967,2430000
1997-06-09,692.4771118164062,695.0599581988149,1753500
1997-06-10,689.7381591796875,692.4770662101781,1865800
1997-06-11,693.009033203125,689.738164438148,3096700
1997-06-12,695.1929321289062,692.9680430769724,1869000
1997-06-13,698.5927734375,695.390932869826,2328200
1997-06-16,705.2605590820312,698.6698123355345,3177700
1997-06-17,705.0565185546875,705.9754891033981,2894100
1997-06-18,710.7583618164062,705.1055665768064,2671500
1997-06-19,708.4174194335938,710.8193034361178,3341000
1997-06-20,712.1962280273438,708.2903744707185,3520700
1997-06-23,719.6099853515625,712.2282536867931,2354200
1997-06-24,713.3592529296875,719.5750143687573,2266900
1997-06-25,712.4672241210938,713.4402086564274,3302800
1997-06-26,709.37939453125,712.5722635240703,3349800
1997-06-27,716.801025390625,709.4813035239339,4488800
1997-06-30,724.52783203125,716.9750864293555,3531200
1997-07-01,731.5905151367188,725.0007450245619,3693300
1997-07-02,730.1265869140625,731.7244860930211,3457200
1997-07-03,735.46337890625,730.4535641311551,2738300
1997-07-04,736.568359375,735.7964167190007,3131800
1997-07-07,737.9772338867188,736.5892874652424,2714600
1997-07-08,740.8041381835938,737.9922360465362,2905800
1997-07-09,738.1092529296875,740.9131598376204,3066100
1997-07-10,729.1226806640625,738.1373451682477,3071900
1997-07-11,723.3878784179688,729.4096168500826,3247000
1997-07-14,722.4698486328125,723.6627953365439,2343200
1997-07-15,722.180908203125,722.6459169804831,2713000
1997-07-16,723.4747924804688,723.650811010574,3089700
1997-07-18,723.9718017578125,723.5188164716144,2838900
1997-07-21,712.3742065429688,724.3637904139281,2690300
1997-07-22,711.4132690429688,712.6462532440789,2524200
1997-07-23,718.1610717773438,711.7403011951816,2735900
1997-07-24,712.0182495117188,718.5119537559508,3635800
1997-07-25,710.0303955078125,712.0183553759599,2639200
1997-07-28,710.7913208007812,710.4713869567597,5210300
1997-07-29,716.3270874023438,710.7912922185309,2671000
1997-07-30,721.950927734375,716.4031698500268,2758300
1997-07-31,721.241943359375,722.3168526876782,5922800
1997-08-01,721.743896484375,721.4689438012555,2391300
1997-08-04,718.6809692382812,721.217857651696,2661000
1997-08-05,713.8522338867188,718.7710488776972,1915500
1997-08-06,699.8287963867188,713.9512328972907,3407500
1997-08-07,677.9126586914062,699.8287984579357,3212300
1997-08-08,675.40966796875,677.9126222404004,3509400
1997-08-11,658.1443481445312,675.4096668701694,2561500
1997-08-12,662.9212646484375,658.5964204768997,2960100
1997-08-13,658.578369140625,662.3321903105573,1747700
1997-08-14,642.9859619140625,658.5783726501014,3811300
1997-08-15,617.6819458007812,641.8830299612498,3867800
1997-08-18,599.6126098632812,617.6819127386334,5843700
1997-08-19,590.507080078125,598.8747358381029,6824800
1997-08-20,593.14794921875,590.1290236751786,3229700
1997-08-21,603.0365600585938,594.7898712954288,4510900
1997-08-22,574.3726806640625,602.7955254200401,4031400
1997-08-25,540.907958984375,572.3897046157484,3478000
1997-08-26,554.2163696289062,540.3979386218588,5063400
1997-08-27,555.4403686523438,554.2164172402084,4125500
1997-08-28,530.3453979492188,554.6704404999666,3166200
1997-08-29,493.9427795410156,529.0533819010545,4245500
1997-09-01,485.9500732421875,493.5797810555383,3412000
1997-09-02,478.995361328125,486.5070623222619,2311000
1997-09-03,512.5680541992188,485.25710592063064,5010400
1997-09-04,533.8491821289062,518.3767628856774,5113600
1997-09-05,594.0899047851562,540.2899921342165,8341900
1997-09-08,600.28759765625,598.5086752320216,8150000
1997-09-09,597.980712890625,606.3723534717271,5669400
1997-09-10,574.99365234375,597.7687684926406,3974100
1997-09-11,556.1143798828125,574.1957086276178,3290000
1997-09-12,546.6157836914062,555.2854297190225,5810200
1997-09-15,550.7395629882812,547.6317126898299,2532200
1997-09-16,534.8081665039062,551.0315341668257,3512400
1997-09-17,526.7164916992188,534.4761993390667,2208800
1997-09-18,524.2515869140625,526.305523159174,2336000
1997-09-19,531.058349609375,524.2516071931542,2782100
1997-09-22,535.5802001953125,531.0583422261919,3267300
1997-09-23,539.4619140625,536.1211020835337,1995300
1997-09-24,553.6244506835938,539.4619769424302,3408400
1997-09-25,559.1981811523438,555.2513744932248,3224100
1997-09-26,549.8986206054688,558.7643040259605,2397400
1997-09-29,546.2167358398438,549.9236229434899,1852300
1997-09-30,546.666748046875,547.3757048760086,2349400
1997-10-01,536.9651489257812,546.1987377324643,3182500
1997-10-02,536.9031372070312,536.9651465149483,2039800
1997-10-03,515.4569091796875,535.4711441370064,4341700
1997-10-06,512.873046875,515.1729451672408,3684000
1997-10-07,513.928955078125,514.1659453581508,3133800
1997-10-08,518.9197998046875,515.1799551703118,3273400
1997-10-09,521.0917358398438,520.9027173112929,6054500
1997-10-10,534.731201171875,522.5046873102801,5484300
1997-10-13,534.80517578125,533.9172098498979,3798200
1997-10-14,528.8983764648438,534.9691235597577,3816000
1997-10-15,518.894775390625,529.0793764222069,2530000
1997-10-16,517.0709228515625,518.0888886897224,3270200
1997-10-17,520.6647338867188,517.0708796147635,2958200
1997-10-20,514.1510009765625,520.6647244020675,2295400
1997-10-21,514.9479370117188,514.5869281401613,3231300
1997-10-22,505.2133483886719,514.7889951732453,2731700
1997-10-23,494.1177673339844,505.2133439069614,6883800
1997-10-24,490.3779296875,493.9698004779983,2510600
1997-10-27,490.1009216308594,490.5249163605273,2660100
1997-10-28,447.9785461425781,487.9199829376783,4050400
1997-10-29,472.0326232910156,453.78034294990715,3881200
1997-10-30,502.8514404296875,472.1066342571405,5377200
1997-10-31,500.3985290527344,502.67145086857875,7863400
1997-11-03,501.6944580078125,500.7814991650528,4958200
1997-11-04,494.8297119140625,502.6553956598357,3427600
1997-11-05,490.96685791015625,494.8367022073492,2615800
1997-11-06,478.89434814453125,490.966876135207,2689500
1997-11-07,466.0978698730469,475.5955168487355,4629000
1997-11-10,462.6739807128906,466.09087044665375,2211800
1997-11-11,448.1375427246094,462.3519853751505,2532400
1997-11-12,449.6225280761719,448.1515769831393,2987200
1997-11-13,437.9299621582031,449.77050515930654,4166900
1997-11-14,436.82598876953125,438.2239446245211,4709500
1997-11-17,439.5209045410156,437.49199173179403,2989200
1997-11-18,434.192138671875,439.6119109258158,2993600
1997-11-19,415.6378173828125,434.1970927174435,3638900
1997-11-20,396.11456298828125,415.7257979872788,4314200
1997-11-21,391.2427673339844,397.09855747652983,3592800
1997-11-24,410.1900329589844,391.62175521554695,4443700
1997-11-25,395.6636047363281,409.22109162434117,3674000
1997-11-26,398.5234680175781,395.8975632886936,3231900
1997-11-27,401.6923522949219,398.612455240678,4527000
1997-12-01,398.6004638671875,401.2863638364239,2648100
1997-12-02,394.26763916015625,398.45049022183866,12638800
1997-12-03,389.6668395996094,393.3917007181195,3760900
1997-12-04,401.91033935546875,389.6668282369274,2945100
1997-12-05,414.7618408203125,402.06030977010414,3628300
1997-12-08,423.5965270996094,415.79183805547734,3916700
1997-12-09,425.47943115234375,424.1224893719222,4490600
1997-12-10,415.92083740234375,424.96247797881017,2587100
1997-12-11,396.0925598144531,415.48178804518267,3993400
1997-12-12,365.8387451171875,395.3046077354523,6498400
1997-12-15,339.52276611328125,365.4027379926445,5247800
1997-12-16,356.3711242675781,340.7317189865015,5076900
1997-12-17,368.6706237792969,360.1839551469431,7340000
1997-12-18,378.3712463378906,372.4554916871079,4813900
1997-12-19,378.78125,377.94629103672804,5540100
1997-12-22,385.833984375,378.78124979748117,3799400
1997-12-23,397.01556396484375,385.6500087129227,5930400
1997-12-24,396.51556396484375,397.289520640296,4491400
1997-12-29,397.99853515625,396.77458371459846,5871000
1997-12-30,401.69635009765625,399.49242598255387,7159800
1998-01-02,409.9950256347656,402.0883510117693,1610800
1998-01-05,410.8139953613281,409.99502699608166,2589500
1998-01-06,402.2493591308594,409.80103665563286,3784300
1998-01-07,394.2236633300781,401.7443665815252,3521700
1998-01-08,347.094482421875,393.8986591608462,6530500
1998-01-09,342.9566345214844,346.45649811466427,6766600
1998-01-12,350.2233581542969,342.9566429051107,4836200
1998-01-13,382.1221008300781,356.4081066526654,6035700
1998-01-14,403.96527099609375,382.9121044886276,7817800
1998-01-15,387.2279357910156,406.4121864621398,9675100
1998-01-16,413.9039306640625,388.64990705845787,7713700
1998-01-19,439.01092529296875,416.4267824771847,7850300
1998-01-20,448.02154541015625,437.47694282685836,4989100
1998-01-21,465.98486328125,451.7724339862369,6386100
1998-01-22,443.51171875,467.2098009345531,5251900
1998-01-23,450.9664306640625,445.38064985587346,3623400
1998-01-26,473.6675720214844,456.28125519606056,3484300
1998-01-27,476.29248046875,473.8865681811399,3964400
1998-01-28,485.9190673828125,476.4324372650464,2829400
1998-02-02,554.0853881835938,486.00405862598336,8130000
1998-02-03,536.7691040039062,555.2274316015804,6850000
1998-02-04,519.9087524414062,536.5530622182193,7597300
1998-02-05,513.4690551757812,519.9088073046001,6807800
1998-02-06,535.408203125,514.8889812399611,10096200
1998-02-09,529.2333984375,536.0151165033284,6709600
1998-02-10,517.6808471679688,524.7315982323956,9818300
1998-02-11,487.5909729003906,517.2698083205198,11822600
1998-02-12,442.27178955078125,487.475016946713,6069500
1998-02-13,448.1405334472656,445.7876282719005,6387400
1998-02-16,457.690185546875,458.2541589473133,4737500
1998-02-17,472.1906433105469,459.3741253628949,4381500
1998-02-18,472.6606140136719,472.19764983063436,4793700
1998-02-19,496.23272705078125,473.2286162702246,6463100
1998-02-20,495.21270751953125,496.5076705121849,5945100
1998-02-23,505.0153503417969,494.801758559013,5795200
1998-02-24,494.8707275390625,506.17628667165724,5003300
1998-02-25,483.3922119140625,495.049748061549,8865100
1998-02-26,483.7881774902344,482.9581927039301,5887900
1998-02-27,482.3592224121094,484.0991754635238,5637600
1998-03-02,496.7096862792969,482.3592312018675,4505200
1998-03-03,518.665771484375,505.16931842719686,9222000
1998-03-04,502.8914489746094,519.7927690761746,4839300
1998-03-05,516.4689331054688,502.84244874973336,5672500
1998-03-06,512.2110595703125,521.0417091330833,4218200
1998-03-09,495.7947082519531,521.0577330532228,3426700
1998-03-10,490.4569396972656,498.21261953026254,3481200
1998-03-11,491.8538513183594,491.38988011035383,4388900
1998-03-12,498.1656188964844,493.22181096666606,4808700
1998-03-13,506.7132873535156,499.85756653563885,4686600
1998-03-16,510.7661437988281,507.55725372039086,3958000
1998-03-17,512.1200561523438,511.0710858026614,6824000
1998-03-18,503.9843444824219,512.2040251693244,6262200
1998-03-19,504.1273498535156,503.2833886145782,5878300
1998-03-20,516.7109375,503.88840724833943,6829000
1998-03-23,516.2979125976562,516.9028695375914,9265500
1998-03-24,501.6404724121094,516.4308816585383,5234500
1998-03-25,504.0753479003906,501.6404452758606,5038300
1998-03-26,532.791259765625,504.7333316118014,10898900
1998-03-27,542.0769653320312,533.5452532917022,10878400
1998-03-30,541.4039306640625,544.1668236935844,6521800
1998-04-01,523.9276123046875,543.0788446795773,6326300
1998-04-02,516.3829345703125,523.9526475313492,3965200
1998-04-03,533.2791748046875,516.3628428331414,6654700
1998-04-06,526.1204833984375,533.4682194497066,4148200
1998-04-08,530.015380859375,525.8315227123351,5404600
1998-04-09,527.5645141601562,530.7843596994637,5189100
1998-04-13,524.0436401367188,527.8274895237987,3746300
1998-04-14,516.0809326171875,524.154593082666,3764600
1998-04-15,513.425048828125,516.1279466874104,4311800
1998-04-16,510.04815673828125,513.4680066460965,5058700
1998-04-17,507.8822326660156,510.0011381993831,4520900
1998-04-20,508.13623046875,507.9572213220568,4311900
1998-04-21,497.6876220703125,508.3541989290407,6067100
1998-04-22,500.6214904785156,497.7626235686082,4551100
1998-04-23,491.83685302734375,500.691519529916,4277500
1998-04-24,490.4619140625,491.8488840506515,3171100
1998-04-27,485.6220703125,490.6208989846971,4059800
1998-04-29,465.2289123535156,485.29411084194015,4310800
1998-04-30,460.1170959472656,466.34884795429474,3473200
1998-05-01,448.5075378417969,460.097083110934,3072300
1998-05-04,445.97662353515625,448.4975519918619,2448000
1998-05-05,435.14306640625,445.98962908422845,3333100
1998-05-06,414.60882568359375,434.83603342560303,3806200
1998-05-07,436.7610168457031,417.5257425136417,4585000
1998-05-08,434.6380615234375,436.225005297625,3835000
1998-05-12,430.50927734375,434.7791004911833,2578500
1998-05-13,402.0413513183594,430.424248771948,5185200
1998-05-14,403.68328857421875,402.04135420843556,2699000
1998-05-15,405.92120361328125,403.6832841745234,14500
1998-05-18,388.90283203125,405.643176471156,1277200
1998-05-19,413.80792236328125,388.88588681495526,996200
1998-05-20,423.989501953125,413.8078915856987,167200
1998-05-22,445.12567138671875,426.3053898776166,1996800
1998-05-25,439.53790283203125,445.4156955355268,2601700
1998-05-26,434.0421142578125,439.5989050372326,2158400
1998-05-27,416.9507751464844,433.84712040546555,2501000
1998-05-28,414.2038879394531,416.35980992955893,1780600
1998-05-29,420.4486389160156,417.51274849723586,3133600
1998-06-01,414.06292724609375,420.2146658433155,3072300
1998-06-02,399.58343505859375,414.06288206357436,1484800
1998-06-03,392.59271240234375,399.4114470946228,2901500
1998-06-04,406.315185546875,393.332688935123,4362800
1998-06-05,409.50006103515625,407.7691408217595,4901400
1998-06-08,409.403076171875,413.4409134414131,1904100
1998-06-09,411.0559997558594,409.63906269111516,1772000
1998-06-10,408.0640869140625,411.1089817016422,2507200
1998-06-11,411.5279846191406,411.4659753145551,2443200
1998-06-12,408.3561096191406,411.3089975758716,2961600
1998-06-15,406.4851989746094,407.5811341371742,2477600
1998-06-16,399.4964599609375,406.48520189259665,1955800
1998-06-17,419.4256591796875,399.523449290154,2488300
1998-06-18,440.07586669921875,419.7786826919014,3052100
1998-06-19,425.4364318847656,440.38384771939764,1984800
1998-06-22,420.64263916015625,425.4364590917726,1575600
1998-06-23,423.06854248046875,420.5736443653309,1616900
1998-06-24,430.9432373046875,423.12356451018275,1975700
1998-06-25,428.79327392578125,433.1681033003435,1888200
1998-06-26,430.8532409667969,429.10532309645197,2092100
1998-06-29,431.21417236328125,430.85319400798227,1891700
1998-06-30,445.90264892578125,431.6911967380492,2921500
1998-07-01,456.5232238769531,445.14668284354946,4130800
1998-07-02,466.3548278808594,458.44815331271275,4385700
1998-07-03,470.5267333984375,466.3988725261744,3680500
1998-07-07,483.9261474609375,470.74465434214335,4120400
1998-07-08,472.96160888671875,484.1701571569316,2240300
1998-07-09,470.302734375,472.85363009819054,2152200
1998-07-10,463.5629577636719,470.0947165713556,1520000
1998-07-13,459.6551208496094,464.00694128416876,1752900
1998-07-14,463.8559265136719,460.2620723476072,2869700
1998-07-15,467.32080078125,464.33193395589484,4634500
1998-07-16,473.7535705566406,471.44164878923146,4322800
1998-07-17,486.215087890625,474.28153128491766,5704600
1998-07-20,488.6659851074219,486.2320893241094,3541200
1998-07-21,488.2200012207031,488.4029774936082,3122900
1998-07-22,483.03619384765625,489.17896015424617,3954400
1998-07-23,473.78656005859375,482.5162314179592,2496000
1998-07-24,479.5443420410156,473.96457242829996,2473900
1998-07-27,482.9621887207031,479.69131994230287,1544200
1998-07-28,483.51220703125,482.7992220566068,3138900
1998-07-29,485.0771179199219,483.7321690756244,2309300
1998-07-30,482.669189453125,485.2321084322952,3223700
1998-07-31,481.6982727050781,482.9132217821302,2170000
1998-08-03,475.239501953125,481.76726306604286,1319300
1998-08-04,461.3320617675781,475.23951031443744,1525200
1998-08-05,441.76678466796875,461.332031897299,1609400
1998-08-06,433.8161315917969,441.77282279474986,1435400
1998-08-07,423.5965270996094,434.1561138507101,2650200
1998-08-10,421.150634765625,423.59655417081166,1502200
1998-08-11,407.04815673828125,421.15060482505805,2466100
1998-08-12,408.6191101074219,406.8761664519813,2470000
1998-08-13,402.9253234863281,408.8910946545701,2491600
1998-08-14,414.61383056640625,402.9252911815082,4934300
1998-08-18,403.83929443359375,414.96184740770906,2167700
1998-08-19,405.87420654296875,404.8262432089558,2400400
1998-08-20,399.314453125,406.2511950024926,2315300
1998-08-21,388.32989501953125,399.0694674798843,2069900
1998-08-24,370.53057861328125,386.87494310416395,1493700
1998-08-25,367.12872314453125,370.8845584784453,2472500
1998-08-26,360.9129638671875,367.2737088910201,1563900
1998-08-27,354.93121337890625,360.4409784970151,1248100
1998-08-28,339.0078125,354.0882196939947,2248800
1998-08-31,342.42266845703125,337.55985125518856,2431000
1998-09-01,325.84130859375,342.06867317514815,1674700
1998-09-02,329.6121826171875,330.40515104919433,2794600
1998-09-03,334.77496337890625,329.4631889368157,2128100
1998-09-04,325.5433044433594,331.9470464138804,4512200
1998-09-07,335.7969055175781,325.9812786874972,1849300
1998-09-08,330.4001159667969,335.634927792139,1985200
1998-09-09,325.7492980957031,333.2940174857498,1684500
1998-09-10,327.2582702636719,325.52634298283374,2157300
1998-09-11,324.02740478515625,325.1893468935456,1448900
1998-09-14,320.58251953125,324.2843712514675,1827800
1998-09-15,292.14166259765625,320.5455576099492,3116900
1998-09-16,290.9046630859375,293.1846036474318,2767300
1998-09-17,285.4638977050781,290.9776907124716,1655800
1998-09-18,271.660400390625,284.91189799388286,1679200
1998-09-21,256.82403564453125,271.6604342536923,1705200
1998-09-22,260.8658447265625,257.51395503992336,1433400
1998-09-23,262.23980712890625,262.0408097366857,3106800
1998-09-24,282.1490478515625,262.2398172622674,3255200
1998-09-25,275.2132873535156,278.88315794496907,3082200
1998-09-28,274.9903259277344,275.33131610098997,2942400
1998-09-29,275.9972229003906,274.4322815416704,2956700
1998-09-30,276.13922119140625,276.0562166170692,1577300
1998-10-01,273.8573303222656,276.57722545994267,1379000
1998-10-02,263.21875,273.9303383363643,1295300
1998-10-05,261.3038330078125,264.87269445555177,1081200
1998-10-06,258.095947265625,261.3038302871147,2823500
1998-10-07,266.1596374511719,258.16593052343325,1308800
1998-10-08,288.53875732421875,265.46568076218995,3581500
1998-10-09,304.828125,288.55477193900197,5262500
1998-10-12,307.405029296875,304.8781500931573,2390800
1998-10-13,313.9737548828125,308.99195442627064,1978200
1998-10-14,303.1781921386719,311.9608395127049,1770300
1998-10-15,304.8351135253906,303.36919771285227,1127700
1998-10-16,337.5738525390625,311.4768774265356,3849500
1998-10-19,336.4049072265625,338.12484151170753,3488000
1998-10-20,336.5628967285156,339.1837969747526,2416300
1998-10-21,322.3084716796875,337.4178690448121,3357400
1998-10-22,316.7826843261719,322.308470240551,2048900
1998-10-23,313.40283203125,316.78270559719977,1678400
1998-10-26,315.29876708984375,312.85187109331747,2260600
1998-10-27,318.0886535644531,315.3687580277238,1341300
1998-10-28,312.27783203125,318.16059825257435,2732100
1998-10-29,309.3999328613281,312.43881592910736,1162600
1998-10-30,300.75830078125,310.0429436185271,2434200
1998-11-02,307.18603515625,301.19127349589274,1589900
1998-11-03,317.169677734375,310.5159446807846,2352000
1998-11-04,330.4461364746094,317.2506363361711,3051000
1998-11-05,355.5141906738281,335.3649497796372,5653600
1998-11-06,353.9642028808594,358.1120514935701,3268100
1998-11-09,364.37884521484375,353.4652678634264,3756400
1998-11-10,357.29010009765625,364.28784449913474,2046300
1998-11-11,362.9928283691406,357.29004790187156,6094200
1998-11-12,357.96209716796875,362.99287693484195,4391200
1998-11-13,355.52618408203125,357.9620940015297,2642400
1998-11-16,356.2121276855469,355.5261497869662,1033400
1998-11-18,369.9795837402344,356.6231091146855,4905300
1998-11-19,379.104248046875,370.11662142146713,3445600
1998-11-20,403.63629150390625,381.3051602879495,5812900
1998-11-23,424.970458984375,403.62128382477096,8618100
1998-11-24,420.0636291503906,424.98345099857386,13744800
1998-11-25,387.367919921875,419.32968872091027,6027500
1998-11-26,394.66265869140625,387.3679289910318,5145300
1998-11-27,392.3047180175781,395.0896131438642,3645000
1998-11-30,386.2559814453125,392.30475754609785,2493500
1998-12-01,387.71990966796875,385.9059848373411,4152400
1998-12-02,396.94854736328125,387.7199024651751,2913100
1998-12-03,393.7796936035156,395.8835851412209,2290100
1998-12-04,390.37982177734375,393.24772182683483,2314700
1998-12-07,399.4444580078125,390.89480269065444,2528800
1998-12-08,398.8854675292969,399.46445499206106,2675500
1998-12-09,398.7674560546875,400.1763977532992,1480600
1998-12-10,403.65228271484375,399.3154459581208,2611400
1998-12-11,405.5791931152344,403.5872663592723,2956800
1998-12-14,404.687255859375,405.63021233139534,2751600
1998-12-15,400.7494201660156,404.7202434313817,2318100
1998-12-16,412.67791748046875,400.7493967596028,2250700
1998-12-17,405.5682067871094,412.6779150187801,2874700
1998-12-18,403.9462890625,405.51321418129686,1556900
1998-12-21,404.4872741699219,403.962300671542,1357600
1998-12-22,406.4491882324219,404.40925902685404,2157900
1998-12-23,400.50341796875,405.6432019708023,1531300
1998-12-24,401.83935546875,400.5034089815911,1051300
1998-12-28,400.1604309082031,401.8653816851586,1062300
1998-12-29,396.7175598144531,400.17640955666064,1023200
1998-12-30,398.02252197265625,396.9005563097166,1748700
1999-01-04,393.99267578125,393.94867114464915,613600
1999-01-05,408.68707275390625,394.4836163793589,1981400
1999-01-06,427.0633544921875,411.7799531257202,3815400
1999-01-07,457.92218017578125,433.51913823945733,5410600
1999-01-08,439.4768981933594,458.5871780052315,2595500
1999-01-11,437.27899169921875,441.53483822512493,1610600
1999-01-12,436.1730041503906,438.02693580625026,2008000
1999-01-13,419.08770751953125,436.0820418054928,2300000
1999-01-14,408.5380859375,418.8756963093151,2366900
1999-01-15,402.3863525390625,406.9201727251967,1227200
1999-01-25,382.4631042480469,402.38633969560453,1566300
1999-01-26,398.136474609375,383.75901431126874,1503300
1999-01-27,410.2340393066406,400.2144401186168,2203400
1999-01-28,407.2551574707031,409.9520435524881,1938600
1999-01-29,411.9159851074219,407.5681622753366,2284300
1999-02-01,409.0960693359375,412.1929641239043,1547800
1999-02-02,405.148193359375,408.8990540880613,1507300
1999-02-03,410.5400085449219,405.4122175581881,2174100
1999-02-04,409.0060729980469,410.5400098355289,1856600
1999-02-05,405.5372009277344,409.0060598499686,1504000
1999-02-08,399.6744384765625,405.8742092545577,1428500
1999-02-09,402.810302734375,400.48440453879533,2163800
1999-02-10,398.66546630859375,403.5962739423687,1185900
1999-02-11,402.6323547363281,401.1123943055626,1297700
1999-02-12,400.5364074707031,402.63233416868513,1472700
1999-02-15,396.9085693359375,400.5364189155827,640700
1999-02-16,398.83245849609375,396.90855271413807,368600
1999-02-17,397.95953369140625,398.8324855914385,855800
1999-02-18,403.3982849121094,397.95950144788225,773300
1999-02-19,404.0022888183594,403.63929634774564,1298900
1999-02-22,398.65447998046875,404.29424435967104,395500
1999-02-23,397.9195251464844,400.2004423163425,1052900
1999-02-24,401.9823303222656,397.87851675983615,871200
1999-02-25,397.78753662109375,401.9823502655449,857100
1999-02-26,396.07354736328125,398.07148582619277,1215100
1999-03-01,396.3095703125,396.03257304884255,1577600
1999-03-02,394.95062255859375,396.75655198478415,1191700
1999-03-03,395.7915954589844,395.3296078326753,1123700
1999-03-04,394.1386413574219,396.4085724826772,809700
1999-03-05,388.6638488769531,394.95562654542886,898200
1999-03-08,384.55303955078125,388.8948812132854,1071400
1999-03-09,379.4062194824219,384.81701957897155,1013500
1999-03-10,373.7874755859375,379.60524265622695,758000
1999-03-11,378.6292724609375,374.0514477453938,720600
1999-03-12,375.92236328125,378.3752706293401,1147800
1999-03-15,372.303466796875,374.24638415307254,1061600
1999-03-16,379.4382019042969,374.2714112616047,1450200
1999-03-17,387.8659362792969,379.20925981000835,1064400
1999-03-19,394.20166015625,390.29479935123663,1729700
1999-03-22,392.2677001953125,394.23463402873847,2577500
1999-03-23,394.7936096191406,392.02372851793405,1135100
1999-03-24,391.32977294921875,394.6276487655246,1695500
1999-03-25,395.8135986328125,391.08377180676683,1939200
1999-03-26,392.9327087402344,396.0115989480709,1063000
1999-03-29,392.8467102050781,392.9157077638842,1218100
1999-03-30,393.60968017578125,393.2996946822446,1490200
1999-04-01,394.41766357421875,393.6096811040744,1660000
1999-04-05,395.3216247558594,394.41965179246546,1879700
1999-04-06,395.49761962890625,395.34863860635573,1280100
1999-04-07,395.89556884765625,395.4975741175223,1467800
1999-04-08,399.9864501953125,395.9395800761167,2027900
1999-04-09,421.1966247558594,399.9864514671919,2214600
1999-04-12,421.1336364746094,421.19665282579393,3257300
1999-04-13,432.50115966796875,421.13359095445617,2869700
1999-04-14,435.5390625,432.7881623970059,3166100
1999-04-15,447.4615783691406,435.62704778726766,5176600
1999-04-16,479.51336669921875,447.45058760574767,10053500
1999-04-19,508.1272277832031,480.9382834862236,9810100
1999-04-20,485.9510803222656,507.96923547875423,4480700
1999-04-21,480.6062927246094,485.95108590284735,4403600
1999-04-22,479.2233581542969,480.7153044982564,7455800
1999-04-23,473.5685729980469,480.2642962684349,9866600
1999-04-26,470.3877258300781,473.568601971936,3874300
1999-04-27,469.18670654296875,470.61365290069676,2304400
1999-04-28,481.32525634765625,469.6517300803106,4173000
1999-04-29,490.9708557128906,482.04322513225435,4626500
1999-04-30,495.20269775390625,490.9708679459203,7358400
1999-05-03,523.337646484375,495.17275520837836,8643800
1999-05-04,548.2196655273438,531.0922811669747,20547200
1999-05-05,563.818115234375,548.1527084129045,28271900
1999-05-06,580.8823852539062,564.8169714791773,24263200
1999-05-07,575.0956420898438,586.57023299488,13580800
1999-05-10,574.3326416015625,575.0616171540557,6334400
1999-05-11,573.2076416015625,574.0526404088171,7738500
1999-05-12,576.4815673828125,573.459651431624,7646400
1999-05-14,591.6109008789062,576.6864950990129,9476400
1999-05-17,590.7769775390625,591.6669575235469,8227700
1999-05-18,577.863525390625,590.5400346213873,4718600
1999-05-19,593.5809326171875,577.901549367288,6745100
1999-05-20,594.0299072265625,593.4799407935192,8870000
1999-05-21,591.6409301757812,594.0948139777289,6762400
1999-05-24,613.6170654296875,591.6679090507349,9420200
1999-05-25,619.8529052734375,613.3351534072318,14212700
1999-05-26,605.7633666992188,619.8618159800892,10347400
1999-05-27,603.0925903320312,606.0664737838392,9229900
1999-05-28,583.6262817382812,602.8925610220678,5994400
1999-05-31,585.2191772460938,583.5112360538083,5723100
1999-06-01,583.234375,585.3142503036416,6457700
1999-06-02,574.2926635742188,583.4433086084942,5493600
1999-06-03,587.5460815429688,574.1896072229302,9775000
1999-06-04,612.3541870117188,588.0611249950368,16267400
1999-06-08,686.9202880859375,612.8341210605853,20307000
1999-06-09,678.9434814453125,686.7551883871189,12692400
1999-06-10,664.5430908203125,678.2566070759759,11067500
1999-06-11,668.2550048828125,662.1852337258898,12706900
1999-06-14,679.4224853515625,669.2868941888805,17769900
1999-06-15,670.1339111328125,680.3025220155452,11938000
1999-06-16,661.8262329101562,669.9499401906572,8810700
1999-06-17,681.0125122070312,662.0832558201487,9779300
1999-06-18,707.8563842773438,681.2944312177461,11548100
1999-06-21,716.43212890625,707.8704505218859,21689900
1999-06-22,710.6543579101562,716.8181195658907,15326100
1999-06-23,700.6417236328125,710.8742963718361,15516400
1999-06-24,682.0924682617188,700.9866913045117,22218800
1999-06-25,673.1288452148438,682.3864807069571,11877500
1999-06-28,672.100830078125,672.9147632122103,14459600
1999-06-29,680.5344848632812,672.1848342807813,14140900
1999-06-30,661.999267578125,681.0645047984505,19989600
1999-07-01,673.0158081054688,667.8000076113339,11539100
1999-07-02,670.511962890625,672.8538518446234,10065200
1999-07-05,665.1180419921875,670.2558421036553,12440400
1999-07-06,681.5604858398438,665.3401689865796,10691900
1999-07-07,665.7450561523438,681.5264236725458,6431900
1999-07-08,660.228271484375,665.3840151726381,3700900
1999-07-09,656.618408203125,660.2283139925706,3825300
1999-07-12,663.0982666015625,656.6284861700356,6798700
1999-07-13,656.1614990234375,663.1781939756249,4592400
1999-07-14,664.8560791015625,656.1614110074238,5286700
1999-07-15,660.5162353515625,664.8560929742481,6400600
1999-07-16,662.3412475585938,660.5952827400641,7160500
1999-07-19,658.245361328125,662.4071865543225,5897800
1999-07-20,649.8357543945312,658.2454005339663,5254400
1999-07-21,641.0820922851562,649.5527715488776,11485900
1999-07-22,642.6300048828125,641.0410164660459,3655500
1999-07-23,625.8056640625,642.4920264367929,7292500
1999-07-26,592.6979370117188,625.5836197981859,7152600
1999-07-27,573.1936645507812,592.6979093017918,4544000
1999-07-28,599.233642578125,575.6625406166158,6832300
1999-07-29,616.4039916992188,599.3476485957945,9662100
1999-07-30,597.850830078125,617.2820830871688,6611500
1999-08-02,596.4898071289062,598.140743911966,3945100
1999-08-03,618.9619140625,596.5817433012588,4923500
1999-08-04,614.37109375,620.9438358310738,6061400
1999-08-05,606.2463989257812,614.0620734149492,5580800
1999-08-06,607.8114013671875,606.2504268731143,4580000
1999-08-09,594.0859375,607.4353946606298,6613900
1999-08-10,576.320556640625,593.7758700071486,10180300
1999-08-11,554.2413940429688,576.0905178666524,8351900
1999-08-12,565.1959838867188,554.2413938523799,4539200
1999-08-13,557.6873168945312,565.209058348368,3364000
1999-08-16,560.459228515625,558.2492924609293,5618300
1999-08-18,561.3431396484375,559.8591886229729,4271800
1999-08-19,581.7233276367188,561.4231534816665,7600200
1999-08-20,576.14453125,583.0872537527132,3608700
1999-08-23,584.7802124023438,576.1445622692285,2213200
1999-08-24,586.2131958007812,585.8191681754714,3111800
1999-08-25,585.2341918945312,586.1271624351735,2532900
1999-08-26,581.4903564453125,585.6332004882992,1617700
1999-08-27,572.6446533203125,579.6954036611758,3478700
1999-08-30,566.6478881835938,572.3907062518991,9034800
1999-08-31,567.00390625,566.5019116513199,6216400
1999-09-01,571.7537231445312,567.0039082164859,3991100
1999-09-02,571.0927734375,571.1527686621442,2720000
1999-09-03,565.1739501953125,571.1787209780459,2210300
1999-09-06,540.4059448242188,565.2119850830999,2594600
1999-09-07,545.3297729492188,540.2389678147467,4178200
1999-09-08,520.6007080078125,544.4608022354354,3005300
1999-09-09,537.9940795898438,518.9998235994927,4709800
1999-09-10,562.7540893554688,542.0528690193786,7389700
1999-09-13,569.6298217773438,565.2830059835376,6050500
1999-09-14,562.037109375,569.1388222531804,2893700
1999-09-15,548.5906372070312,562.0371350802378,2309800
1999-09-16,548.734619140625,548.1056763402876,1974100
1999-09-17,546.9957275390625,548.1036555852069,1815700
1999-09-20,543.3118286132812,546.6497111923761,1736700
1999-09-21,547.2426147460938,543.3117989521577,2304400
1999-09-22,545.4267578125,547.0176992753683,1573600
1999-09-23,528.1514892578125,545.426819443438,2676400
1999-09-24,517.5218505859375,526.1465149198156,9873800
1999-09-27,515.0469360351562,518.8777803311639,2728100
1999-09-28,529.2003784179688,515.5959282931551,2284100
1999-09-29,526.448486328125,529.2033838938415,2497700
1999-09-30,547.9156494140625,526.2814831279993,4705500
1999-10-01,566.0198974609375,548.3136184150716,7849600
1999-10-04,555.2824096679688,570.7537925284099,7986200
1999-10-05,566.2288818359375,555.3523531222235,5088400
1999-10-06,588.7261352539062,566.625981268421,15291700
1999-10-07,585.3221435546875,589.1860065386467,7236800
1999-10-08,588.214111328125,584.8042708649645,4233100
1999-10-11,584.0372924804688,587.8351184687098,5456300
1999-10-12,571.3598022460938,583.781316317333,3028200
1999-10-13,571.9247436523438,570.9027497700353,3771900
1999-10-14,567.7548828125,571.6907648001222,1980800
1999-10-15,567.8959350585938,567.7548883001067,2239000
1999-10-18,553.1914672851562,567.820902388429,2028900
1999-10-19,583.624267578125,553.9194295505652,12078800
1999-10-20,584.4022827148438,584.1862876886696,40303800
1999-10-21,616.4660034179688,584.0912865622248,22788600
1999-10-22,604.1605224609375,628.3245606395498,19982500
1999-10-25,597.0447998046875,604.1605512116001,8975800
1999-10-26,594.2298583984375,598.3697118896531,10213600
1999-10-27,576.4965209960938,593.9748439276897,5095400
1999-10-28,577.9095458984375,576.4965759123531,3292000
1999-10-29,593.845947265625,580.2144578146067,3741100
1999-11-01,595.060791015625,594.6798244190394,4164000
1999-11-02,594.3818359375,595.0607645231689,4349500
1999-11-03,603.5635375976562,594.3819483351431,7670300
1999-11-04,618.4859008789062,602.8964817067174,8708800
1999-11-05,626.0196533203125,619.069911467818,6551700
1999-11-08,628.2825317382812,625.983610063593,6196100
1999-11-09,638.7951049804688,628.1815050617855,7209200
1999-11-10,638.8870849609375,637.8351240108219,8720800
1999-11-11,638.4671020507812,638.4240739438645,9465600
1999-11-12,635.2052612304688,638.7011579012523,4289000
1999-11-15,635.7732543945312,635.1692739713956,3124200
1999-11-16,641.7060546875,635.8762643857053,4271900
1999-11-17,641.4500122070312,642.123020683457,4379900
1999-11-18,636.59423828125,639.2381172983531,5422500
1999-11-19,633.287353515625,636.659231502723,5014100
1999-11-22,630.1455078125,633.3214098498494,7249000
1999-11-23,618.4248657226562,630.1454171054492,4956400
1999-11-24,599.6996459960938,617.2459591060699,5116600
1999-11-25,588.6370849609375,599.6997041256171,5499200
1999-11-26,596.331787109375,588.4061310094684,3854000
1999-11-29,582.7953491210938,596.3268057891399,4614500
1999-11-30,583.7772827148438,582.935335480558,2936700
1999-12-01,597.517822265625,583.2113707514854,3818000
1999-12-02,598.3856811523438,598.9596333983105,4207100
1999-12-03,613.4610595703125,598.6846583301661,4082200
1999-12-06,624.3616333007812,615.0779988239663,4452400
1999-12-07,621.6248168945312,624.3617099907876,4016500
1999-12-08,620.9528198242188,621.0808055651675,2866400
1999-12-09,631.5283813476562,620.9358373698091,4325300
1999-12-10,633.8143310546875,632.9333838821474,4082700
1999-12-13,630.530517578125,634.4064047267327,2461900
1999-12-14,648.3687744140625,630.9884686866645,8322700
1999-12-15,652.3585815429688,650.2926829464611,9639400
1999-12-16,646.4807739257812,652.4905493587893,4786600
1999-12-17,638.797119140625,646.3668313733813,2625400
1999-12-20,646.0338134765625,637.872083598324,2676100
1999-12-21,656.8624267578125,646.050835968465,8390300
1999-12-22,661.0282592773438,657.1623820784562,15023500
1999-12-23,666.1070556640625,662.9221821327285,9596800
1999-12-27,681.3544921875,666.8550558871757,16981000
1999-12-28,677.191650390625,682.7824361253195,10743000
1999-12-29,674.8536987304688,677.5036198492114,7397700
1999-12-30,676.8927001953125,675.1077353849006,4014000
2000-01-04,700.1907958984375,677.4476615403464,11053800
2000-01-05,678.0606079101562,694.8319894265859,8685000
2000-01-06,688.4942016601562,681.2714602898416,7604500
2000-01-11,695.9759521484375,691.8971311179107,17793800
2000-01-12,690.1371459960938,696.2659358253691,14668700
2000-01-13,691.5830688476562,690.7661450760305,23777100
2000-01-14,690.8651123046875,691.7790781608934,24296600
2000-01-17,703.4556274414062,691.577121881018,12189200
2000-01-18,685.6893310546875,703.7716354906421,9106600
2000-01-19,655.969482421875,685.8893392533099,16679500
2000-01-20,670.126953125,656.388473758466,12962300
2000-01-21,664.6680297851562,670.2568619632575,9197300
2000-01-24,656.6964111328125,664.6680855551508,10814200
2000-01-25,649.8327026367188,656.1444689242817,10807600
2000-01-26,643.3599853515625,649.6487422061429,13226300
2000-01-27,644.6259155273438,643.6079497701216,9470000
2000-01-28,634.644287109375,645.2748544967126,11709000
2000-01-31,636.3472900390625,634.4783440845433,6287300
2000-02-01,616.83203125,636.736225495084,5164600
2000-02-02,603.5525512695312,617.0800410989802,5577200
2000-02-03,614.2860717773438,603.0275381171418,4240700
2000-02-04,634.9732666015625,614.2860836635157,6097900
2000-02-07,636.4032592773438,635.3163263984418,5173700
2000-02-08,629.8755493164062,637.9302290111989,4267400
2000-02-09,632.4263305664062,631.4014071491027,8965100
2000-02-10,639.2280883789062,631.3834232796032,22673200
2000-02-11,635.0532836914062,639.0261515097826,12484900
2000-02-14,633.6903686523438,634.599329864814,8869800
2000-02-15,636.8702392578125,634.6502938963938,6730200
2000-02-16,621.8778076171875,637.2582523208224,6584900
2000-02-17,600.150634765625,621.2997743644839,6388600
2000-02-18,599.5496215820312,600.0336115003065,4987800
2000-02-21,592.9649047851562,599.5496705554078,3970400
2000-02-22,583.3972778320312,593.02892202369,3728800
2000-02-23,584.4052734375,583.5283543822056,3912000
2000-02-24,573.4646606445312,584.6652131053045,3614400
2000-02-25,568.5328979492188,573.7596845682436,3225700
2000-02-28,576.51953125,568.1438809990066,3440800
2000-03-01,565.4559936523438,577.7634974736891,5175200
2000-03-02,546.5067749023438,565.4590412435798,4226200
2000-03-03,548.5316162109375,547.3076648537075,4418400
2000-03-06,566.6879272460938,549.4325575392224,6469200
2000-03-07,562.737060546875,565.9269387821322,5288400
2000-03-08,570.0298461914062,562.1561287873672,5105500
2000-03-09,585.1571655273438,570.5027689378285,7215800
2000-03-10,596.1588134765625,587.065173120976,6034600
2000-03-13,587.5531005859375,596.1587834171993,4511900
2000-03-14,585.898193359375,587.8220685986863,2187300
2000-03-15,586.84619140625,585.6002071577128,3257100
2000-03-17,590.8289794921875,588.2941050701396,3974500
2000-03-20,584.8531494140625,590.6899577329527,2483200
2000-03-21,578.9425048828125,584.7662529372302,2467400
2000-03-22,586.8421630859375,579.5524686151413,3875900
2000-03-23,585.9841918945312,586.8481108770882,4339300
2000-03-24,581.4503784179688,586.5901318683431,4903500
2000-03-27,585.2141723632812,581.8142805670506,2628500
2000-03-28,588.7091064453125,585.2452518573036,3779900
2000-03-29,591.6559448242188,588.4070480756106,6757200
2000-03-30,583.2533569335938,591.6560458469886,6688700
2000-04-03,570.8787841796875,583.5242881504143,2897300
2000-04-05,564.1600952148438,570.8518519128107,2770800
2000-04-07,570.7927856445312,564.6040006498523,2238300
2000-04-10,569.5948486328125,571.059757471972,1713600
2000-04-11,569.7178344726562,569.6528345590322,2645600
2000-04-12,564.715087890625,569.8748608297925,2150800
2000-04-13,565.0849609375,564.7149802465332,2718000
2000-04-14,556.766357421875,565.0669987442055,3030000
2000-04-17,529.2423706054688,554.0593964011528,8658600
2000-04-18,528.2384643554688,530.0414339095269,3961700
2000-04-19,526.2794799804688,528.1863880948407,4194800
2000-04-20,526.37548828125,526.2794837208471,2201000
2000-04-24,530.828369140625,526.0585349821347,1693500
2000-04-25,519.0228271484375,529.7103994226667,2908500
2000-04-26,524.0576171875,518.848835433125,3425100
2000-04-27,521.5996704101562,523.643597113952,1962700
2000-04-28,526.7164916992188,521.6156771168663,2651600
2000-05-01,524.588623046875,526.8114980907646,1318300
2000-05-02,531.2333984375,524.5326088508341,2978200
2000-05-03,535.2901611328125,531.2503401805511,2901700
2000-05-04,538.9450073242188,535.2901204135746,2740700
2000-05-05,545.5887451171875,539.028026410459,2448700
2000-05-08,550.3076171875,545.3678065038264,2665400
2000-05-09,547.650634765625,550.6005319054993,1929800
2000-05-10,548.2186279296875,547.650656897617,1945600
2000-05-11,529.1803588867188,546.7047001214078,2502300
2000-05-12,526.8565063476562,529.3794183975797,2240400
2000-05-15,516.409912109375,526.5685136748341,1805100
2000-05-16,497.79962158203125,515.8519278635075,3678500
2000-05-17,514.8309326171875,497.7995839717886,3434800
2000-05-19,509.3851623535156,514.9049364167009,2287400
2000-05-22,499.7485656738281,507.7992473837647,2452400
2000-05-23,495.49072265625,499.48257166698704,2857100
2000-05-24,493.184814453125,495.18571313738767,2254200
2000-05-25,490.66290283203125,493.686771913825,2499400
2000-05-26,482.0542297363281,489.69693754605896,4942700
2000-05-29,461.3710632324219,481.1612786290802,4986800
2000-05-30,468.68975830078125,461.08803402769536,5378700
2000-05-31,454.309326171875,469.38875676995264,7688100
2000-06-02,444.4306945800781,454.9752974641932,4888100
2000-06-05,453.9273681640625,446.02466011861577,2727800
2000-06-06,452.7443542480469,453.1263584079309,2066700
2000-06-07,459.443115234375,451.88341192863555,2689200
2000-06-08,478.19036865234375,460.7260227900732,6478600
2000-06-09,477.909423828125,478.7743804255911,5284100
2000-06-12,476.01446533203125,478.6093655718263,3259700
2000-06-13,468.3437805175781,476.01447211101294,2270000
2000-06-14,475.91448974609375,468.35777704247033,2345200
2000-06-16,484.00213623046875,475.88044342696764,3365100
2000-06-19,490.66888427734375,484.002151656509,7795500
2000-06-20,490.1019287109375,490.89788772452704,6012100
2000-06-21,494.4727478027344,490.00691830063084,3963100
2000-06-22,501.7894592285156,494.30076755804026,5716100
2000-06-23,503.12542724609375,501.9574733891442,3984100
2000-06-26,507.4852294921875,503.32538792837596,6344300
2000-06-27,502.03143310546875,507.8491995789536,3211300
2000-06-28,510.0981750488281,502.09448848918805,5009100
2000-06-29,512.5770263671875,510.221130551182,5279500
2000-06-30,515.0899047851562,512.1550216417652,2464400
2000-07-03,503.8363342285156,514.6379453569912,4226100
2000-07-04,509.2441711425781,503.4523740435252,3631300
2000-07-05,512.446044921875,508.41019136612346,6624500
2000-07-06,513.4110717773438,512.3851106843007,3986700
2000-07-07,508.0882263183594,513.4110477123511,3661200
2000-07-10,508.4482116699219,508.33322590775924,4146600
2000-07-11,512.5970458984375,509.00319168824285,3524500
2000-07-12,510.9660949707031,512.5930152596004,7038000
2000-07-13,505.90130615234375,511.0711184306729,7190500
2000-07-14,504.0943603515625,505.9282732270973,4344500
2000-07-17,506.78228759765625,504.19138496848115,1923000
2000-07-18,507.0252990722656,506.85129460750636,1887300
2000-07-19,513.758056640625,507.06831408263855,4223100
2000-07-20,513.373046875,513.8020463099932,4796800
2000-07-21,508.7742004394531,513.9140150016926,4366500
2000-07-24,506.9202880859375,508.851212747278,6697800
2000-07-25,499.6575622558594,506.88329431483027,3382400
2000-07-26,496.67169189453125,499.6165541632353,1763100
2000-07-27,499.1595458984375,496.4936646133817,2652700
2000-07-28,498.7845764160156,499.35758268310406,3082500
2000-07-31,492.173828125,498.68959613228697,2240600
2000-08-01,489.657958984375,492.17385235134225,2907700
2000-08-02,490.4179382324219,489.78994141643415,4438600
2000-08-03,491.9728698730469,490.4629188346249,5116700
2000-08-04,494.1407775878906,491.9508603519829,3333500
2000-08-07,490.52490234375,494.1587635047841,2875600
2000-08-08,485.06109619140625,490.4989032184667,3498500
2000-08-09,483.3312072753906,485.0471439532065,4221100
2000-08-10,488.5999755859375,483.7051770391568,9680300
2000-08-11,505.77130126953125,490.6769180164895,6696600
2000-08-14,504.0473327636719,506.3712472788245,7017500
2000-08-15,501.5594787597656,504.1383578277085,6671700
2000-08-16,496.3807067871094,501.54151700355175,7061900
2000-08-18,494.16876220703125,496.3806817655723,2971000
2000-08-21,497.3746337890625,494.1447486452052,6648900
2000-08-22,500.0795593261719,497.27067803788583,6601500
2000-08-23,503.3764343261719,500.22454875530684,6103000
2000-08-24,482.63421630859375,501.52145061270005,6102900
2000-08-25,486.8880920410156,482.6352360704956,5159000
2000-08-28,481.64825439453125,486.94806652394584,6505700
2000-08-29,470.8197021484375,481.4182889845341,6804900
2000-08-30,469.042724609375,470.77965642754936,5611200
2000-08-31,466.3618469238281,469.0497305514042,7827300
2000-09-01,470.396728515625,466.3618816512024,6303900
2000-09-04,475.3374938964844,470.74169491909737,5429800
2000-09-05,478.4033508300781,475.35848659649446,4418100
2000-09-06,475.5274963378906,478.48340555009133,5040100
2000-09-07,472.58062744140625,475.3305205392531,4086700
2000-09-08,470.9066162109375,472.81755240135664,2836900
2000-09-11,462.5199890136719,470.92768173139774,3316500
2000-09-12,451.0274353027344,462.33497800647456,4877300
2000-09-13,442.07379150390625,449.7074969750851,3783200
2000-09-18,411.0169982910156,440.89983834143874,6860800
2000-09-19,425.1114501953125,409.30606540618516,8128700
2000-09-20,419.3356628417969,425.3544409508346,7741200
2000-09-21,417.6617736816406,419.09970606757224,3846700
2000-09-22,406.899169921875,417.3817635940237,4958800
2000-09-25,410.88201904296875,407.2171531317985,3055100
2000-09-26,411.8379821777344,410.53203322719276,2314200
2000-09-27,410.11505126953125,411.8049879426587,1962700
2000-09-28,415.5068359375,410.1150475310979,5072300
2000-09-29,421.3196105957031,417.3117708819444,4651600
2000-10-02,432.2221984863281,421.14361947793697,3486700
2000-10-03,427.6943664550781,432.2461913978825,4589700
2000-10-04,418.8136901855469,427.62236842869225,5404100
2000-10-05,423.8795166015625,418.84971336982056,5792500
2000-10-06,421.97955322265625,423.9034894571257,4652400
2000-10-09,415.34783935546875,420.50462096393034,3102600
2000-10-10,412.89892578125,415.2028216382537,3387000
2000-10-11,412.3139343261719,412.16095566281143,3614900
2000-10-12,408.4081115722656,411.95396351961494,4921700
2000-10-13,408.1841125488281,406.05519767195455,3380100
2000-10-16,411.7339782714844,408.73110439910647,14998400
2000-10-17,417.4227600097656,412.1109854061643,10139100
2000-10-18,416.9317626953125,418.00972364912616,6858200
2000-10-19,422.716552734375,416.9647623909884,5531800
2000-10-20,420.31463623046875,426.9793854027576,5082700
2000-10-23,417.43475341796875,420.8016268641934,2747000
2000-10-24,418.62469482421875,417.06277442609826,2147700
2000-10-26,414.1439208984375,418.18276551977766,1793700
2000-10-27,411.82696533203125,414.14389179581764,4399500
2000-10-30,404.0992736816406,411.771979419012,4043200
2000-10-31,405.3311767578125,403.61926842538185,4338100
2000-11-01,409.3460693359375,406.8791548407217,3515000
2000-11-02,407.9450988769531,409.3310311883732,2388700
2000-11-03,409.8180847167969,409.08309741759325,1804200
2000-11-06,415.2508239746094,409.9380426299902,2076200
2000-11-07,421.0166320800781,415.39386469711036,3905400
2000-11-08,426.0594177246094,420.936631129104,5890100
2000-11-09,421.4555969238281,425.5234624300071,3967700
2000-11-10,426.9533996582031,421.5626180612368,2905200
2000-11-13,423.64752197265625,426.82140974186063,2888600
2000-11-14,425.5934143066406,423.6705155444457,4333100
2000-11-15,418.70269775390625,426.56240771416765,4101800
2000-11-16,416.9647521972656,418.6657052543862,3360400
2000-11-17,421.12664794921875,417.02680109215544,3214600
2000-11-20,426.2763977050781,421.10161144693035,4988400
2000-11-21,425.4994201660156,426.2684026692181,3619600
2000-11-22,431.6851806640625,425.3794265326315,5323500
2000-11-23,433.5311279296875,431.77320075567627,4863100
2000-11-24,434.1941223144531,433.4751561185459,3159100
2000-11-27,431.2231750488281,434.28006268399963,2337000
2000-11-28,426.9263916015625,430.02426308034535,2043200
2000-11-29,425.2854309082031,426.33839891300784,1800300
2000-11-30,429.197265625,425.2854307446064,3671500
2000-12-01,427.5353698730469,428.25635012608717,3000900
2000-12-04,429.88726806640625,427.57537680327965,3401900
2000-12-05,431.4181823730469,429.6432576569764,4679100
2000-12-06,433.7051086425781,433.9141154023394,4017400
2000-12-07,435.62506103515625,432.7681774828891,6859600
2000-12-08,431.79119873046875,436.0980073293704,2402700
2000-12-11,421.45660400390625,432.147197831811,4599300
2000-12-12,415.16082763671875,421.9015623378216,2827300
2000-12-13,420.421630859375,415.2268561667907,2584900
2000-12-14,419.1797180175781,420.17366741306665,3524400
2000-12-15,423.6675109863281,418.1617437001065,3913500
2000-12-18,418.5367126464844,423.76349887941626,2856000
2000-12-19,418.7666931152344,418.55570279080735,2457400
2000-12-20,414.85382080078125,418.87667421172097,2310200
2000-12-21,415.0868225097656,414.5118632242359,2059800
2000-12-22,416.3048095703125,414.3018662954595,2050800
2001-01-02,410.18902587890625,415.35584753995107,843700
2001-01-03,405.8132019042969,409.5850581486978,1825000
2001-01-04,409.8110656738281,407.254158229997,3289300
2001-01-05,418.8037109375,410.88400567938356,6210600
2001-01-08,415.74981689453125,418.73169551653535,3666200
2001-01-09,415.2568359375,415.7497976935965,4371400
2001-01-10,417.5027770996094,415.30983869434993,4218000
2001-01-11,410.36505126953125,416.92778430056154,2815800
2001-01-12,407.3491516113281,409.76608034094824,6231700
2001-01-15,411.9599914550781,407.67014974839446,5463000
2001-01-16,415.07281494140625,411.9599601671046,9510200
2001-01-17,414.6488342285156,415.8247832310097,3875800
2001-01-18,416.32879638671875,416.01679681197936,8992000
2001-01-19,411.5419921875,416.3857977540809,4991800
2001-01-22,417.8916931152344,412.575921408752,3624200
2001-01-23,415.7268371582031,415.661837245691,2837000
2001-01-24,416.9507751464844,415.53081700949633,1379100
2001-01-25,417.11376953125,416.9817556266687,3101300
2001-01-26,416.77178955078125,417.11378675136416,5595700
2001-01-29,413.0359191894531,415.9848094927223,10312000
2001-01-30,416.3088073730469,413.0359245162132,3895900
2001-01-31,425.5974426269531,416.8337762803544,9848600
2001-02-01,430.56427001953125,426.24943517148716,7425200
2001-02-02,451.96142578125,431.0772282642231,16324700
2001-02-05,458.93414306640625,461.11606502441464,15298400
2001-02-06,450.09246826171875,456.63023872143,8980600
2001-02-07,444.3157043457031,449.36549547919674,6750500
2001-02-08,440.75885009765625,444.13872346229556,6652700
2001-02-09,427.8973388671875,440.62883772333765,5066900
2001-02-12,424.448486328125,427.89735730241813,3611400
2001-02-13,426.1554260253906,424.4484916670759,6070300
2001-02-14,423.1975402832031,425.47247627434064,1684000
2001-02-15,440.20587158203125,427.6823718260091,9789400
2001-02-16,432.06219482421875,439.1699199116482,4848800
2001-02-19,435.1220703125,430.5242268239863,3451500
2001-02-20,433.66412353515625,435.32204851826543,3617400
2001-02-21,439.8858947753906,434.1611114804708,4996800
2001-02-22,437.01300048828125,440.4078574537839,2850200
2001-02-23,438.62890625,435.996013227215,4208800
2001-02-26,432.1331787109375,438.15494756542705,2356300
2001-02-27,433.2911682128906,432.13319321367015,3115900
2001-02-28,428.2863464355469,432.66117623159494,3128900
2001-03-01,424.01348876953125,426.6283771867838,3279300
2001-03-02,426.1104431152344,423.5795356805318,3459900
2001-03-06,431.5011901855469,425.8404000388961,3102200
2001-03-07,430.53326416015625,431.7182156904963,3252300
2001-03-08,428.01934814453125,430.53322733114436,1967400
2001-03-09,414.08990478515625,427.88938714007867,4469600
2001-03-12,396.5955505371094,411.8609778890143,6180600
2001-03-13,385.8909912109375,391.8707390134345,7334400
2001-03-14,389.1778259277344,387.6748937781149,4154100
2001-03-15,386.8479309082031,386.13296243304006,4827400
2001-03-16,380.5002136230469,387.5759271553722,5167300
2001-03-19,367.1277160644531,378.7912637868421,4749300
2001-03-20,360.43499755859375,367.1277306232859,6302600
2001-03-21,369.0606384277344,359.385996914785,11898900
2001-03-22,363.1678466796875,366.63871964881974,19105700
2001-03-23,371.4575500488281,362.0369261433808,12217200
2001-03-27,369.28863525390625,371.5855429219444,6796500
2001-03-28,375.1653747558594,369.23460608609514,8288800
2001-03-29,381.75811767578125,374.21840325894937,5994300
2001-03-30,381.0351867675781,383.8610962843567,4624900
2001-04-02,375.01739501953125,381.0311376587639,5068000
2001-04-03,372.63848876953125,374.0414186990037,6540000
2001-04-04,367.3937072753906,371.2935800840611,5560100
2001-04-05,362.4538879394531,367.3357170837822,7787600
2001-04-06,364.3288269042969,364.04883900712645,4124700
2001-04-09,362.26190185546875,363.3008628842708,4898200
2001-04-10,369.1826171875,362.27590367204454,6086800
2001-04-11,367.1417236328125,371.58252988435385,4239300
2001-04-12,365.96875,367.6746772194085,2594800
2001-04-16,363.19683837890625,365.8077290183078,2994900
2001-04-17,360.0229797363281,363.5528411777932,4705200
2001-04-18,356.21612548828125,360.14297437070394,3732600
2001-04-19,349.2944030761719,357.2720890384851,5037600
2001-04-20,342.84466552734375,348.3644398294564,5864700
2001-04-23,346.3935546875,342.30969846290304,5379800
2001-04-24,348.0854797363281,346.6125450002605,4739800
2001-04-25,353.1672668457031,348.09745666106755,7304700
2001-04-26,351.32232666015625,352.40928997569756,3699500
2001-04-27,351.54833984375,350.3023861021927,5261300
2001-04-30,358.2180480957031,351.62132006338567,4904800
2001-05-01,362.2138977050781,359.38801893245,10001700
2001-05-02,362.7078857421875,362.7768833042663,5127600
2001-05-03,371.9245300292969,362.7468779442753,7538800
2001-05-04,375.54339599609375,371.97453466886566,6771500
2001-05-08,372.95947265625,375.839365370363,4880800
2001-05-09,372.0965270996094,372.1125482053011,3160500
2001-05-10,369.01861572265625,372.1635127558697,5611800
2001-05-11,370.3445739746094,368.69662795222354,6084100
2001-05-14,368.2677001953125,370.4176105354149,3510100
2001-05-15,370.861572265625,367.71768218213265,3606000
2001-05-16,376.2133483886719,371.0645620480734,7958500
2001-05-17,376.6873474121094,376.86333544141786,7742000
2001-05-18,376.7813415527344,376.98134598402913,3484500
2001-05-21,380.3652038574219,376.19034800166025,3510600
2001-05-22,379.65521240234375,380.42218079275943,5246000
2001-05-23,380.6641845703125,379.3272614550433,2540300
2001-05-25,390.10882568359375,380.6852113561222,5295000
2001-05-28,392.772705078125,391.91275320156666,5509500
2001-05-29,406.3681945800781,392.73972693756974,16025400
2001-05-30,408.91107177734375,406.53717133878,18362400
2001-05-31,405.8471984863281,409.4070573852856,14076100
2001-06-01,396.4985656738281,405.76718663495,9669500
2001-06-05,396.4445495605469,394.9266033149118,7456200
2001-06-06,397.5865478515625,397.6015619168676,9145000
2001-06-07,397.9485168457031,396.84156525555807,6509000
2001-06-08,398.79547119140625,397.9234958782961,4091500
2001-06-11,404.4632873535156,398.86749649284553,5934500
2001-06-12,417.03277587890625,405.6522069688113,9973400
2001-06-13,417.0667724609375,417.7557410024679,5494000
2001-06-14,416.7207946777344,416.3917974615354,6136900
2001-06-15,417.5457763671875,416.11181112768645,8671700
2001-06-18,421.45660400390625,416.56180531982875,4311000
2001-06-19,424.0254821777344,421.4405913689011,4700600
2001-06-20,432.30419921875,423.69253467194136,5110400
2001-06-21,435.1940612792969,432.70514447322154,8386500
2001-06-22,437.5780029296875,435.38509495200947,5016300
2001-06-25,435.73504638671875,437.5779616830835,4432800
2001-06-26,438.388916015625,435.1800262161395,8248200
2001-06-27,436.1080017089844,438.4479068438054,9717600
2001-06-28,428.45733642578125,436.0190540712408,9646900
2001-06-29,437.6029968261719,428.2623562369044,7250400
2001-07-02,431.3191833496094,437.2929494829047,2864200
2001-07-03,428.6383056640625,431.2741893389497,5997800
2001-07-04,428.9902648925781,429.3492596866911,5828400
2001-07-05,430.98822021484375,428.901295874063,3198300
2001-07-06,432.86114501953125,430.88124160289266,7230600
2001-07-09,434.52105712890625,431.9861522752007,13562200
2001-07-10,435.5870666503906,434.5380962078197,16116400
2001-07-11,437.4100036621094,435.3800837679976,13932300
2001-07-12,441.4488220214844,437.63097744973436,20033700
2001-07-13,446.1106262207031,441.67882240678875,12112000
2001-07-16,443.3067626953125,446.25263200234417,6587200
2001-07-17,446.4276428222656,443.453759472676,7004500
2001-07-18,453.2833557128906,446.7686250975757,8104600
2001-07-19,463.24298095703125,453.3053789314173,18280900
2001-07-20,460.8900451660156,464.2699184565267,15191100
2001-07-23,470.2107238769531,463.3409958290254,29457400
2001-07-24,457.9001770019531,472.16060828946644,22755300
2001-07-25,447.6075439453125,456.7581880598287,14623000
2001-07-26,443.6767272949219,447.9245477612342,10398100
2001-07-27,447.3636169433594,443.6777556235163,5863600
2001-07-30,449.17352294921875,447.4495910393985,8052100
2001-07-31,444.063720703125,448.85354293614535,6193500
2001-08-01,443.1767578125,443.52873386445725,4629100
2001-08-02,436.4440002441406,443.251749017103,5233700
2001-08-03,435.133056640625,436.4440102513265,3524400
2001-08-06,430.7932434082031,435.13307096414405,4694200
2001-08-07,432.9191589355469,429.77127117190616,4851200
2001-08-08,442.5087890625,432.3741734949938,7137000
2001-08-09,430.6762390136719,443.5357546224337,9459400
2001-08-10,435.65704345703125,430.7422263321833,3715000
2001-08-13,441.163818359375,436.1010272516413,6441100
2001-08-14,441.8797912597656,442.38376943175615,7034000
2001-08-15,436.3890075683594,441.8297746426788,3729600
2001-08-16,435.30206298828125,435.9110480822198,5677800
2001-08-20,437.8519592285156,435.31906823500816,3909500
2001-08-21,437.17999267578125,437.8719823716243,29562000
2001-08-22,441.9607849121094,437.75394801258324,2830200
2001-08-23,439.67291259765625,441.76883943091684,6521000
2001-08-24,441.2018127441406,439.66589233174597,3160200
2001-08-27,441.2898254394531,441.4278205549642,4523700
2001-08-28,440.9228515625,441.15584420860944,5678900
2001-08-29,437.823974609375,440.2748680533924,5299100
2001-08-30,434.30108642578125,437.3439672382343,3462100
2001-08-31,435.5350646972656,433.8451279747715,4770600
2001-09-03,432.7551574707031,435.45604110391633,2473900
2001-09-04,441.14581298828125,432.7581391764528,4964700
2001-09-05,442.21478271484375,441.16883343511887,6434800
2001-09-06,448.67254638671875,442.5067706473979,6797600
2001-09-07,443.7887268066406,448.19056353693225,3904200
2001-09-10,443.583740234375,443.1757361023392,4316500
2001-09-11,445.4596252441406,444.0876999635185,4793000
2001-09-12,429.83026123046875,439.91089318792314,8814900
2001-09-13,432.5501403808594,431.453198238086,12150900
2001-09-14,425.6364440917969,432.44416244947416,4804400
2001-09-17,407.2341613769531,422.9695418099384,7314700
2001-09-18,413.8169250488281,409.64008542624225,6160700
2001-09-19,422.4335632324219,414.00188471430266,5313400
2001-09-20,422.3295593261719,420.38362071267426,6622800
2001-09-21,414.410888671875,421.54961866942875,4328500
2001-09-24,410.3780517578125,414.0728848625715,3242500
2001-09-25,409.0710754394531,412.66193902087144,4559500
2001-09-26,401.0024108886719,407.7161390579895,3877200
2001-09-27,395.02862548828125,401.2183869247474,2988700
2001-09-28,392.4637145996094,395.0686241058293,9887000
2001-10-01,388.65985107421875,392.4517261012034,2858700
2001-10-02,377.2173156738281,388.0119090430324,4008900
2001-10-03,371.47357177734375,377.21135540888616,5159900
2001-10-04,381.2261962890625,373.0595211709742,5227000
2001-10-05,381.5731506347656,381.5181295844453,3833700
2001-10-08,367.0587158203125,375.1014021475807,6233600
2001-10-09,369.7826232910156,367.0087442977518,5410200
2001-10-10,368.2826843261719,369.32463601981044,2720400
2001-10-11,370.5745544433594,369.54761690610655,3511600
2001-10-12,378.583251953125,371.01555343443226,4177300
2001-10-16,378.8652648925781,378.5892746535886,2097400
2001-10-17,381.3541564941406,379.00924647116847,2617800
2001-10-18,385.1499938964844,381.23413092709063,4572600
2001-10-19,387.83892822265625,384.67105209356345,4250100
2001-10-22,391.7447509765625,387.5748999680483,5118800
2001-10-23,391.7697448730469,392.5167250567375,5074900
2001-10-24,385.94598388671875,392.29873356871224,3858100
2001-10-25,390.4197998046875,385.7329705287285,2012400
2001-10-26,387.8069152832031,389.88383039439907,2174500
2001-10-29,384.31304931640625,388.09891275072107,2330300
2001-10-30,378.3472595214844,382.37710130260825,3387700
2001-10-31,383.7200622558594,377.95530231985634,3876400
2001-11-01,381.9841003417969,383.9650411764123,6874200
2001-11-02,380.63720703125,381.99515593657816,3507800
2001-11-05,375.1993713378906,379.7052077515642,2362500
2001-11-06,375.41436767578125,375.5813838775668,5529200
2001-11-07,377.486328125,375.9733864690551,3645500
2001-11-08,381.8221130371094,377.27529331081564,3622800
2001-11-09,377.3253173828125,381.8271564094969,348300
2001-11-12,371.3475646972656,377.08534825315525,2436500
2001-11-13,369.2336120605469,370.26958247376757,5307500
2001-11-14,372.77447509765625,369.95457765989255,3840300
2001-11-15,378.3622741699219,373.11345521248097,5466900
2001-11-16,378.6552734375,378.8172544367205,2969700
2001-11-19,382.7720947265625,378.18328400637876,4577000
2001-11-20,381.8231201171875,383.5400331314097,5401300
2001-11-21,382.0791015625,383.18605304494423,5193300
2001-11-22,380.8192138671875,382.08814648209363,3352200
2001-11-23,382.6891174316406,380.8191950836106,4098600
2001-11-26,381.4131774902344,383.1770859500868,3714300
2001-11-27,380.9612121582031,381.5261621327129,4932900
2001-11-28,382.8861083984375,380.96119547607765,3899100
2001-11-29,380.1781921386719,382.9100804102212,3220200
2001-11-30,380.293212890625,380.3872033731371,3154700
2001-12-03,380.7851867675781,380.1882251080479,3579900
2001-12-04,377.5423278808594,380.62420878885877,4771700
2001-12-05,377.9272766113281,377.5423123466436,2291700
2001-12-06,379.3402404785156,379.21423830462965,3480200
2001-12-07,377.1963195800781,379.4972249111962,3488900
2001-12-10,373.8484802246094,377.2423302857608,14350800
2001-12-11,371.2315673828125,372.6225045091271,3028700
2001-12-12,372.8384704589844,371.23153843865106,2406000
2001-12-13,374.6754150390625,373.33345678806506,4959400
2001-12-19,375.05938720703125,375.5633653672433,2275500
2001-12-20,377.81329345703125,375.54739046490096,1963800
2001-12-21,378.23626708984375,376.68432561638224,3358200
2001-12-26,377.9532775878906,378.2362865930625,1747300
2001-12-27,379.95220947265625,378.2782634506978,2794500
2001-12-28,392.020751953125,380.0862189273936,6092500
2002-01-02,383.4430847167969,387.29391751351335,1941400
2002-01-03,381.4971618652344,383.44310061687355,1432500
2002-01-04,385.18597412109375,383.0490640101969,3742400
2002-01-07,388.7088317871094,385.75594407771547,4006400
2002-01-08,387.6789245605469,388.0839075912548,4142200
2002-01-09,391.48272705078125,387.70488968008755,4170100
2002-01-10,402.0533447265625,391.75275094737316,4924300
2002-01-11,411.75897216796875,403.7832998389838,10567200
2002-01-14,415.8208312988281,413.7399185884143,4600800
2002-01-15,421.23760986328125,416.46878293981405,7771500
2002-01-16,423.5685119628906,421.9985962358941,11699000
2002-01-17,425.02545166015625,422.5335442420828,3511200
2002-01-18,426.3944091796875,425.09245791771787,3981000
2002-01-21,426.1344299316406,426.6054199170837,3178100
2002-01-22,428.455322265625,425.7624338278064,2582700
2002-01-23,433.9581298828125,428.9693102214096,5566400
2002-01-24,445.838623046875,435.083060508712,10365400
2002-01-25,452.44140625,446.55162082710405,6705200
2002-01-28,441.5498046875,452.44140968663476,7251000
2002-01-29,446.8226318359375,440.9698624611479,4614900
2002-01-30,444.4067077636719,446.4226204828175,3069900
2002-01-31,451.618408203125,444.5066854975515,6268200
2002-02-01,454.26434326171875,453.155377608478,9846100
2002-02-04,451.1544189453125,453.8943024268501,2713900
2002-02-05,450.47247314453125,451.19745105652805,4117600
2002-02-06,446.192626953125,450.9424421043187,6017300
2002-02-07,433.1531677246094,446.3476313870915,6153100
2002-02-08,436.9630126953125,431.56820302746524,3844900
2002-02-11,438.82989501953125,437.77195282172084,2488800
2002-02-13,436.7720031738281,438.9019251643454,2834600
2002-02-14,439.3849182128906,437.2579867795745,5957800
2002-02-15,449.363525390625,439.3799051050518,6319500
2002-02-18,462.33099365234375,449.43348568883175,11289600
2002-02-19,460.6770935058594,462.2680350587204,11856000
2002-02-20,458.4401550292969,459.5790877272475,8174500
2002-02-21,459.3691101074219,458.6931415499212,10323100
2002-02-25,449.29852294921875,459.80809316774577,8334600
2002-02-26,448.6705322265625,449.90550004782773,5883100
2002-02-27,454.4842834472656,449.77844286544854,5270400
2002-02-28,453.2283630371094,454.000336166574,7746500
2002-03-01,452.1443786621094,452.9253541066034,3311800
2002-03-04,455.1692810058594,453.54733490997745,3547500
2002-03-05,459.25311279296875,455.9602417496784,4958000
2002-03-06,476.94244384765625,459.5321104268103,5894400
2002-03-07,472.37164306640625,472.4626124287964,15627200
2002-03-08,475.09649658203125,473.0035909901306,6353300
2002-03-11,474.007568359375,474.2855421690156,10720900
2002-03-12,469.34771728515625,474.08254874334824,7989400
2002-03-13,473.9815673828125,469.2187521151318,6004000
2002-03-14,467.9727783203125,474.17053507773807,13227000
2002-03-18,469.65771484375,467.94778994241153,15240800
2002-03-19,471.6246337890625,470.0986922537549,20219500
2002-03-20,477.2674560546875,471.6686746946109,20054300
2002-03-21,480.6282653808594,477.48037785062354,20282000
2002-03-22,484.713134765625,480.6752974904021,10660500
2002-03-25,479.40936279296875,484.4881447500311,6804300
2002-03-26,481.8432312011719,480.336301372314,8203600
2002-03-27,481.26727294921875,483.15519993242924,17033800
2002-03-28,481.7562561035156,481.26729196736045,18182100
2002-04-01,486.6490783691406,482.50623407168223,10455800
2002-04-02,489.0699768066406,487.1590708679363,14900200
2002-04-03,488.13800048828125,489.028956997419,6984600
2002-04-04,502.4804382324219,489.7919368396073,12811200
2002-04-05,508.97418212890625,500.92249349423935,18495100
2002-04-08,515.0599365234375,509.2811396037509,18794900
2002-04-09,519.980712890625,515.4728929551028,10003700
2002-04-10,533.7871704101562,521.7806805494755,19178800
2002-04-11,531.4923706054688,534.2922497210957,27759800
2002-04-12,539.2490234375,530.2513268950402,21800600
2002-04-15,549.816650390625,541.0419669037826,25433200
2002-04-16,551.5855712890625,550.9076191048007,26943000
2002-04-17,542.2529296875,553.1935448732668,29701500
2002-04-18,534.8171997070312,542.1739080416963,18087100
2002-04-19,532.76025390625,534.5211716435181,15641200
2002-04-22,535.6641845703125,533.7902339443118,13752900
2002-04-23,543.0398559570312,535.6351756543853,15172600
2002-04-24,544.2408447265625,544.0448074335028,12140300
2002-04-25,544.5657958984375,545.0378234388264,15952000
2002-04-26,539.9419555664062,544.8477701045326,7393200
2002-04-29,525.8385009765625,539.872926775526,7356900
2002-04-30,534.0411987304688,525.3925489746609,8233300
2002-05-01,534.6991577148438,534.0891961058356,5962800
2002-05-02,539.678955078125,535.2051306138353,8304200
2002-05-03,544.0618286132812,539.6550177394188,8304200
2002-05-06,539.7869262695312,544.0428027279368,9046600
2002-05-07,544.8648071289062,539.9509966666183,6903400
2002-05-08,547.7196655273438,545.2257442412222,14111300
2002-05-10,543.8838500976562,547.9666378885253,7725800
2002-05-13,537.1231079101562,544.2108451572684,5599700
2002-05-14,538.6069946289062,537.1320765385431,6066900
2002-05-15,538.8660278320312,539.1140040098611,10490700
2002-05-16,529.724365234375,537.723077165551,893500
2002-05-17,531.557373046875,530.0604218666041,7064200
2002-05-20,526.9135131835938,531.6182861254954,7591700
2002-05-21,525.3145141601562,526.8554085948485,4852400
2002-05-22,511.611083984375,525.3075414546962,8508000
2002-05-23,503.6494445800781,511.63112919998684,8556700
2002-05-24,506.9352722167969,504.0584004537341,5391100
2002-05-27,512.7740478515625,506.9402600251396,5914600
2002-05-28,513.5640258789062,512.7990409598651,6064700
2002-05-29,520.6707153320312,513.6239925089059,10814200
2002-05-30,522.5286865234375,520.7057593826411,9671600
2002-05-31,530.7693481445312,522.9456776246944,6942500
2002-06-03,523.849609375,530.7963605247686,5928200
2002-06-04,518.914794921875,522.9636485204567,3885400
2002-06-05,520.4447631835938,519.4547504605027,4710200
2002-06-06,513.7060546875,520.6117922453146,4043900
2002-06-07,514.0079956054688,512.7040302788968,4307200
2002-06-10,511.3460693359375,513.7749602738554,4540500
2002-06-11,516.8009033203125,510.90315274413354,5557000
2002-06-12,523.9446411132812,517.109885068671,8484600
2002-06-13,540.0589599609375,524.0085603822293,16681400
2002-06-14,544.9828491210938,540.8569718638529,12060800
2002-06-17,544.4918212890625,544.4948118953926,7134100
2002-06-18,539.794921875,545.0187171208074,10121400
2002-06-19,534.4992065429688,539.7949598030634,6038100
2002-06-20,529.9813842773438,534.4632044483772,3078700
2002-06-21,525.8424682617188,530.3663396826723,2625100
2002-06-24,518.790771484375,525.3935417044917,3914000
2002-06-25,516.9389038085938,518.415836183036,5047000
2002-06-26,503.4804382324219,515.9699432110153,5971200
2002-06-27,506.8462829589844,503.3654308018106,5735100
2002-06-28,504.9893493652344,507.85923279147573,4294300
2002-07-01,492.246826171875,505.1243460413372,7658000
2002-07-02,483.76116943359375,491.59387237525914,7248600
2002-07-03,478.5153503417969,483.1591818374412,4327600
2002-07-04,488.7049865722656,479.07135867086276,5915200
2002-07-05,492.7608337402344,489.7079434436633,10034900
2002-07-08,484.59613037109375,494.57575296323984,3520700
2002-07-09,480.290283203125,484.2261345406425,2790100
2002-07-10,477.3564147949219,480.3732956278973,3767700
2002-07-11,470.8006896972656,475.41150280353276,3365400
2002-07-12,479.5943603515625,471.7276618078982,4037500
2002-07-15,480.8832702636719,479.632311927644,6580900
2002-07-16,481.7482604980469,481.4722702562362,4735600
2002-07-17,479.3583679199219,481.74825908800466,8731800
2002-07-18,488.20098876953125,479.54831060185796,4694900
2002-07-19,484.8311462402344,487.2460608453183,4276200
2002-07-22,475.2554931640625,483.19118900041224,7828100
2002-07-23,477.06243896484375,472.2466472645329,6371700
2002-07-24,460.0101013183594,476.2124427751897,8261200
2002-07-25,453.1373596191406,461.1220646697442,6290900
2002-07-26,441.8577880859375,452.05139125340224,11130200
2002-07-29,455.0682678222656,442.1197672045544,8635100
2002-07-30,462.8009948730469,456.6182214991438,7221000
2002-07-31,463.6509704589844,462.7699927658712,5659700
2002-08-01,461.2650451660156,462.92599129334536,4137200
2002-08-02,456.2972412109375,459.729114462259,2586000
2002-08-05,449.85546875,456.2972345132434,8952800
2002-08-06,440.91485595703125,447.40859139827387,5213600
2002-08-07,447.04364013671875,444.5117255443439,6810000
2002-08-08,446.4476318359375,448.05758508623023,7124600
2002-08-09,450.2184753417969,446.70661857283426,4090000
2002-08-12,448.50054931640625,451.19243062988926,4162900
2002-08-13,450.95343017578125,448.27451848624173,4043700
2002-08-14,447.66253662109375,450.2294531288774,4594100
2002-08-15,448.7155456542969,448.2985696881098,4597100
2002-08-16,450.9674072265625,448.7155113599664,3209500
2002-08-19,451.4314270019531,450.96742529415707,3868000
2002-08-20,456.7332458496094,453.114368024163,9726800
2002-08-21,457.2062072753906,456.7182196731707,5853500
2002-08-22,454.32733154296875,459.14513733314953,3882700
2002-08-23,458.2531433105469,454.7042703382891,4050100
2002-08-26,456.3912353515625,458.02117680246937,3626400
2002-08-27,452.0464172363281,456.3182542969365,2140300
2002-08-28,442.9517517089844,451.39743735477236,2376300
2002-08-29,438.90692138671875,442.95174680235624,2925400
2002-08-30,443.65673828125,438.54991195954193,2527500
2002-09-02,439.9718933105469,443.0097694842664,2813900
2002-09-03,429.9712829589844,439.89988238412747,4325200
2002-09-04,420.4256286621094,427.4003634009155,5188500
2002-09-05,427.10235595703125,422.0155789469795,6089400
2002-09-06,427.7833251953125,425.3434177907929,2411100
2002-09-09,430.2542724609375,429.16032084132013,2180900
2002-09-10,429.31927490234375,430.3512476424996,2592400
2002-09-11,430.1042785644531,429.2702960993983,2579800
2002-09-12,428.1663513183594,431.025218333668,2857000
2002-09-13,420.98663330078125,427.89337787889957,2955200
2002-09-16,420.2006530761719,420.98660270561305,8411800
2002-09-17,427.1663818359375,420.74960897327355,4067800
2002-09-18,419.1047058105469,426.75940694591804,2679200
2002-09-19,408.6800842285156,417.75571923365624,4623000
2002-09-20,408.7830810546875,405.88316964945676,4725700
2002-09-23,410.7560119628906,407.7541146700995,2042500
2002-09-24,408.2880859375,410.51001479144236,1822800
2002-09-25,408.631103515625,407.24514059713516,3137700
2002-09-26,411.92498779296875,410.207037034147,5761600
2002-09-27,412.9569091796875,413.0359161124981,4430800
2002-09-30,419.2906799316406,412.15796206953104,7101700
2002-10-01,407.50213623046875,418.4566962050867,3638500
2002-10-02,409.486083984375,409.77504369028446,4619400
2002-10-03,408.41510009765625,408.81608546380113,3891400
2002-10-07,401.82733154296875,407.5581263329786,1695900
2002-10-08,402.0363464355469,401.849341998853,3250700
2002-10-09,391.8217468261719,401.58537416772833,3804800
2002-10-10,384.4720458984375,390.19481526103743,3045000
2002-10-11,376.45135498046875,384.7510198177089,3094000
2002-10-14,337.46185302734375,370.90055214586283,12072800
2002-10-15,342.190673828125,337.24985686487645,15575300
2002-10-16,357.3631286621094,347.961485910341,11876800
2002-10-17,355.0912170410156,356.50214245653063,4088200
2002-10-18,360.8909606933594,355.36016997297065,5250200
2002-10-21,361.8548889160156,359.8599715277264,6258900
2002-10-22,353.80023193359375,362.399903495333,4055900
2002-10-23,354.83721923828125,353.6372536787222,6885900
2002-10-24,353.17425537109375,354.9102108190158,1927100
2002-10-25,353.6402282714844,351.48232275368883,2993500
2002-10-28,361.6659240722656,353.70422816257883,5342400
2002-10-29,361.9049072265625,361.78690034927473,4195400
2002-10-30,361.1049499511719,360.45498132245376,2214700
2002-10-31,369.0296325683594,362.2029026212709,6233900
2002-11-01,371.1215515136719,369.69060741454405,3782200
2002-11-04,383.8560791015625,371.2735604571131,5659500
2002-11-05,374.8994140625,384.9960060656051,7450700
2002-11-06,369.3896179199219,374.8854062637252,3325300
2002-11-07,369.36163330078125,369.2666357769251,3271300
2002-11-08,365.68975830078125,367.6476592921302,4030200
2002-11-11,362.55889892578125,365.6717844642809,5022700
2002-11-12,371.07757568359375,362.43591355083083,2315400
2002-11-13,367.08770751953125,371.5605559560233,2000900
2002-11-14,371.236572265625,367.4247087637978,8591100
2002-11-15,374.13543701171875,372.3095192851075,5146100
2002-11-18,367.8656921386719,373.29947120228496,5584900
2002-11-19,369.0946350097656,367.8656789631736,9561200
2002-11-20,371.57855224609375,369.36965368078523,5053600
2002-11-21,373.21148681640625,372.6765039772282,2640700
2002-11-22,381.4401550292969,373.25349215025403,6561500
2002-11-25,381.8751220703125,381.5071249470593,6191900
2002-11-26,381.9320983886719,382.2810838042126,2323400
2002-11-27,383.0281066894531,381.2291654039131,2371600
2002-11-28,389.9598388671875,383.9170746290256,3908900
2002-11-29,390.4097900390625,389.8968095199313,2342300
2002-12-02,389.25482177734375,390.40977555409756,1411000
2002-12-03,397.7225341796875,389.248864803412,4028400
2002-12-04,397.06756591796875,397.65052054187794,3724700
2002-12-11,391.72674560546875,396.8785529856353,2606100
2002-12-12,393.84368896484375,391.70076694963336,2218800
2002-12-13,391.2067565917969,393.8396802245999,3141600
2002-12-16,395.2806091308594,392.36772808991236,4622200
2002-12-17,402.37835693359375,395.7516006036573,6399600
2002-12-18,406.3761901855469,400.98238755424865,6804700
2002-12-19,420.30963134765625,407.0821493027028,9978300
2002-12-20,425.10345458984375,420.2986488662493,9611300
2002-12-23,425.58941650390625,426.7143727018309,4090100
2002-12-27,424.928466796875,425.59341894066426,4297800
2003-01-02,409.10906982421875,423.32552675189885,2014500
2003-01-03,407.4961242675781,410.11702439900733,1528000
2003-01-06,398.2314758300781,407.49609858435696,2900300
2003-01-07,394.503662109375,398.327487931707,1336500
2003-01-08,389.3988342285156,393.9986611669796,1872100
2003-01-09,396.0135498046875,389.27782002170864,3261100
2003-01-10,399.6494445800781,396.78154479307915,2570100
2003-01-13,396.2125549316406,399.91440650616113,2797200
2003-01-14,407.1611633300781,396.1505747977236,3261300
2003-01-15,405.5821838378906,407.4391060907804,2609200
2003-01-16,397.09356689453125,401.2683923398329,2854200
2003-01-17,401.6333312988281,397.463510926716,1753600
2003-01-20,404.40728759765625,402.0363775414921,1293200
2003-01-21,405.148193359375,404.6492199084402,2080700
2003-01-22,405.6851806640625,405.14821428304094,1695800
2003-01-23,406.7541809082031,405.2482579891196,2505300
2003-01-24,405.3271789550781,405.7561783370178,2867600
2003-01-27,393.5426940917969,403.20329824854946,2559300
2003-01-28,395.1946105957031,393.0956932615182,2588700
2003-01-29,391.5147399902344,396.15255972538984,6579300
2003-01-30,392.2777099609375,391.64772963206264,1267300
2003-01-31,388.4278869628906,392.27774334310647,904500
2003-02-03,390.1998291015625,388.21589742878325,870600
2003-02-04,394.13165283203125,390.1997991309607,2003300
2003-02-05,392.2976989746094,393.15469072092435,1552700
2003-02-06,394.43963623046875,392.48173513085874,1806200
2003-02-07,394.61566162109375,394.5366546846564,2144700
2003-02-10,397.2025451660156,394.6026706544254,2360500
2003-02-11,395.5436096191406,397.2025416929854,1366100
2003-02-13,395.45660400390625,395.0176257161666,1335700
2003-02-14,399.5004577636719,395.3516322626306,1837000
2003-02-17,404.3822937011719,400.86543209502537,2767300
2003-02-18,402.93231201171875,404.38226777240317,1381400
2003-02-19,401.9373474121094,403.57128645549517,1556500
2003-02-20,399.9494323730469,401.412388137682,2263100
2003-02-21,402.22833251953125,399.8394484488151,1989400
2003-02-24,403.0163269042969,402.168337448455,1494200
2003-02-25,399.09246826171875,400.7453885460194,1718100
2003-02-26,397.52056884765625,399.09249875201334,2428100
2003-02-27,398.9334716796875,397.0575376436744,1849000
2003-02-28,399.2044677734375,399.0944561849584,2287100
2003-03-04,395.35162353515625,398.72649223841216,2291700
2003-03-05,391.1667785644531,395.3516132058424,2478900
2003-03-06,393.96966552734375,391.4057698651405,2862200
2003-03-07,389.77783203125,393.1996959482263,2180200
2003-03-10,382.6501159667969,389.7578410461747,1952800
2003-03-11,379.33624267578125,382.0711215372565,2838900
2003-03-12,387.23193359375,379.7952114008914,2190800
2003-03-13,383.841064453125,387.2319543495384,5691300
2003-03-14,387.86492919921875,385.8960115872425,2855000
2003-03-17,382.13409423828125,386.36494741934365,1278300
2003-03-18,384.6220397949219,384.9660205620143,2140700
2003-03-19,385.4679870605469,384.87200197442115,1701700
2003-03-20,394.6226501464844,385.46800747166867,2383300
2003-03-21,394.023681640625,394.24867899613866,2080600
2003-03-24,395.07061767578125,395.5026076935161,2165200
2003-03-25,394.9206237792969,393.47167508412974,1541900
2003-03-26,401.0234069824219,396.09058488764686,3872400
2003-03-27,401.327392578125,400.7894190975342,3007900
2003-03-28,404.4162902832031,401.213411824783,2248700
2003-03-31,397.988525390625,404.45726804899397,2157600
2003-04-01,398.03948974609375,397.02652871084194,1298000
2003-04-02,398.03948974609375,397.02652871084194,112980200
2003-04-03,400.74139404296875,398.1045032469434,1846900
2003-04-04,405.6622009277344,400.65638403473497,2354600
2003-04-07,423.7975158691406,406.28818695896706,8506100
2003-04-08,422.09454345703125,422.87451184105214,5376900
2003-04-09,430.25927734375,422.1655977941914,6164000
2003-04-10,430.4302673339844,430.7212716525086,6587800
2003-04-11,438.53192138671875,430.45423324923087,7859500
2003-04-14,433.93011474609375,438.35294688562647,4486500
2003-04-15,437.70697021484375,434.9490819038788,5490500
2003-04-16,442.7027587890625,438.0369248894312,8372300
2003-04-17,443.8397216796875,441.21781443933685,8284000
2003-04-21,447.9235534667969,443.71671667925455,9158000
2003-04-22,442.7197570800781,447.4445791678127,7827900
2003-04-23,447.6685485839844,442.7197364273346,7599900
2003-04-24,445.1346740722656,447.6685719818067,5058100
2003-04-25,435.02606201171875,444.0677021730158,7512400
2003-04-28,430.9002380371094,430.5332479117922,4044100
2003-04-29,444.16473388671875,433.0281735638695,8509000
2003-04-30,450.84344482421875,444.590697469315,9621500
2003-05-01,452.1803894042969,452.1373918111152,5954200
2003-05-02,447.8015441894531,451.96336925922435,4601600
2003-05-05,458.93914794921875,447.8015807135248,6151700
2003-05-06,463.5939636230469,459.16112216448613,8435600
2003-05-07,473.1095886230469,463.41797950448586,12024900
2003-05-08,471.0996398925781,472.65255784870106,6075300
2003-05-09,469.61572265625,470.60967200337876,5217800
2003-05-12,473.9085693359375,469.61573703755874,3733800
2003-05-13,473.4925537109375,474.7055191866515,4350700
2003-05-14,467.9207763671875,472.27360371138747,2552100
2003-05-19,459.1971130371094,466.28683326786484,2855100
2003-05-20,466.1238708496094,456.8382212240263,3948900
2003-05-21,466.2688293457031,466.34182454991776,3756700
2003-05-22,465.11090087890625,466.46683566988975,3830500
2003-05-23,472.0866394042969,465.38188323473275,5462900
2003-05-26,478.391357421875,472.50358642100156,8190700
2003-05-27,480.247314453125,478.22441338716555,7057800
2003-05-28,492.7987976074219,481.1882574309058,10497400
2003-05-29,494.7567138671875,492.9897844564111,8820400
2003-06-02,505.7043151855469,495.21772384982677,6384400
2003-06-03,502.4054260253906,505.72829469232425,6859100
2003-06-04,504.5123596191406,497.0176259423396,11989900
2003-06-05,511.14605712890625,505.81527130714994,14164300
2003-06-06,510.6731262207031,511.2161043645615,12264700
2003-06-09,519.3047485351562,510.1010976589474,15599900
2003-06-10,519.5227661132812,519.3617616509756,8543400
2003-06-11,515.6929321289062,519.772790353156,14001800
2003-06-12,501.7864685058594,509.6271667369669,7755200
2003-06-13,510.4591369628906,503.7293878967317,8122500
2003-06-16,512.6710205078125,510.36712460373536,3192900
2003-06-17,509.0221862792969,515.1059339374093,6966700
2003-06-18,503.21343994140625,509.02220461175506,5525800
2003-06-19,509.8091735839844,502.55945566696533,5752900
2003-06-20,511.43206787109375,509.30715066860887,2942500
2003-06-23,506.29327392578125,511.27608161116905,2848000
2003-06-24,500.1715393066406,504.08038372879327,4135700
2003-06-25,500.259521484375,500.10953342546014,3176800
2003-06-26,497.79461669921875,500.7235187931793,4865900
2003-06-27,506.76129150390625,499.55655469739287,3700800
2003-06-30,505.4793395996094,505.8493203317384,2622900
2003-07-01,505.6443176269531,505.4543225817176,3224800
2003-07-02,506.05133056640625,505.11334825220075,3206200
2003-07-03,507.7452392578125,506.52327146950245,6049400
2003-07-04,504.079345703125,505.729275271256,1775700
2003-07-07,511.3580627441406,504.10434762371756,4442100
2003-07-08,518.5098876953125,511.43713387314074,10644300
2003-07-09,519.7907104492188,519.0147397233242,8546400
2003-07-10,518.225830078125,520.3267616059554,3532900
2003-07-11,524.6676025390625,516.4399559122676,6104500
2003-07-14,534.940185546875,530.7323414495197,13750800
2003-07-15,533.8092041015625,536.1141069101875,9480000
2003-07-16,524.2406005859375,533.2572787698817,6861900
2003-07-17,523.5326538085938,524.240634135716,10521400
2003-07-18,525.4794921875,521.9206100833859,5635500
2003-07-21,520.8927612304688,525.4805344179384,6894200
2003-07-22,516.7589111328125,519.7587945613184,11189500
2003-07-23,512.6010131835938,516.8178900120292,7813400
2003-07-24,505.02435302734375,511.1301029673148,10161800
2003-07-25,510.06317138671875,505.47234650655105,9426100
2003-07-28,512.7740478515625,509.6241765562398,5245000
2003-07-29,511.4520568847656,513.1859981133539,2838700
2003-07-30,508.20220947265625,509.13918473140785,6151900
2003-07-31,507.9652099609375,508.69818313483614,7945400
2003-08-01,508.6831970214844,508.0892260075037,10992800
2003-08-04,503.9223327636719,508.61517342127365,11191400
2003-08-05,488.5099792480469,503.8184044514259,18664000
2003-08-06,494.416748046875,489.7959258218447,9556400
2003-08-07,508.2502136230469,495.94069501268064,9902400
2003-08-08,505.34033203125,508.5062245307137,12280500
2003-08-11,504.82135009765625,505.11034031175313,7781600
2003-08-12,506.39727783203125,504.8263551022943,4345300
2003-08-13,511.205078125,507.2992245250018,6512300
2003-08-14,510.1091613769531,512.0170766865111,3826400
2003-08-15,516.6268920898438,510.68315338811084,3392700
2003-08-19,517.0328979492188,518.3408915828477,5247300
2003-08-20,518.7567749023438,516.6198952310727,8447400
2003-08-21,525.5625,518.0698114128633,21710100
2003-08-22,528.92236328125,525.2245094640318,11953500
2003-08-25,529.015380859375,529.1233478404195,17810500
2003-08-26,528.7383422851562,528.4563708650129,8132500
2003-08-27,530.8413696289062,528.055467154169,18308600
2003-08-28,530.2193603515625,531.3813024471705,17082400
2003-08-29,529.6543579101562,529.8093811689205,7608400
2003-09-01,534.316162109375,529.4853566293251,20060600
2003-09-02,538.9180297851562,533.6482155643752,14122100
2003-09-03,558.227294921875,540.4169530178108,26381100
2003-09-04,575.169677734375,562.4581353018898,32520300
2003-09-05,582.3003540039062,575.5666070715537,18469100
2003-09-08,587.0341186523438,583.3132554262659,13370700
2003-09-09,585.2691650390625,589.3930276342882,19710200
2003-09-10,572.8306884765625,584.4001835862105,13115200
2003-09-11,565.615966796875,571.2487429763385,8825900
2003-09-12,578.3524780273438,566.3259688198297,9397600
2003-09-15,574.7766723632812,578.3525221563414,11248000
2003-09-16,581.2223510742188,573.9146523789468,9683700
2003-09-17,585.8901977539062,581.8913301182023,12034800
2003-09-18,582.6643676757812,584.8682615182025,16202500
2003-09-19,585.648193359375,582.0103346660165,12658200
2003-09-23,588.4880981445312,583.5982736770005,11142400
2003-09-24,605.599365234375,588.4880331276239,11005800
2003-09-25,603.6845092773438,600.7636024663884,12856900
2003-09-26,599.816650390625,602.7335288995403,12191100
2003-09-29,597.1168212890625,597.3178022520415,12016200
2003-09-30,597.6287841796875,597.1388129605923,7095700
2003-10-01,606.015380859375,597.5896838763623,7293700
2003-10-02,619.5689086914062,607.7763377829822,10244800
2003-10-03,621.8378295898438,619.3999360659295,9082100
2003-10-06,615.85009765625,621.6098226213575,13863400
2003-10-07,615.2850952148438,615.1820718772266,9092900
2003-10-08,624.3037109375,616.044999085282,14791400
2003-10-09,636.2022705078125,624.4727457823537,19547200
2003-10-10,644.7929077148438,638.1851935943126,20635300
2003-10-13,644.408935546875,646.6448104231536,10013200
2003-10-14,648.6907958984375,644.5849373818652,12870600
2003-10-15,650.4147338867188,649.884725180635,18367900
2003-10-16,649.272705078125,650.4666893720696,18367900
2003-10-17,649.6207275390625,649.478765287587,8738100
2003-10-20,652.7335815429688,649.8976933207739,7856100
2003-10-21,646.94580078125,653.4385287563977,13519200
2003-10-22,646.1397705078125,647.9697162069231,7786300
2003-10-23,630.9674072265625,642.9099348319382,11387600
2003-10-24,634.5422973632812,631.8173668946155,22371100
2003-10-27,629.0275268554688,634.0723134758922,5418200
2003-10-28,626.837646484375,631.1664577995857,11849500
2003-10-29,624.5386352539062,626.8375568410813,8452100
2003-10-30,627.8095092773438,624.5236266349976,5137200
2003-10-31,625.5216674804688,627.5175614553171,6234400
2003-11-03,617.2369995117188,624.2437462613091,6041000
2003-11-04,626.4656372070312,617.2540201988655,5423400
2003-11-05,635.7922973632812,626.465633611408,7672700
2003-11-06,632.7863159179688,637.8941491042153,5966900
2003-11-07,626.712646484375,629.7145439957088,3400900
2003-11-10,620.0458374023438,629.7924667476638,10915100
2003-11-11,617.6939697265625,615.8060427384128,9631400
2003-11-12,619.847900390625,617.3229741831707,6537100
2003-11-13,614.612060546875,621.6078209289037,5465200
2003-11-14,610.311279296875,614.3811282935181,5641000
2003-11-17,607.765380859375,609.6542844985257,4000600
2003-11-18,605.7633666992188,607.4013033192359,4159000
2003-11-19,601.91455078125,603.6945107695958,3387900
2003-11-20,605.7813720703125,601.8535467083127,4634400
2003-11-21,617.0599975585938,605.7274302741006,5152400
2003-12-01,629.91552734375,617.2330367180465,6415700
2003-12-02,633.703369140625,630.7494435542784,12103500
2003-12-03,643.8379516601562,632.0564271574622,13680900
2003-12-04,641.1251220703125,643.8379683591013,9080600
2003-12-05,638.0201416015625,640.6430863522316,10407300
2003-12-08,647.7457885742188,635.6382885553752,7337400
2003-12-09,644.4338989257812,647.6787677321216,5045800
2003-12-10,645.935791015625,644.3538825344543,9660500
2003-12-11,653.2985229492188,645.5938670578968,17816500
2003-12-12,656.7144165039062,654.0655328401568,26132900
2003-12-15,658.496337890625,658.7543844856907,11575000
2003-12-16,656.8834228515625,657.5163938142587,6090300
2003-12-17,655.6724853515625,654.8665474729128,8920200
2003-12-18,664.85107421875,655.6724162215339,15938900
2003-12-19,672.2658081054688,666.1010701885119,19866600
2003-12-22,674.3687744140625,672.8828092957075,10163000
2003-12-23,679.280517578125,674.3687218140764,15851500
2003-12-29,693.0060424804688,679.7635159971709,13694900
2003-12-30,691.8681030273438,695.4939385299871,19701600
2004-01-02,704.4705200195312,691.3490223217182,11244500
2004-01-05,725.4437866210938,706.3425393468588,35915500
2004-01-06,723.9608154296875,728.6915881975445,39797000
2004-01-07,709.3394165039062,723.8778525345252,33583800
2004-01-08,730.7864990234375,709.3353093332089,31361400
2004-01-09,753.6627197265625,734.5174678596876,33810700
2004-01-12,742.4771118164062,750.6877910969214,24320200
2004-01-13,743.1141357421875,743.9840970617937,11246100
2004-01-14,756.5335083007812,742.0301061723653,16628700
2004-01-15,763.4232177734375,756.6704905101992,16974900
2004-01-16,770.303955078125,763.5052088879255,23985800
2004-01-19,766.453125,770.3039882284338,14904500
2004-01-20,773.0949096679688,767.8921092412215,16024800
2004-01-21,776.2708129882812,773.0949112035177,13729700
2004-01-23,785.8484497070312,776.1637679596541,14705400
2004-01-26,786.8433837890625,782.5115212216097,13603700
2004-01-27,772.4639892578125,786.8514304388011,18847800
2004-01-28,767.0771484375,771.997977480861,18234300
2004-01-29,759.6143798828125,763.3752806843916,19133000
2004-01-30,752.9027099609375,758.1164963404154,19108600
2004-02-03,730.29052734375,748.455835490522,22191500
2004-02-04,730.24658203125,732.7634517750979,13932000
2004-02-05,736.4393920898438,732.0325199284666,6728700
2004-02-06,758.8944091796875,736.7842486773204,13411400
2004-02-09,767.2251586914062,761.0833688075068,12828500
2004-02-10,766.7411499023438,767.2061586568664,6483900
2004-02-11,769.7630615234375,767.1271167822302,10293500
2004-02-12,766.05322265625,769.9900813047609,22811300
2004-02-13,773.1099243164062,766.1932013357609,9743900
2004-02-16,775.19482421875,773.0889490959597,27904000
2004-02-17,776.9688110351562,775.1068839244017,33368000
2004-02-18,785.8764038085938,777.4257438559877,35865700
2004-02-19,789.4013061523438,786.0684279591363,17840500
2004-02-20,794.4360961914062,790.8682417280714,6620800
2004-02-24,780.72265625,794.8871449604742,23033300
2004-02-25,777.0227661132812,778.8367214615014,20511300
2004-02-26,775.98583984375,777.1408242630544,28317700
2004-02-27,761.0513916015625,775.9798270545765,22220300
2004-03-01,758.9763793945312,760.8663203303618,20263500
2004-03-02,779.7156372070312,760.6184187496137,22686600
2004-03-03,776.7957763671875,780.7166443782364,13461400
2004-03-04,774.7378540039062,777.3307706705008,18645300
2004-03-05,777.9796752929688,775.4637821800835,17835600
2004-03-08,772.837890625,778.4587044942648,17670600
2004-03-09,771.0479736328125,768.3751040977936,11391400
2004-03-10,760.2974243164062,770.4239831655614,11808900
2004-03-11,741.1691284179688,759.6764031378357,13899800
2004-03-12,738.1232299804688,733.7714097239707,11050300
2004-03-15,724.122802734375,739.7702036590359,9974700
2004-03-16,716.149169921875,720.6439903548095,13743400
2004-03-17,730.5565185546875,716.2280370678646,12169000
2004-03-18,733.5414428710938,730.8225546052727,12217400
2004-03-19,742.8851318359375,732.3835257839216,5419600
2004-03-23,736.4133911132812,734.6394732517115,6077600
2004-03-24,738.7642822265625,736.4133605244616,11879500
2004-03-25,727.07470703125,739.284192396656,7014200
2004-03-26,714.1012573242188,729.324664317924,18134600
2004-03-29,716.89306640625,714.8471256766326,5200900
2004-03-30,730.0325317382812,718.7710076015017,6395700
2004-03-31,735.6483764648438,733.4874498084541,6835900
2004-04-01,737.624267578125,735.6493079274765,7082000
2004-04-02,750.6227416992188,739.6091936126962,26875100
2004-04-06,771.5179443359375,757.0125274756388,34088700
2004-04-07,774.3688354492188,771.7089658712318,15212700
2004-04-08,779.586669921875,774.4178646974381,22430400
2004-04-12,767.7821655273438,777.7307534027319,8080300
2004-04-13,771.708984375,769.6480294161166,8151100
2004-04-14,777.9576416015625,771.2409235223722,16539400
2004-04-15,772.9569091796875,773.3018664540188,19313400
2004-04-16,776.5418090820312,774.0939062741037,20813700
2004-04-19,784.8084106445312,776.599746105016,17652500
2004-04-20,810.827392578125,785.1933823473973,18998800
2004-04-21,814.1713256835938,810.31948580237,24125300
2004-04-22,804.3956909179688,810.9284566501389,14634500
2004-04-23,815.4122314453125,807.1995994453406,10118900
2004-04-26,811.71337890625,812.8383350892416,7443900
2004-04-27,818.1271362304688,813.4893163529572,5202100
2004-04-28,817.901123046875,818.3271318428413,9813300
2004-04-29,801.935791015625,812.9663678727311,11298600
2004-04-30,783.3825073242188,798.0868905525286,16186900
2004-05-04,779.5726928710938,785.373431510155,7764700
2004-05-05,758.052490234375,781.2036284816214,18597600
2004-05-06,746.0879516601562,757.4755087159044,14122300
2004-05-07,743.6080932617188,741.5861382360803,16821800
2004-05-10,707.1904907226562,733.6764592880625,17993300
2004-05-11,718.2330322265625,698.5348242843843,19786100
2004-05-12,744.2620239257812,723.4677899911321,22509000
2004-05-13,739.1082763671875,738.43728195765,13448700
2004-05-14,722.6808471679688,738.5712196954261,13512100
2004-05-17,668.4509887695312,718.550053231943,17049600
2004-05-18,676.1256713867188,672.930788366432,16106500
2004-05-19,706.76953125,684.1723869382721,13560000
2004-05-21,724.90380859375,712.7802567537874,10298900
2004-05-24,732.551513671875,726.4847331274066,6487900
2004-05-25,717.1070556640625,727.1476798877687,9775200
2004-05-26,717.97705078125,724.9047595697648,8448000
2004-05-27,728.28466796875,722.3649152560071,4422900
2004-05-28,733.96142578125,730.9925471840181,10659500
2004-05-31,732.4874877929688,731.8535402939136,3720900
2004-06-01,731.1735229492188,731.4835084236146,4243000
2004-06-02,719.0139770507812,728.4406117113817,8102300
2004-06-04,697.9097900390625,707.9023812392501,11722600
2004-06-07,700.7576904296875,704.3055869668146,9804400
2004-06-08,703.5516357421875,705.7575436612437,8389000
2004-06-09,709.7254028320312,704.0226215763953,8129700
2004-06-10,706.8135375976562,706.4545427586488,10711800
2004-06-11,704.0975341796875,706.3144276823664,5034400
2004-06-14,696.3109741210938,702.4617362563272,8258400
2004-06-15,707.3834838867188,696.104931076872,7826800
2004-06-16,707.8594360351562,710.5923007167554,5432600
2004-06-17,700.1098022460938,706.6765024859642,3854600
2004-06-18,692.6881103515625,696.982926373576,3941200
2004-06-21,689.588134765625,694.5359401241031,4420900
2004-06-22,691.0661010742188,688.6321748777164,3487500
2004-06-23,699.728759765625,691.998103481552,8909800
2004-06-24,709.3234252929688,703.3686398040632,10504200
2004-06-25,720.2039794921875,707.8504561243071,6024800
2004-06-28,720.510986328125,718.7060638319127,4424900
2004-06-29,722.2649536132812,718.508080608981,7158500
2004-06-30,732.3724975585938,723.6158193193289,15871800
2004-07-01,729.7796020507812,728.1947027504905,9792700
2004-07-02,744.9959716796875,728.5475774759773,12367100
2004-07-05,744.9959716796875,728.5475774759773,123671400
2004-07-06,768.22509765625,757.8644780489669,22786100
2004-07-07,771.6339721679688,762.1443512364685,18953000
2004-07-08,759.71240234375,771.1609308633658,14482100
2004-07-09,761.1104125976562,757.0135870731979,9902400
2004-07-12,757.5455322265625,762.9582854557716,9299600
2004-07-13,756.552490234375,754.8955723763032,6556400
2004-07-14,744.2869873046875,753.6516737980253,8864000
2004-07-15,745.3109741210938,743.4880471331666,5801700
2004-07-16,756.0655517578125,743.3130572420498,10983800
2004-07-19,754.24365234375,754.7506516524589,9567200
2004-07-20,756.6375122070312,752.1216969405106,11534600
2004-07-21,761.2094116210938,758.3345234202717,13939100
2004-07-22,761.4884033203125,755.0256418579697,6947400
2004-07-23,766.337158203125,761.0553814882512,14926300
2004-07-26,761.7744140625,762.5033896412402,13751800
2004-07-27,759.2493896484375,759.3823800687994,8661900
2004-07-28,760.17041015625,760.0214291413633,7829200
2004-07-29,760.9434204101562,760.3714211775675,13730100
2004-07-30,756.9534912109375,761.6573485439054,8735700
2004-08-02,749.4288330078125,755.1095810980557,3056100
2004-08-03,757.2655029296875,750.7967606140782,6656800
2004-08-04,758.2745361328125,753.9316873947182,11642800
2004-08-05,761.9813842773438,757.9335678972785,13753800
2004-08-06,753.9026489257812,759.4284347213477,11295500
2004-08-09,750.0107421875,749.515766364748,4960500
2004-08-10,752.4136962890625,750.1587792063848,5691300
2004-08-11,763.917236328125,754.3765926931102,7346800
2004-08-12,758.1495361328125,762.6393517846395,14099400
2004-08-13,755.8905639648438,753.8446841169774,6322100
2004-08-16,751.9207153320312,754.3396274322968,2553400
2004-08-17,751.9207153320312,754.3396274322968,125534200
2004-08-18,754.2246704101562,752.9366956417434,4941500
2004-08-19,753.6597290039062,754.1456720279956,3672300
2004-08-20,750.4427490234375,753.5876460354074,2488900
2004-08-23,749.341796875,751.6757514151845,3982600
2004-08-24,738.8372802734375,743.5130626980091,11557800
2004-08-25,731.6875,737.5412758681596,4182900
2004-08-26,735.2254028320312,732.4294911810889,3365500
2004-08-27,746.73095703125,734.0124577237085,5233700
2004-08-30,752.9957275390625,745.1589963106828,4150400
2004-08-31,754.6746215820312,754.1676832948351,9754800
2004-09-01,775.0658569335938,755.9325680476304,18126700
2004-09-02,780.2406616210938,776.1878406724763,13046700
2004-09-03,786.4594116210938,779.529688382392,11946300
2004-09-06,784.7564086914062,784.7933945549123,6100000
2004-09-07,786.6564331054688,784.818491853918,8797400
2004-09-08,789.1043090820312,786.2274068498725,13054600
2004-09-09,782.6195678710938,790.5752519188186,40377400
2004-09-10,797.7439575195312,782.228509498368,16656600
2004-09-14,808.9845581054688,803.5377482569609,17004500
2004-09-15,815.4542846679688,805.8786075580343,19835400
2004-09-16,813.0324096679688,811.7054349025545,5586900
2004-09-17,814.5942993164062,812.921390738231,6924400
2004-09-20,814.5942993164062,812.921390738231,69244200
2004-09-21,823.825927734375,827.148857568035,18271400
2004-09-22,818.1981201171875,823.8249151718921,12392900
2004-09-23,816.730224609375,813.8392849217529,20964000
2004-09-24,819.7890625,816.4472126462754,14907600
2004-09-27,815.5502319335938,819.9910991500793,12965200
2004-09-28,812.0953979492188,813.3583492687256,11580300
2004-09-29,812.8604125976562,812.563366045815,8671200
2004-09-30,820.10205078125,814.4983260277244,6931700
2004-10-01,835.8724365234375,820.660016998711,13617800
2004-10-04,856.4156494140625,844.211168265127,27398500
2004-10-05,861.2844848632812,856.4436697773803,21609800
2004-10-06,856.0266723632812,858.382598713263,21978700
2004-10-07,849.7929077148438,853.9697470704114,15496000
2004-10-08,855.6856689453125,848.7939695732705,20345900
2004-10-11,860.1105346679688,856.7856517562285,13274900
2004-10-12,849.159912109375,860.2514599920765,20922400
2004-10-13,863.1373901367188,849.8348688912862,18203200
2004-10-14,859.6305541992188,860.2475345877316,16878000
2004-10-15,857.5596313476562,856.6186279434298,16878000
2004-10-18,854.353759765625,856.9206153918183,13346400
2004-10-19,853.3598022460938,856.4936524800074,9780600
2004-10-20,840.75830078125,852.6048246830658,15464600
2004-10-21,834.1365356445312,841.412253396872,13330100
2004-10-22,850.7408447265625,835.1744345415933,11827000
2004-10-25,846.6021118164062,846.4650932150046,10071700
2004-10-26,841.3203125,844.7551764934852,8336800
2004-10-27,849.1509399414062,844.4351202414105,7334100
2004-10-28,862.08544921875,854.5737177974249,17921400
2004-10-29,860.4535522460938,859.2615819784049,15590000
2004-11-01,863.5553588867188,860.6194990999905,9825500
2004-11-02,881.3616943359375,863.5233993275791,17785900
2004-11-03,890.330322265625,883.5705757131877,12769700
2004-11-04,888.3014526367188,891.8913398820587,11624400
2004-11-05,893.604248046875,894.4202563726187,7453300
2004-11-08,888.703369140625,886.6324658967997,5330000
2004-11-09,901.344970703125,890.4583699262382,7575600
2004-11-10,918.67724609375,902.1968696531816,17537600
2004-11-11,925.1489868164062,919.2002437574687,11327800
2004-11-12,933.9937133789062,928.871903249837,15289400
2004-11-19,933.9937133789062,928.871903249837,52893700
2004-11-22,939.9544677734375,936.27858535833,10309800
2004-11-23,958.981689453125,940.021428236709,20508900
2004-11-24,961.2864990234375,961.5135409534976,26643100
2004-11-25,955.6438598632812,958.8377053630767,16523600
2004-11-26,965.178466796875,954.9008513654641,17216900
2004-11-29,964.0484619140625,966.1453651313844,17780900
2004-11-30,977.72900390625,964.6084814622304,17273900
2004-12-01,986.1605834960938,977.7939048153604,18787200
2004-12-02,997.6591796875,996.363209605157,41089800
2004-12-03,981.3687744140625,1000.1340350298935,19607600
2004-12-06,983.1597290039062,981.3388159953939,12702400
2004-12-07,986.37158203125,983.956697994942,12454300
2004-12-08,979.181884765625,981.938796576656,21782800
2004-12-09,963.7594604492188,974.6560087053773,16125600
2004-12-10,945.1932373046875,951.7009799300824,18397700
2004-12-13,935.74755859375,944.0492372796991,10941300
2004-12-14,922.037109375,935.7575836304662,13236900
2004-12-15,939.1144409179688,921.8630983587029,15038300
2004-12-16,957.1287231445312,941.2343229047059,22351100
2004-12-17,973.316162109375,959.5137202222604,13767000
2004-12-20,966.775390625,971.3372249351401,14665700
2004-12-21,976.2809448242188,965.5283729005768,11813400
2004-12-22,985.1436767578125,980.9358326645715,15747100
2004-12-23,986.4675903320312,986.4616091194941,9121800
2004-12-27,997.4791870117188,985.2106825248952,9839600
2004-12-28,1003.8798828125,998.6360686214545,8399500
2004-12-29,1004.390869140625,1006.2368055375691,14071600
2004-12-30,1000.194091796875,1001.8210427144395,7840000
2005-01-03,1000.8380737304688,1000.5150882502554,4584400
2005-01-04,1018.5033569335938,1002.2329335719564,16504000
2005-01-05,1015.3914794921875,1016.3664171030731,22712700
2005-01-06,1029.8458251953125,1014.8264524131289,20900900
2005-01-07,1032.48486328125,1034.2627482274418,23479000
2005-01-10,1015.4384765625,1028.2269188892528,20111600
2005-01-11,1011.6336059570312,1013.3515566811819,12626100
2005-01-12,1008.5386962890625,1008.716667868449,13260300
2005-01-13,1021.6301879882812,1010.0766829466136,22352900
2005-01-14,1021.30029296875,1020.9792605367043,14367300
2005-01-17,1024.8450927734375,1024.1011031966182,17346400
2005-01-18,1017.6864013671875,1025.0791189885651,10809800
2005-01-19,1027.77001953125,1019.4622987433606,26853200
2005-01-20,1035.7066650390625,1029.9849637531524,19886400
2005-01-24,1030.6768798828125,1033.1906979455455,11303900
2005-01-25,1026.85302734375,1029.1090431609766,10025700
2005-01-26,1037.4686279296875,1028.9518697797666,18297600
2005-01-27,1044.9473876953125,1037.0536518001459,26955100
2005-01-28,1046.4423828125,1046.3164111434128,17375800
2005-01-31,1045.3944091796875,1045.4093011787477,16993100
2005-02-01,1047.4912109375,1046.0623114764069,17224100
2005-02-02,1052.783935546875,1048.5021199411312,20023500
2005-02-03,1049.290283203125,1055.2459844041045,14266100
2005-02-04,1048.3502197265625,1046.3252740648472,9775400
2005-02-07,1041.5875244140625,1049.9770905608284,8718600
2005-02-08,1036.563720703125,1040.0356316752745,12707300
2005-02-11,1045.828369140625,1037.360680685886,6447900
2005-02-14,1050.6920166015625,1049.2820374629096,12846600
2005-02-15,1067.1583251953125,1052.4609004416818,20208700
2005-02-16,1073.4031982421875,1067.686501637295,20134500
2005-02-17,1082.9359130859375,1075.458176543629,33487900
2005-02-18,1092.4505615234375,1082.2878707670855,16121000
2005-02-21,1093.7353515625,1093.8734077084553,24784900
2005-02-22,1099.8702392578125,1094.3305374560966,23513200
2005-02-23,1102.8831787109375,1094.8294144488186,25017200
2005-02-24,1101.9761962890625,1104.3730757506257,16294100
2005-02-25,1083.3338623046875,1103.5720892219565,13865700
2005-02-28,1073.7862548828125,1081.9349859175004,12277000
2005-03-01,1093.238525390625,1074.2082589990039,18985500
2005-03-02,1082.704833984375,1093.792415403085,18692300
2005-03-03,1094.55322265625,1082.8697187472708,22996700
2005-03-04,1102.9652099609375,1095.8384116190045,21702900
2005-03-07,1105.2548828125,1105.0349206850879,16756100
2005-03-08,1114.1636962890625,1105.2659710735402,19276000
2005-03-09,1116.764404296875,1115.2265004427645,18561600
2005-03-10,1108.00390625,1111.8868118825033,24169300
2005-03-14,1123.438232421875,1117.9883717686455,22118200
2005-03-15,1118.9573974609375,1123.8192686565653,24984400
2005-03-16,1138.189697265625,1124.6031900770063,33619000
2005-03-17,1134.5467529296875,1137.7016593461358,42689200
2005-03-18,1147.829345703125,1135.669784818212,38582400
2005-03-21,1151.51416015625,1150.2062276430931,1715900
2005-03-22,1152.5560302734375,1154.6739897163113,27373500
2005-03-23,1142.103515625,1148.2783242218914,25903700
2005-03-24,1114.5076904296875,1137.6037162241926,25554300
2005-03-28,1100.197265625,1111.4428006001945,18863400
2005-03-29,1070.2584228515625,1093.080533269232,29328600
2005-03-30,1065.08544921875,1061.8245899587369,26297700
2005-03-31,1080.1229248046875,1076.5400566890942,20720300
2005-04-01,1095.0233154296875,1081.4797764761815,14767500
2005-04-04,1100.1602783203125,1096.8424140051636,8278100
2005-04-05,1096.4832763671875,1101.2631194168741,12276800
2005-04-06,1103.2451171875,1096.973388106103,9903800
2005-04-07,1111.5777587890625,1105.0999832706148,15313700
2005-04-08,1111.1827392578125,1113.4426611371218,15241000
2005-04-11,1105.93896484375,1109.3577769487017,9866100
2005-04-12,1110.8408203125,1104.853992659595,11903000
2005-04-13,1116.62646484375,1112.1565465198985,16251900
2005-04-14,1108.395751953125,1115.8925299896498,9959300
2005-04-15,1096.4752197265625,1102.4270141796233,9835500
2005-04-18,1060.147705078125,1085.0937556900483,15538500
2005-04-19,1062.6517333984375,1064.5817121737498,12061200
2005-04-20,1070.9044189453125,1067.343522200859,7588800
2005-04-21,1047.76318359375,1060.5286780625167,13380600
2005-04-25,1019.8353271484375,1047.1732529272329,12264700
2005-04-26,1031.727783203125,1024.0350894855824,14857900
2005-04-27,1032.1778564453125,1034.7567355955798,11518200
2005-04-28,1038.3165283203125,1032.0467535095422,15531900
2005-04-29,1029.5728759765625,1030.9617378160665,8646500
2005-05-02,1026.4820556640625,1031.0629322141926,6481200
2005-05-03,1033.462890625,1021.8872906566946,8031600
2005-05-04,1049.5382080078125,1037.2846557021057,10628200
2005-05-06,1068.2333984375,1053.592001197112,11289100
2005-05-09,1080.1649169921875,1066.8963913463954,11377300
2005-05-10,1071.1153564453125,1080.3160486901934,10734800
2005-05-11,1057.0357666015625,1062.0435057024802,10118100
2005-05-12,1063.78564453125,1057.0808272272632,10659900
2005-05-13,1059.231689453125,1058.9657086028174,10166100
2005-05-16,1048.7462158203125,1058.0078186530993,7379800
2005-05-17,1045.7322998046875,1051.859136839301,8943400
2005-05-18,1040.222412109375,1048.0241101062568,7269900
2005-05-19,1045.42431640625,1045.5433303332984,6325600
2005-05-20,1048.0712890625,1045.8443249133666,6056600
2005-05-23,1045.109375,1045.4283323207526,7356300
2005-05-25,1049.0152587890625,1044.4723445356358,8821900
2005-05-26,1054.3199462890625,1043.605397290916,6438600
2005-05-27,1061.4537353515625,1058.3408192443421,10375600
2005-05-30,1062.914794921875,1056.1539489630245,7814300
2005-05-31,1088.1265869140625,1060.3866999705776,17691600
2005-06-01,1082.89892578125,1087.5166661178448,7625300
2005-06-02,1091.4224853515625,1083.2667969288098,9638200
2005-06-03,1092.45947265625,1091.0095778637758,9746800
2005-06-06,1096.790283203125,1088.8826322551204,14910500
2005-06-07,1092.771484375,1096.5704089609872,13671500
2005-06-08,1095.46728515625,1088.9065058786882,10835000
2005-06-09,1094.1463623046875,1093.7854144447733,6300800
2005-06-10,1096.8892822265625,1092.6103961578108,8707400
2005-06-13,1100.835205078125,1098.7262783726537,5540500
2005-06-14,1105.846923828125,1098.1802303836992,8249500
2005-06-15,1119.535400390625,1106.580948601698,17296700
2005-06-16,1125.7152099609375,1122.22425699391,11840400
2005-06-17,1141.7735595703125,1124.897263208197,13543500
2005-06-20,1147.665283203125,1143.8054481119996,11405000
2005-06-21,1133.2818603515625,1142.8914710007193,13949300
2005-06-22,1134.6507568359375,1127.7470950379006,13627300
2005-06-23,1137.379638671875,1133.8128830989533,8709700
2005-06-24,1135.622802734375,1127.375076795603,8808200
2005-06-27,1119.8543701171875,1129.5700564846486,7461800
2005-06-28,1127.773193359375,1117.98353470544,8239400
2005-06-29,1126.813232421875,1129.0021121372265,6213200
2005-06-30,1122.3323974609375,1130.4431665118498,7129300
2005-07-01,1138.9437255859375,1124.2552101404049,7124700
2005-07-04,1138.837646484375,1137.2577519024849,6251800
2005-07-05,1131.1239013671875,1139.9205557292125,10346100
2005-07-06,1117.7684326171875,1131.3518874059705,8539500
2005-07-07,1108.3597412109375,1112.7206551713655,11867800
2005-07-08,1110.5137939453125,1103.2500385104063,9140600
2005-07-11,1123.418212890625,1112.8356178928882,14873100
2005-07-12,1129.0711669921875,1125.3163078487282,18934500
2005-07-13,1132.749755859375,1128.7329447848763,12212700
2005-07-14,1136.5247802734375,1132.7759025968194,17076600
2005-07-15,1131.4169921875,1142.1175031493533,21949800
2005-07-18,1128.3961181640625,1127.2572463785204,14862200
2005-07-19,1131.972900390625,1126.7161470267247,15490100
2005-07-20,1140.6116943359375,1131.5779876684262,15054600
2005-07-21,1157.468994140625,1145.52646573078,17607300
2005-07-22,1172.1983642578125,1164.4216896014568,15785600
2005-07-25,1169.704345703125,1174.5190991865159,10946600
2005-07-26,1177.957275390625,1170.7865335436084,11495700
2005-07-27,1178.0662841796875,1181.7670681119298,20805900
2005-07-28,1186.56787109375,1184.0809072585134,16249800
2005-07-29,1182.2550048828125,1187.3197491386156,16174200
2005-08-01,1178.17724609375,1180.4400976270624,15153500
2005-08-02,1189.2806396484375,1178.2789935614833,12542600
2005-08-03,1192.1566162109375,1189.7867133064826,13954900
2005-08-04,1185.2808837890625,1192.7495871756273,14451800
2005-08-05,1174.044189453125,1180.9249026171792,12182700
2005-08-08,1158.541015625,1169.4475740011032,12596400
2005-08-09,1162.753662109375,1155.9559532404876,10997300
2005-08-10,1176.792236328125,1168.0936000894108,16851500
2005-08-11,1167.9266357421875,1179.4011651869384,14158300
2005-08-12,1153.924072265625,1167.3195468780657,10068600
2005-08-15,1118.23046875,1151.8901677237452,16077100
2005-08-16,1113.7816162109375,1118.5944172359593,8556900
2005-08-18,1100.2562255859375,1114.2246773105055,15155800
2005-08-19,1087.91064453125,1100.9750772666362,17913000
2005-08-22,1076.3111572265625,1086.8617721824526,11269500
2005-08-23,1066.050537109375,1075.8701010992415,9565700
2005-08-24,1035.4046630859375,1058.7977959271252,24419500
2005-08-25,1061.8057861328125,1031.5259568903614,23692800
2005-08-26,1048.833251953125,1059.419876550168,12451000
2005-08-29,994.7312622070312,1034.78573185387,28745000
2005-08-30,1039.7794189453125,978.0378679179819,32263500
2005-08-31,1050.049072265625,1034.0246719125798,24521100
2005-09-01,1039.189453125,1028.781900024731,12136600
2005-09-05,1035.8507080078125,1035.9847359987223,9439100
2005-09-06,1051.552978515625,1036.0015831417347,7890300
2005-09-07,1059.3387451171875,1056.9728704678282,8036100
2005-09-08,1080.4078369140625,1061.1146436495276,18137600
2005-09-09,1098.413330078125,1084.9258175879318,20200800
2005-09-12,1105.6138916015625,1099.8841344476043,10659100
2005-09-13,1085.7017822265625,1098.3132300884288,12216100
2005-09-14,1058.585693359375,1080.3569395230675,10197800
2005-09-15,1050.864990234375,1056.5757048432033,7807700
2005-09-16,1056.6849365234375,1052.8561056487667,7629900
2005-09-19,1066.54931640625,1062.0396047188822,4612100
2005-09-20,1055.5499267578125,1062.178697503217,8362400
2005-09-21,1044.015380859375,1052.4650030397456,9183800
2005-09-22,1016.7184448242188,1039.0805510029672,12340300
2005-09-23,1012.8115844726562,1018.4663325952765,7739000
2005-09-26,1034.5447998046875,1018.6274489678423,6042500
2005-09-27,1037.5936279296875,1034.5377166574922,7033500
2005-09-28,1027.847900390625,1037.150638595206,5766700
2005-09-29,1048.26123046875,1026.0741051422744,8588000
2005-09-30,1079.23291015625,1051.5409975970633,13258600
2005-10-03,1083.371826171875,1055.1080323012047,9084000
2005-10-04,1101.1231689453125,1088.8226221910486,17638300
2005-10-05,1104.011962890625,1102.4589229215726,13767100
2005-10-06,1096.333251953125,1090.2025094256592,6666600
2005-10-07,1094.6092529296875,1084.594629170407,6033300
2005-10-10,1102.7371826171875,1097.1043448395878,5155300
2005-10-11,1105.5859375,1102.7790400644346,4388100
2005-10-12,1102.9371337890625,1105.8580408260666,5333100
2005-10-13,1090.4925537109375,1097.8212477116235,7688600
2005-10-14,1096.6612548828125,1089.5545981558992,18064500
2005-10-17,1090.048583984375,1097.1913728276793,7285300
2005-10-18,1095.830322265625,1091.550459833498,6201400
2005-10-19,1075.8701171875,1088.6906631664692,14587400
2005-10-20,1075.3592529296875,1080.3470963989162,7152700
2005-10-21,1075.920166015625,1070.4032908645784,6156200
2005-10-24,1073.040283203125,1076.840062125529,5071000
2005-10-25,1062.1307373046875,1076.7091504806112,14834600
2005-10-26,1062.1337890625,1058.6038968882035,6749000
2005-10-27,1063.6556396484375,1063.1786074262666,7408500
2005-10-28,1058.2147216796875,1059.3057435938952,12080300
2005-10-31,1066.1824951171875,1059.2937251944045,2835200
2005-11-01,1064.9114990234375,1072.841243680168,6526000
2005-11-09,1052.780029296875,1060.0557468162165,9047900
2005-11-10,1043.6563720703125,1051.142042424699,6170600
2005-11-11,1028.94384765625,1047.8801202655131,5351800
2005-11-14,1017.693359375,1027.6059984463511,7297100
2005-11-15,1022.0361938476562,1015.4184705642599,5395900
2005-11-16,1025.7890625,1022.0941989556719,5001400
2005-11-17,1033.2408447265625,1025.3621226450186,4373900
2005-11-18,1054.9439697265625,1036.0136754522619,6720900
2005-11-21,1062.415771484375,1058.506865672669,8135200
2005-11-22,1066.2523193359375,1063.0565212467918,4397800
2005-11-23,1061.0386962890625,1067.8664337139696,4888700
2005-11-24,1078.136962890625,1063.5285230833938,6199000
2005-11-25,1074.3582763671875,1079.673011250338,3389200
2005-11-28,1081.0179443359375,1076.9210580438473,4193500
2005-11-29,1082.23583984375,1081.3169302898086,7187900
2005-11-30,1096.5982666015625,1081.4228324616402,7446300
2005-12-01,1096.3282470703125,1095.3793094416408,11365400
2005-12-02,1119.3734130859375,1102.4861310832835,8524100
2005-12-05,1120.534423828125,1121.065409036766,7199500
2005-12-06,1123.3912353515625,1121.5872285770279,10024800
2005-12-07,1151.3201904296875,1130.91095040785,20396400
2005-12-08,1158.27392578125,1157.141035267751,16164800
2005-12-09,1160.0228271484375,1160.894741442246,7685800
2005-12-12,1174.961181640625,1167.286553885523,17855600
2005-12-13,1181.98193359375,1178.7270554397319,12042100
2005-12-14,1173.67236328125,1184.8608929060504,9620700
2005-12-15,1155.9190673828125,1171.8264081685656,6357200
2005-12-16,1143.3814697265625,1152.4000391864279,6317800
2005-12-19,1162.28271484375,1147.7622845353183,4842400
2005-12-20,1162.98876953125,1169.3544884398973,6734400
2005-12-21,1160.513671875,1160.2147333455164,6161400
2005-12-22,1163.9716796875,1159.3449065820844,4769900
2005-12-23,1158.29296875,1162.4827472232464,6127400
2005-12-27,1161.6617431640625,1158.8787706052442,3635700
2005-12-28,1164.09765625,1159.8868825660506,4429200
2005-12-29,1162.5897216796875,1163.2077395973042,5840800
2006-01-02,1171.663330078125,1161.931775678007,2827600
2006-01-03,1184.643798828125,1169.9834811843118,9643500
2006-01-04,1211.6517333984375,1192.3855167974511,16412100
2006-01-05,1210.9527587890625,1215.6965922791908,10059800
2006-01-06,1222.201416015625,1208.3899422840252,11096900
2006-01-09,1245.0054931640625,1227.242268583028,21143400
2006-01-11,1261.2340087890625,1245.6866385706865,15909100
2006-01-12,1256.2041015625,1267.1266495790787,11113500
2006-01-13,1250.3792724609375,1248.2543552328907,10873400
2006-01-16,1235.2080078125,1250.5654435792114,9634400
2006-01-17,1212.82275390625,1231.1280711609459,12587200
2006-01-18,1193.149658203125,1191.4586839049766,7197700
2006-01-19,1230.0111083984375,1201.5672686702549,8067300
2006-01-20,1222.84033203125,1235.354859466131,7094400
2006-01-23,1200.0802001953125,1200.3301904561492,12778600
2006-01-24,1207.1729736328125,1208.698915202161,8558200
2006-01-25,1230.069091796875,1217.8405635990102,18119200
2006-01-26,1226.6051025390625,1232.5449342945683,17431700
2006-01-27,1229.6611328125,1234.0440188956097,12275700
2006-01-30,1232.273193359375,1231.6361331367239,3702600
2006-02-01,1240.6466064453125,1233.907977403832,9369800
2006-02-02,1243.3446044921875,1244.5995605837147,8027400
2006-02-03,1244.07763671875,1243.2687081895156,28228000
2006-02-06,1245.6005859375,1243.6715838397126,12151600
2006-02-07,1259.3131103515625,1250.2154415220311,15188200
2006-02-08,1238.121826171875,1253.9461610762883,13776200
2006-02-09,1246.591552734375,1243.8906079303629,8517300
2006-02-10,1253.0562744140625,1246.0305465261822,12255900
2006-02-13,1252.3553466796875,1252.8663131355293,9171700
2006-02-14,1230.3302001953125,1248.9344570837088,10997100
2006-02-15,1236.894775390625,1232.5579083215664,11054600
2006-02-16,1237.8258056640625,1238.789757372484,6828600
2006-02-17,1243.4266357421875,1240.0648279603183,18331000
2006-02-20,1247.3653564453125,1244.4385905579284,6954800
2006-02-21,1236.040771484375,1242.3854946807571,12202900
2006-02-22,1231.2021484375,1230.218177891165,11357100
2006-02-23,1224.1163330078125,1230.8721737803035,6976700
2006-02-24,1216.0927734375,1222.5545585511795,5387600
2006-02-27,1235.3748779296875,1219.2965244011098,8301000
2006-02-28,1230.6160888671875,1239.7227904241465,12164700
2006-03-01,1239.2218017578125,1222.7594296087923,11000900
2006-03-02,1249.6292724609375,1245.4104427551213,20381500
2006-03-03,1261.216064453125,1251.2374478359734,9431200
2006-03-06,1262.6407470703125,1259.2379255476687,13475400
2006-03-07,1246.2025146484375,1263.0789335591146,13886300
2006-03-08,1233.5479736328125,1238.5918448555801,12892200
2006-03-09,1239.52880859375,1232.9430052117352,15647200
2006-03-10,1247.3734130859375,1240.475732525154,7260100
2006-03-13,1243.6126708984375,1249.753423415267,30688800
2006-03-14,1245.33056640625,1242.5456406016708,14845800
2006-03-15,1244.3927001953125,1248.2575402955968,6902700
2006-03-16,1273.7474365234375,1250.5043223406976,19508400
2006-03-17,1305.127197265625,1280.680150429942,32532600
2006-03-20,1330.0611572265625,1308.8809531004806,36466200
2006-03-21,1327.0904541015625,1331.1763550694518,24450700
2006-03-22,1302.2772216796875,1320.8105566044264,29672600
2006-03-23,1305.5721435546875,1307.4740469399028,16917200
2006-03-24,1311.322998046875,1314.2338955220177,9808500
2006-03-27,1311.89892578125,1307.4771006947296,7403000
2006-03-28,1325.16748046875,1313.5889510725488,11637600
2006-03-29,1322.9224853515625,1321.5735388551536,10936700
2006-04-03,1329.26123046875,1322.4165262797667,11425400
2006-04-04,1326.396484375,1329.4863301940115,10335900
2006-04-05,1344.547607421875,1332.9140273296905,14922100
2006-04-06,1354.960205078125,1347.389576871634,15297500
2006-04-07,1363.2449951171875,1356.0283566253493,12471600
2006-04-11,1360.073974609375,1366.6387823691332,11567700
2006-04-12,1372.340576171875,1356.313124434285,11861800
2006-04-13,1382.068115234375,1376.897418200967,14614000
2006-04-17,1386.73095703125,1385.2029404461168,14315000
2006-04-18,1417.31982421875,1387.8350101385245,20331300
2006-04-19,1453.17041015625,1431.9892289050727,34484200
2006-04-20,1464.470947265625,1455.2133730609548,36455000
2006-04-21,1459.231201171875,1454.4204752185667,23043700
2006-04-24,1442.808837890625,1453.5744101187447,19644300
2006-04-25,1458.7274169921875,1440.3240788372214,20468400
2006-04-26,1481.6612548828125,1460.580045152171,28981800
2006-04-27,1474.551513671875,1493.0977875933638,29669900
2006-04-28,1464.3489990234375,1463.680079751841,16512600
2006-05-01,1476.3974609375,1468.2348149469685,13029700
2006-05-02,1475.83544921875,1489.7079556531585,25438600
2006-05-03,1499.0126953125,1489.482060436522,30130100
2006-05-04,1484.2742919921875,1501.452578823522,28674400
2006-05-05,1483.0032958984375,1485.650165501453,14342400
2006-05-08,1507.8673095703125,1492.7438750340102,20932900
2006-05-09,1532.5643310546875,1516.108917294839,3849500
2006-05-10,1539.341064453125,1538.0460709303027,27661800
2006-05-11,1553.0015869140625,1538.0821234611801,30841500
2006-05-12,1525.720703125,1530.3724997834547,26946400
2006-05-15,1429.4864501953125,1496.9738182412307,35249800
2006-05-16,1427.7584228515625,1427.3404703605554,39889800
2006-05-17,1462.1009521484375,1459.9550397231083,1014000
2006-05-18,1400.79248046875,1386.8639458821017,21824700
2006-05-19,1392.9359130859375,1394.8618637064912,15021200
2006-05-22,1308.994140625,1395.9067764474455,30850500
2006-05-23,1326.20849609375,1280.2742451531326,26076800
2006-05-24,1323.095458984375,1339.304910890039,21103400
2006-05-29,1333.8321533203125,1342.3168086581445,16004600
2006-05-30,1366.116943359375,1335.554044416701,11571600
2006-05-31,1329.944091796875,1327.805259215121,14749000
2006-06-01,1321.508544921875,1340.1207344399204,8660500
2006-06-02,1347.6336669921875,1329.6033617786961,8442400
2006-06-05,1348.9854736328125,1350.4184012747505,8544500
2006-06-06,1316.8936767578125,1324.469431621908,8478100
2006-06-07,1287.1279296875,1303.832358275608,8574800
2006-06-08,1241.2777099609375,1262.3288921048875,13793000
2006-06-09,1274.7034912109375,1252.7922337469192,14270000
2006-06-12,1273.0604248046875,1261.3459150330427,5316100
2006-06-13,1236.519775390625,1246.7583898103408,14586000
2006-06-14,1234.1500244140625,1234.5999580962055,10431500
2006-06-15,1241.6016845703125,1255.897148506318,9690600
2006-06-16,1309.47412109375,1276.4683240533207,14117800
2006-06-19,1295.0006103515625,1295.0195305134284,7110600
2006-06-20,1294.9195556640625,1277.6812131317254,6875600
2006-06-21,1293.236572265625,1297.750434384891,3733400
2006-06-22,1303.399169921875,1313.6298504297017,7118700
2006-06-23,1290.11376953125,1285.090039116544,4169600
2006-06-26,1283.802978515625,1289.0057786150867,4867700
2006-06-27,1285.576904296875,1286.5019171133017,7556900
2006-06-28,1272.0035400390625,1271.2535691878936,5183500
2006-06-29,1274.6944580078125,1275.9713858994915,7228600
2006-06-30,1310.2120361328125,1311.1350959739477,14451500
2006-07-03,1327.703369140625,1310.5280117172197,9235000
2006-07-04,1337.8160400390625,1338.2409502802825,8945500
2006-07-05,1338.27099609375,1334.1841187670416,8529800
2006-07-06,1339.9688720703125,1327.6193768726814,11164400
2006-07-07,1347.8526611328125,1347.1616479417085,11219300
2006-07-10,1339.77783203125,1338.5609604282972,6294900
2006-07-11,1343.892578125,1339.8227904254807,6780800
2006-07-12,1345.8145751953125,1348.1075767906411,5011500
2006-07-13,1333.9771728515625,1343.349733146767,11399700
2006-07-14,1303.5341796875,1303.6691841938095,7177400
2006-07-17,1283.89892578125,1290.3857334599934,7277000
2006-07-18,1286.0,1288.721817899823,8857800
2006-07-19,1280.4461669921875,1293.7486280905753,5987000
2006-07-20,1315.5386962890625,1307.2350648223176,8454100
2006-07-21,1314.52587890625,1302.6613503139945,6490400
2006-07-24,1303.0992431640625,1303.3792615487343,4553800
2006-07-25,1307.72412109375,1315.257763392683,9174900
2006-07-26,1312.7789306640625,1308.3730960516712,6876400
2006-07-27,1330.5401611328125,1317.4786587028725,10965600
2006-07-28,1337.3580322265625,1334.7791530117524,7348000
2006-07-31,1351.596435546875,1351.6403791488244,8267900
2006-08-01,1371.6395263671875,1352.6872622007386,11609200
2006-08-02,1394.3096923828125,1368.5177284689225,14091600
2006-08-03,1379.6612548828125,1400.216484930345,15086700
2006-08-04,1389.2989501953125,1381.2472616465536,10997200
2006-08-07,1403.4354248046875,1392.4738148581791,12529100
2006-08-08,1396.028564453125,1407.0991776350002,11237100
2006-08-09,1413.0450439453125,1393.6998487175058,11796400
2006-08-10,1384.8021240234375,1410.8831413960122,14032800
2006-08-11,1402.136474609375,1396.9336741514496,6618600
2006-08-14,1415.1689453125,1407.1692565209644,7641800
2006-08-15,1424.1834716796875,1415.7467889846719,10936500
2006-08-16,1437.7119140625,1437.6729751503333,14779400
2006-08-22,1434.97314453125,1438.235956861456,9127400
2006-08-23,1438.574951171875,1430.5003144946327,13200400
2006-08-24,1429.428466796875,1427.0046107831147,15132400
2006-08-25,1416.8748779296875,1431.4702568237183,10448200
2006-08-28,1417.9488525390625,1418.3847486632392,14059100
2006-08-29,1432.875244140625,1424.9165696207053,11207300
2006-08-30,1425.16943359375,1435.4900762974446,14577800
2006-08-31,1431.206298828125,1431.848363699976,12567600
2006-09-01,1444.433837890625,1431.4873197019501,9711000
2006-09-04,1469.5018310546875,1455.3764036376201,13114200
2006-09-05,1468.180908203125,1472.966732722403,13936800
2006-09-06,1472.5057373046875,1469.6478161940074,11250400
2006-09-07,1470.40869140625,1460.4660853617067,11626800
2006-09-08,1466.5189208984375,1462.3220629045593,16001300
2006-09-11,1447.1976318359375,1464.4739361270595,9977800
2006-09-12,1435.151123046875,1444.7827058436878,10998500
2006-09-13,1451.0235595703125,1446.2047771338782,11147600
2006-09-14,1461.2349853515625,1458.43211618365,8839400
2006-09-15,1465.64404296875,1457.5322979315793,6277400
2006-09-18,1474.2005615234375,1466.5737837791582,7097200
2006-09-19,1485.291259765625,1473.1667310949229,10963700
2006-09-20,1479.24951171875,1471.3287990713075,9322900
2006-09-21,1507.306396484375,1482.5573585574773,19647400
2006-09-22,1510.76611328125,1500.4496205333512,13806000
2006-09-25,1506.6973876953125,1503.5455327283096,9991800
2006-09-26,1500.0465087890625,1509.64415713452,9557000
2006-09-27,1522.999755859375,1509.968280014613,10483600
2006-09-28,1533.7403564453125,1525.977597044463,12661800
2006-09-29,1534.5552978515625,1532.0434326695167,12686600
2006-10-02,1528.847412109375,1531.9243185873709,17703300
2006-10-03,1537.650146484375,1521.49782070684,15553900
2006-10-04,1537.025146484375,1534.9812807104004,15106100
2006-10-05,1544.91796875,1547.265899935253,20795400
2006-10-06,1549.5687255859375,1547.474812931636,13236500
2006-10-09,1543.3638916015625,1549.2197428280324,13088400
2006-10-10,1554.8563232421875,1540.8399023755337,12732600
2006-10-11,1553.05859375,1554.370554424335,17091800
2006-10-12,1549.4747314453125,1549.8376323609323,17359000
2006-10-13,1572.1368408203125,1555.5304311572415,13259100
2006-10-16,1561.7252197265625,1578.0125496004505,14605900
2006-10-17,1566.762939453125,1562.0820915278125,15809500
2006-10-18,1564.488037109375,1559.1363167667942,13800500
2006-10-19,1568.533935546875,1567.4349792862783,9622900
2006-10-20,1572.7847900390625,1569.9299205809857,8753100
2006-10-30,1580.12744140625,1569.972929553161,10031200
2006-10-31,1582.564453125,1581.0525490108364,12493500
2006-11-01,1589.8062744140625,1582.63748555495,10412800
2006-11-02,1607.6334228515625,1585.7912560903485,14235100
2006-11-03,1612.860107421875,1607.7503212400325,12721200
2006-11-06,1640.7841796875,1612.062274793449,17002700
2006-11-07,1654.087646484375,1657.5095104709783,20739200
2006-11-08,1646.001953125,1652.2476816279009,13697600
2006-11-09,1660.1993408203125,1644.7038509229953,12421100
2006-11-10,1664.772216796875,1661.4803527809274,11615200
2006-11-13,1639.206298828125,1659.3405259179465,11687600
2006-11-14,1672.005859375,1648.170729051434,16542500
2006-11-15,1670.0450439453125,1679.7986929850258,13604000
2006-11-16,1668.759033203125,1673.087844235355,12512400
2006-11-17,1672.0428466796875,1668.9489731554918,19789600
2006-11-20,1683.9405517578125,1666.8092593881695,14548600
2006-11-21,1681.2745361328125,1684.3054240399765,12009300
2006-11-22,1705.3746337890625,1686.5803216828215,21718900
2006-11-23,1704.063720703125,1708.8865311537083,22625400
2006-11-24,1717.6630859375,1702.4916797188603,16947600
2006-11-27,1728.86572265625,1722.557984657518,17138300
2006-11-28,1691.0181884765625,1710.9253728914546,16470200
2006-11-29,1713.330322265625,1710.1555190110707,31475300
2006-11-30,1718.8941650390625,1725.8777799751415,23460200
2006-12-01,1734.6824951171875,1720.086017238276,18354300
2006-12-04,1731.1676025390625,1734.555532192987,15954700
2006-12-05,1776.68896484375,1740.8912846766273,26297800
2006-12-06,1784.3585205078125,1784.9975337194974,25934400
2006-12-07,1782.0465087890625,1779.0806820039177,20075700
2006-12-08,1775.2159423828125,1778.398801903654,28736500
2006-12-11,1759.6044921875,1776.827820902099,23664400
2006-12-12,1754.5096435546875,1757.2245035983594,20784300
2006-12-13,1753.7296142578125,1753.8256798491682,19182200
2006-12-14,1767.733154296875,1756.503611183572,24039200
2006-12-15,1792.0941162109375,1783.1194902976188,23451400
2006-12-18,1787.550537109375,1793.229271531596,22368700
2006-12-19,1736.6025390625,1778.6159205747813,36975300
2006-12-20,1766.7301025390625,1763.825308509338,24811000
2006-12-21,1789.0164794921875,1767.1772409933587,24914800
2006-12-22,1785.6905517578125,1784.2275959670933,18489200
2006-12-26,1783.9095458984375,1784.2645125462648,8375100
2006-12-27,1803.19384765625,1788.575398133702,18294800
2006-12-28,1805.45263671875,1812.9523446461678,30711600
2007-01-02,1836.4486083984375,1813.3794370941982,23595900
2007-01-03,1834.6375732421875,1831.9986378737385,1531300
2007-01-04,1824.0321044921875,1839.488534758188,34667400
2007-01-05,1832.4786376953125,1817.4952128057416,39872500
2007-01-08,1813.323486328125,1817.941226573157,34902600
2007-01-09,1780.8116455078125,1821.2251110712118,1260900
2007-01-10,1710.3004150390625,1746.431089683923,40697100
2007-01-11,1703.7777099609375,1729.3287178714772,21148200
2007-01-12,1677.9786376953125,1711.141409486625,28527200
2007-01-15,1730.4075927734375,1694.0930889070153,19792700
2007-01-16,1754.2255859375,1741.7331528258314,18578500
2007-01-17,1758.4146728515625,1755.090827458576,23673000
2007-01-18,1777.6387939453125,1764.8482763299141,31413700
2007-01-19,1795.4891357421875,1775.4228994902476,24811300
2007-01-22,1817.33837890625,1804.5058701671126,24697400
2007-01-23,1808.5045166015625,1811.6284183746282,16146600
2007-01-24,1805.6217041015625,1815.4433431226607,25533800
2007-01-25,1773.886962890625,1804.0487519748367,24914100
2007-01-26,1759.1375732421875,1747.3489696605936,18835700
2007-01-29,1764.92626953125,1755.9805729515406,14951200
2007-01-30,1765.4532470703125,1771.5070885547336,15534300
2007-01-31,1757.189697265625,1767.6682935264782,16557400
2007-02-01,1771.257080078125,1765.7981861928204,33282500
2007-02-02,1780.3116455078125,1774.7328832858484,21287200
2007-02-05,1768.4700927734375,1770.7521084253162,11558400
2007-02-06,1761.2244873046875,1764.5764077536837,17488000
2007-02-07,1764.84033203125,1758.6535612348316,23037500
2007-02-08,1751.2508544921875,1759.0785529620573,31521300
2007-02-09,1740.249267578125,1742.8281466728904,26949200
2007-02-12,1734.39453125,1727.0277525448867,18976000
2007-02-13,1727.292724609375,1734.1454851067763,14591700
2007-02-14,1750.9178466796875,1753.1088014849395,20957200
2007-02-15,1790.335205078125,1774.4847490373045,27937000
2007-02-16,1794.293212890625,1793.7992135597283,18499100
2007-02-19,1799.222900390625,1798.3889484927802,9984200
2007-02-20,1806.4117431640625,1799.0530208048065,23539700
2007-02-21,1816.4954833984375,1813.54259516536,42043700
2007-02-22,1808.37060546875,1819.3001114139713,38267100
2007-02-23,1791.483154296875,1807.184568691245,18834400
2007-02-26,1783.881591796875,1790.4123433719992,20630100
2007-02-27,1763.9393310546875,1788.614273004156,30444400
2007-02-28,1740.9031982421875,1672.1679581050953,33156500
2007-03-01,1759.4215087890625,1752.0458193083523,31201700
2007-03-02,1759.9505615234375,1752.6488436874924,17231000
2007-03-05,1698.7537841796875,1728.1767104976848,25479100
2007-03-06,1732.37060546875,1714.7543473166952,26102100
2007-03-07,1743.12109375,1745.593043399286,28346900
2007-03-08,1771.489013671875,1747.2239671767156,22675600
2007-03-09,1764.5133056640625,1781.9835724846491,18813200
2007-03-12,1794.4521484375,1770.499100986229,21320300
2007-03-13,1797.33203125,1798.4829874351092,20354600
2007-03-14,1762.2154541015625,1757.085648923428,18418600
2007-03-15,1776.2918701171875,1778.1448253871915,15945500
2007-03-16,1777.82080078125,1776.2528686596984,16075900
2007-03-20,1775.3538818359375,1790.8702457559825,21785500
2007-03-21,1779.1678466796875,1775.6229406396637,24043500
2007-03-22,1808.99560546875,1794.7860757193973,24035900
2007-03-23,1805.8907470703125,1813.361403465336,16450500
2007-03-26,1813.6474609375,1805.5197253743888,15899600
2007-03-27,1819.589111328125,1819.2060696174697,18111800
2007-03-28,1800.3218994140625,1811.133490346708,19038700
2007-03-29,1817.648193359375,1787.3924138705042,25437900
2007-03-30,1830.8526611328125,1830.1487090508504,18339600
2007-04-02,1849.31201171875,1837.109484016689,16280500
2007-04-03,1894.5023193359375,1859.037635101652,26413400
2007-04-04,1921.9761962890625,1924.2120711528758,37408800
2007-04-05,1895.5372314453125,1925.2941306356436,18897600
2007-04-09,1913.660400390625,1908.973571341152,16031900
2007-04-10,1925.39599609375,1914.7794660111101,18479200
2007-04-11,1930.96875,1931.6258289043817,25182600
2007-04-12,1930.3218994140625,1911.6806566277553,27355000
2007-04-13,1941.076416015625,1936.7895955867389,25896600
2007-04-16,1963.74560546875,1954.418942033735,26430600
2007-04-17,1965.3614501953125,1973.032171978245,31591700
2007-04-18,1959.6007080078125,1970.0563556212571,37243800
2007-04-19,1918.2784423828125,1948.3641866755788,31143300
2007-04-20,1968.654296875,1941.4153673350283,29322500
2007-04-23,1986.6497802734375,1986.420785273921,42083800
2007-04-24,1981.4927978515625,1982.0068159244618,4070000
2007-04-25,1986.59375,1975.091145647239,40797000
2007-04-26,2015.954345703125,1999.1150365412086,11040400
2007-04-27,2019.597412109375,2010.5817718342528,2748200
2007-04-30,1999.0892333984375,2016.8945710957382,18416800
2007-05-01,2001.10009765625,1995.0893452607315,37862800
2007-05-02,2008.480712890625,2011.3466901041036,28308200
2007-05-03,2025.565185546875,2020.0852963457676,12589800
2007-05-04,2033.2889404296875,2037.7127185256231,11632000
2007-05-07,2036.9617919921875,2040.6796649709368,42824000
2007-05-08,2022.7113037109375,2033.3168479144892,38015300
2007-05-09,2037.898681640625,2015.0515487341297,32821800
2007-05-10,2046.9512939453125,2044.3464149151723,35480800
2007-05-11,2022.2183837890625,2016.618625892444,36996400
2007-05-14,2044.1314697265625,2046.5973160997344,18268800
2007-05-15,2037.70361328125,2048.154134085041,36485500
2007-05-16,2063.6826171875,2037.3037610878623,39946900
2007-05-21,2071.19140625,2071.390373119846,36425500
2007-05-22,2078.6728515625,2071.3811437040617,9906800
2007-05-23,2104.1640625,2083.138759128714,11887100
2007-05-24,2078.52392578125,2094.800390669149,22794500
2007-05-25,2060.353759765625,2051.4190494888417,12015100
2007-05-28,2076.677001953125,2073.4171194238297,9078100
2007-05-29,2058.65576171875,2076.3608814676013,16319700
2007-05-30,2055.31591796875,2054.334999155537,23390900
2007-05-31,2084.242919921875,2076.6711928964432,37670100
2007-06-04,2111.669921875,2100.602480713989,34106400
2007-06-05,2093.02880859375,2111.1518839419828,39160900
2007-06-06,2102.362060546875,2086.3165440425364,16535800
2007-06-07,2093.729736328125,2084.2720957526576,105000
2007-06-08,2054.3701171875,2057.2420758940607,41595200
2007-06-11,2083.947998046875,2071.2065502632386,31812600
2007-06-12,2108.498046875,2089.0156505419877,37972200
2007-06-13,2088.519775390625,2087.3997018037035,35028500
2007-06-14,2108.330078125,2107.650905331616,32277000
2007-06-15,2120.557373046875,2122.6134453804693,38928400
2007-06-18,2126.410400390625,2135.523083864423,5951900
2007-06-19,2142.102783203125,2116.691661421034,6857900
2007-06-20,2160.98974609375,2139.9266022244383,12337100
2007-06-21,2152.25634765625,2149.907317958814,3001400
2007-06-22,2152.2373046875,2155.542107743335,38588500
2007-06-25,2152.119140625,2144.0335177413904,30121300
2007-06-26,2153.458251953125,2152.933370020143,36589800
2007-06-27,2125.25537109375,2146.674705438295,30068300
2007-06-28,2112.76904296875,2131.370127395931,25582300
2007-06-29,2139.19482421875,2118.0005806847485,20586500
2007-07-02,2167.73583984375,2140.5388985483264,26147300
2007-07-03,2189.033447265625,2168.4143790868848,33308600
2007-07-04,2196.01953125,2191.050730450163,31569300
2007-07-05,2220.844482421875,2199.512304766612,3200500
2007-07-06,2226.96435546875,2219.8076515744438,1142800
2007-07-09,2271.255615234375,2235.4291284522214,2258100
2007-07-10,2282.290283203125,2281.813495076541,4698600
2007-07-11,2273.32861328125,2256.198175735923,22529300
2007-07-12,2284.8271484375,2284.967035574786,857100
2007-07-13,2301.51171875,2318.9439032790424,42489900
2007-07-16,2286.12890625,2307.964969161648,29240400
2007-07-17,2301.252685546875,2282.954323789358,31865200
2007-07-18,2294.501708984375,2296.555584077826,28535500
2007-07-19,2333.59228515625,2291.295835574769,5813600
2007-07-20,2366.3037109375,2346.5264060747604,2059100
2007-07-23,2380.1171875,2344.1027221498134,15226800
2007-07-24,2401.050537109375,2385.4310282037836,8005900
2007-07-25,2394.4716796875,2375.9924189631643,7237000
2007-07-26,2365.170654296875,2399.619261339489,14697900
2007-07-27,2298.32470703125,2301.271613944238,22614500
2007-07-30,2301.462646484375,2291.699109543084,5235700
2007-07-31,2348.58154296875,2328.2192996231947,38208800
2007-08-01,2256.220458984375,2318.608904546268,16946700
2007-08-02,2270.765625,2288.7969056388097,648800
2007-08-03,2269.70263671875,2292.1248593332693,1356100
2007-08-06,2189.021484375,2210.39272045383,34527200
2007-08-07,2173.986328125,2216.9465680951307,29455400
2007-08-08,2262.5478515625,2199.3703809224517,38589700
2007-08-09,2241.31494140625,2296.125798253088,34919600
2007-08-10,2207.31005859375,2157.5539391148304,29052900
2007-08-13,2211.368896484375,2207.3309679133413,17416800
2007-08-14,2168.5537109375,2200.847622629457,21425900
2007-08-15,2029.0040283203125,2121.854418001788,40303900
2007-08-16,1908.560791015625,1936.4707164165513,9223000
2007-08-20,2041.5045166015625,2008.2298108789432,41800200
2007-08-21,1992.929443359375,2041.098590336488,35289800
2007-08-22,2062.91064453125,2007.2588807452173,30553800
2007-08-23,2117.577392578125,2117.772453336209,9056500
2007-08-24,2143.025634765625,2107.0780566426197,41047000
2007-08-27,2175.268310546875,2174.715353566407,5977800
2007-08-28,2159.524658203125,2167.0675768952824,4590100
2007-08-29,2134.7998046875,2085.762654516009,37122600
2007-08-30,2150.631591796875,2164.739930773651,30120900
2007-08-31,2194.253662109375,2157.034896648842,40708900
2007-09-03,2213.48779296875,2194.340589241995,28629500
2007-09-04,2215.03076171875,2211.903930251413,29955500
2007-09-05,2214.535888671875,2228.2563019891745,38311000
2007-09-06,2220.690673828125,2196.9774853799227,41285200
2007-09-07,2239.813720703125,2229.531161845486,47094800
2007-09-10,2209.555908203125,2201.9141164202438,30546100
2007-09-11,2211.326904296875,2211.010754508748,35903700
2007-09-12,2209.8447265625,2223.3551859967915,37778700
2007-09-13,2222.65966796875,2212.593897256272,35584300
2007-09-14,2225.5205078125,2234.1842338656825,46834000
2007-09-17,2223.134521484375,2230.3112444377894,45220500
2007-09-18,2239.77490234375,2217.137843785105,35636700
2007-09-19,2313.2490234375,2293.857688775928,75199900
2007-09-20,2304.541259765625,2320.9214805491247,46661200
2007-09-21,2335.396240234375,2296.3586958501955,54960400
2007-09-24,2353.538330078125,2336.136174991398,71689100
2007-09-25,2330.2724609375,2341.0191135346176,55220400
2007-09-26,2360.921142578125,2336.647184049692,46686700
2007-09-27,2378.7373046875,2377.8332872108263,50197600
2007-09-28,2359.1142578125,2380.2264734121027,37958800
2007-10-01,2399.362548828125,2366.522764178374,40636800
2007-10-02,2464.847412109375,2425.6697340501914,49546400
2007-10-03,2451.490478515625,2474.9595353533487,70233100
2007-10-04,2473.05859375,2439.5628295862275,54200700
2007-10-05,2500.483642578125,2477.5194493106314,40500500
2007-10-08,2523.602783203125,2515.441235376581,43526400
2007-10-09,2546.5087890625,2512.3062629503033,37998300
2007-10-10,2591.382080078125,2562.3473211420132,50989500
2007-10-11,2638.1103515625,2599.4939325980795,43788100
2007-10-17,2641.487060546875,2611.1781841065713,41575300
2007-10-18,2616.63818359375,2652.337722351179,52529200
2007-10-19,2563.65234375,2601.321046167835,32023400
2007-10-22,2453.115234375,2471.0395839223734,39122600
2007-10-23,2553.699462890625,2485.7860962883856,43951700
2007-10-24,2524.882568359375,2585.8091492734684,42639500
2007-10-25,2596.56201171875,2552.3945415361536,35412600
2007-10-26,2624.329833984375,2615.765225625047,33521300
2007-10-29,2667.42822265625,2655.273666157077,47540500
2007-10-30,2662.818359375,2664.049268442469,45379900
2007-10-31,2643.384033203125,2635.473208719352,31618700
2007-11-01,2704.5517578125,2692.406234258411,48750200
2007-11-02,2710.511474609375,2638.618275952886,36937400
2007-11-05,2652.375,2710.781666831576,34952200
2007-11-06,2681.7978515625,2667.1282557899704,32681000
2007-11-07,2713.872314453125,2708.7694858787704,50133300
2007-11-08,2678.119873046875,2657.2344555603977,44633500
2007-11-09,2707.561767578125,2674.83012947922,38709000
2007-11-12,2671.798095703125,2663.6392336120516,42092000
2007-11-13,2654.10498046875,2669.1263700230215,53247000
2007-11-14,2691.766357421875,2696.845993758168,53097200
2007-11-15,2705.71484375,2694.0541644185573,40483400
2007-11-16,2668.600341796875,2670.5560763014328,24280400
2007-11-19,2646.7099609375,2679.546573345769,25586100
2007-11-20,2624.760009765625,2583.7406085079474,37203900
2007-11-21,2563.521484375,2608.5817452114397,26876700
2007-11-22,2569.413818359375,2542.180992560441,27188000
2007-11-23,2584.24609375,2589.785916664054,19595900
2007-11-26,2647.94091796875,2617.038067617164,27694800
2007-11-27,2627.851806640625,2604.727706797164,25077400
2007-11-28,2671.791015625,2646.483895277974,35864600
2007-11-29,2699.711669921875,2731.726535384052,41411700
2007-11-30,2688.227294921875,2709.9273771968865,33592100
2007-12-03,2726.819091796875,2703.611009227036,31733100
2007-12-04,2752.8359375,2720.6741037375496,46639600
2007-12-05,2767.950439453125,2749.8769237155057,34517100
2007-12-06,2795.2900390625,2802.4308741822374,41310000
2007-12-07,2778.8388671875,2817.176242258313,38752900
2007-12-10,2790.156005859375,2782.578420717652,23550900
2007-12-11,2810.8525390625,2804.982894413371,40252000
2007-12-12,2795.730224609375,2776.8718282374994,42186200
2007-12-13,2755.621826171875,2799.0261438545967,35343900
2007-12-14,2739.954345703125,2752.9457831966397,21514900
2007-12-17,2664.814208984375,2731.676595800635,23783600
2007-12-18,2646.125,2644.757133336255,23197900
2007-12-19,2657.87353515625,2667.6661225164708,20942200
2007-12-26,2714.4423828125,2689.7211776013605,16848200
2007-12-27,2739.597412109375,2721.4679911789653,18825800
2007-12-28,2745.718994140625,2726.2849365579673,20798500
2008-01-02,2731.40087890625,2739.479422221626,11523000
2008-01-03,2714.958984375,2706.4363677694346,17181800
2008-01-04,2765.082275390625,2716.990153847845,29196600
2008-01-07,2776.3017578125,2732.3266642764784,35241700
2008-01-08,2785.516845703125,2783.4988576500464,41806000
2008-01-09,2830.15283203125,2771.961248325266,33554700
2008-01-14,2810.2626953125,2831.1427420392324,41357600
2008-01-15,2729.9248046875,2829.5959760479445,34295700
2008-01-16,2592.210205078125,2658.9556557327296,35004200
2008-01-17,2649.176025390625,2617.594245804121,34240200
2008-01-18,2611.030517578125,2546.610904197942,23992200
2008-01-21,2485.7822265625,2576.6856734707867,39115300
2008-01-22,2294.4345703125,2375.78955628503,45795900
2008-01-23,2476.181640625,2441.020900594291,46645100
2008-01-24,2516.60302734375,2515.153132575393,32288200
2008-01-25,2620.39111328125,2566.0172492356214,32959500
2008-01-28,2581.948486328125,2569.73778038456,28929500
2008-01-29,2607.741455078125,2624.931703546221,32313200
2008-01-30,2610.25732421875,2631.0006577414038,26090000
2008-01-31,2627.148681640625,2608.652331532011,29665600
2008-02-01,2646.718017578125,2657.056482325866,20140600
2008-02-04,2701.523681640625,2684.0165510450593,37529300
2008-02-05,2704.141845703125,2687.3175492047576,49044700
2008-02-06,2638.984375,2615.7374755355722,42904100
2008-02-11,2589.28125,2624.935867420842,24666900
2008-02-12,2591.96923828125,2623.3049333552926,20671600
2008-02-13,2610.679443359375,2626.867778433053,27143300
2008-02-14,2675.541015625,2654.8738502511837,37836800
2008-02-15,2688.086181640625,2641.7701151671167,30487900
2008-02-18,2684.59716796875,2701.8176875371505,25902500
2008-02-19,2711.7666015625,2711.586432788555,20334700
2008-02-20,2689.1513671875,2713.1133245487727,30387800
2008-02-21,2734.103515625,2715.0952224610483,32358800
2008-02-22,2741.07421875,2718.3551323304487,21597400
2008-02-25,2751.755126953125,2763.8235056304716,35152100
2008-02-26,2738.765380859375,2772.0809775712432,35746500
2008-02-27,2740.03125,2764.4492445414153,34877000
2008-02-28,2756.206787109375,2738.5514677939605,37435900
2008-02-29,2721.838134765625,2745.3560180782147,28257800
2008-03-03,2652.208984375,2651.7729661562535,26794200
2008-03-04,2634.6494140625,2679.295625675989,25791600
2008-03-05,2639.549560546875,2636.01063552414,20172300
2008-03-06,2656.3525390625,2669.1508684483283,22443600
2008-03-10,2527.768310546875,2594.487875136875,30935400
2008-03-11,2523.435791015625,2502.7915744043344,25828200
2008-03-12,2556.142333984375,2599.3086206031517,25877100
2008-03-13,2440.4970703125,2522.3857293600777,27215600
2008-03-14,2383.3271484375,2473.937635003867,21871500
2008-03-17,2312.231201171875,2274.5095223491926,21982800
2008-03-18,2339.70361328125,2336.519899637309,27426500
2008-03-19,2323.475341796875,2389.905857601035,21616900
2008-03-24,2339.20263671875,2319.5105342878564,15688400
2008-03-25,2419.521728515625,2366.895848560689,27402500
2008-03-26,2440.544921875,2417.1749816771394,28520600
2008-03-27,2451.254638671875,2418.3408813668043,22136300
2008-03-28,2477.489501953125,2450.7036793489806,23382800
2008-03-31,2447.203857421875,2467.7560363014195,18192500
2008-04-01,2393.15576171875,2463.64495810122,25281100
2008-04-02,2342.09765625,2432.8961183507763,25266800
2008-04-03,2237.8837890625,2349.207578367551,35333200
2008-04-04,2276.996337890625,2261.883888973355,22960600
2008-04-07,2286.7080078125,2286.5087968256057,19903800
2008-04-08,2249.682373046875,2274.071315444173,16260500
2008-04-09,2180.00439453125,2248.7605116734435,27779400
2008-04-10,2235.846923828125,2167.561499805801,21854600
2008-04-11,2303.83935546875,2264.01497656146,27252900
2008-04-14,2272.3876953125,2245.5547545384497,17571400
2008-04-15,2294.167724609375,2287.309837420139,29046800
2008-04-16,2337.832275390625,2316.8850911017953,25922100
2008-04-17,2341.688720703125,2370.8284536090277,36022000
2008-04-18,2349.177490234375,2343.137686556619,24114300
2008-04-21,2335.798095703125,2386.9701782999764,29510400
2008-04-22,2289.0068359375,2318.38581916306,18854500
2008-04-23,2314.2119140625,2287.7129456171974,17710800
2008-04-24,2269.8916015625,2329.711293949317,20850500
2008-04-25,2240.49072265625,2279.6142006985774,17577800
2008-04-28,2254.220458984375,2250.3275439387944,17668400
2008-04-29,2303.436279296875,2274.135661226749,23406100
2008-04-30,2304.42626953125,2300.8302183259384,14682400
2008-05-05,2387.893310546875,2360.839185861222,24597400
2008-05-06,2371.734619140625,2386.3570970490773,24696900
2008-05-07,2382.606201171875,2378.521399287563,23666700
2008-05-08,2376.840576171875,2360.283115277368,25466500
2008-05-09,2374.934814453125,2380.7734547628893,25915400
2008-05-12,2377.91015625,2365.931619682691,20293300
2008-05-13,2418.8056640625,2393.322770174285,31420000
2008-05-14,2449.24267578125,2424.148680612666,34218400
2008-05-15,2449.7158203125,2468.129167127878,40844100
2008-05-16,2468.744140625,2462.081313636988,33817200
2008-05-21,2494.61181640625,2481.4653558195987,41640800
2008-05-22,2503.8544921875,2456.5914383718837,35923700
2008-05-23,2465.859130859375,2513.5582026095817,50103600
2008-05-26,2419.6328125,2423.4646945083578,27337300
2008-05-27,2396.905517578125,2421.980467111779,36907200
2008-05-28,2433.67431640625,2416.0819835792454,29638100
2008-05-29,2446.85888671875,2455.45938212501,29860600
2008-05-30,2444.254150390625,2450.06471563862,27286600
2008-06-02,2427.673583984375,2447.536824600477,19397300
2008-06-03,2403.720458984375,2405.373470853309,24426400
2008-06-04,2362.495849609375,2405.4172731269537,21666300
2008-06-05,2399.58349609375,2357.9491321542546,23126200
2008-06-06,2402.142578125,2432.688264102898,22378200
2008-06-09,2409.983154296875,2352.5095599810447,22159700
2008-06-10,2373.724609375,2425.5016491327283,29519300
2008-06-11,2374.692626953125,2382.3383259202,21935900
2008-06-12,2408.914306640625,2344.95976437013,27051500
2008-06-13,2398.323486328125,2407.8140831055207,25012400
2008-06-16,2397.947509765625,2411.7628890157816,18569000
2008-06-17,2377.88330078125,2397.6764738604343,23608900
2008-06-18,2364.488037109375,2378.746515281224,22562400
2008-06-19,2372.9697265625,2350.6705449529645,21935100
2008-06-20,2371.68359375,2376.004470541189,29989100
2008-06-23,2362.65185546875,2352.3663674850923,18044100
2008-06-24,2365.28564453125,2362.112916757468,19049700
2008-06-25,2341.270751953125,2360.253898336995,14697200
2008-06-26,2350.800537109375,2353.3492659732538,19230200
2008-06-27,2332.0244140625,2321.159845809557,23482600
2008-06-30,2349.013427734375,2333.502069398519,12913900
2008-07-01,2378.71533203125,2361.385929778724,14450800
2008-07-02,2378.38134765625,2379.641064143533,17919300
2008-07-03,2286.52197265625,2323.3115545016763,21872600
2008-07-04,2314.660888671875,2305.4403002766844,13333200
2008-07-07,2303.728515625,2317.0348828620627,17546900
2008-07-08,2278.88427734375,2292.2868323065104,16806400
2008-07-09,2285.936767578125,2302.1202187394197,20378500
2008-07-10,2276.142333984375,2267.836749164468,21898000
2008-07-11,2276.764404296875,2284.8710223405446,16446000
2008-07-14,2259.4521484375,2265.064967213351,16044900
2008-07-15,2214.765869140625,2237.4378384845836,15811700
2008-07-16,2218.03857421875,2244.1095798474694,20463900
2008-07-17,2167.628662109375,2251.805566991014,25335300
2008-07-18,2141.0517578125,2163.8138121933807,21412400
2008-07-21,2194.9814453125,2168.8435468284856,17359600
2008-07-22,2212.667724609375,2194.4316184848935,18099800
2008-07-23,2225.757568359375,2237.013234819419,27711400
2008-07-24,2256.96630859375,2215.5809528520317,32587000
2008-07-25,2245.256591796875,2223.032359275602,22895000
2008-07-28,2275.58740234375,2252.3063266063928,19946600
2008-07-29,2278.595458984375,2254.2402050788523,14655500
2008-07-31,2304.418212890625,2307.3470537802546,21776000
2008-08-01,2248.662353515625,2282.9281077774053,16491400
2008-08-04,2227.58837890625,2232.4861375653954,12530700
2008-08-05,2185.533935546875,2227.588453053858,19818200
2008-08-06,2187.118896484375,2206.441141781401,22132100
2008-08-07,2198.925537109375,2188.957906868703,15035600
2008-08-08,2195.840576171875,2201.1692262339857,13543000
2008-08-11,2133.836669921875,2198.4371768672963,18788600
2008-08-12,2057.498779296875,2121.3051262648314,18932400
2008-08-13,2063.440673828125,2035.9307583612879,16838500
2008-08-14,2106.56005859375,2088.9057167720416,19823900
2008-08-15,2085.066650390625,2086.674741986405,14896300
2008-08-19,2042.4185791015625,2060.5548363346916,11833200
2008-08-20,2069.61767578125,2062.562041408671,16666800
2008-08-21,2088.169677734375,2079.6641495055865,18068300
2008-08-22,2120.408447265625,2117.814554071047,22913300
2008-08-25,2127.1416015625,2111.3150670936257,12099700
2008-08-26,2107.466064453125,2105.3531095886465,15716200
2008-08-27,2130.97998046875,2113.229695331019,17747500
2008-08-28,2144.764404296875,2142.721515076948,16326900
2008-08-29,2165.85888671875,2154.87615953133,12641800
2008-09-01,2164.535888671875,2156.939016319975,12467000
2008-09-02,2158.9677734375,2149.656124997135,18541900
2008-09-03,2115.91748046875,2151.1380307162303,14999600
2008-09-04,2075.153076171875,2100.1730979367117,15384800
2008-09-05,2022.4852294921875,2020.0444065446768,16556700
2008-09-08,2037.918701171875,2078.224016663124,14843900
2008-09-09,1958.67578125,2019.7374935060625,18336900
2008-09-10,1884.969482421875,1902.6968186579654,29410300
2008-09-11,1870.0601806640625,1887.4574519136513,21885000
2008-09-12,1803.99169921875,1873.345929657419,20370100
2008-09-15,1719.1871337890625,1777.9298431946293,22296600
2008-09-16,1735.5684814453125,1628.099638981704,37962300
2008-09-17,1769.8251953125,1773.1870030119771,28110200
2008-09-18,1787.603515625,1710.2045454520721,33240800
2008-09-19,1891.658447265625,1841.3603556417586,49933800
2008-09-22,1897.2681884765625,1931.4408084778788,27029200
2008-09-23,1873.027099609375,1872.9051561117806,19570700
2008-09-24,1883.4776611328125,1857.474645668649,28468700
2008-09-25,1869.9881591796875,1876.8508067720593,22408500
2008-09-26,1846.01904296875,1864.5013553395586,16135700
2008-10-06,1648.6748046875,1766.8662465473144,31611000
2008-10-07,1619.657958984375,1614.6841533915713,29609500
2008-10-08,1451.6124267578125,1564.9610408713315,10771000
2008-10-13,1461.8160400390625,1361.563846085391,26123600
2008-10-14,1555.9063720703125,1528.663415791257,20979500
2008-10-15,1520.3477783203125,1562.6071190208156,15962500
2008-10-16,1463.1939697265625,1442.6778012742493,11549400
2008-10-17,1399.3695068359375,1467.4099504995781,16902900
2008-10-20,1426.8824462890625,1394.5516735278277,11039400
2008-10-21,1440.093017578125,1462.6530529117695,27583300
2008-10-22,1379.6893310546875,1422.3956763205622,11157100
2008-10-23,1337.1519775390625,1326.9753713550099,10572600
2008-10-24,1244.8155517578125,1306.7160960092958,12282200
2008-10-27,1166.36376953125,1185.5090222446988,8601400
2008-10-28,1111.3468017578125,1119.0724535070015,18479600
2008-10-29,1113.5806884765625,1146.485413849482,19635400
2008-10-30,1173.8173828125,1143.0676022278685,34105500
2008-10-31,1256.655029296875,1186.4757561380786,31252700
2008-11-03,1352.663330078125,1281.4582138833816,33289000
2008-11-04,1369.731689453125,1358.2691231718575,35524400
2008-11-05,1366.221923828125,1388.5700542526918,24766300
2008-11-06,1307.8460693359375,1303.2512774689674,11278700
2008-11-07,1338.3079833984375,1273.2585090396767,22403900
2008-11-10,1340.62890625,1364.5939168665577,13737000
2008-11-11,1336.5050048828125,1321.7255506383945,15696800
2008-11-12,1326.5694580078125,1328.3544228733047,25057100
2008-11-13,1259.6640625,1305.1603414022488,33601000
2008-11-14,1264.32763671875,1262.7417610774685,25479600
2008-11-17,1236.884765625,1261.2558858723144,12259900
2008-11-18,1189.815673828125,1231.9350034236318,11535500
2008-11-19,1180.3111572265625,1185.4629344298723,12386500
2008-11-20,1154.925048828125,1144.7665084070493,11949700
2008-11-21,1146.2313232421875,1131.6378979232015,21506800
2008-11-24,1141.356689453125,1147.1634708491695,21036900
2008-11-25,1154.0960693359375,1169.688479997237,29838100
2008-11-26,1193.1046142578125,1157.266041805492,25899400
2008-11-27,1202.0272216796875,1211.3989274790597,24562400
2008-11-28,1241.49267578125,1207.6349853048118,20031400
2008-12-01,1223.077392578125,1240.8007017342973,18066000
2008-12-02,1191.3116455078125,1204.687101263262,9425500
2008-12-03,1192.4796142578125,1201.0852365356834,14046100
2008-12-04,1205.277099609375,1205.3970900599575,14241700
2008-12-05,1202.2952880859375,1197.2584966439124,8459200
2008-12-09,1266.066650390625,1233.2830152843737,18017500
2008-12-10,1315.84375,1266.9735838273432,27304100
2008-12-11,1316.6427001953125,1314.7288342907848,45607900
2008-12-12,1262.9188232421875,1307.511080385598,19847700
2008-12-15,1359.2249755859375,1285.1779349598319,20939700
2008-12-16,1342.78369140625,1352.6142406349452,17368700
2008-12-17,1363.9310302734375,1371.5287576195135,20396300
2008-12-18,1351.71142578125,1362.500922816711,13238300
2008-12-19,1348.2325439453125,1339.1838239701246,23604600
2008-12-22,1345.255615234375,1344.5106491172583,15048000
2008-12-23,1343.66357421875,1341.3947417461607,11629800
2008-12-24,1336.56201171875,1346.5296414838058,9931600
2008-12-30,1355.355224609375,1345.2236608020462,7946800
2009-01-05,1437.281982421875,1377.3962554533114,24464300
2009-01-06,1435.4810791015625,1438.3629248690809,44791500
2009-01-07,1421.4146728515625,1440.1939715700266,39511600
2009-01-08,1402.6064453125,1401.0375366210035,13090400
2009-01-09,1416.6148681640625,1400.6434443371613,14861200
2009-01-12,1406.498291015625,1406.7282625426167,10547700
2009-01-13,1399.6785888671875,1395.3946978806953,12630500
2009-01-14,1386.8519287109375,1406.45809780655,29913300
2009-01-15,1343.441650390625,1358.6440607212085,8634100
2009-01-16,1363.822998046875,1349.7675137670851,19470600
2009-01-19,1350.6343994140625,1370.8416200790923,13838000
2009-01-20,1344.0986328125,1335.6689075367126,10729800
2009-01-21,1321.4014892578125,1326.6262611606244,9516800
2009-01-22,1327.271484375,1332.2772715371682,6645700
2009-01-23,1315.53369140625,1321.3764812767156,5448600
2009-01-27,1336.5789794921875,1320.0915838539029,5926500
2009-01-28,1321.3995361328125,1339.8867304638404,7767800
2009-01-29,1324.5985107421875,1333.5691091409983,8697100
2009-01-30,1332.6151123046875,1324.4704098538944,5567700
2009-02-02,1310.5919189453125,1329.9632350726554,5409100
2009-02-03,1304.2802734375,1311.1479259720754,4763800
2009-02-04,1320.3115234375,1311.830775223363,5817400
2009-02-05,1328.023193359375,1319.4635904342704,13499100
2009-02-06,1350.58837890625,1337.5268759996454,27617600
2009-02-09,1342.173583984375,1360.890871262051,17933800
2009-02-10,1332.0771484375,1342.2167681821704,19453400
2009-02-11,1324.7724609375,1327.3434058883847,30704400
2009-02-12,1325.3695068359375,1322.0495675139848,31384700
2009-02-13,1338.6898193359375,1326.8223614924632,17256800
2009-02-16,1341.94970703125,1338.7539086016263,11196700
2009-02-17,1317.98876953125,1338.766891930007,15358500
2009-02-18,1330.55810546875,1312.4268544177971,14409700
2009-02-19,1323.64453125,1330.7631506915457,23618200
2009-02-20,1296.8916015625,1320.5706127111805,18829300
2009-02-23,1312.387939453125,1298.235535594302,11787800
2009-02-24,1295.818603515625,1305.6491536660317,9430300
2009-02-25,1300.0574951171875,1301.0334093289312,20352200
2009-02-26,1290.2708740234375,1303.701259999374,19552000
2009-02-27,1285.4259033203125,1292.2316686071988,10377200
2009-03-02,1256.06005859375,1285.425857532057,10694800
2009-03-03,1264.7667236328125,1256.0600318784204,12181100
2009-03-04,1289.329833984375,1264.7668249458807,13207600
2009-03-05,1288.02392578125,1289.3299053081573,13518800
2009-03-06,1286.6429443359375,1288.0238720648597,5838700
2009-03-10,1300.1644287109375,1286.642981630403,7296000
2009-03-11,1314.4678955078125,1300.1643749258478,13691300
2009-03-12,1310.363037109375,1314.4679801848183,7273100
2009-03-13,1327.385498046875,1310.3630873698798,12045300
2009-03-16,1324.7955322265625,1327.3853973419295,10208600
2009-03-17,1312.041015625,1324.79552448384,10389900
2009-03-18,1322.7855224609375,1312.0409457733356,11819200
2009-03-19,1341.55078125,1322.7855208437165,12818600
2009-03-20,1360.8360595703125,1341.5507996198448,16259400
2009-03-23,1406.59228515625,1360.8361295589816,26588300
2009-03-24,1436.06005859375,1406.5922116853462,36741700
2009-03-25,1419.9178466796875,1436.0601637504928,28116500
2009-03-27,1462.68798828125,1419.9176825558977,28328200
2009-03-30,1419.036865234375,1462.6881220634725,17639100
2009-03-31,1434.01806640625,1419.036716891844,15553100
2009-04-01,1461.6910400390625,1434.0180470369266,25067700
2009-04-02,1499.674560546875,1461.691056156156,32241500
2009-04-03,1500.302490234375,1499.6745850183884,30261000
2009-04-06,1516.58203125,1500.3026348450862,28501000
2009-04-07,1490.7989501953125,1516.5818808251463,29341700
2009-04-08,1465.6929931640625,1490.7990723493238,31037800
2009-04-13,1540.3428955078125,1465.6928520416982,47161200
2009-04-14,1570.1998291015625,1540.3429597609518,81512500
2009-04-15,1593.600830078125,1570.199764936206,95933900
2009-04-16,1625.0238037109375,1593.6009541614812,181868000
2009-04-17,1634.726318359375,1625.0236936324868,106253400
2009-04-20,1661.7802734375,1634.7263950720778,197443800
2009-04-22,1615.169189453125,1628.7856028294361,145365700
2009-04-23,1592.6378173828125,1615.169042861331,73377300
2009-04-24,1591.274169921875,1592.6380084794741,86654700
2009-04-27,1576.019775390625,1591.2741871465992,59271200
2009-04-28,1595.8529052734375,1576.0196930953095,68917900
2009-04-29,1644.12109375,1595.852952099978,69574400
2009-04-30,1722.698974609375,1644.121098836285,162896500
2009-05-01,1729.5147705078125,1722.698995533895,113212400
2009-05-04,1788.0775146484375,1729.5148481134481,106621100
2009-05-05,1772.0009765625,1788.0773772048876,113034500
2009-05-06,1798.26611328125,1772.0010216205933,90095200
2009-05-07,1828.7808837890625,1798.2660800614467,168895100
2009-05-08,1862.45947265625,1828.7808522005992,177683000
2009-05-11,1830.669677734375,1862.4594554170658,225749200
2009-05-12,1841.9503173828125,1830.6697503583546,138511600
2009-05-13,1851.260009765625,1841.9503133566309,287554600
2009-05-14,1784.93359375,1851.259992250087,270909500
2009-05-15,1750.8458251953125,1784.9336103658495,181611000
2009-05-18,1803.497802734375,1750.4249171090403,137301800
2009-05-19,1885.9425048828125,1805.360683840684,158367300
2009-05-20,1885.6485595703125,1886.149516609825,66887000
2009-05-22,1881.6358642578125,1885.3387232948946,63340900
2009-05-25,1890.8973388671875,1881.325812051227,71117900
2009-05-26,1857.513671875,1891.1042817872365,91041100
2009-05-27,1892.7694091796875,1858.3416709004562,73196200
2009-05-28,1902.8018798828125,1892.6653117185394,61969500
2009-05-29,1916.7564697265625,1903.111981130601,128449100
2009-06-01,1998.502197265625,1917.3784005485616,90610500
2009-06-02,1998.565185546875,1999.123269302089,117531500
2009-06-03,2010.835693359375,1999.083220992448,56294300
2009-06-04,2032.6368408203125,2010.7318094817078,57776800
2009-06-05,2078.849853515625,2032.9467360589367,75514200
2009-06-08,2056.56689453125,2079.69099413042,85694100
2009-06-09,2093.212646484375,2056.9870026802873,65894800
2009-06-10,2108.73193359375,2094.0535495157483,124710800
2009-06-11,2089.503662109375,2108.418941774875,148039100
2009-06-12,2090.86181640625,2089.7107381166684,84551500
2009-06-15,2069.794677734375,2090.6549521966635,60473000
2009-06-16,2030.286865234375,2069.380312826239,76345700
2009-06-17,2024.8861083984375,2029.8729747361563,58227300
2009-06-18,1950.9110107421875,2024.5720797390525,83570000
2009-06-19,1990.39453125,1951.7510166658346,73940800
2009-06-22,1974.9501953125,1990.6015643567423,84123700
2009-06-23,1914.3104248046875,1973.9161346860935,68632000
2009-06-24,1995.5963134765625,1913.8905077858556,70778700
2009-06-25,2044.0914306640625,1996.0093184400544,75862000
2009-06-26,2040.1136474609375,2044.2985432924304,37485100
2009-06-29,2033.6368408203125,2040.3796205412818,27447300
2009-06-30,2026.701171875,2034.8978744318288,38238200
2009-07-01,2059.8037109375,2026.8049977258447,38604000
2009-07-02,2065.672607421875,2060.0099858121657,46178300
2009-07-03,2075.22119140625,2065.4654677852427,30243400
2009-07-06,2034.9307861328125,2074.8013042120347,28970400
2009-07-07,2083.166015625,2034.8058367424558,48866400
2009-07-09,2083.89306640625,2083.371846445142,71130200
2009-07-10,2063.013671875,2084.731820431846,41331100
2009-07-13,2020.0604248046875,2062.594780267059,37537400
2009-07-14,2056.4990234375,2020.5603593784913,39420800
2009-07-15,2123.195556640625,2056.9119999865043,49345700
2009-07-16,2117.867431640625,2123.711198087646,51398700
2009-07-17,2106.27099609375,2117.0425492389445,43484800
2009-07-21,2146.470458984375,2106.9929907220826,40962200
2009-07-22,2125.532470703125,2146.7806692219724,68911800
2009-07-23,2160.6328125,2125.6351533854245,39476600
2009-07-24,2185.569091796875,2161.0458751807005,39560400
2009-07-27,2209.014892578125,2185.9877147795332,47289700
2009-07-28,2237.017822265625,2209.433936045516,69027100
2009-07-29,2225.7255859375,2236.8120695075754,52774100
2009-07-30,2298.045654296875,2224.469413617257,91391100
2009-07-31,2323.1455078125,2298.5602847151026,133264200
2009-08-03,2338.7060546875,2323.7635212849586,103150400
2009-08-04,2360.002197265625,2338.9119531585593,129954700
2009-08-05,2316.972900390625,2360.4211622193666,113651400
2009-08-06,2359.88525390625,2317.2829071832425,143651000
2009-08-07,2349.04150390625,2359.472005585715,111878500
2009-08-10,2389.46923828125,2349.66072529124,159141600
2009-08-11,2399.182373046875,2389.365861104875,145466900
2009-08-12,2347.2666015625,2399.079771578762,86791200
2009-08-13,2396.396484375,2347.885437791911,110095100
2009-08-14,2386.772216796875,2397.5318083389734,61176100
2009-08-18,2336.896240234375,2384.7093234497975,81370900
2009-08-19,2277.663330078125,2337.102179443617,75703500
2009-08-20,2328.54833984375,2279.107391910332,59075300
2009-08-21,2333.80615234375,2328.3412771193207,34067400
2009-08-24,2375.78173828125,2335.6622029393848,47202900
2009-08-25,2380.42822265625,2375.5753844442193,46761700
2009-08-26,2379.994140625,2379.706310047914,67409500
2009-08-27,2355.972412109375,2379.575498803218,60647500
2009-08-28,2377.154296875,2356.4871347043963,44417800
2009-08-31,2341.44580078125,2377.360171724684,46892000
2009-09-01,2326.823486328125,2341.3429406611126,38733600
2009-09-02,2285.8359375,2325.7923876450045,45531200
2009-09-03,2322.155517578125,2286.1447151559137,57937800
2009-09-04,2322.6455078125,2322.4685127616485,35777000
2009-09-07,2340.30078125,2323.0643931937584,37862700
2009-09-08,2371.209716796875,2340.613007200175,46496200
2009-09-09,2383.2451171875,2371.41574368939,35235300
2009-09-10,2411.769287109375,2383.658319288594,47370300
2009-09-11,2415.85205078125,2412.0812014008497,48353400
2009-09-14,2382.609130859375,2415.0148514754183,26960800
2009-09-15,2420.0146484375,2382.8752255506743,43368300
2009-09-16,2439.261962890625,2420.220712058915,39052000
2009-09-17,2456.890380859375,2440.0858596637772,52415600
2009-09-24,2468.80615234375,2457.199425691241,23682000
2009-09-25,2444.48876953125,2468.0837977511615,18405900
2009-09-28,2397.734375,2444.28260855925,25612800
2009-09-29,2443.736083984375,2398.4568378084105,30330400
2009-09-30,2467.4951171875,2444.154960304249,29892400
2009-10-01,2477.87451171875,2467.8070324377677,27585200
2009-10-02,2479.751220703125,2477.4615150515065,44290200
2009-10-05,2480.31640625,2479.0293470429874,60755500
2009-10-06,2528.04736328125,2480.7291410618673,57504000
2009-10-07,2513.30810546875,2528.665417414683,61810900
2009-10-08,2484.42138671875,2513.727131069862,45146400
2009-10-09,2474.304443359375,2484.839189019659,27697800
2009-10-12,2456.59326171875,2474.723658916526,27021400
2009-10-13,2471.8955078125,2457.005219583602,29180100
2009-10-14,2511.623046875,2472.2046614866686,35627100
2009-10-15,2515.28515625,2512.2423059343787,40175800
2009-10-16,2515.7080078125,2515.491219373961,18770800
2009-10-19,2520.826171875,2515.399380680151,17850400
2009-10-20,2502.11865234375,2521.237781047564,29689900
2009-10-21,2476.70068359375,2501.2946966772815,34398400
2009-10-22,2433.08935546875,2476.282498064952,37684400
2009-10-23,2467.85205078125,2433.398312178207,44629900
2009-10-26,2467.6181640625,2468.3810738517536,34390100
2009-10-27,2425.1064453125,2466.780847063711,43203300
2009-10-28,2355.222412109375,2424.3127439926075,50067700
2009-10-29,2343.941650390625,2354.6052974866748,69174700
2009-10-30,2367.608642578125,2344.9706089526185,53125700
2009-11-02,2371.5498046875,2365.5568738305433,44188600
2009-11-03,2334.01513671875,2371.86058791902,36653900
2009-11-04,2371.763671875,2334.8490925936617,40847400
2009-11-05,2367.121826171875,2371.5584207839015,29964800
2009-11-06,2395.0126953125,2367.532808347181,28907200
2009-11-09,2406.34033203125,2395.3197652941117,22752200
2009-11-10,2381.8623046875,2406.6482045121097,35982800
2009-11-11,2403.785400390625,2382.483250516288,56048400
2009-11-12,2420.186767578125,2405.0362344692744,56016000
2009-11-13,2426.70654296875,2419.980730615631,24031400
2009-11-16,2468.5791015625,2427.219625113679,56451600
2009-11-17,2473.692626953125,2468.8888591472464,62929100
2009-11-18,2484.13232421875,2473.5897657734854,72965300
2009-11-19,2468.692138671875,2483.8243630485003,85414400
2009-11-20,2487.268310546875,2468.1640726565356,71220800
2009-11-23,2481.3193359375,2487.684078182315,68133900
2009-11-24,2471.78759765625,2481.4212550070906,48187200
2009-11-25,2461.432373046875,2470.9969425724253,43851800
2009-11-26,2393.42578125,2459.8421385968786,59444700
2009-11-30,2415.742919921875,2393.3228938251646,44583400
2009-12-01,2452.4052734375,2415.947711789248,38557000
2009-12-02,2471.467529296875,2452.8212842086878,46908700
2009-12-03,2499.939697265625,2471.0577660320837,51255500
2009-12-04,2511.447021484375,2499.5226816275162,35972300
2009-12-07,2483.661376953125,2511.857300875192,27993700
2009-12-08,2483.79541015625,2484.1882171321877,29448800
2009-12-09,2481.200439453125,2483.693262242449,31146300
2009-12-10,2486.34033203125,2481.4054653265043,28097200
2009-12-11,2519.001220703125,2485.7254143501464,30695100
2009-12-14,2506.28857421875,2519.206040904586,33305700
2009-12-15,2494.639892578125,2505.494450254261,35730600
2009-12-16,2522.447021484375,2494.9502859443264,39611600
2009-12-17,2509.47802734375,2522.548562354612,33943100
2009-12-21,2431.29443359375,2508.8666143772775,28538900
2009-12-22,2467.541015625,2432.123447480619,23427100
2009-12-23,2474.78662109375,2467.744903302394,19329500
2009-12-28,2509.593994140625,2474.9903635750693,23690700
2009-12-29,2518.89599609375,2511.167292574294,22126900
2009-12-30,2534.25732421875,2520.205869145581,19863800
2010-01-04,2575.31298828125,2533.8495119993167,18339300
2010-01-05,2605.175537109375,2575.5165371124353,57043800
2010-01-06,2603.195556640625,2605.379309333124,51569100
2010-01-07,2586.794189453125,2603.3994992296807,45510800
2010-01-08,2614.268310546875,2586.6922359959,73723500
2010-01-11,2632.1015625,2615.5060176081697,52891200
2010-01-12,2659.447265625,2632.2032113789314,57497400
2010-01-13,2632.76953125,2657.799562259171,42685500
2010-01-14,2645.077880859375,2633.4794556717525,53126200
2010-01-15,2646.987060546875,2646.6499154662783,47643800
2010-01-18,2642.445068359375,2645.338754364423,30861500
2010-01-19,2665.96728515625,2642.2511671747734,32768000
2010-01-20,2667.162353515625,2666.4741478667947,36995600
2010-01-21,2638.279541015625,2664.5553752508904,32438400
2010-01-22,2610.238525390625,2636.85931576673,36693100
2010-01-25,2597.759033203125,2609.6294209566645,33669400
2010-01-26,2578.314697265625,2597.2519485546745,42143000
2010-01-27,2564.454345703125,2577.8078309289317,26010100
2010-01-28,2619.463134765625,2565.278228968183,33551500
2010-01-29,2610.6943359375,2619.1590945279722,21712000
2010-02-01,2587.4482421875,2610.4912895372017,32319600
2010-02-02,2580.150634765625,2588.1583799858495,30633100
2010-02-03,2604.447509765625,2580.5553750521517,38272000
2010-02-04,2593.119140625,2604.6506746581144,38026400
2010-02-05,2518.878173828125,2592.3081811768566,34842900
2010-02-08,2475.4755859375,2518.5088216281533,36850700
2010-02-09,2489.388427734375,2474.6538925535538,32704700
2010-02-10,2483.34130859375,2490.196022199638,26501600
2010-02-11,2507.653564453125,2483.5424405250374,40917000
2010-02-12,2534.038330078125,2508.056431219821,35308600
2010-02-15,2517.358154296875,2533.6353533057086,16743700
2010-02-16,2558.4052734375,2517.559939888362,22302000
2010-02-17,2581.23974609375,2558.506498955025,35680400
2010-02-18,2559.934326171875,2581.340475660987,26304700
2010-02-19,2554.2763671875,2559.83327939028,21925400
2010-02-22,2564.163330078125,2554.6798117631038,19028500
2010-02-23,2583.550048828125,2564.062039869509,32655900
2010-02-24,2579.315673828125,2582.3226369279046,40083200
2010-02-25,2548.933837890625,2579.214642774482,23650800
2010-03-01,2554.574462890625,2548.7316731377773,18985100
2010-03-02,2576.490966796875,2554.3736620000977,25350600
2010-03-03,2566.9892578125,2576.9007374994526,34245400
2010-03-04,2565.545166015625,2566.8881313242327,24987400
2010-03-05,2578.671630859375,2565.9541081480897,25418300
2010-03-08,2626.3486328125,2578.873675296934,29813600
2010-03-09,2657.0634765625,2626.1476888125753,30408700
2010-03-10,2670.114990234375,2656.7585768875683,30181300
2010-03-11,2676.41796875,2670.015141387939,40847100
2010-03-12,2666.4072265625,2676.008903706985,52724000
2010-03-15,2669.504150390625,2666.306276640478,29518100
2010-03-17,2756.15478515625,2669.3031820587917,65719300
2010-03-18,2737.13525390625,2756.3554519971967,60311400
2010-03-19,2742.8671875,2738.6962075319643,38764300
2010-03-22,2702.295654296875,2742.565326471694,34251000
2010-03-23,2720.756103515625,2702.496804839494,27466700
2010-03-24,2774.741943359375,2721.058000703685,33240000
2010-03-25,2799.0400390625,2773.189238055542,42022300
2010-03-26,2812.97265625,2799.1411628010314,40138200
2010-03-29,2794.662109375,2813.3813507317177,46152900
2010-03-30,2798.1591796875,2795.07116508794,41374000
2010-03-31,2777.19287109375,2798.5680152280424,41736300
2010-04-01,2829.885986328125,2777.5960286792792,42051100
2010-04-05,2887.1337890625,2830.92088775995,44192300
2010-04-06,2880.85693359375,2888.693542825175,84458100
2010-04-07,2898.46923828125,2881.2589705131104,65778000
2010-04-08,2850.722900390625,2898.0670028008512,51323800
2010-04-09,2844.900390625,2850.5222423876166,42393300
2010-04-12,2881.220947265625,2845.503342304941,50485000
2010-04-13,2884.587646484375,2880.9159144346927,49876500
2010-04-14,2884.902587890625,2884.7885786569486,50442600
2010-04-15,2900.417236328125,2885.003773235079,57186200
2010-04-16,2878.558837890625,2900.72106106624,36312000
2010-04-19,2840.314697265625,2877.8562074574193,37623100
2010-04-20,2891.157470703125,2840.515399161343,40735900
2010-04-21,2912.712646484375,2891.3584965214436,65446100
2010-04-22,2926.41796875,2912.612598406122,50073500
2010-04-23,2924.616943359375,2926.0158146068347,38537700
2010-04-26,2944.594482421875,2924.8181518244955,40750000
2010-04-27,2939.184814453125,2943.5625739596885,42008700
2010-04-28,2903.2060546875,2938.8836206499886,51624300
2010-04-29,2926.74609375,2903.406915055245,61415100
2010-04-30,2971.136474609375,2927.1472175333943,52354600
2010-05-03,2960.77978515625,2971.631413589095,40869300
2010-05-04,2958.89990234375,2961.1759369382403,39115500
2010-05-05,2846.128173828125,2958.404807177291,64284400
2010-05-06,2810.506591796875,2845.9302620607414,49674100
2010-05-07,2739.226318359375,2808.6257149486964,35710700
2010-05-10,2850.31591796875,2739.820224264005,57259100
2010-05-11,2812.78173828125,2850.7121481231297,50915600
2010-05-12,2847.510986328125,2812.8802572261293,27651200
2010-05-14,2858.27392578125,2847.016306656839,27961400
2010-05-17,2819.360107421875,2857.8776494601325,26022700
2010-05-18,2834.07568359375,2820.366256465814,31953300
2010-05-19,2729.377685546875,2833.580662217586,47880900
2010-05-20,2694.144287109375,2730.1819486256345,49228600
2010-05-21,2623.118896484375,2692.560286707893,41668500
2010-05-24,2609.508544921875,2623.6139529683333,54224200
2010-05-25,2514.02099609375,2608.9145175703256,71613600
2010-05-26,2696.675048828125,2514.8129880195825,96599900
2010-05-27,2713.8173828125,2696.1798862623054,100495800
2010-05-31,2796.84814453125,2714.2134222080167,56586900
2010-06-01,2724.509033203125,2796.551153336937,55000000
2010-06-02,2733.57177734375,2724.9051218618656,59242600
2010-06-03,2810.86767578125,2734.066709141819,63368500
2010-06-04,2823.14111328125,2810.7685478878966,49708300
2010-06-07,2750.1259765625,2820.7653197252293,39668300
2010-06-08,2779.874755859375,2750.2460257874654,43080100
2010-06-09,2785.684814453125,2779.676991066424,40994900
2010-06-10,2770.679443359375,2786.0807003496616,34594200
2010-06-11,2801.789794921875,2771.372034393599,30751100
2010-06-14,2826.72705078125,2801.9880220514074,24995300
2010-06-15,2830.06298828125,2826.92492677802,37229900
2010-06-16,2858.5478515625,2830.557972460306,37776100
2010-06-17,2890.9853515625,2856.2576996369944,49582800
2010-06-18,2929.47509765625,2891.1833750598757,63241400
2010-06-21,2941.78857421875,2929.871069328593,54836200
2010-06-22,2934.474853515625,2940.7824692480604,34480600
2010-06-23,2924.676025390625,2933.781627454994,45910300
2010-06-24,2913.981689453125,2924.775215166528,40566000
2010-06-25,2946.908203125,2913.6846432613834,25184500
2010-06-28,2955.616943359375,2947.105311619419,29699400
2010-06-29,2893.258544921875,2955.7160762382928,27437700
2010-06-30,2913.57080078125,2892.4676173784846,24859700
2010-07-01,2874.13623046875,2912.7677841738296,38617700
2010-07-02,2871.442138671875,2874.7291200490163,24510400
2010-07-05,2877.19189453125,2871.8371226195554,22568500
2010-07-06,2910.53466796875,2877.2910887989915,24580200
2010-07-07,2901.93115234375,2910.4149534526714,20540500
2010-07-08,2915.794677734375,2902.521267637065,41989100
2010-07-09,2943.781494140625,2916.0884794971566,42852300
2010-07-12,2958.676025390625,2942.012610521513,34634600
2010-07-13,2961.396728515625,2957.677879083504,27671900
2010-07-14,2980.94287109375,2961.5935277643775,39458200
2010-07-15,2980.480712890625,2979.944845112593,45256300
2010-07-16,2992.33349609375,2980.3620381685964,43437600
2010-07-19,2975.456298828125,2992.038661712625,29147800
2010-07-20,2995.324462890625,2975.7512492672968,42827800
2010-07-21,3013.28369140625,2995.619583446793,50624800
2010-07-22,3009.805908203125,3013.5787105269305,42180100
2010-07-23,3041.901611328125,3010.197767298005,51153000
2010-07-26,3023.581298828125,3041.9995273153727,41815100
2010-07-27,3041.5595703125,3023.87520017296,38118200
2010-07-28,3057.35595703125,3041.4605803567424,39927800
2010-07-29,3096.6953125,3057.847948516047,45659200
2010-07-30,3069.16064453125,3096.597565566185,33560600
2010-08-02,3058.85986328125,3070.1584954724153,29613000
2010-08-03,2973.540283203125,3059.2530119339467,43158300
2010-08-04,2983.130859375,2973.7371823466215,30313800
2010-08-05,3044.822509765625,2983.72088200246,35892100
2010-08-06,3060.473876953125,3045.3133343226023,27844700
2010-08-09,3082.477783203125,3057.4289546118216,24487600
2010-08-10,3057.041748046875,3082.8708195478325,23919300
2010-08-11,3035.199951171875,3054.5170702264513,28779900
2010-08-12,3025.5263671875,3034.120027083594,25851700
2010-08-13,3052.89111328125,3025.6250853276056,22483700
2010-08-16,3052.480224609375,3052.791980044383,26005500
2010-08-18,3071.96728515625,3053.2370575196965,35134300
2010-08-19,3105.229248046875,3072.3574804784744,57274200
2010-08-20,3117.5986328125,3103.2451875467223,44632400
2010-08-23,3128.612060546875,3117.305616047037,55150900
2010-08-24,3114.817626953125,3128.316124555914,49021600
2010-08-25,3138.78759765625,3114.62252371262,65868600
2010-08-26,3145.0126953125,3138.396985810895,69423400
2010-08-27,3104.6123046875,3144.9149382621254,48185900
2010-08-30,3099.4443359375,3105.1001217191383,38236500
2010-08-31,3081.763916015625,3098.6502207327217,35991000
2010-09-01,3135.19384765625,3081.36708600578,38262900
2010-09-02,3122.027587890625,3135.5851664428324,40055000
2010-09-03,3164.154052734375,3122.124681303263,36230200
2010-09-06,3217.022705078125,3164.349706898999,28435500
2010-09-07,3230.76220703125,3217.413849559661,36835100
2010-09-15,3356.9013671875,3231.953347988635,46833300
2010-09-16,3341.502197265625,3356.999397630212,50943400
2010-09-17,3384.521484375,3341.306123593052,92721600
2010-09-20,3370.850830078125,3384.4242767713536,102815200
2010-09-21,3364.90625,3371.3398376918967,100983500
2010-09-22,3343.212646484375,3365.002812385453,112246400
2010-09-23,3337.067138671875,3343.7018902047007,75105000
2010-09-24,3397.49365234375,3338.5809077911726,49811300
2010-09-27,3467.90087890625,3397.688768602472,60521200
2010-09-28,3472.572021484375,3468.097097808216,61810900
2010-09-29,3495.328125,3473.1578449603458,61190500
2010-09-30,3501.159912109375,3495.6242384450843,55774300
2010-10-01,3546.97705078125,3501.062820728497,50247800
2010-10-04,3569.359130859375,3547.1720060796274,56368500
2010-10-05,3591.55517578125,3569.455938899531,68355200
2010-10-06,3603.263916015625,3591.944287894761,81232300
2010-10-07,3586.04638671875,3603.3596773453473,64812100
2010-10-08,3546.816162109375,3585.755565683302,54248000
2010-10-11,3548.60791015625,3547.58378011423,54496100
2010-10-12,3547.110107421875,3548.800959637033,64487400
2010-10-13,3611.83837890625,3549.3317793642245,85224100
2010-10-14,3618.337158203125,3612.030274836525,66365500
2010-10-15,3596.89111328125,3619.3252993503593,50094300
2010-10-18,3566.779052734375,3596.6990300135094,49795600
2010-10-19,3592.648193359375,3567.2732048626053,64020700
2010-10-20,3578.81494140625,3592.360313139777,82157600
2010-10-21,3587.870361328125,3579.006692651291,68012400
2010-10-22,3597.605224609375,3588.6114337071817,51559900
2010-10-25,3643.34912109375,3598.065971983174,51321400
2010-10-26,3653.9599609375,3642.966247819915,53657000
2010-10-27,3624.325927734375,3652.0438426768246,51160600
2010-10-28,3638.68408203125,3623.750826279144,43195900
2010-10-29,3635.182373046875,3639.067231485285,34923600
2010-11-01,3645.005126953125,3635.3746423493017,38168300
2010-11-02,3625.346923828125,3644.0332082005116,49374100
2010-11-03,3605.532958984375,3625.539017343801,47337100
2010-11-04,3628.90478515625,3605.724778328889,41669600
2010-11-05,3655.16259765625,3629.5747268741093,49451700
2010-11-08,3699.118896484375,3655.258543851082,41320300
2010-11-09,3737.338623046875,3699.010278816729,59587600
2010-11-10,3756.82080078125,3737.910404086066,71330800
2010-11-11,3744.47216796875,3757.2006764233356,78274500
2010-11-12,3665.703125,3744.3770616776515,58737900
2010-11-15,3656.319580078125,3664.943267810879,57098700
2010-11-16,3673.884033203125,3656.7946107995504,67855800
2010-11-18,3677.760986328125,3673.408128312332,137832000
2010-11-19,3724.903076171875,3678.330914729953,83904100
2010-11-22,3741.083251953125,3725.187875140492,54562700
2010-11-23,3678.051025390625,3740.893551686553,67385300
2010-11-24,3658.634765625,3677.48095626887,54330600
2010-11-25,3701.868896484375,3659.014606951154,85829100
2010-11-26,3642.358154296875,3701.774785725483,90591300
2010-11-29,3630.494873046875,3642.735364069534,50401500
2010-11-30,3531.073486328125,3631.3986826148353,79712800
2010-12-01,3618.953125,3530.7885880884683,66508300
2010-12-02,3694.43603515625,3619.7067710533333,65178300
2010-12-03,3696.115966796875,3694.5300911007375,39808400
2010-12-06,3722.2021484375,3696.585224888193,39784700
2010-12-08,3769.845947265625,3722.76379845329,43078500
2010-12-09,3785.949462890625,3771.340168634463,47791600
2010-12-10,3747.568359375,3784.5097937274572,49468500
2010-12-13,3692.088134765625,3747.6609214979426,37966100
2010-12-14,3689.5224609375,3692.275283516129,35754300
2010-12-15,3658.171630859375,3690.9704035363325,41483000
2010-12-16,3571.59912109375,3657.331870534814,40147400
2010-12-17,3581.42529296875,3571.3187534534286,31291800
2010-12-20,3568.671142578125,3589.010194599228,35779900
2010-12-21,3637.30419921875,3569.32369599029,25533800
2010-12-22,3620.54296875,3637.5442592374047,22447400
2010-12-23,3611.390380859375,3621.4910617647183,19787100
2010-12-27,3625.125,3611.8574500524946,18671400
2010-12-28,3659.8505859375,3625.5909319897373,20076600
2010-12-29,3699.072998046875,3659.9434182483656,18902500
2010-12-30,3703.367919921875,3698.794123210908,20503500
2011-01-03,3727.3720703125,3704.2967962189314,35205800
2011-01-04,3759.914794921875,3727.6509130926365,53135600
2011-01-05,3783.561767578125,3759.822701020844,33610700
2011-01-06,3736.11181640625,3782.845839185607,28831900
2011-01-07,3631.311767578125,3734.226957732621,36417500
2011-01-10,3478.41357421875,3631.1256430542603,45480800
2011-01-11,3454.992431640625,3477.9436864620234,38441100
2011-01-12,3554.627685546875,3455.27437692472,50358200
2011-01-13,3564.798095703125,3555.1915364657616,43284500
2011-01-14,3569.005126953125,3564.5133584263895,25314200
2011-01-17,3535.59326171875,3568.629084498374,20206900
2011-01-18,3548.5107421875,3536.0632288628785,27627900
2011-01-19,3534.146240234375,3548.510670810314,25022400
2011-01-20,3453.9833984375,3533.8643205370167,30135000
2011-01-21,3379.411376953125,3453.1375100179043,33749900
2011-01-24,3345.9306640625,3380.365357502768,22641900
2011-01-25,3433.772216796875,3346.885709552317,27707000
2011-01-26,3501.580810546875,3434.013370927052,31347100
2011-01-27,3514.4873046875,3500.61382094902,32035800
2011-01-28,3487.474365234375,3514.0172774230196,20956700
2011-01-31,3409.034423828125,3487.0042921761706,26295400
2011-02-01,3442.3671875,3410.9433599722756,26648100
2011-02-02,3480.6904296875,3443.024903762312,22661100
2011-02-04,3496.032958984375,3480.784528670016,18968300
2011-02-07,3487.5712890625,3496.9718020848454,17428200
2011-02-08,3459.79833984375,3487.8551083081975,22593200
2011-02-09,3417.337890625,3458.114379133392,24111400
2011-02-10,3373.512451171875,3417.0576275897315,22218100
2011-02-11,3391.634033203125,3372.5676370320834,24392800
2011-02-14,3416.634033203125,3392.470911706388,19918500
2011-02-16,3416.65185546875,3416.4480059855027,17924000
2011-02-17,3434.24609375,3416.837836382373,23202500
2011-02-18,3501.361083984375,3435.1776192703423,35302700
2011-02-21,3497.507080078125,3500.8157893230573,25743300
2011-02-22,3450.965576171875,3497.2276888521924,21495700
2011-02-23,3473.988037109375,3451.3377943199844,25428500
2011-02-24,3438.998291015625,3473.7069016667665,39513100
2011-02-25,3443.396240234375,3439.5563015399975,28782400
2011-02-28,3470.212890625,3443.4890768080777,23695200
2011-03-01,3512.480224609375,3470.491868717449,29649700
2011-03-02,3486.061279296875,3512.015346808,27628100
2011-03-03,3494.403076171875,3484.3863761326866,28990600
2011-03-04,3542.76513671875,3494.9608456606093,28558600
2011-03-07,3561.578369140625,3541.8201052356085,20280700
2011-03-08,3580.174560546875,3561.297365896732,28541700
2011-03-09,3598.534912109375,3579.7097174791857,30038600
2011-03-10,3587.50830078125,3598.3489432482347,26329800
2011-03-11,3542.090087890625,3587.136185225006,31212500
2011-03-14,3569.7001953125,3541.997171821948,33258300
2011-03-15,3524.345703125,3569.143031376577,35965600
2011-03-16,3531.339599609375,3524.5307825993305,27963500
2011-03-17,3484.074462890625,3531.153686634804,22173100
2011-03-18,3493.93408203125,3484.6324421043764,27604100
2011-03-21,3518.708984375,3493.006127415966,17264200
2011-03-22,3517.584228515625,3518.8021987546226,16468400
2011-03-23,3556.092529296875,3516.9710053023646,19830900
2011-03-24,3611.50048828125,3556.3744609563905,35959100
2011-03-25,3606.97265625,3611.6863399842173,25886200
2011-03-28,3602.71875,3602.6757829213116,19353400
2011-03-29,3591.375,3601.7757179142327,30067600
2011-03-30,3640.836181640625,3591.4801943763614,35240200
2011-03-31,3678.531005859375,3641.0224548862902,38931700
2011-04-01,3707.343017578125,3678.902960462337,28383200
2011-04-04,3699.903076171875,3707.2497139839884,25418800
2011-04-05,3685.792724609375,3699.6242180649197,27857400
2011-04-06,3727.653076171875,3685.6996301915374,35284000
2011-04-07,3730.437744140625,3729.562778211898,31305800
2011-04-08,3741.665283203125,3730.530707171167,31001200
2011-04-11,3745.692138671875,3740.7223613521683,26305600
2011-04-12,3719.088134765625,3745.506295821614,23409500
2011-04-13,3734.267822265625,3718.8094392244307,32992700
2011-04-14,3707.8349609375,3734.452823364004,27089600
2011-04-15,3730.36669921875,3707.7425802213065,28619400
2011-04-18,3726.927978515625,3729.889777330747,23963800
2011-04-19,3732.504638671875,3726.741923495274,27871400
2011-04-20,3794.6142578125,3732.7836567515537,52085200
2011-04-21,3800.93310546875,3796.2853371618103,33145900
2011-04-25,3788.392578125,3801.210926834618,23404800
2011-04-26,3774.72412109375,3787.449455698254,39664800
2011-04-27,3804.78271484375,3775.0028688864627,49082500
2011-04-28,3808.78076171875,3804.875884354194,38876600
2011-04-29,3819.46923828125,3807.8378551221394,35713200
2011-05-02,3849.150146484375,3819.6552013934893,38353900
2011-05-03,3813.719482421875,3847.240150387475,46020000
2011-05-04,3814.779541015625,3813.5334957506925,65293500
2011-05-05,3816.12353515625,3814.314523490953,73179300
2011-05-06,3798.406005859375,3815.845268000374,47658100
2011-05-09,3785.302734375,3798.5912800610836,42060500
2011-05-10,3800.3720703125,3786.2556765070626,85796300
2011-05-11,3837.992919921875,3800.4653257593122,71791300
2011-05-12,3808.561767578125,3837.621671996548,97490400
2011-05-13,3831.871826171875,3809.276758503646,87893600
2011-05-16,3799.078125,3831.7787558214095,47990800
2011-05-18,3840.0595703125,3800.0191360706085,54670900
2011-05-19,3859.659912109375,3840.430679686233,62268900
2011-05-20,3872.802001953125,3859.7527056478125,37198000
2011-05-23,3778.30712890625,3872.0612944558366,69369200
2011-05-24,3785.7958984375,3778.214162015584,56566700
2011-05-25,3780.01513671875,3785.319862103698,45028700
2011-05-26,3814.66748046875,3780.1998275439078,36431700
2011-05-27,3832.228759765625,3814.574417665939,25077600
2011-05-30,3825.98779296875,3831.2776257880546,30112500
2011-05-31,3836.81787109375,3826.173265409352,68115000
2011-06-01,3837.61181640625,3837.0278547301373,64790200
2011-06-03,3843.870361328125,3837.518557849569,34689300
2011-06-06,3834.0517578125,3843.589472669934,34642400
2011-06-07,3842.80322265625,3832.1718007601166,53371800
2011-06-08,3825.671875,3842.7112496662135,47234500
2011-06-09,3806.038818359375,3825.4870357256414,42358400
2011-06-10,3787.50048828125,3806.9728746828673,26341000
2011-06-13,3748.612060546875,3787.221396684142,36858900
2011-06-14,3773.1259765625,3747.6770166910096,27689500
2011-06-15,3794.103271484375,3773.218098219556,34900100
2011-06-16,3740.3251953125,3793.827260849498,41006900
2011-06-17,3722.158203125,3739.391663679448,37490400
2011-06-20,3728.97705078125,3722.434336476732,26923200
2011-06-21,3794.791259765625,3729.5279308767376,36632800
2011-06-22,3821.683349609375,3795.1582585145748,36507500
2011-06-23,3823.5009765625,3821.4051109310703,32514100
2011-06-24,3848.408203125,3823.409176881532,35181800
2011-06-27,3813.276611328125,3848.224225549305,26289100
2011-06-28,3830.123779296875,3813.368572478564,33644400
2011-06-30,3888.417724609375,3830.306949619247,35665000
2011-07-01,3926.945068359375,3888.0505859926166,31812700
2011-07-04,3953.36328125,3927.0361805258003,31742500
2011-07-05,3923.974365234375,3952.9961859089535,37550800
2011-07-06,3908.803955078125,3923.515296692035,35497000
2011-07-07,3939.319580078125,3908.9877527956996,31545400
2011-07-08,4003.534912109375,3939.59550910667,31191500
2011-07-11,3995.431396484375,4002.603236469366,29286500
2011-07-12,3937.861572265625,3995.064423202386,33050300
2011-07-13,3980.68994140625,3938.0976060383255,45785000
2011-07-14,3997.4794921875,3980.598068862731,42984100
2011-07-15,4023.04541015625,3997.7155849249325,33962500
2011-07-18,4032.81689453125,4023.977151273789,31163500
2011-07-19,4023.260498046875,4032.542119438346,53922700
2011-07-20,4050.474365234375,4023.443435325984,68009200
2011-07-21,4067.91455078125,4050.565128893486,75234200
2011-07-22,4106.662109375,4069.7787777824283,64601300
2011-07-25,4086.934814453125,4104.3030344726285,60877700
2011-07-26,4132.6162109375,4086.293060455652,81604900
2011-07-27,4173.94921875,4132.5138211617,67338100
2011-07-28,4145.666015625,4172.085887180886,52125500
2011-07-29,4130.63916015625,4146.59752389513,51520000
2011-08-01,4193.27783203125,4131.571247563096,65618400
2011-08-02,4177.68359375,4192.3456207524005,58776600
2011-08-03,4136.34619140625,4177.408561498282,48664300
2011-08-04,4121.92529296875,4136.529704257168,52262500
2011-08-05,3921.490478515625,4119.722511264692,85835700
2011-08-08,3850.1162109375,3920.664245435158,79017400
2011-08-09,3734.9736328125,3846.078442492075,86494600
2011-08-10,3863.425537109375,3735.8904625736623,63159300
2011-08-11,3869.21435546875,3863.241687603734,57873800
2011-08-12,3890.37451171875,3868.4805881796933,49834500
2011-08-15,3959.86767578125,3890.650402140222,43713700
2011-08-16,3953.123291015625,3959.958962552499,67781600
2011-08-18,4020.83740234375,3953.6740007709386,55251900
2011-08-19,3842.598388671875,4019.6444717495738,52137200
2011-08-22,3839.466796875,3843.530603832825,39682400
2011-08-23,3880.31298828125,3839.9114855902267,41083400
2011-08-24,3846.8701171875,3881.2447542614013,39053000
2011-08-25,3844.227294921875,3847.237187510475,33077600
2011-08-26,3841.58154296875,3842.363494977467,23908500
2011-09-05,3866.021728515625,3842.499450187356,26667800
2011-09-06,3889.819580078125,3865.3786366338836,29806200
2011-09-07,4001.27734375,3890.3695517933675,43959400
2011-09-08,4005.23388671875,4001.552145358789,37592800
2011-09-09,3998.346435546875,4004.3032351043353,30534100
2011-09-12,3895.967529296875,3997.064675661865,27234300
2011-09-13,3874.632080078125,3896.0592242167036,34904600
2011-09-14,3798.88916015625,3874.907195697982,41940800
2011-09-15,3774.18701171875,3799.2551273245867,32731900
2011-09-16,3835.03173828125,3775.3031044943027,31390800
2011-09-19,3754.90576171875,3833.931736672261,26730300
2011-09-20,3751.964111328125,3754.68397619611,35175400
2011-09-21,3697.349853515625,3751.780838438316,26124200
2011-09-22,3369.01220703125,3695.793459486666,52903800
2011-09-23,3426.212646484375,3367.272068542247,39180900
2011-09-26,3316.008056640625,3425.4688893589987,48894300
2011-09-27,3473.802978515625,3316.5571367689536,42886800
2011-09-28,3513.029296875,3474.1748519663915,40210500
2011-09-29,3537.040283203125,3512.8461567097006,26702100
2011-09-30,3548.893798828125,3537.1322938962644,31074600
2011-10-03,3348.57763671875,3547.9778324004856,35605800
2011-10-04,3269.32373046875,3347.089747850074,38783700
2011-10-05,3293.11083984375,3269.415717178892,29217000
2011-10-06,3442.97216796875,3293.3859396638504,42704300
2011-10-07,3425.55078125,3443.3379308834556,42566600
2011-10-10,3450.949462890625,3424.435603849419,20438300
2011-10-11,3531.615478515625,3451.498723628672,55539300
2011-10-12,3635.7890625,3522.679461655873,71960600
2011-10-13,3675.240966796875,3636.4294893331885,79293800
2011-10-14,3664.537109375,3674.869714482867,39296400
2011-10-17,3728.869873046875,3665.177525888104,73293900
2011-10-18,3621.885986328125,3727.8637908919172,51376300
2011-10-19,3685.16259765625,3622.4350565692043,50626700
2011-10-20,3622.634765625,3684.704369298581,30644600
2011-10-21,3620.52294921875,3622.7257442221216,30897100
2011-10-24,3706.637939453125,3620.981356028334,48331400
2011-10-25,3710.333740234375,3706.5467781264015,29870500
2011-10-26,3738.46142578125,3710.2425534086738,30382600
2011-10-27,3812.85546875,3739.390311228966,58927300
2011-10-28,3829.810791015625,3813.862437589584,50679300
2011-10-31,3790.699462890625,3830.725982002097,36412500
2011-11-01,3684.86865234375,3789.9675922184556,40125300
2011-11-02,3762.8876953125,3684.0448121834215,49329700
2011-11-03,3705.666015625,3763.1618275799046,35708700
2011-11-04,3783.480712890625,3706.305737285169,33167800
2011-11-07,3778.093017578125,3782.932917190458,23496400
2011-11-08,3805.499755859375,3778.5498776042405,22485000
2011-11-09,3857.212890625,3806.32180521326,33282300
2011-11-10,3783.73388671875,3856.2989344654534,29288000
2011-11-11,3778.738037109375,3784.0989125844276,24340400
2011-11-14,3832.890869140625,3779.1939843272776,34336500
2011-11-15,3813.693603515625,3832.9828917958057,22405100
2011-11-16,3813.941650390625,3813.7846740782225,33821000
2011-11-17,3792.105224609375,3813.577532779615,20699500
2011-11-18,3754.353759765625,3792.0153787012564,18836700
2011-11-21,3679.685791015625,3754.080842814279,26898000
2011-11-22,3735.38671875,3679.5959196217686,25716500
2011-11-23,3686.864501953125,3734.4795913335233,18049300
2011-11-24,3695.887939453125,3686.2284038130083,20852800
2011-11-25,3637.050048828125,3695.9789029343933,20254200
2011-11-28,3646.9072265625,3637.7774547099652,19180300
2011-11-29,3687.62548828125,3647.088003855251,23033700
2011-11-30,3714.935302734375,3687.988354841699,29485700
2011-12-01,3780.9521484375,3715.2986946502265,38604300
2011-12-02,3779.68896484375,3781.320981461146,21962000
2011-12-05,3780.64599609375,3780.415048040608,23775800
2011-12-06,3752.52783203125,3779.910798089359,21974200
2011-12-07,3793.08740234375,3753.224940939817,30518600
2011-12-08,3781.61376953125,3793.1772842117375,29949700
2011-12-09,3759.462646484375,3780.880026255235,23622200
2011-12-12,3792.00146484375,3760.9316281458937,37212200
2011-12-13,3763.432861328125,3791.278703116905,38938600
2011-12-14,3751.4580078125,3763.251494155998,44052100
2011-12-15,3701.39599609375,3751.0071025447833,32751000
2011-12-16,3768.20703125,3701.7616247958376,41442900
2011-12-19,3770.14013671875,3768.1170222271357,28343900
2011-12-20,3752.191650390625,3770.6809200127886,42637500
2011-12-21,3794.119384765625,3752.6439486232184,43708700
2011-12-22,3795.29541015625,3791.5675278939975,39251600
2011-12-23,3797.0029296875,3795.661185093225,23888900
2011-12-27,3789.277587890625,3796.8222161640265,14348800
2011-12-28,3769.067138671875,3789.3861705613886,20780700
2011-12-29,3808.623779296875,3768.9773727178076,18319000
2011-12-30,3821.84326171875,3808.803729934766,26005400
2012-01-02,3808.99169921875,3821.477297436053,24861600
2012-01-03,3857.73193359375,3808.540732926268,49712400
2012-01-04,3907.268798828125,3857.9128099695927,39077900
2012-01-05,3906.11181640625,3907.3588381611225,34539000
2012-01-06,3869.264404296875,3906.2920155051734,21634800
2012-01-09,3888.920654296875,3868.633357995178,35483700
2012-01-10,3938.688720703125,3888.5605450764688,50193700
2012-01-11,3909.48779296875,3938.7786455882356,31509900
2012-01-12,3909.344970703125,3909.847880824065,42546300
2012-01-13,3935.1728515625,3908.8938445052963,42892200
2012-01-16,3909.541015625,3935.0829906715417,31210900
2012-01-17,3954.60107421875,3909.9070117496,48105000
2012-01-18,3977.972900390625,3954.420839744351,40722700
2012-01-19,4000.917236328125,3978.334131147337,43535600
2012-01-20,3986.359619140625,4001.649062661157,36347900
2012-01-24,3994.427490234375,3986.8098668942594,20738300
2012-01-25,3963.45068359375,3994.9675230515086,26529100
2012-01-26,3983.279052734375,3963.630647528806,32829700
2012-01-27,3986.254638671875,3983.3687647549236,27714300
2012-01-30,3915.007568359375,3985.9847869086525,28566300
2012-01-31,3941.539794921875,3914.4678499352967,34190200
2012-02-01,3964.82177734375,3941.629564668466,36201200
2012-02-02,4016.74560546875,3965.2715367019123,46876600
2012-02-03,4015.79248046875,4016.476535842582,42300400
2012-02-06,3974.63330078125,4015.6126619428082,36650800
2012-02-07,3955.2978515625,3974.993129383763,38035700
2012-02-08,3988.543701171875,3955.478093880002,34841600
2012-02-09,3978.8330078125,3988.434684478732,31271400
2012-02-10,3912.240966796875,3978.473255107599,30039200
2012-02-13,3961.747802734375,3912.3305379190388,26010600
2012-02-14,3952.6630859375,3962.6468283030063,27285500
2012-02-15,3952.89111328125,3952.123320890738,28472900
2012-02-16,3927.455078125,3952.3523026398384,35655800
2012-02-17,3976.38720703125,3928.0851321634304,32689500
2012-02-20,3980.097900390625,3976.6571164442857,24837200
2012-02-21,4002.795166015625,3980.0082109329437,30958700
2012-02-22,3994.868408203125,4002.52606907984,40050000
2012-02-23,3958.65478515625,3994.503241403087,30389200
2012-02-24,3894.41064453125,3958.386185286256,39980100
2012-02-27,3860.865966796875,3894.0455846669456,20978500
2012-02-28,3903.40478515625,3861.0455958756615,27857800
2012-02-29,3985.054931640625,3903.6750408954413,33394200
2012-03-01,3962.131591796875,3984.8748467336836,23341000
2012-03-02,4004.7119140625,3962.7616439625604,25019800
2012-03-05,3984.741943359375,4004.603231188335,17977900
2012-03-06,3966.921630859375,3984.201964585106,19851500
2012-03-07,3942.363525390625,3965.8264786401887,24384200
2012-03-08,3967.5146484375,3942.903545017866,22508900
2012-03-09,3991.388671875,3968.144703067535,25747200
2012-03-12,3987.190673828125,3984.0198988703296,20821700
2012-03-13,4008.486083984375,3987.819896102125,21815900
2012-03-14,4054.168212890625,4008.9351092630195,29417300
2012-03-15,4039.82275390625,4054.5272597440367,32919200
2012-03-16,4028.380615234375,4040.3620833732093,33788800
2012-03-19,4024.576416015625,4028.7454433576895,23992000
2012-03-20,4022.011474609375,4025.0252733598336,24426300
2012-03-21,4036.07666015625,4022.10137448952,27568100
2012-03-22,4041.40185546875,4036.2570360913805,23195800
2012-03-26,4031.5478515625,4041.581395810616,23663300
2012-03-27,4079.225341796875,4032.1771232544875,31967900
2012-03-28,4090.41357421875,4079.1349610682096,30732400
2012-03-29,4105.00732421875,4090.2349495848584,34285400
2012-03-30,4121.39013671875,4105.096826490796,28384300
2012-04-02,4165.90966796875,4121.659436767146,46919200
2012-04-03,4215.27978515625,4166.448677894589,43150700
2012-04-04,4133.87548828125,4214.915307782113,32834700
2012-04-05,4166.2119140625,4132.797198620676,33553500
2012-04-09,4153.90478515625,4165.582552078536,43013600
2012-04-10,4149.63720703125,4156.214099310327,37208100
2012-04-11,4129.8525390625,4149.458710008163,42643400
2012-04-12,4139.37939453125,4130.031612776608,43778500
2012-04-13,4159.11474609375,4139.647731420019,35280100
2012-04-16,4146.419921875,4159.205557828639,34884200
2012-04-17,4157.203125,4146.868078794485,38508500
2012-04-18,4166.07470703125,4157.932445736115,43891500
2012-04-19,4163.5537109375,4166.254777645552,37596000
2012-04-20,4181.20556640625,4163.734077864293,41766200
2012-04-23,4155.3291015625,4181.294885449865,50362300
2012-04-24,4170.1904296875,4155.546957674506,47665500
2012-04-25,4163.48095703125,4169.830807449602,46927800
2012-04-26,4180.1435546875,4163.661285652369,45866600
2012-04-27,4163.81884765625,4180.50813930065,36327900
2012-04-30,4180.5693359375,4163.908851112287,32908900
2012-05-01,4195.82080078125,4180.928313226054,34952100
2012-05-02,4219.130859375,4196.269931924565,39311900
2012-05-03,4223.8388671875,4218.402066645151,41205400
2012-05-04,4216.51708984375,4224.017774558485,38176000
2012-05-07,4158.69970703125,4216.246780207471,30722300
2012-05-08,4180.91064453125,4158.969115035545,26127700
2012-05-09,4128.8994140625,4180.012171494349,28119000
2012-05-10,4133.47021484375,4128.4503904045905,30528300
2012-05-11,4113.97998046875,4133.199935365534,23882600
2012-05-14,4052.9091796875,4114.408739619596,25126600
2012-05-15,4045.486572265625,4028.5392338944753,30818800
2012-05-16,3980.341064453125,4006.989928856999,31030800
2012-05-21,3939.95458984375,3957.8469599821324,27648800
2012-05-22,4020.943603515625,3965.0146279139126,33931300
2012-05-23,3981.4228515625,4001.4611338085747,23171200
2012-05-24,3984.718017578125,3977.7561302339404,24251500
2012-05-25,3902.35595703125,3968.1844459642257,27052600
2012-05-28,3918.532470703125,3876.9029882420564,20370700
2012-05-29,3918.912353515625,3909.3797656948122,16974700
2012-05-30,3917.763427734375,3911.833727041978,20557900
2012-05-31,3832.6748046875,3878.9090892067597,37550400
2012-06-01,3799.6181640625,3820.2323516233396,20564000
2012-06-04,3654.439697265625,3729.899648858527,29877000
2012-06-05,3717.731201171875,3696.8250328752065,23031900
2012-06-06,3841.181640625,3735.350796289595,38369600
2012-06-07,3840.446533203125,3876.6382403850894,30940500
2012-06-08,3825.178955078125,3823.7310134039967,18802500
2012-06-11,3866.0625,3855.685950524905,24890100
2012-06-12,3852.427978515625,3840.647675181844,20042100
2012-06-13,3860.310791015625,3862.788721980445,34233100
2012-06-14,3791.470458984375,3857.5828779210483,31173100
2012-06-15,3817.96044921875,3810.9509561140253,42554600
2012-06-18,3860.0048828125,3859.942873505788,30395000
2012-06-19,3880.664794921875,3858.914665365242,21848400
2012-06-20,3943.743408203125,3887.348631489194,42476700
2012-06-21,3901.635986328125,3943.400227350502,34294900
2012-06-22,3889.37158203125,3863.2097584044263,23897200
2012-06-25,3857.43896484375,3890.310488090958,18789200
2012-06-26,3881.249755859375,3854.281811761426,24180000
2012-06-27,3934.7138671875,3888.705647326404,25633700
2012-06-28,3887.423583984375,3945.992348375469,22767800
2012-06-29,3955.4228515625,3903.506904794436,22047900
2012-07-02,3991.384765625,3976.557217448461,30500800
2012-07-03,4049.7353515625,4005.9880318416867,31104200
2012-07-04,4075.75830078125,4059.7108298933213,39693800
2012-07-05,4069.677490234375,4086.1839276571836,23756400
2012-07-06,4055.039306640625,4069.7467424288457,18506500
2012-07-09,3984.889892578125,4035.172116071611,17710400
2012-07-10,4009.52197265625,3987.1048761295306,19771200
2012-07-11,4018.9765625,4007.232879159984,20822900
2012-07-12,3983.965087890625,4013.003752821723,26692200
2012-07-13,4019.5166015625,3984.610978141242,18421700
2012-07-16,4047.3076171875,4035.6850225188377,25109300
2012-07-17,4080.513427734375,4063.8749146508735,23188600
2012-07-18,4081.476318359375,4078.76939235705,23553400
2012-07-19,4096.0361328125,4092.8255646045855,23311500
2012-07-20,4081.042236328125,4096.100488678316,18654100
2012-07-23,4009.636962890625,4045.0435442854055,18893700
2012-07-24,3991.957763671875,4011.64791576138,22320800
2012-07-25,4000.68359375,3977.9093325638146,17151000
2012-07-26,4004.619873046875,3998.4973088259976,19612500
2012-07-27,4084.052978515625,4033.178005247826,24116900
2012-07-30,4098.96142578125,4102.403186244661,23241300
2012-07-31,4142.17578125,4108.79133773488,35037100
2012-08-01,4130.30419921875,4129.654322151394,35207100
2012-08-02,4092.95263671875,4128.3562870147025,23809100
2012-08-03,4099.6533203125,4076.4513430935754,18285100
2012-08-06,4105.33935546875,4139.457169157889,22943700
2012-08-07,4085.421142578125,4110.4079634820855,36522000
2012-08-08,4090.549560546875,4087.3316683818957,27970300
2012-08-09,4131.00927734375,4099.474370844224,25524500
2012-08-10,4141.40283203125,4133.248364147286,28676800
2012-08-13,4102.3701171875,4148.311688474843,20479900
2012-08-14,4121.3955078125,4116.732603626559,20336500
2012-08-15,4141.82470703125,4115.606977001161,25528100
2012-08-16,4160.345703125,4143.340506363642,31426900
2012-08-23,4162.4970703125,4152.870492096731,24308700
2012-08-24,4145.23779296875,4146.27583855556,16950200
2012-08-27,4145.716796875,4145.2378115856145,7027200
2012-08-28,4142.68701171875,4150.0124103858125,26720200
2012-08-29,4093.010498046875,4134.9619890253425,30658800
2012-08-30,4025.426513671875,4064.42206797713,28906000
2012-08-31,4060.1728515625,4004.886919820767,30956100
2012-09-03,4117.78759765625,4052.7278799287265,26920700
2012-09-04,4105.09326171875,4119.866612889188,34104400
2012-09-05,4075.193359375,4087.7548819376525,32293300
2012-09-06,4102.697265625,4083.4980616439857,32791200
2012-09-07,4143.51806640625,4131.425274951046,32060800
2012-09-10,4160.498046875,4152.705381757896,22344200
2012-09-11,4155.19384765625,4152.30821804776,23993500
2012-09-12,4173.9345703125,4166.18291915685,24652600
2012-09-13,4170.4765625,4173.350473890052,42714700
2012-09-14,4256.83203125,4205.259823806105,53185900
2012-09-17,4255.11767578125,4265.583088981143,41868600
2012-09-18,4223.72998046875,4247.205142840899,32726700
2012-09-19,4244.5458984375,4216.090950152923,38179300
2012-09-20,4217.35205078125,4232.574114865868,49845800
2012-09-21,4244.4560546875,4226.125712746795,42452300
2012-09-24,4200.75048828125,4223.875564369831,47945600
2012-09-25,4226.72216796875,4207.981684453222,40132700
2012-09-26,4180.00048828125,4215.481041718503,30440900
2012-09-27,4224.85986328125,4185.028402229895,44177100
2012-09-28,4262.39501953125,4236.577177451717,32949300
2012-10-01,4236.1279296875,4249.519497797279,29316700
2012-10-02,4256.67333984375,4245.362744517539,38805000
2012-10-03,4251.34619140625,4267.67124125464,40317400
2012-10-04,4271.29443359375,4255.775019041432,28170300
2012-10-05,4311.14599609375,4283.915123455868,28849100
2012-10-08,4268.068359375,4312.036858940008,30893300
2012-10-09,4280.08349609375,4272.576952175994,29062500
2012-10-10,4279.84326171875,4262.981124758059,31605300
2012-10-11,4284.80029296875,4268.595356273357,44552200
2012-10-12,4311.22314453125,4294.3776094407085,57339500
2012-10-15,4313.35400390625,4308.620301525273,41236500
2012-10-16,4328.90771484375,4320.462730975591,33165900
2012-10-17,4337.357421875,4338.927673388578,44619000
2012-10-18,4356.79638671875,4347.679065505481,45200200
2012-10-19,4331.08544921875,4359.462275193124,37137500
2012-10-22,4341.2080078125,4312.288234835948,34940000
2012-10-23,4329.9765625,4342.978986330324,35110000
2012-10-24,4335.20654296875,4320.341886203127,31564700
2012-10-25,4338.984375,4337.362367660426,44790000
2012-10-29,4331.19677734375,4329.145587591221,35216500
2012-10-30,4364.42822265625,4330.932456446627,45555500
2012-10-31,4350.12158203125,4357.999204891935,41079400
2012-11-01,4335.193359375,4331.580706786777,37432600
2012-11-02,4338.7236328125,4339.049303761619,29617300
2012-11-05,4302.771484375,4327.68653021028,25300900
2012-11-06,4314.09716796875,4305.430513216201,30681000
2012-11-07,4350.25439453125,4320.677909756651,37834700
2012-11-08,4327.69970703125,4312.837980840975,27743200
2012-11-09,4333.4716796875,4309.249476757049,27350300
2012-11-12,4318.42236328125,4328.963944252966,26533300
2012-11-13,4331.91552734375,4320.355918273407,37018800
2012-11-14,4351.11474609375,4338.494143793442,38375000
2012-11-19,4313.27099609375,4342.000834318642,32628400
2012-11-20,4312.1982421875,4328.490576318486,38717500
2012-11-21,4317.1083984375,4314.065548421948,33241600
2012-11-22,4335.75830078125,4308.217378640016,35673900
2012-11-23,4348.638671875,4334.699273581785,31845500
2012-11-26,4374.99853515625,4352.644425400325,41301500
2012-11-27,4337.34033203125,4374.059120761837,44572100
2012-11-28,4304.65576171875,4321.684884325985,38719500
2012-11-29,4318.91748046875,4318.583509120122,36847700
2012-11-30,4275.974609375,4312.586953243372,49339000
2012-12-03,4302.27685546875,4277.020999833244,42899700
2012-12-04,4269.4853515625,4281.793953575634,34554600
2012-12-05,4286.6728515625,4262.852002186869,42620100
2012-12-06,4292.43798828125,4295.851917966382,44412600
2012-12-07,4290.62890625,4286.0211754276115,39116400
2012-12-10,4302.44189453125,4295.3034997212735,43051500
2012-12-11,4317.74951171875,4301.019207420454,49779600
2012-12-12,4337.359375,4321.044090694297,47928800
2012-12-13,4320.0205078125,4330.971252668701,47196700
2012-12-14,4308.69482421875,4320.206582479381,28457300
2012-12-17,4315.6884765625,4305.287027100186,33193800
2012-12-18,4301.26904296875,4319.914315179673,34038200
2012-12-19,4275.6923828125,4306.209260831247,40213200
2012-12-20,4254.650390625,4267.382805426142,31388800
2012-12-21,4250.048828125,4252.773819963619,25685500
2012-12-26,4274.927734375,4251.669362920177,18442500
2012-12-27,4281.6943359375,4275.844954029681,25065900
2012-12-28,4316.5185546875,4298.764364752395,30004700
2013-01-02,4346.3056640625,4322.413529051924,32794300
2013-01-03,4399.0869140625,4356.241898844536,43267700
2013-01-04,4409.8486328125,4406.759885667723,36418100
2013-01-07,4392.2080078125,4407.558484752496,40179400
2013-01-08,4397.3740234375,4394.587022375808,48360000
2013-01-09,4362.75830078125,4404.170262075876,44600700
2013-01-10,4317.19677734375,4368.584420635254,33286900
2013-01-11,4305.74462890625,4325.069560818483,31889000
2013-01-14,4382.3271484375,4321.967685880584,44849600
2013-01-15,4400.6533203125,4388.221674186588,29431200
2013-01-16,4410.79248046875,4396.394114153575,47184400
2013-01-17,4398.2119140625,4406.940578804745,23981700
2013-01-18,4465.31005859375,4407.119452776939,32930300
2013-01-21,4439.80126953125,4463.2720354484445,29907300
2013-01-22,4416.37548828125,4426.842364933918,32691900
2013-01-23,4418.5546875,4425.066152244446,30663400
2013-01-25,4437.42529296875,4426.204538645896,40536500
2013-01-28,4416.7646484375,4437.234064466735,32021000
2013-01-29,4438.85693359375,4431.255667091304,34785000
2013-01-30,4452.80224609375,4444.801580105926,39092200
2013-01-31,4453.52978515625,4449.871724409927,49876900
2013-02-01,4481.45947265625,4458.424724113151,44191500
2013-02-04,4490.390625,4497.808305796553,44097700
2013-02-05,4479.2666015625,4472.935793246527,59502000
2013-02-06,4498.80078125,4493.781933837511,51216900
2013-02-07,4502.97265625,4500.945879680171,42078200
2013-02-08,4491.091796875,4516.526839269513,35554000
2013-02-11,4503.07177734375,4504.541446695814,27793300
2013-02-12,4548.06640625,4505.331738981643,35337600
2013-02-13,4571.39013671875,4552.68480928917,51480600
2013-02-14,4588.494140625,4579.155637150007,83832800
2013-02-15,4609.6064453125,4588.4661561028415,67166100
2013-02-18,4611.8662109375,4610.990268503463,58920900
2013-02-19,4601.88330078125,4610.329750113015,122593200
2013-02-20,4634.27099609375,4612.272827922837,80671500
2013-02-21,4632.2236328125,4620.556117884203,68863200
2013-02-22,4650.94189453125,4629.455914995388,69087800
2013-02-25,4695.923828125,4661.445192061962,59488200
2013-02-26,4662.849609375,4684.554820812073,56483300
2013-02-27,4716.2314453125,4674.477211348908,61013400
2013-02-28,4795.60205078125,4739.203371226382,66920600
2013-03-01,4811.42578125,4798.303732687365,60820800
2013-03-04,4761.275390625,4812.108370601558,55982900
2013-03-05,4751.5166015625,4764.810030498327,58277800
2013-03-06,4824.49560546875,4769.707695692692,72450200
2013-03-07,4848.10986328125,4823.056152300082,62834600
2013-03-08,4874.30517578125,4853.825016818659,65145900
2013-03-11,4854.123046875,4875.790172151338,52541100
2013-03-13,4835.2509765625,4850.580458697134,52392500
2013-03-14,4786.1806640625,4830.08862088334,60993100
2013-03-15,4819.13671875,4803.393190664483,58465200
2013-03-18,4802.63916015625,4811.976687183877,47719900
2013-03-19,4822.439453125,4815.407988232288,60484500
2013-03-20,4831.31201171875,4835.119969018359,67456000
2013-03-21,4802.47900390625,4833.5749609778,74936700
2013-03-22,4722.9755859375,4799.001439218176,61150100
2013-03-25,4799.47705078125,4754.573527010447,48987500
2013-03-26,4842.330078125,4801.973742815667,53427100
2013-03-27,4927.91064453125,4854.290457156961,67216000
2013-03-28,4940.7939453125,4921.123810839512,47089900
2013-04-01,4937.38330078125,4926.932535081883,52929300
2013-04-02,4957.05810546875,4944.70067612004,79749100
2013-04-03,4981.27197265625,4972.200548329632,70764800
2013-04-04,4922.41943359375,4970.3448161287615,51643000
2013-04-05,4925.87646484375,4932.016362982648,44604400
2013-04-08,4897.33056640625,4924.182549627145,43060800
2013-04-09,4899.396484375,4909.739344087595,44406800
2013-04-10,4877.28515625,4908.860586730011,38576600
2013-04-11,4924.07177734375,4887.005835341474,45160600
2013-04-12,4937.01806640625,4925.6825695001135,43121200
2013-04-15,4894.4013671875,4921.753330330462,27819200
2013-04-16,4945.06005859375,4881.14555924946,39287300
2013-04-17,4998.4580078125,4956.389823279664,38564800
2013-04-18,5012.443359375,4981.860563695582,52913000
2013-04-19,4998.26611328125,5004.483156107363,53927000
2013-04-22,4996.72802734375,5003.922082782447,40196600
2013-04-23,4975.13671875,4997.2769715472705,37939800
2013-04-24,5011.412109375,4994.025090002213,35893300
2013-04-25,4994.32861328125,5002.308283250479,50928000
2013-04-26,4978.3134765625,4991.934041285171,40429300
2013-04-29,4999.55712890625,4986.108922491179,35979800
2013-04-30,5033.875,5000.400716099388,42635700
2013-05-01,5060.7216796875,5020.000122472041,51840500
2013-05-02,4993.8515625,5047.6316962064,47144300
2013-05-03,4925.29150390625,4991.556018584194,42161500
2013-05-06,4991.6767578125,4933.316725197533,34151900
2013-05-07,5042.59326171875,4991.346228171905,47734000
2013-05-08,5089.13720703125,5043.066243352431,55849200
2013-05-10,5105.73779296875,5090.765232645869,39954500
2013-05-13,5054.4306640625,5101.69981532361,35657300
2013-05-14,5081.7421875,5049.298625809103,37474800
2013-05-15,5089.68212890625,5085.4493832086,36728400
2013-05-16,5078.48046875,5091.366685716099,44613200
2013-05-17,5145.48291015625,5077.327358759406,42875900
2013-05-20,5214.77294921875,5164.737788805298,50483900
2013-05-21,5188.55712890625,5225.386752161582,49791900
2013-05-22,5207.7958984375,5188.318630785579,57937400
2013-05-23,5121.20361328125,5203.126695941726,63518000
2013-05-24,5154.89208984375,5131.494074963763,46501100
2013-05-27,5084.9384765625,5144.9781338000685,44678700
2013-05-28,5176.033203125,5072.035301796464,59564400
2013-05-29,5200.49072265625,5189.226512070232,52374600
2013-05-30,5129.447265625,5178.43656924035,51797200
2013-05-31,5068.4306640625,5135.04721194118,74407600
2013-06-03,4971.16064453125,5053.348365708036,56181200
2013-06-04,5021.416015625,4971.770978784657,58273600
2013-06-05,5001.0263671875,5002.547304030347,43808100
2013-06-07,4865.13525390625,4984.129655528048,37732500
2013-06-10,4777.1796875,4894.232758316436,41357800
2013-06-11,4609.7685546875,4774.29778591494,54042100
2013-06-12,4697.70068359375,4578.2165712758615,57192200
2013-06-13,4607.48388671875,4637.729780675412,46111400
2013-06-14,4760.55859375,4647.559091753001,47194100
2013-06-17,4774.318359375,4755.385989685008,35028100
2013-06-18,4840.263671875,4794.709293387644,46592800
2013-06-19,4806.46875,4847.749370402099,36750500
2013-06-20,4629.81396484375,4742.909661220466,41919800
2013-06-21,4515.19677734375,4550.066517349816,48855000
2013-06-24,4429.28759765625,4524.0641829152655,34484500
2013-06-25,4418.69970703125,4463.14768024961,34851900
2013-06-26,4587.54931640625,4478.45835127129,39757000
2013-06-27,4675.5673828125,4643.855724150389,36168700
2013-06-28,4818.70751953125,4722.292325815781,38258800
2013-07-01,4777.2666015625,4756.997369279068,22209800
2013-07-02,4728.52001953125,4805.9291153579225,27510200
2013-07-03,4576.974609375,4713.501519720853,26991100
2013-07-04,4581.75439453125,4597.271855680257,25689300
2013-07-05,4602.62841796875,4623.763339529142,23973300
2013-07-08,4433.4521484375,4578.539265214233,29475300
2013-07-09,4403.62841796875,4462.634422269802,31005200
2013-07-10,4478.4697265625,4413.998114910665,39416300
2013-07-11,4604.04296875,4503.993640228021,45668400
2013-07-12,4632.927734375,4614.30248215347,33983800
2013-07-15,4635.548828125,4639.62874767057,25923900
2013-07-16,4643.85791015625,4631.953101113678,37064200
2013-07-17,4678.818359375,4651.945384806393,39203000
2013-07-18,4720.25146484375,4672.098064328369,34365400
2013-07-19,4724.2275390625,4709.650957102656,30767300
2013-07-22,4678.80029296875,4731.091220763469,25058200
2013-07-23,4766.9736328125,4696.599418891968,33013100
2013-07-24,4717.91943359375,4760.220521858524,28137400
2013-07-25,4673.935546875,4720.106604116716,25460300
2013-07-26,4658.69287109375,4679.518233178696,22657700
2013-07-29,4580.2880859375,4648.922615027798,22256100
2013-07-30,4608.30908203125,4600.929486964421,25251700
2013-07-31,4610.197265625,4625.459854342598,29197500
2013-08-01,4624.15625,4618.784388429663,28484300
2013-08-02,4640.60009765625,4645.0652558535985,27054700
2013-08-12,4597.60107421875,4629.20092013648,25952000
2013-08-13,4652.2158203125,4597.008009108542,29689200
2013-08-14,4699.5498046875,4658.501599334233,34671400
2013-08-15,4684.9462890625,4682.787681797831,28008000
2013-08-16,4568.47607421875,4647.09606242074,32896600
2013-08-19,4313.35009765625,4534.136421758744,39064600
2013-08-20,4174.8203125,4259.431274950506,54025900
2013-08-21,4218.2841796875,4184.065295725078,50907100
2013-08-22,4171.25048828125,4167.2867756014675,59134100
2013-08-23,4169.66455078125,4195.933545943035,41040900
2013-08-26,4120.50830078125,4176.583263047683,34684300
2013-08-27,3967.687744140625,4099.207776026466,41570000
2013-08-28,4026.318603515625,3902.3192727060177,49776700
2013-08-29,4103.43310546875,4041.338841920292,45774200
2013-08-30,4194.92578125,4099.100405086261,46687900
2013-09-02,4101.0732421875,4196.557805916394,35566200
2013-09-03,4163.85009765625,4112.472703378871,39779900
2013-09-04,4073.296630859375,4143.5756353559045,46201000
2013-09-05,4050.706298828125,4093.9905022231937,38816600
2013-09-06,4072.195556640625,4058.2981481636793,32926000
2013-09-09,4191.0947265625,4105.785057892998,41674900
2013-09-10,4357.9736328125,4225.979741163602,67726900
2013-09-11,4349.24951171875,4376.929585730617,51910500
2013-09-12,4356.435546875,4331.123543046229,44871700
2013-09-13,4375.36865234375,4338.621060137176,38706300
2013-09-16,4522.0625,4403.223382336587,54504400
2013-09-17,4517.44482421875,4518.083471311966,51819100
2013-09-18,4463.080078125,4501.785601871549,49099300
2013-09-19,4670.55126953125,4576.392822036457,83236700
2013-09-20,4583.6494140625,4655.337536998188,43877100
2013-09-23,4562.6796875,4526.627377084043,34829800
2013-09-24,4460.23974609375,4548.371086639905,40984300
2013-09-25,4406.595703125,4390.067049102662,34455000
2013-09-26,4405.7216796875,4402.775505233959,37131200
2013-09-27,4423.546875,4436.5912886000815,26544600
2013-09-30,4316.00732421875,4385.335672968346,30568900
2013-10-01,4345.7294921875,4314.79271008583,30909000
2013-10-02,4387.43310546875,4371.843868947647,31854400
2013-10-03,4418.470703125,4396.349495754486,26710400
2013-10-04,4389.17626953125,4408.573463494358,27086500
2013-10-07,4374.78857421875,4392.374803248822,30917100
2013-10-08,4432.33447265625,4358.858326068146,36366600
2013-10-09,4457.2646484375,4420.462856976677,39994400
2013-10-10,4486.50390625,4481.089077572578,39080800
2013-10-11,4519.736328125,4523.7522852179445,33864900
2013-10-16,4492.0859375,4527.632401946276,25323800
2013-10-17,4518.7548828125,4524.977297680614,41345800
2013-10-18,4546.39404296875,4519.009365461445,42220300
2013-10-21,4578.0,4557.432441325074,40023700
2013-10-22,4512.56787109375,4551.050262944632,30719400
2013-10-23,4546.322265625,4529.9601088054005,41033000
2013-10-24,4594.66650390625,4537.384552217513,43646100
2013-10-25,4580.66748046875,4579.185116426952,36936600
2013-10-28,4590.359375,4593.826036911624,33982100
2013-10-29,4562.5927734375,4580.923116033919,30531300
2013-10-30,4574.69970703125,4563.528267251876,30158400
2013-10-31,4510.45556640625,4533.581620767331,37646900
2013-11-01,4432.416015625,4473.555524582924,34940900
2013-11-04,4423.11572265625,4426.36168991497,24258800
2013-11-06,4449.5869140625,4428.648762595872,26905300
2013-11-07,4485.9345703125,4454.234141985349,30954000
2013-11-08,4476.5458984375,4460.469376018738,35769900
2013-11-11,4441.55126953125,4473.703826846014,36429000
2013-11-12,4380.46923828125,4449.103279361407,36922800
2013-11-13,4301.72412109375,4358.317627268613,32504600
2013-11-14,4367.201171875,4323.710676531194,36053800
2013-11-15,4335.27978515625,4388.737668867635,32686700
2013-11-18,4393.4208984375,4361.053505143831,30183300
2013-11-19,4398.1650390625,4391.064240757756,30832200
2013-11-20,4350.61669921875,4408.223342462318,30035000
2013-11-21,4326.03662109375,4327.6395860176135,24792700
2013-11-22,4317.79150390625,4352.381951247799,25509100
2013-11-25,4334.634765625,4329.213589589564,25714100
2013-11-26,4235.09619140625,4329.3830444500245,52135200
2013-11-27,4251.32373046875,4259.16082857142,27901300
2013-11-28,4233.759765625,4264.03495263489,29298300
2013-11-29,4256.2705078125,4220.106875162032,27304500
2013-12-02,4321.80859375,4268.910753277564,38667000
2013-12-03,4288.59716796875,4318.174629543552,30536200
2013-12-04,4241.13671875,4265.869154752586,31912200
2013-12-05,4216.72998046875,4237.84292854758,29998800
2013-12-06,4180.62548828125,4202.096332900165,29545200
2013-12-09,4214.177734375,4210.036294043254,27668900
2013-12-10,4275.51171875,4224.288615906833,38028300
2013-12-11,4271.57666015625,4273.773351874063,32579700
2013-12-12,4212.0537109375,4238.789974228452,29566700
2013-12-13,4174.66748046875,4213.4989758469865,27293900
2013-12-16,4125.79541015625,4157.599347599649,34507700
2013-12-17,4182.18359375,4147.744503007889,36968600
2013-12-18,4196.119140625,4191.148142421058,28115200
2013-12-19,4231.81494140625,4227.877106698953,29113000
2013-12-20,4195.39306640625,4228.627614335913,26647900
2013-12-23,4189.4453125,4201.544940554425,21238800
2013-12-24,4202.669921875,4196.282964175786,18850100
2013-12-27,4212.81591796875,4209.56799757968,20628100
2013-12-30,4274.01025390625,4240.223972472353,25138400
2014-01-02,4327.0966796875,4294.327935867358,23129000
2014-01-03,4257.4970703125,4297.547266419089,21869100
2014-01-06,4202.64501953125,4259.416729063316,19723100
2014-01-07,4175.6435546875,4206.1330900951425,23847200
2014-01-08,4200.42919921875,4183.386894134677,23002200
2014-01-09,4201.05419921875,4199.804247887442,27582400
2014-01-10,4254.8056640625,4196.525704801403,29637400
2014-01-13,4390.60009765625,4294.026708213191,49046700
2014-01-15,4441.42138671875,4402.186585536613,45629500
2014-01-16,4412.3173828125,4455.371862800113,32109500
2014-01-17,4412.056640625,4408.194974225513,29189900
2014-01-20,4431.3994140625,4407.854431428358,26458300
2014-01-21,4452.326171875,4442.172757464757,32864800
2014-01-22,4477.314453125,4445.081821327386,32916400
2014-01-23,4495.86669921875,4495.304709411874,31577000
2014-01-24,4437.169921875,4479.217600298697,24068500
2014-01-27,4322.611328125,4357.564067539884,26954600
2014-01-28,4341.48193359375,4311.4611291732,25324000
2014-01-29,4417.1767578125,4355.754838159695,29260400
2014-01-30,4418.58447265625,4368.492676672603,26539700
2014-02-03,4386.087890625,4406.828293438604,21838000
2014-02-04,4352.08642578125,4335.111012442135,23487000
2014-02-05,4384.13916015625,4377.875244174151,28335200
2014-02-06,4424.53662109375,4386.372092215044,34276000
2014-02-07,4466.49072265625,4441.546871936089,37734700
2014-02-10,4450.5751953125,4485.2886908588,36906100
2014-02-11,4470.015625,4453.858540231218,38371000
2014-02-12,4496.11083984375,4489.4270183992485,40536800
2014-02-13,4491.48486328125,4493.462813429871,29317800
2014-02-14,4507.86865234375,4504.475717875141,28633900
2014-02-17,4555.19091796875,4524.3508093881,44265400
2014-02-18,4556.013671875,4558.801649349674,44432800
2014-02-19,4592.47216796875,4559.3167198948195,43032900
2014-02-20,4598.04248046875,4583.391682710048,36065600
2014-02-21,4645.9716796875,4614.710203299717,38012500
2014-02-24,4623.39453125,4652.596033056983,32741400
2014-02-25,4577.11279296875,4628.0116899844425,33190500
2014-02-26,4532.54345703125,4562.31231565177,38523200
2014-02-27,4568.76220703125,4533.763568551253,33783900
2014-02-28,4620.0361328125,4581.2607854369835,35868400
2014-03-03,4584.0263671875,4589.445101247497,28506100
2014-03-04,4601.10546875,4581.130170389209,33728000
2014-03-05,4658.99072265625,4620.945326949301,38330100
2014-03-06,4687.67431640625,4667.598926605894,46392700
2014-03-07,4685.70751953125,4700.231855814606,44138700
2014-03-10,4677.064453125,4665.059059996966,36835700
2014-03-11,4704.03076171875,4673.199930565875,50571900
2014-03-12,4684.2021484375,4680.522604387327,50664200
2014-03-13,4725.98291015625,4694.739986476161,52683300
2014-03-14,4878.453125,4693.633172483171,64183200
2014-03-17,4875.998046875,4887.168510174199,68624800
2014-03-18,4805.4248046875,4878.348236272714,48254600
2014-03-19,4821.26953125,4817.314606932686,42089300
2014-03-20,4698.7900390625,4807.529453978876,46822200
2014-03-21,4700.03173828125,4710.326259098732,46340400
2014-03-24,4720.236328125,4711.936846246125,32516000
2014-03-25,4702.90771484375,4706.071654157282,33550100
2014-03-26,4728.05615234375,4708.0706023357025,34028700
2014-03-27,4722.87353515625,4721.336485531464,35690000
2014-03-28,4768.09130859375,4737.449434594188,38896300
2014-04-01,4873.744140625,4795.975198809464,46120400
2014-04-02,4870.015625,4878.1500741790305,47891300
2014-04-03,4891.12939453125,4877.127010008168,40869900
2014-04-04,4857.7548828125,4894.144580548151,35297400
2014-04-07,4920.84765625,4855.678316142335,40078800
2014-04-08,4921.21240234375,4922.408644879443,37402300
2014-04-10,4765.54345703125,4829.124965854327,64619800
2014-04-11,4816.388671875,4734.1208784321,38265800
2014-04-14,4864.69482421875,4812.440994598361,36899400
2014-04-15,4870.025390625,4872.109293932252,40691200
2014-04-16,4872.8212890625,4883.297443204522,42634400
2014-04-17,4896.861328125,4897.006342016934,30456400
2014-04-21,4892.09765625,4912.316595770498,26343900
2014-04-22,4898.015625,4889.6770820062675,31361100
2014-04-23,4892.95751953125,4892.581557600864,36209700
2014-04-24,4890.888671875,4891.491675740433,36628100
2014-04-25,4897.45263671875,4893.195966295136,35213900
2014-04-28,4818.5703125,4895.645438356029,32217400
2014-04-29,4819.49365234375,4810.327016779641,32679700
2014-04-30,4839.95751953125,4834.046616899822,34856200
2014-05-02,4838.5712890625,4845.152087408576,36574400
2014-05-05,4842.31396484375,4842.341795788934,28312600
2014-05-06,4834.27978515625,4845.279357421246,25575900
2014-05-07,4861.8798828125,4833.1290471353395,32100000
2014-05-08,4860.7001953125,4878.620397083267,30018200
2014-05-09,4897.94775390625,4865.337693643607,33843600
2014-05-12,4912.806640625,4907.547568178249,35967400
2014-05-13,4921.20263671875,4933.470225986904,32367800
2014-05-14,4991.44189453125,4938.069949067866,47067000
2014-05-16,5031.375,4983.092211002268,42269900
2014-05-19,5014.80126953125,5052.854478670226,46633800
2014-05-20,4895.7646484375,5009.423313414107,40347100
2014-05-21,4910.1005859375,4885.294424028635,31688400
2014-05-22,4969.6884765625,4931.168979175555,38541200
2014-05-23,4972.86376953125,4973.348613960342,28414800
2014-05-26,4963.7314453125,4984.495773168503,25200100
2014-05-28,4985.38427734375,4959.351109908909,28955700
2014-05-30,4893.7177734375,4996.507718875448,40385400
2014-06-02,4911.8994140625,4900.782171496496,30879300
2014-06-03,4941.96435546875,4919.852913729189,30753300
2014-06-04,4932.3720703125,4932.926247970901,27047400
2014-06-05,4935.3720703125,4932.243285714251,26269900
2014-06-06,4936.98388671875,4931.303443448139,25952600
2014-06-09,4884.89306640625,4945.646563476792,30762400
2014-06-10,4945.89697265625,4893.516202806234,24751500
2014-06-11,4971.75244140625,4942.532874676762,28149800
2014-06-12,4934.21533203125,4962.923199940412,27230000
2014-06-13,4926.4716796875,4927.179659993122,22470600
2014-06-16,4885.26904296875,4923.876428615387,26973900
2014-06-17,4909.32568359375,4889.525186050188,25567700
2014-06-18,4887.669921875,4906.354254370538,27414900
2014-06-19,4864.083984375,4895.773671230812,29341400
2014-06-20,4847.51220703125,4874.783116617837,24636300
2014-06-23,4841.93994140625,4857.733270357545,28836200
2014-06-24,4862.05126953125,4847.237392151315,31768800
2014-06-25,4838.79345703125,4859.694498380434,29631600
2014-06-26,4872.22998046875,4846.792983835869,30351500
2014-06-27,4844.94482421875,4863.993397683472,30815500
2014-06-30,4878.39208984375,4847.015381816161,34393700
2014-07-01,4884.63525390625,4877.460239941391,31894300
2014-07-02,4908.08251953125,4887.659487867167,27591100
2014-07-03,4888.544921875,4905.541331802446,31386200
2014-07-04,4905.6337890625,4884.251322574616,37805700
2014-07-07,4988.83642578125,4921.594416231068,52427200
2014-07-08,5024.51611328125,5008.267723028604,58921700
2014-07-10,5097.8115234375,5109.416540895012,77323400
2014-07-11,5032.4033203125,5072.946664726791,35879900
2014-07-14,5020.8671875,5041.156435334526,32253000
2014-07-15,5070.62353515625,5032.76319165452,38450100
2014-07-16,5113.73095703125,5076.072267873877,53934100
2014-07-17,5071.0048828125,5128.3073412069225,41497600
2014-07-18,5086.81640625,5048.686540921636,33320100
2014-07-21,5126.923828125,5107.263459262626,47565100
2014-07-22,5083.3232421875,5141.769210681587,55994600
2014-07-23,5093.03173828125,5104.63138443055,41403600
2014-07-24,5098.44287109375,5109.799363114283,33848600
2014-07-25,5088.60400390625,5104.357786212224,38431900
2014-08-04,5119.0458984375,5076.029506107256,35513500
2014-08-05,5108.8876953125,5122.865177610691,37076000
2014-08-06,5058.02978515625,5081.618708926734,35401100
2014-08-07,5066.78076171875,5051.895110794956,39067200
2014-08-08,5053.56298828125,5067.831475658815,29496000
2014-08-11,5113.03662109375,5090.575582178531,32870700
2014-08-12,5132.1953125,5128.921514110737,41202400
2014-08-13,5168.0673828125,5136.995353068629,35659000
2014-08-14,5155.34619140625,5170.273832970049,41651000
2014-08-15,5148.76171875,5155.388414214335,33668300
2014-08-18,5156.55029296875,5154.195404148006,35966500
2014-08-19,5164.966796875,5171.3518020897245,37429600
2014-08-20,5189.96533203125,5167.39443169746,33486800
2014-08-21,5205.93310546875,5189.964490250628,35229600
2014-08-22,5198.69384765625,5215.628247764884,36120200
2014-08-25,5184.75439453125,5194.272090748295,33878800
2014-08-26,5146.3515625,5191.050995547627,40146700
2014-08-27,5165.0458984375,5144.761532237397,32634100
2014-08-28,5184.27734375,5166.009011390369,36533300
2014-08-29,5136.66259765625,5175.061491730045,33487700
2014-09-01,5177.41650390625,5159.741899362608,29369000
2014-09-02,5201.3837890625,5179.13074766265,35068300
2014-09-03,5223.93115234375,5205.920135609552,38597900
2014-09-04,5205.119140625,5225.085648479611,35334600
2014-09-05,5217.1318359375,5200.163746576959,35082300
2014-09-08,5246.27880859375,5241.029989356645,32766300
2014-09-09,5196.9169921875,5248.8768851264795,38958100
2014-09-10,5142.791015625,5190.047965098891,44024300
2014-09-11,5132.83349609375,5146.892519401207,49002700
2014-09-12,5143.5107421875,5134.905120103582,31846800
2014-09-15,5144.69775390625,5118.066954251446,30356000
2014-09-16,5130.30322265625,5151.587550372396,29834000
2014-09-17,5187.982421875,5158.941558524216,39827300
2014-09-18,5207.93896484375,5196.196258781466,31830200
2014-09-19,5227.37841796875,5216.23187948487,40243200
2014-09-22,5219.60009765625,5219.123065439098,30026800
2014-09-23,5187.912109375,5201.7445795033545,32744600
2014-09-24,5173.80517578125,5189.895857206172,36258500
2014-09-25,5201.1767578125,5201.310053413096,33661400
2014-09-26,5132.36328125,5142.832112175217,40531500
2014-09-29,5141.81103515625,5122.626723499569,33727200
2014-09-30,5137.37890625,5115.613641125784,37241000
2014-10-01,5140.712890625,5148.373725100832,40331500
2014-10-02,5000.6142578125,5106.9108977393025,39398900
2014-10-03,4949.1533203125,5009.475676549973,37239200
2014-10-06,4999.943359375,4975.01024886951,23889300
2014-10-07,5032.64501953125,5016.959594634304,38708700
2014-10-08,4958.326171875,4992.225732141645,29867600
2014-10-09,4993.6845703125,4993.030787161599,31353500
2014-10-10,4962.7666015625,4948.091392088197,28086500
2014-10-13,4912.86181640625,4937.171416173534,26100100
2014-10-14,4922.390625,4902.268360575535,26701000
2014-10-15,4962.74658203125,4947.590434266403,32146500
2014-10-16,4951.4208984375,4933.101787797131,32452200
2014-10-17,5028.75,4957.986153717915,44043200
2014-10-20,5040.33642578125,5068.386117391379,41636200
2014-10-21,5029.1484375,5057.091197255533,28722900
2014-10-22,5074.1259765625,5055.297606986181,32725400
2014-10-23,5103.3193359375,5076.388255765581,36205100
2014-10-24,5072.87060546875,5098.09374572563,28341500
2014-10-27,5024.09619140625,5086.055690762121,26439700
2014-10-28,5001.109375,5028.133224597251,31703100
2014-10-29,5073.85888671875,5019.290695765394,36601600
2014-10-30,5058.65185546875,5072.707947966709,34495600
2014-10-31,5089.34912109375,5075.898960125155,32489800
2014-11-03,5085.31103515625,5102.338693309466,29379500
2014-11-04,5070.74267578125,5078.323435556661,31631200
2014-11-05,5066.634765625,5075.046547493581,38222200
2014-11-06,5034.03515625,5069.747634386589,30956200
2014-11-07,4987.22998046875,5033.169601100717,38116100
2014-11-10,4965.19384765625,4997.105202589691,30091600
2014-11-11,5032.08837890625,4970.9266962343345,35239300
2014-11-12,5048.64404296875,5047.044495938137,30576300
2014-11-13,5048.47119140625,5046.301354106323,28575000
2014-11-14,5049.291015625,5047.441478328839,28434900
2014-11-17,5053.74609375,5037.103675348383,35071900
2014-11-18,5102.2705078125,5076.906261360147,40957300
2014-11-19,5127.73388671875,5113.956101690095,49030800
2014-11-20,5093.36767578125,5122.992499297241,38567900
2014-11-21,5111.845703125,5090.850427602464,48990800
2014-11-24,5141.56396484375,5133.748351188868,56104100
2014-11-25,5118.74560546875,5136.834256937182,51968200
2014-11-26,5132.83642578125,5125.039365865929,48196500
2014-11-27,5145.11474609375,5134.502366050434,53116900
2014-11-28,5149.68798828125,5139.442292835032,57208800
2014-12-01,5164.0869140625,5150.179252723561,44997300
2014-12-02,5175.59130859375,5169.413814916724,49816800
2014-12-03,5165.8427734375,5180.059504955813,46603500
2014-12-04,5176.95849609375,5171.841507917858,48176700
2014-12-05,5187.79248046875,5185.04942303453,39735600
2014-12-08,5143.81396484375,5197.687844655031,51834200
2014-12-09,5122.11279296875,5132.709548788737,49879300
2014-12-10,5165.2060546875,5121.378660092554,43753000
2014-12-11,5152.49462890625,5139.086458461799,45944000
2014-12-12,5160.232421875,5150.960809795616,51577700
2014-12-15,5108.23291015625,5124.06237093951,66874600
2014-12-16,5025.83203125,5067.7527613466045,67950500
2014-12-17,5035.453125,5030.619328584473,54841000
2014-12-18,5113.14599609375,5076.028301650943,63737700
2014-12-19,5144.4208984375,5141.505972809428,66679000
2014-12-22,5125.57275390625,5160.818454302701,60447700
2014-12-23,5138.86767578125,5139.587862568621,41732000
2014-12-24,5166.78125,5141.177268858024,36701800
2014-12-29,5178.17138671875,5168.519907119924,31914700
2014-12-30,5226.7431640625,5177.741166736882,46686400
2015-01-02,5242.56494140625,5233.592146200482,38133000
2015-01-05,5219.7919921875,5229.480580005805,44846100
2015-01-06,5168.8583984375,5186.001772566974,51516500
2015-01-07,5206.9150390625,5175.352305500653,72088500
2015-01-08,5211.625,5218.196521216295,69163000
2015-01-09,5216.4619140625,5226.683684003419,73930500
2015-01-12,5187.7314453125,5202.546787371679,47662000
2015-01-13,5214.15576171875,5199.732495473005,72921400
2015-01-14,5159.46728515625,5217.001180119731,6397239800
2015-01-15,5188.51025390625,5180.232743594326,54180100
2015-01-16,5148.1787109375,5181.809727359412,46196100
2015-01-19,5151.892578125,5151.958981794647,44823900
2015-01-20,5165.888671875,5154.16940168849,47230800
2015-01-21,5215.06298828125,5176.149464887776,39723300
2015-01-22,5252.978515625,5215.4370090189905,60342700
2015-01-23,5323.67724609375,5280.977250404124,61824800
2015-01-26,5259.81884765625,5302.4324205459625,47668400
2015-01-27,5276.94384765625,5254.252834966928,40300400
2015-01-28,5268.64697265625,5272.015982145087,45228300
2015-01-29,5262.5126953125,5263.330046273143,39427200
2015-01-30,5289.19775390625,5290.181114034355,39480500
2015-02-02,5276.03076171875,5276.948694788899,33697000
2015-02-03,5291.51171875,5287.417151632436,45254600
2015-02-04,5315.0771484375,5315.241204547237,53583900
2015-02-05,5279.689453125,5308.921225132809,40395900
2015-02-06,5342.30712890625,5297.144824843541,47310400
2015-02-09,5348.26220703125,5341.551042264634,41689400
2015-02-10,5321.2666015625,5353.5983484968165,43593200
2015-02-11,5336.3115234375,5336.449701657749,47042000
2015-02-12,5343.203125,5341.8491738022885,42684700
2015-02-13,5373.95556640625,5363.773834376087,36806200
2015-02-16,5325.28759765625,5377.762603554773,35327900
2015-02-17,5337.29345703125,5325.4770219353095,34670400
2015-02-18,5390.23974609375,5372.545121232936,51676100
2015-02-20,5399.8935546875,5399.22170587136,42104400
2015-02-23,5403.06640625,5409.733138768537,39458000
2015-02-24,5417.103515625,5399.448439788826,41829200
2015-02-25,5444.89599609375,5426.01684805322,49451900
2015-02-26,5451.2099609375,5429.273801979989,42517100
2015-02-27,5450.08203125,5455.012991864544,44392400
2015-03-02,5477.61767578125,5452.6186496106,42848700
2015-03-03,5474.40576171875,5479.407519887487,43155600
2015-03-04,5447.84716796875,5477.611146908014,39650100
2015-03-05,5450.73486328125,5457.684788394061,41358800
2015-03-06,5514.57275390625,5466.935445446957,43788200
2015-03-09,5444.421875,5483.644469426728,41992900
2015-03-10,5462.7158203125,5436.917507001119,48243400
2015-03-11,5419.35498046875,5438.116457247226,53837200
2015-03-12,5439.6201171875,5417.98082348178,45223300
2015-03-13,5426.2548828125,5457.72387434652,42344300
2015-03-16,5435.05908203125,5415.256631476587,36520500
2015-03-17,5438.94091796875,5452.620560758611,50622800
2015-03-18,5412.9404296875,5425.598140694505,43007100
2015-03-19,5453.64208984375,5444.85532189924,48809800
2015-03-20,5442.85302734375,5432.939350826516,53282300
2015-03-23,5436.88623046875,5455.666260196389,55475400
2015-03-24,5447.43603515625,5440.376251199501,40017200
2015-03-25,5405.2783203125,5437.530482574893,51711500
2015-03-26,5368.59033203125,5380.810070082987,48225500
2015-03-27,5396.64404296875,5352.535895751755,33640800
2015-03-30,5438.44384765625,5415.068781925098,46861300
2015-03-31,5518.4599609375,5490.7613322645775,47535700
2015-04-01,5466.65478515625,5516.58350927953,45716700
2015-04-02,5456.18701171875,5479.95122545391,48074400
2015-04-06,5479.8173828125,5467.483878692486,36173400
2015-04-07,5523.07470703125,5502.102380162984,47767100
2015-04-08,5486.3701171875,5513.7640688601705,43099300
2015-04-09,5500.68603515625,5494.332278284661,42564500
2015-04-10,5491.1259765625,5504.027817814375,45254000
2015-04-13,5447.197265625,5479.520715166725,39271600
2015-04-14,5418.89599609375,5438.3171151017,40873000
2015-04-15,5414.33642578125,5426.019077158369,41511500
2015-04-16,5420.52197265625,5420.679193100577,54273800
2015-04-17,5410.43359375,5417.801471224738,38333800
2015-04-20,5400.5927734375,5406.552502137484,40809000
2015-04-21,5460.36083984375,5406.410790006941,45083200
2015-04-22,5436.9072265625,5452.248425484353,43405200
2015-04-23,5435.9970703125,5441.498808960602,41195200
2015-04-24,5435.14306640625,5451.563324624425,32195600
2015-04-27,5245.24169921875,5398.351952367516,50962900
2015-04-28,5241.953125,5210.935289746865,37156900
2015-04-29,5105.36376953125,5229.356001485785,48559700
2015-04-30,5086.22705078125,5087.726992463105,39908600
2015-05-04,5140.93701171875,5093.135650514687,38506600
2015-05-05,5160.107421875,5153.559336695186,40033500
2015-05-06,5184.74853515625,5133.536171586079,32612300
2015-05-07,5150.28564453125,5155.127741471704,49827400
2015-05-08,5182.01123046875,5175.582769697517,45731600
2015-05-11,5172.2802734375,5200.607294005587,38003700
2015-05-12,5205.4091796875,5175.752619317467,42992700
2015-05-13,5245.9287109375,5216.942045743064,48525900
2015-05-15,5226.892578125,5252.222157819019,40639600
2015-05-18,5237.607421875,5222.232043034148,40150100
2015-05-19,5269.166015625,5236.699994059764,36060800
2015-05-20,5292.54296875,5288.004082962537,40032200
2015-05-21,5313.0009765625,5309.778934146799,41387500
2015-05-22,5314.94580078125,5319.757625066669,32871300
2015-05-25,5288.15576171875,5309.627093050179,33194400
2015-05-26,5320.693359375,5284.85979603059,38867900
2015-05-27,5253.18359375,5296.030557849893,37463500
2015-05-28,5237.197265625,5263.109344145161,34175300
2015-05-29,5216.17578125,5230.111273739164,60489400
2015-06-01,5213.61279296875,5211.930729596542,30905700
2015-06-03,5130.29931640625,5201.153491861311,3374877500
2015-06-04,5095.62255859375,5121.353979403014,33417100
2015-06-05,5100.373046875,5081.413824662899,29073300
2015-06-08,5014.79736328125,5086.1554308734485,35800600
2015-06-09,4899.69140625,5002.0385026824015,40852100
2015-06-10,4933.365234375,4914.552001315005,45234400
2015-06-11,4928.62060546875,4970.9988424943085,33172400
2015-06-12,4935.625,4933.687087063796,33566100
2015-06-15,4837.60546875,4925.022961339583,31548400
2015-06-16,4872.4091796875,4847.200201473042,35011200
2015-06-17,4945.56005859375,4894.445352789113,38823400
2015-06-18,4945.30615234375,4947.769923442108,30178100
2015-06-19,4984.81201171875,4958.666055817447,25867100
2015-06-22,4959.05859375,4991.8473543411665,24572000
2015-06-23,4937.4560546875,4966.687828749065,29948900
2015-06-24,4953.3232421875,4953.06006884112,38971300
2015-06-25,4919.8505859375,4943.939492511219,31720600
2015-06-26,4922.8134765625,4916.835681644235,26287600
2015-06-29,4882.38818359375,4896.04243755336,26871700
2015-06-30,4910.466796875,4887.178642129507,28855500
2015-07-01,4903.87158203125,4923.873731001665,34310600
2015-07-02,4944.587890625,4914.233117627364,42023100
2015-07-03,4982.71630859375,4940.084666354432,38550000
2015-07-06,4916.5498046875,4945.90754847963,32933900
2015-07-07,4905.8583984375,4918.091319597147,34396700
2015-07-08,4871.380859375,4912.445664455424,43917300
2015-07-09,4838.095703125,4849.612832579883,3382475900
2015-07-10,4858.84521484375,4858.795900355385,38549600
2015-07-13,4893.7265625,4862.722886134229,25536100
2015-07-14,4901.6162109375,4907.6750569766755,31023100
2015-07-15,4869.65966796875,4894.757812624256,26826300
2015-07-22,4906.49755859375,4887.546149465321,29108800
2015-07-23,4902.654296875,4897.014379784527,32060700
2015-07-24,4856.40625,4890.588513703504,25948200
2015-07-27,4771.099609375,4832.958043559658,34786400
2015-07-28,4714.57275390625,4747.1608437126015,31954400
2015-07-29,4720.9375,4733.633783594719,32029900
2015-07-30,4712.30908203125,4740.067769041221,32072100
2015-07-31,4802.341796875,4721.474340528624,33495400
2015-08-03,4799.9951171875,4777.857796081808,28503100
2015-08-04,4780.9013671875,4783.966189647931,32406600
2015-08-05,4850.34326171875,4786.204647218022,38299300
2015-08-06,4806.376953125,4855.751008588289,31647100
2015-08-07,4770.11767578125,4801.468018823246,29900400
2015-08-10,4748.7646484375,4761.2207072764095,30072400
2015-08-11,4622.4111328125,4763.447642472137,42568800
2015-08-12,4479.31689453125,4571.869933376448,38324000
2015-08-13,4584.0712890625,4481.09727618127,39138400
2015-08-14,4585.21240234375,4587.332436901847,32954100
2015-08-18,4510.302734375,4572.171423597667,31826200
2015-08-19,4484.06787109375,4502.019809937812,2736435000
2015-08-20,4441.73828125,4470.379256521704,33125600
2015-08-21,4335.78466796875,4401.497935142026,34546000
2015-08-24,4163.56689453125,4241.141999127822,39607800
2015-08-25,4228.3359375,4182.05356429136,46350400
2015-08-26,4237.56787109375,4200.657199265678,36844400
2015-08-27,4430.45947265625,4295.529663392689,46862700
2015-08-28,4446.0283203125,4479.9327639028825,43053100
2015-08-31,4509.431640625,4446.830070199509,34176600
2015-09-01,4412.28759765625,4484.029928152641,30515200
2015-09-02,4401.1220703125,4367.640460268983,36698200
2015-09-03,4432.93798828125,4427.78047454212,32500700
2015-09-04,4415.1708984375,4422.29269151086,29169700
2015-09-07,4301.1982421875,4397.051454321166,29523000
2015-09-08,4318.42236328125,4282.005815101791,33941100
2015-09-09,4347.107421875,4347.315421580469,37713200
2015-09-10,4343.09228515625,4312.488006905787,35256700
2015-09-11,4360.2978515625,4363.279180691874,33100500
2015-09-14,4390.2021484375,4378.021470253891,25003300
2015-09-15,4346.99072265625,4372.699681530123,34375900
2015-09-16,4332.3447265625,4360.018455196624,37372100
2015-09-17,4378.2138671875,4345.88846881522,32111900
2015-09-18,4380.14892578125,4382.896865441038,43928900
2015-09-21,4375.91162109375,4352.19770082969,28687800
2015-09-22,4343.875,4380.447796332802,32859800
2015-09-23,4244.26171875,4308.589295482847,35255000
2015-09-25,4209.27490234375,4250.56430865518,34101900
2015-09-28,4120.34228515625,4197.776277866723,29317000
2015-09-29,4178.24560546875,4070.4216764686503,38883300
2015-09-30,4223.744140625,4189.311396061638,37990200
2015-10-01,4254.71044921875,4231.245541796527,32978200
2015-10-02,4207.634765625,4243.801324182256,36384600
2015-10-05,4343.5322265625,4243.161130580081,38012600
2015-10-06,4445.60791015625,4381.104558763353,48812000
2015-10-07,4486.95751953125,4458.6656499084465,49962400
2015-10-08,4491.2578125,4501.920482275455,41378800
2015-10-09,4589.16552734375,4538.327175055777,68650200
2015-10-12,4630.52685546875,4596.6980936353475,68010100
2015-10-13,4482.90185546875,4621.705051894615,50616600
2015-10-15,4507.01953125,4513.096443336192,37675800
2015-10-16,4521.70556640625,4530.104164785157,38805700
2015-10-19,4569.66650390625,4534.533593035513,45937600
2015-10-20,4585.6455078125,4566.658943065927,4575565100
2015-10-21,4605.046875,4597.013007939654,44046000
2015-10-22,4584.38330078125,4613.585287413433,40381800
2015-10-23,4652.96484375,4653.0356417748935,44071700
2015-10-26,4691.5283203125,4682.929533925498,38604600
2015-10-27,4673.87646484375,4666.296681291496,30887000
2015-10-28,4608.560546875,4647.208942320124,41937600
2015-10-29,4471.8466796875,4601.385575463109,39451100
2015-10-30,4455.0068359375,4462.797548433698,34745100
2015-11-02,4464.78515625,4442.24599470793,28735100
2015-11-03,4532.9091796875,4496.4848187815,34186000
2015-11-04,4612.38525390625,4560.554265305123,34751500
2015-11-05,4577.0546875,4600.463932234175,25049000
2015-11-06,4566.3740234375,4586.413282523333,23574400
2015-11-09,4499.33154296875,4553.241552021637,24543400
2015-11-10,4450.88037109375,4463.958476482007,40294800
2015-11-11,4451.416015625,4450.042045539709,29303300
2015-11-12,4462.05126953125,4458.481096114491,27282200
2015-11-13,4472.66357421875,4441.842021543536,28120300
2015-11-16,4442.00732421875,4438.514296080242,23444500
2015-11-17,4500.771484375,4474.3486853471,27587600
2015-11-18,4497.73486328125,4513.5291695951,21896900
2015-11-19,4518.7646484375,4517.406790955573,29276900
2015-11-20,4561.15673828125,4505.725786853717,32354400
2015-11-23,4540.88916015625,4569.982265964639,26089600
2015-11-24,4545.201171875,4535.528696464298,24223000
2015-11-25,4585.3671875,4557.294551139302,25372400
2015-11-26,4596.87841796875,4595.683151936612,27083500
2015-11-27,4560.3828125,4598.902311475853,23214500
2015-11-30,4446.28515625,4527.232204705447,43022200
2015-12-01,4557.49072265625,4504.047000363271,25770400
2015-12-02,4545.68603515625,4558.970674836511,24716100
2015-12-03,4537.205078125,4526.313900854688,21783400
2015-12-04,4508.27685546875,4513.390426171707,23919700
2015-12-07,4521.2158203125,4523.73183550137,22062000
2015-12-08,4464.00830078125,4495.088145222101,25537200
2015-12-10,4466.03564453125,4441.392563420774,2373896100
2015-12-11,4393.35107421875,4471.183007545761,20329300
2015-12-14,4374.0205078125,4360.723174308998,22081900
2015-12-15,4409.00048828125,4369.9312062015915,23128300
2015-12-16,4483.27880859375,4450.544729779885,27097100
2015-12-17,4555.78662109375,4541.944386198168,29164100
2015-12-18,4468.4794921875,4512.0339454620735,26687800
2015-12-21,4490.50537109375,4452.47462497769,21633700
2015-12-22,4517.392578125,4494.134691561876,26019300
2015-12-23,4522.4775390625,4514.280104662075,23935000
2015-12-28,4557.177734375,4512.119428271325,20487400
2015-12-29,4569.18310546875,4551.963072177237,20088700
2015-12-30,4592.8291015625,4573.885990999003,27466600
2016-01-04,4525.74267578125,4579.986656825823,21276600
2016-01-05,4557.64453125,4527.255088090763,24364900
2016-01-06,4608.80224609375,4563.475888273048,29976300
2016-01-07,4530.271484375,4573.51442606939,24018600
2016-01-08,4546.111328125,4524.686868162836,23991300
2016-01-11,4465.30908203125,4515.32617790567,19983800
2016-01-12,4512.3515625,4487.373528924541,23702200
2016-01-13,4537.00244140625,4535.702199093851,26689000
2016-01-14,4513.005859375,4492.608702417175,36253200
2016-01-15,4523.7998046875,4518.804882126796,2249218200
2016-01-18,4481.1015625,4491.1470701637645,21081300
2016-01-19,4491.5615234375,4486.412798596449,23042100
2016-01-20,4427.8125,4476.973672220296,26395500
2016-01-21,4413.9541015625,4447.577792289293,24323700
2016-01-22,4456.57080078125,4446.248936628682,27603800
2016-01-25,4505.61279296875,4483.431527035004,28197300
2016-01-26,4510.29248046875,4489.5183855122805,22989000
2016-01-27,4583.44921875,4526.039347814081,36625500
2016-01-28,4602.650390625,4582.538866824373,31734400
2016-01-29,4614.9833984375,4611.758426347719,35913800
2016-02-01,4624.455078125,4619.972342149623,26818600
2016-02-02,4587.25634765625,4598.763711850839,30581900
2016-02-03,4595.92919921875,4552.949913420482,23645400
2016-02-04,4665.6357421875,4606.865074853732,32515500
2016-02-05,4798.7587890625,4674.4237907533225,37635400
2016-02-09,4768.439453125,4773.581342890383,22997900
2016-02-10,4732.29833984375,4748.350936412516,28910100
2016-02-11,4775.67431640625,4723.811585309136,36960300
2016-02-12,4714.2099609375,4757.52419653031,26882200
2016-02-15,4740.54150390625,4749.598280192018,32930700
2016-02-16,4744.8193359375,4745.807578745513,37203200
2016-02-17,4765.3212890625,4738.2334765906535,43118200
2016-02-18,4778.6083984375,4783.858194595045,47306600
2016-02-19,4697.376953125,4744.060191989054,34015700
2016-02-22,4708.43701171875,4701.226354632557,26863900
2016-02-23,4653.873046875,4715.018615998066,35293100
2016-02-24,4657.541015625,4643.643606937862,26851200
2016-02-25,4658.14208984375,4681.809138196477,31829200
2016-02-26,4732.96435546875,4695.633779990538,27831900
2016-02-29,4770.7705078125,4738.109668697015,26304100
2016-03-01,4779.79931640625,4760.051059575693,32028500
2016-03-02,4836.00732421875,4808.675381630151,34594900
2016-03-03,4843.85009765625,4848.716607026188,38870000
2016-03-04,4850.69384765625,4844.298100716818,45127100
2016-03-07,4831.38720703125,4860.01890547776,45624500
2016-03-08,4810.85498046875,4830.862991762518,40452100
2016-03-10,4793.01611328125,4791.497129579514,33233700
2016-03-11,4813.59130859375,4784.051443611655,31534700
2016-03-14,4877.3408203125,4838.841343059792,44561400
2016-03-15,4849.591796875,4880.684823613261,44545000
2016-03-16,4861.251953125,4848.41846760865,42292200
2016-03-17,4885.498046875,4882.983984462019,49838900
2016-03-18,4885.51806640625,4889.7058918713055,51103000
2016-03-21,4884.97314453125,4871.056693454256,37618600
2016-03-22,4855.91796875,4870.705479241286,36051400
2016-03-23,4853.98681640625,4849.981112972572,42812300
2016-03-24,4826.8994140625,4836.435176460102,34571400
2016-03-28,4773.4404296875,4809.000082615863,29163800
2016-03-29,4781.111328125,4767.3472138495845,33131800
2016-03-30,4816.46728515625,4796.967067716682,38235200
2016-03-31,4845.18212890625,4826.915751461553,50891800
2016-04-01,4842.9970703125,4843.205070009234,30942800
2016-04-04,4849.98681640625,4839.958398539008,37038800
2016-04-05,4857.8828125,4848.658561935439,33922100
2016-04-06,4868.04052734375,4862.87178318708,47514100
2016-04-07,4867.095703125,4884.644824707805,49260900
2016-04-08,4846.51513671875,4839.4641421046435,42326600
2016-04-11,4786.78759765625,4833.166649810842,33211700
2016-04-12,4829.38525390625,4788.235488511373,37252800
2016-04-13,4852.81591796875,4846.789297171885,67431700
2016-04-14,4814.65869140625,4872.03633972826,44628800
2016-04-15,4823.38037109375,4834.712938373636,36074500
2016-04-18,4865.34521484375,4812.3912168333245,3041610200
2016-04-19,4881.740234375,4875.308355723786,44507100
2016-04-20,4876.40625,4876.063978175615,44144900
2016-04-21,4902.89892578125,4884.731664461014,38051900
2016-04-22,4914.54541015625,4898.535291513049,39258200
2016-04-25,4878.671875,4920.211273370972,42334500
2016-04-26,4813.9052734375,4865.960374814965,38074400
2016-04-27,4845.46923828125,4807.498551103032,47033900
2016-04-28,4848.201171875,4861.760701968716,47575300
2016-04-29,4838.39453125,4839.177703867012,37300400
2016-05-02,4808.1318359375,4828.775075989871,31240600
2016-05-03,4812.0771484375,4818.786848615971,3420718900
2016-05-04,4822.40771484375,4808.466850628392,37196200
2016-05-09,4749.13037109375,4808.334124885195,32668900
2016-05-10,4762.9296875,4749.337931830422,31662200
2016-05-11,4799.77685546875,4780.951905343739,27307500
2016-05-12,4803.134765625,4795.550099999088,30551600
2016-05-13,4761.529296875,4801.004809377784,34288500
2016-05-16,4731.37744140625,4745.289008093155,29534000
2016-05-17,4728.9716796875,4736.981621795221,34494500
2016-05-18,4734.17236328125,4721.711911574603,36940600
2016-05-19,4704.03369140625,4733.287923773051,30558600
2016-05-20,4711.69482421875,4698.785169662607,29906000
2016-05-23,4743.4775390625,4714.493315285933,27747200
2016-05-24,4710.60205078125,4737.978916304607,33466000
2016-05-25,4772.79150390625,4733.703179752568,36892200
2016-05-26,4784.37841796875,4777.380643908473,30609400
2016-05-27,4814.54345703125,4782.26199937281,3112906900
2016-05-30,4835.84521484375,4818.866870952357,36790900
2016-05-31,4796.68212890625,4833.529325130435,42407700
2016-06-01,4839.4794921875,4801.666023450493,27373000
2016-06-02,4833.037109375,4836.3167669640125,28193100
2016-06-03,4853.73291015625,4845.234217588648,2607634700
2016-06-06,4895.83447265625,4862.378742709273,31677400
2016-06-07,4933.796875,4908.054223887978,42211700
2016-06-08,4915.86962890625,4927.902363519922,37066100
2016-06-09,4876.60400390625,4912.816460635786,43300300
2016-06-10,4847.8671875,4882.084603740542,77424800
2016-06-13,4807.0390625,4837.831809859969,67373300
2016-06-14,4821.40234375,4797.433549312354,62010100
2016-06-15,4814.63671875,4811.038714338528,53712900
2016-06-16,4814.20361328125,4819.047174637847,39908400
2016-06-17,4834.955078125,4825.539428590635,42528600
2016-06-20,4863.341796875,4849.502490850377,43916600
2016-06-21,4878.52392578125,4873.2492288035855,51514400
2016-06-22,4896.66162109375,4876.682417610173,57228200
2016-06-23,4874.119140625,4896.6050807680795,53476900
2016-06-24,4834.380859375,4877.856219586458,57226600
2016-06-27,4835.86376953125,4803.85915429647,38717800
2016-06-28,4881.98095703125,4835.940756112618,47765500
2016-06-29,4979.9111328125,4905.787065035536,40998400
2016-06-30,5016.4521484375,4999.683756703671,54961500
2016-07-01,4971.3876953125,5027.421648715372,40459000
2016-07-11,5068.82177734375,5021.047757680587,42889500
2016-07-12,5099.3349609375,5091.967083309249,58326000
2016-07-13,5133.7333984375,5112.786947649029,58783300
2016-07-14,5083.34130859375,5125.485665173126,52550300
2016-07-15,5109.97900390625,5090.050581621294,49941000
2016-07-18,5127.3017578125,5107.717557809314,49213200
2016-07-19,5172.62841796875,5132.701751894003,52188500
2016-07-20,5242.619140625,5185.392364626992,51072100
2016-07-21,5216.77001953125,5246.095537841898,63172100
2016-07-22,5197.048828125,5214.966099950914,40604200
2016-07-25,5220.5986328125,5201.245870172012,37450800
2016-07-26,5224.19140625,5218.062738865306,50637700
2016-07-27,5274.15576171875,5245.199856378383,49296300
2016-07-28,5299.0068359375,5278.291821139323,55657300
2016-07-29,5215.791015625,5300.692494357964,68556100
2016-08-01,5361.36767578125,5280.0046289388965,62344100
2016-08-02,5373.11376953125,5356.696929078574,63205300
2016-08-03,5351.669921875,5367.375366125917,59763500
2016-08-04,5373.6533203125,5364.799661534473,56277200
2016-08-05,5420.03515625,5379.902440795504,57902200
2016-08-08,5458.7666015625,5434.99457732077,61349000
2016-08-09,5440.0810546875,5459.681365391621,69806100
2016-08-10,5423.73828125,5439.546260203454,88003800
2016-08-11,5418.876953125,5437.880119649689,88527100
2016-08-12,5376.986328125,5432.620391243069,46370500
2016-08-15,5320.353515625,5389.808814344769,56913800
2016-08-16,5371.63671875,5341.725775783862,43406600
2016-08-18,5461.23779296875,5387.556576599763,51925600
2016-08-19,5415.82470703125,5467.800714680716,46129700
2016-08-22,5426.9638671875,5425.685108297085,64659600
2016-08-23,5416.9296875,5433.824050680561,59172200
2016-08-24,5403.78173828125,5406.59461701549,55692400
2016-08-25,5453.904296875,5413.780855890509,48041800
2016-08-26,5438.619140625,5453.855363356684,63101200
2016-08-29,5370.5546875,5424.934402415745,54184900
2016-08-30,5362.107421875,5368.3571788642175,56546900
2016-08-31,5385.87255859375,5354.914778259211,49524600
2016-09-01,5334.33935546875,5368.3072723106025,47156400
2016-09-02,5353.2529296875,5323.366395656309,46566900
2016-09-05,5356.74560546875,5378.415660460966,49406800
2016-09-06,5371.88671875,5362.835802152392,41155400
2016-09-07,5381.14453125,5382.00729063398,37206200
2016-09-08,5370.86865234375,5382.853048213972,41376500
2016-09-09,5281.7109375,5355.133854311495,43296700
2016-09-13,5215.36376953125,5265.90379331486,43786000
2016-09-14,5145.837890625,5188.196105988779,50757500
2016-09-15,5265.61376953125,5160.547060748498,45898400
2016-09-16,5267.56396484375,5287.216031775788,47385800
2016-09-19,5321.63330078125,5288.91582661416,33639200
2016-09-20,5302.287109375,5323.091964930167,54051100
2016-09-21,5342.3837890625,5295.676623249357,46464800
2016-09-22,5380.052734375,5382.111247976657,47353800
2016-09-23,5388.69873046875,5375.502954360195,43903000
2016-09-26,5351.93115234375,5374.951253739718,37701800
2016-09-27,5419.39306640625,5336.3381936587675,50958300
2016-09-28,5425.1259765625,5390.551637273883,67191800
2016-09-29,5431.7451171875,5442.611880731671,69425300
2016-09-30,5364.59521484375,5412.172951238525,53630200
2016-10-03,5463.70263671875,5403.649795501636,53888800
2016-10-04,5472.103515625,5475.419304298067,53748000
2016-10-05,5420.43701171875,5457.785655944285,65033700
2016-10-06,5409.1337890625,5428.241932354671,71799300
2016-10-07,5376.939453125,5403.624448697868,59414300
2016-10-10,5360.61962890625,5370.794037869995,64774600
2016-10-11,5381.78759765625,5372.477901419201,84864400
2016-10-12,5364.40185546875,5364.143076487666,55480600
2016-10-13,5340.19189453125,5368.007705598437,52638100
2016-10-14,5399.67431640625,5338.490177585573,55367700
2016-10-17,5410.0927734375,5390.751240654756,61546400
2016-10-18,5429.8359375,5424.457241168201,62742900
2016-10-19,5409.07763671875,5436.068285821121,116737500
2016-10-20,5403.529296875,5409.629213183442,201336300
2016-10-21,5409.08251953125,5407.0733018593255,79093700
2016-10-24,5420.83740234375,5415.316569857849,81119800
2016-10-25,5397.66064453125,5425.945938078957,85020700
2016-10-26,5399.5888671875,5387.610063679776,198835200
2016-10-27,5416.8359375,5405.69580078125,333149600
2016-10-28,5410.26904296875,5414.5087890625,109309200
2016-10-31,5422.5419921875,5413.56884765625,135128600
2016-11-01,5416.0068359375,5430.7451171875,80147600
2016-11-02,5405.455078125,5415.02197265625,95507600
2016-11-03,5329.501953125,5395.87109375,71645500
2016-11-04,5362.66015625,5310.7822265625,63398900
2016-11-07,5386.2080078125,5361.02392578125,83980500
2016-11-08,5470.68115234375,5407.38916015625,9734142100
2016-11-09,5414.32080078125,5478.0341796875,107152200
2016-11-10,5450.30615234375,5444.041015625,86519300
2016-11-11,5231.97119140625,5380.64111328125,9788202500
2016-11-14,5115.73876953125,5194.9267578125,91613700
2016-11-15,5078.5009765625,5121.47802734375,76584600
2016-11-16,5185.46484375,5112.49609375,80425400
2016-11-17,5193.01513671875,5180.48193359375,75311800
2016-11-18,5170.10888671875,5195.076171875,71630400
2016-11-21,5148.31884765625,5150.826171875,91116600
2016-11-22,5204.673828125,5140.658203125,97703800
2016-11-23,5211.99609375,5192.34619140625,86828200
2016-11-24,5107.623046875,5179.22216796875,78976000
2016-11-25,5122.10400390625,5097.10791015625,84213300
2016-11-28,5114.57177734375,5111.423828125,121168300
2016-11-29,5136.6669921875,5108.751953125,124696800
2016-11-30,5148.91015625,5148.908203125,116497500
2016-12-01,5198.7548828125,5168.6337890625,109410600
2016-12-02,5245.9560546875,5207.91796875,77029900
2016-12-05,5268.30810546875,5239.89697265625,69209000
2016-12-06,5272.96484375,5279.98388671875,66277100
2016-12-07,5265.3681640625,5272.10009765625,60338200
2016-12-08,5303.73388671875,5268.23876953125,65715900
2016-12-09,5308.1259765625,5297.5498046875,49814700
2016-12-13,5293.619140625,5296.19189453125,53794200
2016-12-14,5262.81689453125,5287.19287109375,51760500
2016-12-15,5254.36181640625,5230.56494140625,64359300
2016-12-16,5231.65185546875,5260.1259765625,58386700
2016-12-19,5191.912109375,5224.07080078125,60026700
2016-12-20,5162.47705078125,5179.18212890625,71959000
2016-12-21,5111.39208984375,5179.02587890625,54114100
2016-12-22,5042.8701171875,5114.39697265625,52470700
2016-12-23,5027.7041015625,5036.2880859375,51530100
2016-12-27,5102.9541015625,5028.35595703125,56151600
2016-12-28,5209.44482421875,5140.13623046875,52440100
2016-12-29,5302.56591796875,5205.27099609375,54184200
2016-12-30,5296.7109375,5307.365234375,60042700
2017-01-03,5275.97119140625,5290.38818359375,33217000
2017-01-04,5301.18310546875,5270.01611328125,53111300
2017-01-05,5325.50390625,5302.6328125,77219400
2017-01-06,5347.02197265625,5321.7451171875,71615300
2017-01-09,5316.36376953125,5350.8798828125,97010200
2017-01-10,5309.923828125,5330.01513671875,70792500
2017-01-11,5301.23681640625,5316.15185546875,84703100
2017-01-12,5292.75,5301.0361328125,100764000
2017-01-13,5272.98291015625,5299.05078125,70293600
2017-01-16,5270.01123046875,5283.6181640625,73077600
2017-01-17,5266.93798828125,5266.9228515625,86901800
2017-01-18,5294.7841796875,5273.2939453125,113444600
2017-01-19,5298.9482421875,5302.2109375,85392800
2017-01-20,5254.31103515625,5290.56298828125,153081800
2017-01-23,5250.9677734375,5250.634765625,147556800
2017-01-24,5292.087890625,5267.73388671875,147150800
2017-01-25,5293.7822265625,5302.8740234375,269423400
2017-01-26,5317.6328125,5305.11376953125,190768100
2017-01-27,5312.83984375,5304.9638671875,142739500
2017-01-30,5302.662109375,5321.55419921875,193337900
2017-01-31,5294.10302734375,5316.6689453125,191451600
2017-02-01,5327.1611328125,5319.94384765625,256731400
2017-02-02,5353.712890625,5327.02001953125,165664500
2017-02-03,5360.76708984375,5355.27197265625,13055400
2017-02-06,5395.9951171875,5369.52197265625,153355200
2017-02-07,5381.47509765625,5387.64794921875,171422900
2017-02-08,5361.087890625,5380.10986328125,325033400
2017-02-09,5372.0771484375,5366.34423828125,258337100
2017-02-10,5371.6689453125,5378.916015625,167200000
2017-02-13,5409.55615234375,5396.56298828125,182414000
2017-02-14,5380.669921875,5402.55810546875,142907500
2017-02-16,5377.998046875,5389.06884765625,218393700
2017-02-17,5350.93212890625,5366.85400390625,179271900
2017-02-20,5359.2880859375,5358.5517578125,107921200
2017-02-21,5340.990234375,5363.61376953125,209661500
2017-02-22,5358.68310546875,5353.10693359375,189512900
2017-02-23,5372.748046875,5348.35888671875,174887600
2017-02-24,5385.90576171875,5371.01708984375,116360700
2017-02-27,5382.8740234375,5387.81689453125,102443500
2017-02-28,5386.69189453125,5390.3427734375,82270600
2017-03-01,5363.05615234375,5389.16796875,80795600
2017-03-02,5408.25390625,5394.72705078125,74167000
2017-03-03,5391.21484375,5402.580078125,106883400
2017-03-06,5409.81689453125,5398.0517578125,102030600
2017-03-07,5402.615234375,5416.02099609375,96160400
2017-03-08,5393.76416015625,5407.52978515625,72878500
2017-03-09,5402.38623046875,5393.93896484375,69424400
2017-03-10,5390.6767578125,5414.9150390625,79484800
2017-03-13,5409.3720703125,5389.201171875,70965500
2017-03-14,5431.5849609375,5415.9501953125,82241800
2017-03-15,5432.380859375,5433.68017578125,75739600
2017-03-16,5518.2412109375,5461.912109375,79972200
2017-03-17,5540.43212890625,5539.81884765625,87948800
2017-03-20,5533.9921875,5552.39404296875,83916000
2017-03-21,5543.0927734375,5541.0458984375,78762300
2017-03-22,5534.0927734375,5512.72900390625,81597500
2017-03-23,5563.7587890625,5539.63818359375,71128500
2017-03-24,5567.1337890625,5565.6240234375,64734100
2017-03-27,5541.2021484375,5557.9248046875,62855600
2017-03-29,5592.509765625,5552.783203125,72492200
2017-03-30,5592.9521484375,5581.1162109375,98370200
2017-03-31,5568.10595703125,5589.52392578125,73764600
2017-04-03,5606.7890625,5583.34521484375,81392100
2017-04-04,5651.8232421875,5611.6650390625,106415400
2017-04-05,5676.97998046875,5668.001953125,83898800
2017-04-06,5680.23876953125,5668.30615234375,68797100
2017-04-07,5653.48583984375,5674.01123046875,64404200
2017-04-10,5644.298828125,5662.6689453125,72743800
2017-04-11,5627.93310546875,5647.90380859375,95131900
2017-04-12,5644.15478515625,5633.97509765625,84273900
2017-04-13,5616.544921875,5658.19921875,62159000
2017-04-17,5577.48681640625,5624.6171875,60945800
2017-04-18,5606.51708984375,5597.666015625,69950500
2017-04-20,5595.30615234375,5609.89208984375,73938500
2017-04-21,5664.47509765625,5600.419921875,53480800
2017-04-25,5680.7958984375,5690.89404296875,59697700
2017-04-26,5726.52978515625,5687.080078125,65935900
2017-04-27,5707.02783203125,5708.23095703125,68662300
2017-04-28,5685.2978515625,5715.0849609375,57985100
2017-05-02,5675.80810546875,5703.8671875,57814800
2017-05-03,5647.3681640625,5681.59912109375,65683200
2017-05-04,5669.44287109375,5656.0908203125,66172000
2017-05-05,5683.376953125,5665.10693359375,75048200
2017-05-08,5707.86181640625,5699.30078125,69605600
2017-05-09,5697.05615234375,5730.2509765625,59581000
2017-05-10,5653.0078125,5697.9560546875,73073800
2017-05-12,5675.2158203125,5680.5859375,79691200
2017-05-15,5688.8701171875,5689.80517578125,61924800
2017-05-16,5646.9990234375,5690.2978515625,54203300
2017-05-17,5615.4921875,5661.48193359375,53254300
2017-05-18,5645.451171875,5590.47314453125,68547400
2017-05-19,5791.8837890625,5643.537109375,70741400
2017-05-22,5749.44482421875,5837.17578125,58742100
2017-05-23,5730.61279296875,5770.6171875,53659300
2017-05-24,5703.43310546875,5678.39306640625,59809800
2017-05-26,5716.81494140625,5713.35400390625,57655300
2017-05-29,5712.3310546875,5728.80712890625,50129600
2017-05-30,5693.39111328125,5700.77392578125,62769800
2017-05-31,5738.15478515625,5697.81494140625,91263500
2017-06-02,5742.44580078125,5749.4208984375,64775200
2017-06-05,5748.23486328125,5747.89111328125,56536500
2017-06-06,5707.8310546875,5743.39501953125,61071500
2017-06-07,5717.3251953125,5716.96923828125,46852400
2017-06-08,5702.921875,5719.02978515625,45346000
2017-06-09,5675.52294921875,5699.25390625,51126700
2017-06-12,5691.43603515625,5668.72216796875,37789600
2017-06-13,5707.64501953125,5694.9501953125,43934000
2017-06-14,5792.89697265625,5708.06591796875,49219200
2017-06-15,5776.283203125,5776.30078125,33694700
2017-06-16,5723.63623046875,5768.1640625,52479900
2017-06-19,5741.9091796875,5731.076171875,55163600
2017-06-20,5791.90380859375,5749.5791015625,47631600
2017-06-21,5818.5517578125,5772.0859375,41419800
2017-06-22,5829.7080078125,5830.97802734375,36295400
2017-07-03,5910.23681640625,5846.60302734375,47327700
2017-07-04,5865.36376953125,5886.72021484375,38141000
2017-07-05,5825.05419921875,5865.4248046875,45875400
2017-07-06,5849.5751953125,5817.794921875,40285800
2017-07-07,5814.79296875,5839.88818359375,36388600
2017-07-10,5771.505859375,5814.79296875,29086900
2017-07-11,5773.326171875,5772.97998046875,50424600
2017-07-12,5819.1318359375,5771.47314453125,43977100
2017-07-13,5830.0439453125,5839.39794921875,41691200
2017-07-14,5831.794921875,5827.548828125,35734600
2017-07-17,5841.27978515625,5831.02392578125,49922900
2017-07-18,5822.35205078125,5824.93212890625,53830100
2017-07-19,5806.68994140625,5822.23681640625,43518400
2017-07-20,5825.2080078125,5808.8818359375,43771900
2017-07-21,5765.423828125,5824.52587890625,40711100
2017-07-24,5801.5869140625,5760.083984375,49340900
2017-07-25,5813.53515625,5805.59716796875,46895400
2017-07-26,5800.2060546875,5809.89306640625,56453600
2017-07-27,5819.744140625,5807.27587890625,49848700
2017-07-28,5831.02685546875,5822.80712890625,63785400
2017-07-31,5840.93896484375,5820.01123046875,52731300
2017-08-01,5805.205078125,5853.505859375,69809900
2017-08-02,5824.2490234375,5815.06591796875,51290400
2017-08-03,5780.576171875,5818.55517578125,44658800
2017-08-04,5777.48193359375,5775.9208984375,39744400
2017-08-07,5749.2919921875,5780.89404296875,42147500
2017-08-08,5810.56298828125,5755.044921875,48403600
2017-08-09,5824.0068359375,5813.60400390625,55021100
2017-08-10,5825.94580078125,5828.5419921875,56586000
2017-08-11,5766.13818359375,5812.24609375,55175200
2017-08-14,5801.48779296875,5780.69921875,48743500
2017-08-15,5835.041015625,5808.64599609375,62419400
2017-08-16,5891.94921875,5842.56005859375,57886400
2017-08-18,5893.8408203125,5879.67919921875,46506900
2017-08-21,5861.00390625,5893.416015625,42745100
2017-08-22,5880.296875,5862.5927734375,58668100
2017-08-23,5914.02392578125,5900.40087890625,77528100
2017-08-24,5894.1171875,5914.09814453125,86700500
2017-08-25,5915.36279296875,5906.119140625,64107900
2017-08-28,5903.3408203125,5904.369140625,86874800
2017-08-29,5888.2119140625,5899.74609375,57947400
2017-08-30,5872.505859375,5888.4267578125,51307600
2017-08-31,5864.05908203125,5873.73095703125,63529600
2017-09-04,5813.7412109375,5858.2099609375,50726200
2017-09-05,5829.97900390625,5823.01318359375,64988500
2017-09-06,5824.13818359375,5809.30615234375,61681800
2017-09-07,5832.31103515625,5824.51513671875,50424900
2017-09-08,5857.119140625,5825.1220703125,46573100
2017-09-11,5871.880859375,5863.423828125,51533200
2017-09-12,5872.376953125,5877.2451171875,59543200
2017-09-13,5845.73388671875,5860.48779296875,67508200
2017-09-14,5852.001953125,5849.72314453125,73420600
2017-09-15,5872.39208984375,5854.44580078125,62775100
2017-09-18,5884.61083984375,5875.11181640625,51691500
2017-09-19,5901.326171875,5885.212890625,57340500
2017-09-20,5906.5732421875,5902.2080078125,59948400
2017-09-22,5911.7080078125,5905.22509765625,50278100
2017-09-25,5894.61181640625,5910.1611328125,46527500
2017-09-26,5863.9619140625,5897.01318359375,59271800
2017-09-27,5863.02685546875,5872.58984375,53676700
2017-09-28,5841.046875,5860.5498046875,60274300
2017-09-29,5900.85400390625,5855.0791015625,50217900
2017-10-02,5914.02978515625,5917.751953125,48741000
2017-10-03,5939.453125,5915.42919921875,60605100
2017-10-04,5951.47509765625,5952.37890625,58319800
2017-10-05,5901.90576171875,5954.72509765625,56536700
2017-10-06,5905.3779296875,5922.11181640625,46067100
2017-10-09,5914.93310546875,5906.71484375,41022200
2017-10-10,5905.76220703125,5918.12890625,47250700
2017-10-11,5882.787109375,5900.72900390625,47636200
2017-10-12,5926.2041015625,5886.4248046875,73889100
2017-10-13,5924.1240234375,5926.02587890625,66819100
2017-10-16,5949.701171875,5927.98583984375,71106000
2017-10-17,5947.330078125,5957.580078125,51689400
2017-10-18,5929.201171875,5955.205078125,71998500
2017-10-19,5910.52978515625,5927.73193359375,74254100
2017-10-20,5929.548828125,5923.078125,63590000
2017-10-23,5950.02587890625,5946.15478515625,77697000
2017-10-24,5952.076171875,5955.26513671875,80765300
2017-10-25,6025.43408203125,5962.0322265625,63953500
2017-10-26,5995.84716796875,6018.27099609375,59713900
2017-10-27,5975.28076171875,5998.1728515625,48687400
2017-10-30,5974.0771484375,5990.19482421875,58489300
2017-10-31,6005.7841796875,6034.3818359375,54137200
2017-11-01,6038.14599609375,6017.0419921875,54590800
2017-11-02,6031.10693359375,6052.02880859375,54973300
2017-11-03,6039.541015625,6044.7939453125,46256000
2017-11-06,6050.8232421875,6031.51806640625,60106200
2017-11-07,6060.453125,6055.74609375,48839400
2017-11-08,6049.3837890625,6052.98779296875,69448300
2017-11-09,6042.4599609375,6055.548828125,55020000
2017-11-10,6021.828125,6044.2822265625,52158500
2017-11-13,6021.4560546875,6020.7490234375,52371100
2017-11-14,5988.2919921875,6019.10595703125,61832000
2017-11-15,5972.31103515625,6001.91796875,71148600
2017-11-16,6037.9072265625,5985.6259765625,53679500
2017-11-17,6051.73193359375,6052.51123046875,50404200
2017-11-20,6053.2822265625,6066.7470703125,52184800
2017-11-21,6031.86181640625,6062.23388671875,55320400
2017-11-22,6069.78515625,6039.0859375,63604500
2017-11-23,6063.2451171875,6081.4189453125,64708300
2017-11-24,6067.14208984375,6064.6728515625,55260100
2017-11-27,6064.5888671875,6059.7080078125,58933800
2017-11-28,6070.7158203125,6055.10009765625,64775900
2017-11-29,6061.3671875,6066.43115234375,62226800
2017-11-30,5952.13818359375,6053.02587890625,92104400
2017-12-01,5952.13818359375,6053.02587890625,0
2017-12-04,5998.19482421875,6014.06201171875,64002400
2017-12-05,6000.47412109375,6021.0849609375,65146500
2017-12-06,6035.5078125,6002.5400390625,49403800
2017-12-07,6006.8349609375,6032.05419921875,48461900
2017-12-08,6030.9580078125,6017.962890625,51772100
2017-12-11,6026.6328125,6043.34521484375,55665900
2017-12-12,6032.37109375,6038.43212890625,52951400
2017-12-13,6054.60400390625,6027.44091796875,54220300
2017-12-14,6113.65283203125,6065.30810546875,65223300
2017-12-15,6119.4189453125,6098.8349609375,54744800
2017-12-18,6133.962890625,6111.68408203125,49833300
2017-12-19,6167.666015625,6113.091796875,54873700
2017-12-20,6109.48193359375,6165.60400390625,57345000
2017-12-21,6183.39111328125,6129.533203125,50733000
2017-12-22,6221.01318359375,6181.85986328125,43710700
2017-12-27,6277.1650390625,6214.2587890625,43398400
2017-12-28,6314.0458984375,6282.44091796875,57218200
2017-12-29,6355.65380859375,6325.62109375,63985200
2018-01-02,6339.23779296875,6366.0830078125,52168200
2018-01-03,6251.47900390625,6341.27099609375,48866400
2018-01-04,6292.32080078125,6257.716796875,57864900
2018-01-05,6353.73779296875,6279.45703125,74223700
2018-01-08,6385.40380859375,6354.36181640625,66702400
2018-01-09,6373.14404296875,6393.8740234375,66932000
2018-01-10,6371.173828125,6380.91796875,70066900
2018-01-11,6386.3388671875,6375.03076171875,117346700
2018-01-12,6370.06494140625,6391.466796875,86340200
2018-01-15,6382.19482421875,6379.0732421875,73531200
2018-01-16,6429.69189453125,6386.216796875,81954500
2018-01-17,6444.51806640625,6429.77294921875,86927700
2018-01-18,6472.666015625,6456.89892578125,111698100
2018-01-19,6490.89599609375,6483.8330078125,70168900
2018-01-22,6500.52880859375,6495.3837890625,87812600
2018-01-23,6635.333984375,6538.01318359375,85330100
2018-01-24,6615.4921875,6635.7587890625,116046200
2018-01-25,6615.328125,6629.3681640625,121967500
2018-01-26,6660.6181640625,6616.1259765625,102507800
2018-01-29,6680.619140625,6672.990234375,99262500
2018-01-30,6575.4921875,6666.8271484375,99970800
2018-01-31,6605.630859375,6547.98681640625,113846700
2018-02-01,6598.458984375,6625.35400390625,119722100
2018-02-02,6628.81982421875,6638.1630859375,88106200
2018-02-05,6589.6748046875,6556.67919921875,97541600
2018-02-06,6478.54296875,6505.19287109375,139033900
2018-02-07,6534.869140625,6525.56298828125,117224500
2018-02-08,6544.6337890625,6543.625,106322700
2018-02-09,6505.52294921875,6491.2861328125,95625500
2018-02-12,6523.4541015625,6508.0517578125,118793800
2018-02-13,6578.17822265625,6545.0,102882100
2018-02-14,6594.40087890625,6577.11083984375,77060800
2018-02-15,6591.58203125,6615.90380859375,85432100
2018-02-19,6689.287109375,6610.73291015625,96729300
2018-02-20,6662.8759765625,6687.23095703125,129364100
2018-02-21,6643.39990234375,6649.17919921875,179201300
2018-02-22,6593.06005859375,6646.34716796875,107066100
2018-02-23,6619.80419921875,6608.5341796875,93737300
2018-02-26,6554.6728515625,6615.3740234375,97778800
2018-02-27,6598.92578125,6573.69580078125,107099600
2018-02-28,6597.2177734375,6595.85986328125,97106200
2018-03-01,6606.05322265625,6605.31396484375,92351900
2018-03-02,6582.31591796875,6597.7099609375,82306900
2018-03-05,6550.5927734375,6594.51611328125,77760400
2018-03-06,6500.11083984375,6577.17919921875,77769000
2018-03-07,6368.26708984375,6500.9638671875,108599800
2018-03-08,6443.02099609375,6410.708984375,87324300
2018-03-09,6433.32177734375,6448.19384765625,73609100
2018-03-12,6500.68603515625,6459.32080078125,76177600
2018-03-13,6412.84619140625,6497.4638671875,82608900
2018-03-14,6382.623046875,6410.88818359375,86246600
2018-03-15,6321.90380859375,6366.93017578125,82187500
2018-03-16,6304.9521484375,6323.4130859375,88297100
2018-03-19,6289.57177734375,6315.33203125,77658600
2018-03-20,6243.5771484375,6266.5810546875,76662600
2018-03-21,6312.8310546875,6260.18505859375,89583500
2018-03-22,6254.07421875,6331.97998046875,77992400
2018-03-23,6210.6982421875,6138.10888671875,75539100
2018-03-26,6200.171875,6178.72802734375,62145400
2018-03-27,6209.35009765625,6246.22802734375,70878900
2018-03-28,6140.8369140625,6195.47705078125,61446800
2018-03-29,6188.98681640625,6153.64501953125,59162000
2018-04-02,6240.57080078125,6194.51318359375,58966000
2018-04-03,6229.01318359375,6212.76708984375,61788600
2018-04-04,6157.09619140625,6240.98388671875,72730600
2018-04-05,6183.22705078125,6194.10107421875,62063900
2018-04-06,6175.0517578125,6184.8701171875,59659700
2018-04-09,6246.130859375,6179.380859375,64251100
2018-04-10,6325.81787109375,6244.35205078125,63897300
2018-04-11,6360.93212890625,6352.60498046875,72747400
2018-04-12,6310.8017578125,6351.046875,65143600
2018-04-13,6270.3271484375,6322.94677734375,55764300
2018-04-16,6286.748046875,6279.6328125,56984800
2018-04-17,6285.76220703125,6290.86376953125,89647000
2018-04-18,6320.0048828125,6302.97900390625,79669800
2018-04-19,6355.90087890625,6321.22412109375,75020900
2018-04-20,6337.69482421875,6355.99609375,60183000
2018-04-23,6308.14794921875,6328.64599609375,62110600
2018-04-24,6229.634765625,6313.72314453125,58631000
2018-04-25,6079.85009765625,6219.76416015625,58356100
2018-04-26,5909.1982421875,6080.3837890625,67664100
2018-04-27,5919.23779296875,5968.876953125,55164900
2018-04-30,5994.59521484375,5937.0751953125,59188600
2018-05-02,6012.23779296875,5999.36181640625,67805700
2018-05-03,5858.73193359375,5990.1611328125,61109700
2018-05-04,5792.34521484375,5849.30908203125,52388700
2018-05-07,5885.09814453125,5814.9560546875,52856100
2018-05-08,5774.7158203125,5862.77978515625,57813800
2018-05-09,5907.93798828125,5734.18017578125,66282300
2018-05-11,5956.83203125,5923.0927734375,66776200
2018-05-14,5947.15478515625,5933.4609375,56191400
2018-05-15,5838.1162109375,5926.0771484375,64487000
2018-05-16,5841.4638671875,5780.8779296875,62283300
2018-05-17,5815.919921875,5854.869140625,67370600
2018-05-18,5783.31005859375,5831.0517578125,55495900
2018-05-21,5733.85400390625,5779.2421875,63717500
2018-05-22,5751.119140625,5767.6279296875,67420300
2018-05-23,5792.0009765625,5764.4189453125,60646300
2018-05-24,5946.5380859375,5833.6162109375,71497000
2018-05-25,5975.7421875,5957.42578125,58672900
2018-05-28,6068.3251953125,5979.6201171875,66767100
2018-05-30,6011.05517578125,6037.43408203125,76998100
2018-05-31,5983.5869140625,6037.26220703125,91923400
2018-06-04,6014.81884765625,6004.119140625,77906000
2018-06-05,6088.7900390625,6031.3701171875,71163800
2018-06-06,6069.712890625,6083.9208984375,68433200
2018-06-07,6106.6982421875,6090.97509765625,61086000
2018-06-08,5993.626953125,6083.33203125,53952100
2018-06-20,5884.0390625,5941.7939453125,62441700
2018-06-21,5822.3330078125,5890.06494140625,51405000
2018-06-22,5821.81201171875,5820.18798828125,58773500
2018-06-25,5859.0830078125,5850.31396484375,54948400
2018-06-26,5825.64892578125,5831.59521484375,59068400
2018-06-27,5787.5517578125,5832.5849609375,55552900
2018-06-28,5667.31884765625,5791.5830078125,60061700
2018-06-29,5799.23681640625,5691.68603515625,65331400
2018-07-02,5746.77001953125,5828.4951171875,48029600
2018-07-03,5633.93701171875,5737.35498046875,49554000
2018-07-04,5733.63916015625,5640.56298828125,56623500
2018-07-05,5739.33203125,5727.912109375,51660500
2018-07-06,5694.912109375,5733.130859375,46286700
2018-07-09,5807.375,5719.85693359375,52683800
2018-07-10,5881.759765625,5839.0361328125,53761000
2018-07-11,5893.35888671875,5842.990234375,62397700
2018-07-12,5907.8720703125,5873.048828125,57014300
2018-07-13,5944.07421875,5908.47802734375,54856000
2018-07-16,5905.158203125,5941.912109375,46500100
2018-07-17,5861.5078125,5881.791015625,52518200
2018-07-18,5890.73095703125,5868.87109375,69005100
2018-07-19,5871.0771484375,5902.02587890625,61506700
2018-07-20,5872.7841796875,5867.80810546875,56088500
2018-07-23,5915.7958984375,5886.51611328125,51917100
2018-07-24,5931.841796875,5934.408203125,59374900
2018-07-25,5933.88916015625,5941.1298828125,84148200
2018-07-26,5946.13623046875,5949.6572265625,82412300
2018-07-27,5989.13623046875,5947.35595703125,65570700
2018-07-30,6027.93603515625,5998.09716796875,72156300
2018-07-31,5936.44287109375,6012.9267578125,86530400
2018-08-01,6033.4189453125,5952.93896484375,59853600
2018-08-02,6011.72314453125,6039.5869140625,77818300
2018-08-03,6007.5380859375,6014.796875,57227000
2018-08-06,6101.130859375,6025.60693359375,66226000
2018-08-07,6091.25,6100.0029296875,60294800
2018-08-08,6094.8291015625,6110.8408203125,64676700
2018-08-09,6065.255859375,6084.751953125,62375600
2018-08-10,6077.1728515625,6084.8017578125,52870700
2018-08-13,5861.24609375,6029.46923828125,60906300
2018-08-14,5769.873046875,5850.71923828125,56998100
2018-08-15,5816.58984375,5782.3818359375,62023800
2018-08-16,5783.7978515625,5788.06298828125,53443300
2018-08-20,5892.19189453125,5833.5390625,55005100
2018-08-21,5944.30078125,5899.2978515625,59014700
2018-08-23,5982.98486328125,5962.10107421875,53558900
2018-08-24,5968.75,5975.4150390625,49474100
2018-08-27,6025.9677734375,5993.76318359375,65676000
2018-08-28,6042.64990234375,6042.89111328125,59104800
2018-08-29,6065.14892578125,6025.60205078125,63016700
2018-08-30,6018.9638671875,6075.27001953125,58498700
2018-08-31,6018.4599609375,5984.9619140625,59513900
2018-09-03,5967.5791015625,6025.4111328125,44310800
2018-09-04,5905.30078125,5974.76318359375,53980900
2018-09-05,5683.5009765625,5868.77587890625,71761700
2018-09-06,5776.09521484375,5661.9638671875,57940400
2018-09-07,5851.46484375,5780.80615234375,54320700
2018-09-10,5831.1171875,5835.3759765625,53873400
2018-09-12,5798.15087890625,5839.31494140625,61414500
2018-09-13,5858.27392578125,5834.76513671875,66435500
2018-09-14,5931.28076171875,5870.98486328125,56571400
2018-09-17,5824.2568359375,5908.42578125,59608300
2018-09-18,5811.7900390625,5818.72021484375,70975800
2018-09-19,5873.59716796875,5835.794921875,69601100
2018-09-20,5931.26611328125,5898.48193359375,70876500
2018-09-21,5957.744140625,5956.4990234375,86255700
2018-09-24,5882.22021484375,5958.56787109375,68687600
2018-09-25,5874.298828125,5875.158203125,65935500
2018-09-26,5873.27099609375,5871.55810546875,75063400
2018-09-27,5929.2158203125,5871.43505859375,59721100
2018-09-28,5976.55322265625,5930.60498046875,62677100
2018-10-01,5944.60107421875,5950.85791015625,60605000
2018-10-02,5875.619140625,5947.25,87701600
2018-10-03,5867.73681640625,5874.4951171875,72943100
2018-10-04,5756.619140625,5847.59912109375,87537800
2018-10-05,5731.93505859375,5738.59423828125,64862100
2018-10-08,5761.0732421875,5728.6982421875,73665700
2018-10-09,5796.7900390625,5771.9169921875,64525600
2018-10-10,5820.66796875,5815.2861328125,68341300
2018-10-11,5702.82177734375,5733.99609375,90536700
2018-10-12,5756.490234375,5722.48681640625,60181200
2018-10-15,5727.255859375,5786.6640625,65107300
2018-10-16,5800.81689453125,5737.94189453125,64884300
2018-10-17,5868.6201171875,5833.2529296875,64580100
2018-10-18,5845.2421875,5850.1240234375,62773900
2018-10-19,5837.291015625,5810.1298828125,63540800
2018-10-22,5840.43505859375,5841.4189453125,68594500
2018-10-23,5797.89111328125,5838.69091796875,61556000
2018-10-24,5709.4169921875,5795.7509765625,71593900
2018-10-25,5754.96484375,5629.9501953125,51569200
2018-10-26,5784.9208984375,5761.451171875,52533300
2018-10-29,5754.60693359375,5788.9248046875,49595700
2018-10-30,5789.10009765625,5755.02001953125,59748100
2018-10-31,5831.64990234375,5817.4921875,69910100
2018-11-01,5835.919921875,5855.22216796875,63198100
2018-11-02,5906.2919921875,5873.0068359375,67022200
2018-11-05,5920.59423828125,5895.2431640625,53671600
2018-11-06,5923.93017578125,5942.32177734375,53343100
2018-11-07,5939.88623046875,5942.22314453125,62481200
2018-11-08,5976.80615234375,5972.3271484375,73188500
2018-11-09,5874.15380859375,5934.17822265625,65342000
2018-11-12,5777.05322265625,5865.7412109375,53857800
2018-11-13,5835.1982421875,5754.59814453125,58918000
2018-11-14,5858.29296875,5857.72119140625,72751500
2018-11-15,5955.73583984375,5885.216796875,60149800
2018-11-16,6012.35009765625,5975.11083984375,61140800
2018-11-19,6005.296875,6028.3369140625,56032100
2018-11-21,5948.0517578125,5942.19921875,62393500
2018-11-22,5990.81005859375,5936.6611328125,76590600
2018-11-23,6006.2021484375,5998.02783203125,62607300
2018-11-26,6022.77783203125,5997.73291015625,67223700
2018-11-27,6013.5888671875,6002.39111328125,69182000
2018-11-28,5991.24609375,6027.58203125,72385300
2018-11-29,6107.16796875,6030.73876953125,71888500
2018-11-30,6056.1240234375,6104.63720703125,104904600
2018-12-03,6118.31982421875,6118.06396484375,84784300
2018-12-04,6152.85986328125,6118.6337890625,65189800
2018-12-05,6133.1201171875,6097.64404296875,67897200
2018-12-06,6115.4931640625,6095.0068359375,65929300
2018-12-07,6126.35595703125,6108.9501953125,66079200
2018-12-10,6111.35986328125,6103.09716796875,56866400
2018-12-11,6076.5869140625,6095.34912109375,71781900
2018-12-12,6115.5771484375,6097.73095703125,79263500
2018-12-13,6177.72021484375,6140.8759765625,82093700
2018-12-14,6169.8427734375,6178.56689453125,61924800
2018-12-17,6089.30517578125,6163.6279296875,61873200
2018-12-18,6081.8671875,6056.23291015625,60526100
2018-12-19,6176.09423828125,6076.294921875,82872200
2018-12-20,6147.8759765625,6144.93603515625,64812900
2018-12-21,6163.59619140625,6117.8359375,59446800
2018-12-26,6127.85009765625,6126.65283203125,53220400
2018-12-27,6190.64306640625,6173.51806640625,65545500
2018-12-28,6194.498046875,6200.296875,69954900
2019-01-02,6181.1748046875,6197.87109375,52797800
2019-01-03,6221.009765625,6176.15185546875,72166700
2019-01-04,6274.5400390625,6211.09619140625,80858100
2019-01-07,6287.22412109375,6317.6259765625,90278300
2019-01-08,6262.84716796875,6292.26318359375,90537400
2019-01-09,6272.23779296875,6296.115234375,105604200
2019-01-10,6328.7138671875,6293.9580078125,122462300
2019-01-11,6361.46484375,6347.97314453125,78112000
2019-01-14,6336.1162109375,6351.3291015625,79731000
2019-01-15,6408.7841796875,6347.10107421875,95139900
2019-01-16,6413.35986328125,6417.130859375,104252800
2019-01-17,6423.77978515625,6421.4072265625,99214400
2019-01-18,6448.15576171875,6444.212890625,77604300
2019-01-21,6450.833984375,6448.5361328125,101769000
2019-01-22,6468.56201171875,6452.60400390625,100776200
2019-01-23,6451.169921875,6452.90576171875,109468500
2019-01-24,6466.65478515625,6451.2568359375,120391000
2019-01-25,6482.8427734375,6474.1591796875,92035400
2019-01-28,6458.7119140625,6488.90185546875,95548600
2019-01-29,6436.47998046875,6454.47314453125,73064200
2019-01-30,6464.18896484375,6445.4091796875,78683300
2019-01-31,6532.96923828125,6491.38916015625,104349100
2019-02-01,6538.63818359375,6552.05712890625,88866200
2019-02-04,6481.451171875,6540.77392578125,89042000
2019-02-06,6547.876953125,6503.578125,106799500
2019-02-07,6536.45703125,6556.115234375,115112600
2019-02-08,6521.6630859375,6513.7431640625,96579400
2019-02-11,6495.001953125,6523.7021484375,94974200
2019-02-12,6426.3251953125,6503.05078125,118209700
2019-02-13,6419.1162109375,6445.17919921875,122590200
2019-02-14,6420.01806640625,6429.1318359375,117183600
2019-02-15,6389.0849609375,6425.81396484375,98204900
2019-02-18,6497.81494140625,6428.27587890625,97765700
2019-02-19,6494.6669921875,6500.701171875,98372900
2019-02-20,6512.7841796875,6521.80810546875,110588600
2019-02-21,6537.76611328125,6510.5732421875,102022900
2019-02-22,6501.3779296875,6518.18798828125,101594400
2019-02-25,6525.35791015625,6522.31005859375,95685700
2019-02-26,6540.9501953125,6527.72119140625,111994800
2019-02-27,6525.68310546875,6532.0390625,89352100
2019-02-28,6443.34814453125,6526.93310546875,100223700
2019-03-01,6499.8837890625,6468.6201171875,78269700
2019-03-04,6488.419921875,6508.26416015625,89179000
2019-03-05,6441.27978515625,6485.580078125,82023100
2019-03-06,6457.9560546875,6460.80712890625,91098200
2019-03-08,6383.06787109375,6439.8408203125,92588600
2019-03-11,6366.43408203125,6418.8828125,97316700
2019-03-12,6353.77392578125,6395.880859375,84514000
2019-03-13,6377.5751953125,6343.12109375,100029400
2019-03-14,6413.26611328125,6374.9169921875,96692700
2019-03-15,6461.18310546875,6420.18212890625,122938800
2019-03-18,6509.44677734375,6481.5927734375,105004500
2019-03-19,6480.27587890625,6515.56103515625,113972800
2019-03-20,6482.7099609375,6486.8828125,106335600
2019-03-21,6501.77587890625,6499.27197265625,120956200
2019-03-22,6525.27392578125,6510.85205078125,129537900
2019-03-25,6411.2509765625,6473.85595703125,105721300
2019-03-26,6469.9990234375,6440.916015625,85932800
2019-03-27,6444.73779296875,6480.55712890625,90444600
2019-03-28,6480.7880859375,6460.48681640625,92075400
2019-03-29,6468.7548828125,6480.98291015625,102927100
2019-04-01,6452.61083984375,6485.72119140625,93229400
2019-04-02,6476.06591796875,6476.623046875,97657900
2019-04-04,6494.6298828125,6489.78515625,115935300
2019-04-05,6474.01806640625,6501.09912109375,104044400
2019-04-08,6425.73388671875,6480.18408203125,104784600
2019-04-09,6484.34814453125,6434.6181640625,103220100
2019-04-10,6478.326171875,6476.77978515625,85785100
2019-04-11,6410.166015625,6468.255859375,98465700
2019-04-12,6405.8662109375,6395.0732421875,115690900
2019-04-15,6435.15087890625,6426.90478515625,89372600
2019-04-16,6481.541015625,6440.72119140625,113905400
2019-04-18,6507.22119140625,6568.84521484375,112896400
2019-04-22,6414.7431640625,6511.0859375,94956300
2019-04-23,6462.82177734375,6420.1630859375,105904400
2019-04-24,6447.884765625,6460.26513671875,95981100
2019-04-25,6372.787109375,6423.837890625,95830800
2019-04-26,6401.080078125,6349.923828125,84764000
2019-04-29,6425.89501953125,6388.3818359375,87784100
2019-04-30,6455.35205078125,6437.97509765625,94646800
2019-05-02,6374.421875,6458.12109375,105193000
2019-05-03,6319.458984375,6366.75,93047100
2019-05-06,6256.35205078125,6254.81103515625,76667800
2019-05-07,6297.31787109375,6271.9619140625,99893700
2019-05-08,6270.2021484375,6260.69677734375,92019200
2019-05-09,6198.80419921875,6242.18017578125,92161300
2019-05-10,6209.1181640625,6203.10302734375,83315100
2019-05-13,6135.39599609375,6225.39501953125,73081800
2019-05-14,6071.2021484375,6081.40185546875,102612300
2019-05-15,5980.884765625,6091.64306640625,90189500
2019-05-16,5895.73779296875,5969.85595703125,90700800
2019-05-17,5826.8681640625,5930.26904296875,88536300
2019-05-20,5907.12109375,5822.47412109375,88516800
2019-05-21,5951.3720703125,5925.416015625,88868800
2019-05-22,5939.63623046875,5948.3828125,73752300
2019-05-23,6032.69580078125,5944.0322265625,80007700
2019-05-24,6057.35302734375,6042.5751953125,94909100
2019-05-27,6098.97412109375,6056.4140625,79120000
2019-05-28,6033.14208984375,6101.8427734375,107550600
2019-05-29,6104.10595703125,6059.53076171875,79068400
2019-05-31,6209.1171875,6110.52001953125,94994300
2019-06-10,6289.60986328125,6277.29296875,94734500
2019-06-11,6305.9921875,6286.7998046875,86434200
2019-06-12,6276.1767578125,6270.35205078125,90308800
2019-06-13,6273.08203125,6282.60791015625,95630400
2019-06-14,6250.26513671875,6278.02587890625,86134100
2019-06-17,6190.52490234375,6259.53515625,94608600
2019-06-18,6257.330078125,6195.1337890625,94426600
2019-06-19,6339.26220703125,6289.4521484375,104524400
2019-06-20,6335.6982421875,6346.01318359375,93519900
2019-06-21,6315.43603515625,6343.48193359375,111701800
2019-06-24,6288.46484375,6307.9267578125,113990600
2019-06-25,6320.44482421875,6312.10107421875,104114600
2019-06-26,6310.48876953125,6323.81103515625,117335500
2019-06-27,6352.7099609375,6324.69287109375,99586800
2019-06-28,6358.62890625,6367.01806640625,106200900
2019-07-01,6379.68798828125,6381.18115234375,128295500
2019-07-02,6384.89794921875,6388.22216796875,128839600
2019-07-03,6362.6220703125,6362.9580078125,115118100
2019-07-04,6375.966796875,6364.06787109375,138923400
2019-07-05,6373.47705078125,6373.31787109375,132400300
2019-07-08,6351.8271484375,6360.2138671875,106782100
2019-07-09,6388.3232421875,6351.48486328125,120669200
2019-07-10,6410.68310546875,6393.18994140625,116571800
2019-07-11,6417.06591796875,6424.62890625,123096800
2019-07-12,6373.34521484375,6414.1982421875,132748400
2019-07-15,6418.23388671875,6408.30810546875,138330000
2019-07-16,6401.8798828125,6414.72900390625,120399800
2019-07-17,6394.60888671875,6395.4638671875,142137300
2019-07-18,6403.2939453125,6385.05810546875,150696400
2019-07-19,6456.5390625,6417.44287109375,129678900
2019-07-22,6433.546875,6461.4111328125,125797900
2019-07-23,6403.81005859375,6443.7109375,129238000
2019-07-24,6384.98681640625,6413.31982421875,149335200
2019-07-25,6401.365234375,6392.38818359375,124582800
2019-07-26,6325.23681640625,6379.2041015625,122282900
2019-07-29,6299.03515625,6336.84521484375,126988300
2019-07-30,6376.99609375,6317.5732421875,127506100
2019-07-31,6390.5048828125,6362.10888671875,114214500
2019-08-01,6381.5419921875,6385.26416015625,107634100
2019-08-02,6340.18017578125,6341.123046875,93321300
2019-08-05,6175.703125,6311.1640625,122385300
2019-08-06,6119.47119140625,6105.0908203125,113648900
2019-08-07,6204.19482421875,6155.828125,115751900
2019-08-08,6274.6708984375,6224.89794921875,108941500
2019-08-09,6282.1318359375,6300.0927734375,102271800
2019-08-12,6250.59521484375,6300.6728515625,98246100
2019-08-13,6210.9619140625,6251.30810546875,106057400
2019-08-14,6267.3349609375,6255.509765625,116897700
2019-08-15,6257.5859375,6192.4560546875,118749900
2019-08-16,6286.6572265625,6264.3798828125,122425200
2019-08-19,6296.71484375,6310.6328125,107478400
2019-08-20,6295.73779296875,6311.9072265625,115615800
2019-08-21,6252.966796875,6290.81103515625,97455300
2019-08-22,6239.2451171875,6257.55615234375,102340600
2019-08-23,6255.59716796875,6228.1298828125,104137900
2019-08-26,6214.509765625,6193.23095703125,120581400
2019-08-27,6278.1708984375,6244.5732421875,117748900
2019-08-28,6281.64599609375,6289.65087890625,107048900
2019-08-29,6289.119140625,6288.18603515625,111978400
2019-08-30,6328.47021484375,6316.119140625,132856400
2019-09-02,6290.5458984375,6331.14794921875,126521700
2019-09-03,6261.58984375,6293.36181640625,122848800
2019-09-04,6269.6640625,6266.76416015625,111903900
2019-09-05,6306.80322265625,6294.283203125,110321300
2019-09-06,6308.9501953125,6329.412109375,114218400
2019-09-09,6326.212890625,6328.2822265625,109132800
2019-09-10,6336.6728515625,6331.72607421875,113186400
2019-09-11,6381.9541015625,6334.591796875,136654000
2019-09-12,6342.173828125,6398.9951171875,111986600
2019-09-13,6334.8427734375,6369.4228515625,106712000
2019-09-16,6219.43505859375,6262.2880859375,102809600
2019-09-17,6236.68994140625,6215.23681640625,112446500
2019-09-18,6276.6328125,6238.705078125,108718500
2019-09-19,6244.47021484375,6274.17822265625,106914500
2019-09-20,6231.47314453125,6248.97412109375,134219300
2019-09-23,6206.19921875,6240.14404296875,118747800
2019-09-24,6137.60791015625,6188.76904296875,90097100
2019-09-25,6146.40380859375,6121.490234375,91732400
2019-09-26,6230.333984375,6168.66796875,105163800
2019-09-27,6196.88916015625,6213.93212890625,112420600
2019-09-30,6169.10205078125,6190.3720703125,93299700
2019-10-01,6138.25,6163.97900390625,99171900
2019-10-02,6055.4248046875,6124.44287109375,116223100
2019-10-03,6038.52880859375,6033.02685546875,121133700
2019-10-04,6061.251953125,6052.7470703125,111920200
2019-10-07,6000.58203125,6077.740234375,127549800
2019-10-08,6039.60107421875,6021.69287109375,124640500
2019-10-09,6029.16015625,6030.458984375,111759600
2019-10-10,6023.64111328125,6023.97607421875,89240100
2019-10-11,6105.7998046875,6033.32177734375,105411100
2019-10-14,6126.876953125,6129.23388671875,118521000
2019-10-15,6158.166015625,6130.2998046875,118739300
2019-10-16,6169.591796875,6170.56201171875,114463100
2019-10-17,6181.01416015625,6169.90380859375,119164000
2019-10-18,6191.94677734375,6185.21484375,125611600
2019-10-21,6198.98681640625,6207.88916015625,146413800
2019-10-22,6225.4970703125,6207.4921875,114083500
2019-10-23,6257.80615234375,6224.41796875,135886700
2019-10-24,6339.64697265625,6271.51416015625,130619300
2019-10-25,6252.34521484375,6342.60888671875,151346100
2019-10-28,6265.3837890625,6256.7900390625,145042900
2019-10-29,6281.13818359375,6267.68017578125,148492100
2019-10-30,6295.7470703125,6302.087890625,139603200
2019-10-31,6228.31689453125,6290.56689453125,163955700
2019-11-01,6207.19091796875,6225.81494140625,142104600
2019-11-04,6180.34423828125,6219.126953125,103975100
2019-11-05,6264.15185546875,6204.43896484375,95988100
2019-11-06,6217.544921875,6273.91796875,70278100
2019-11-07,6165.6240234375,6234.60400390625,67284200
2019-11-08,6177.98583984375,6165.76611328125,60698400
2019-11-11,6148.740234375,6171.43701171875,47286600
2019-11-12,6180.9921875,6135.4931640625,57719100
2019-11-13,6142.5009765625,6177.66015625,51900400
2019-11-14,6098.9501953125,6137.53515625,72169800
2019-11-15,6128.34521484375,6115.7587890625,46157800
2019-11-18,6122.625,6126.4130859375,47079600
2019-11-19,6152.08984375,6136.93701171875,51414200
2019-11-20,6155.10888671875,6136.2529296875,51663000
2019-11-21,6117.36376953125,6135.76416015625,50800300
2019-11-22,6100.2421875,6115.791015625,51362000
2019-11-25,6070.76220703125,6094.748046875,48496000
2019-11-26,6026.18798828125,6091.23779296875,81161800
2019-11-27,6023.0390625,6025.94091796875,57364300
2019-11-28,5953.06005859375,6013.27099609375,51713900
2019-11-29,6011.830078125,5949.8837890625,51024700
2019-12-02,6130.05517578125,6023.61181640625,52565500
2019-12-03,6133.89599609375,6119.90185546875,52634500
2019-12-04,6112.87890625,6121.3330078125,50339400
2019-12-05,6152.1171875,6132.0390625,52261600
2019-12-06,6186.8681640625,6160.783203125,49098600
2019-12-09,6193.791015625,6194.08203125,54834500
2019-12-10,6183.5048828125,6186.7529296875,51058500
2019-12-11,6180.09912109375,6190.5771484375,49556800
2019-12-12,6139.39697265625,6185.41796875,51845400
2019-12-13,6197.31787109375,6181.05517578125,48546800
2019-12-16,6211.591796875,6197.31396484375,55299700
2019-12-17,6244.35205078125,6223.44287109375,53264500
2019-12-18,6287.25,6287.25,0
2019-12-19,6249.93017578125,6274.38818359375,47624800
2019-12-20,6284.3720703125,6257.16015625,52766200
2019-12-23,6305.91015625,6309.6708984375,39077900
2019-12-26,6319.44287109375,6303.05908203125,33608900
2019-12-27,6329.31396484375,6321.56884765625,42100200
2019-12-30,6299.5390625,6329.134765625,47557400
2020-01-02,6283.5810546875,6313.1279296875,33043700
2020-01-03,6323.4658203125,6306.18701171875,44625300
2020-01-06,6257.40283203125,6293.4990234375,41421300
2020-01-07,6279.34619140625,6272.22021484375,39441600
2020-01-08,6225.68603515625,6248.44287109375,44622600
2020-01-09,6274.4931640625,6248.6611328125,41868400
2020-01-10,6274.94091796875,6287.1669921875,52213500
2020-01-13,6296.56689453125,6287.912109375,44003800
2020-01-14,6325.40576171875,6308.89013671875,44467400
2020-01-15,6283.365234375,6326.166015625,51089200
2020-01-16,6286.0478515625,6275.9560546875,42118300
2020-01-17,6291.6572265625,6293.7822265625,37597900
2020-01-20,6245.04296875,6310.5009765625,38818200
2020-01-21,6238.15283203125,6251.9970703125,41929600
2020-01-22,6233.453125,6241.5751953125,51077800
2020-01-23,6249.2099609375,6243.998046875,41256500
2020-01-24,6244.10888671875,6242.8349609375,38828900
2020-01-27,6133.2080078125,6240.81787109375,43723000
2020-01-28,6111.18408203125,6111.18408203125,0
2020-01-29,6113.044921875,6123.09521484375,34605300
2020-01-30,6057.59619140625,6057.59619140625,0
2020-01-31,5940.0478515625,6076.458984375,41508700
2020-02-03,5884.169921875,5920.9677734375,34951000
2020-02-04,5922.3388671875,5947.5068359375,36217700
2020-02-05,5978.509765625,5955.51904296875,39786600
2020-02-06,5987.14501953125,6002.919921875,39909700
2020-02-07,5999.60693359375,5988.05810546875,35281700
2020-02-10,5952.0830078125,5993.376953125,34305400
2020-02-11,5954.39697265625,5974.0,33700000
2020-02-12,5913.0810546875,5957.06005859375,29256800
2020-02-13,5871.9541015625,5921.912109375,33248200
2020-02-14,5866.94482421875,5857.72119140625,27655200
2020-02-17,5867.52294921875,5863.9140625,28723300
2020-02-18,5886.9619140625,5856.880859375,34641400
2020-02-19,5928.791015625,5898.89990234375,34517800
2020-02-20,5942.48681640625,5941.4501953125,37350100
2020-02-21,5882.2548828125,5940.78515625,36665400
2020-02-24,5807.0498046875,5846.14599609375,40039600
2020-02-25,5787.13818359375,5784.73681640625,39502600
2020-02-26,5688.9208984375,5757.1669921875,39521300
2020-02-27,5535.69384765625,5680.43701171875,41308700
2020-02-28,5452.7041015625,5436.171875,49636800
2020-03-02,5361.24609375,5455.0458984375,40235000
2020-03-03,5518.6279296875,5431.2958984375,42974300
2020-03-04,5650.13623046875,5524.09423828125,45255400
2020-03-05,5638.1298828125,5688.77880859375,40684000
2020-03-06,5498.5400390625,5575.56591796875,32430900
2020-03-09,5136.80908203125,5364.60400390625,42737600
2020-03-10,5220.826171875,5149.4931640625,44495700
2020-03-11,5154.10498046875,5231.60888671875,46650100
2020-03-12,4895.748046875,5040.96484375,36992900
2020-03-13,4907.57080078125,4895.748046875,46288600
2020-03-16,4690.6572265625,4907.57080078125,30471900
2020-03-17,4456.7490234375,4690.6572265625,30662200
2020-03-18,4330.673828125,4456.7490234375,38642900
2020-03-19,4105.421875,4330.673828125,26383700
2020-03-20,4194.94384765625,4105.421875,63008300
2020-03-23,3989.51708984375,4194.94384765625,32514300
2020-03-24,3937.632080078125,3989.51708984375,45744100
2020-03-26,4338.90380859375,3937.632080078125,81100100
2020-03-27,4545.57080078125,4338.90380859375,77851100
2020-03-30,4414.5,4545.57080078125,27552200
2020-03-31,4538.93017578125,4414.5,43426600
2020-04-01,4466.037109375,4538.93017578125,41848000
2020-04-02,4531.68505859375,4466.037109375,46011500
2020-04-03,4623.42919921875,4531.68505859375,58684300
2020-04-06,4811.8271484375,4623.42919921875,70452900
2020-04-07,4778.63916015625,4811.8271484375,86224800
2020-04-08,4626.69482421875,4778.63916015625,45557700
2020-04-09,4649.0791015625,4626.69482421875,53523100
2020-04-13,4623.89404296875,4649.0791015625,45586600
2020-04-14,4706.4912109375,4623.89404296875,55226400
2020-04-15,4625.90478515625,4706.4912109375,63059600
2020-04-16,4480.60693359375,4480.60693359375,0
2020-04-17,4634.82080078125,4480.60693359375,54547300
2020-04-20,4575.90478515625,4634.82080078125,52113500
2020-04-21,4501.9189453125,4575.90478515625,42328500
2020-04-22,4567.56201171875,4501.9189453125,48368900
2020-04-23,4593.55419921875,4567.56201171875,49463700
2020-04-24,4496.06396484375,4593.55419921875,46122600
2020-04-27,4513.14111328125,4496.06396484375,36774700
2020-04-28,4529.55419921875,4513.14111328125,45440500
2020-04-29,4567.3232421875,4529.55419921875,41461800
2020-04-30,4716.40283203125,4567.3232421875,60229700
2020-05-04,4605.48681640625,4716.40283203125,39084200
2020-05-05,4630.1328125,4605.48681640625,47829500
2020-05-06,4608.7900390625,4630.1328125,45079300
2020-05-08,4597.43017578125,4608.7900390625,47798700
2020-05-11,4639.10498046875,4597.43017578125,45461000
2020-05-12,4588.73388671875,4639.10498046875,46906900
2020-05-13,4554.35888671875,4588.73388671875,45092300
2020-05-14,4513.833984375,4554.35888671875,47342600
2020-05-15,4507.60693359375,4513.833984375,46257200
2020-05-18,4511.05810546875,4507.60693359375,45156900
2020-05-19,4548.65576171875,4511.05810546875,51665300
2020-05-20,4545.9521484375,4548.65576171875,42464800
2020-05-26,4626.798828125,4545.9521484375,53757500
2020-05-27,4641.55517578125,4626.798828125,60985400
2020-05-28,4716.18505859375,4641.55517578125,68549600
2020-05-29,4753.61181640625,4716.18505859375,104791300
2020-06-02,4847.5068359375,4753.61181640625,73135500
2020-06-03,4941.005859375,4847.5068359375,101631500
2020-06-04,4916.7041015625,4941.005859375,110933800
2020-06-05,4947.7822265625,4916.7041015625,86864800
2020-06-08,5070.56103515625,4947.7822265625,138169200
2020-06-09,5035.05517578125,5070.56103515625,115140600
2020-06-10,4920.68212890625,5035.05517578125,84234700
2020-06-11,4854.75390625,4920.68212890625,71655200
2020-06-12,4880.35888671875,4854.75390625,80885000
2020-06-15,4816.3359375,4880.35888671875,64138400
2020-06-16,4986.4580078125,4816.3359375,75836700
2020-06-17,4987.77587890625,4986.4580078125,68366200
2020-06-18,4925.248046875,4987.77587890625,70877500
2020-06-19,4942.27490234375,4925.248046875,57556700
2020-06-22,4918.8310546875,4942.27490234375,47869800
2020-06-23,4879.1328125,4918.8310546875,54884300
2020-06-24,4964.73486328125,4879.1328125,62466500
2020-06-25,4896.72998046875,4964.73486328125,50705900
2020-06-26,4904.087890625,4896.72998046875,44280300
2020-06-29,4901.81787109375,4904.087890625,44174500
2020-06-30,4905.39208984375,4901.81787109375,51279100
2020-07-01,4914.38818359375,4905.39208984375,43243400
2020-07-02,4966.77978515625,4914.38818359375,55396200
2020-07-03,4973.7939453125,4966.77978515625,55723400
2020-07-06,4988.8662109375,4973.7939453125,64282100
2020-07-07,4987.08203125,4988.8662109375,72834600
2020-07-08,5076.173828125,4987.08203125,73499000
2020-07-09,5052.7939453125,5076.173828125,79794300
2020-07-10,5031.255859375,5052.7939453125,67684500
2020-07-13,5064.44677734375,5031.255859375,65331900
2020-07-14,5079.1220703125,5064.44677734375,71530500
2020-07-15,5075.7978515625,5079.1220703125,82580500
2020-07-16,5098.3740234375,5075.7978515625,68710400
2020-07-17,5079.5849609375,5098.3740234375,61709100
2020-07-20,5051.10595703125,5079.5849609375,68632100
2020-07-21,5114.708984375,5051.10595703125,83156800
2020-07-22,5110.18701171875,5114.708984375,79454100
2020-07-23,5145.009765625,5110.22021484375,98800000
2020-07-24,5082.9912109375,5145.01123046875,97013800
2020-07-27,5116.666015625,5082.9912109375,103523300
2020-07-28,5112.98876953125,5116.666015625,91890400
2020-07-29,5149.6298828125,5111.10986328125,80750000
2020-07-30,5149.626953125,5111.11279296875,80749900
2020-08-03,5006.22314453125,5149.626953125,83815200
2020-08-04,5075.001953125,5006.22314453125,73766600
2020-08-05,5127.05078125,5075.001953125,84611300
2020-08-06,5178.27197265625,5127.05078125,90452400
2020-08-07,5143.89306640625,5178.27197265625,91282400
2020-08-10,5157.833984375,5157.833984375,0
2020-08-11,5190.169921875,5157.93017578125,88400000
2020-08-12,5233.4521484375,5190.166015625,96807400
2020-08-13,5239.25,5233.4521484375,84601700
2020-08-14,5247.68994140625,5239.25,70397600
2020-08-18,5295.173828125,5247.68994140625,95642400
2020-08-19,5272.81005859375,5295.173828125,92676400
2020-08-24,5277.041015625,5272.81005859375,138410800
2020-08-25,5338.88818359375,5277.041015625,146510200
2020-08-26,5340.328125,5338.88818359375,137729200
2020-08-27,5371.47216796875,5340.328125,134549700
2020-08-28,5346.6591796875,5371.47216796875,107955900
2020-08-31,5238.48681640625,5346.6591796875,124088000
2020-09-01,5310.67919921875,5238.48681640625,90465800
2020-09-02,5311.97021484375,5310.67919921875,121613800
2020-09-03,5280.81298828125,5311.97021484375,136923000
2020-09-04,5239.85107421875,5280.81298828125,95095800
2020-09-07,5230.19580078125,5235.009765625,80111600
2020-09-08,5244.07177734375,5232.91796875,103353200
2020-09-09,5149.3759765625,5214.0322265625,101220300
2020-09-10,4891.4609375,5084.326171875,82384700
2020-09-11,5016.7119140625,4804.64404296875,125812400
2020-09-14,5161.828125,5060.02392578125,109865600
2020-09-15,5100.865234375,5169.2451171875,113645500
2020-09-16,5058.48193359375,5108.1279296875,88769100
2020-09-17,5038.40087890625,5058.9501953125,85305000
2020-09-18,5059.22314453125,5037.369140625,105751600
2020-09-21,4999.35986328125,5058.990234375,106452100
2020-09-22,4934.0927734375,4947.73095703125,74792200
2020-09-23,4917.955078125,4946.5029296875,70609200
2020-09-24,4842.755859375,4876.35107421875,65673400
2020-09-25,4945.791015625,4867.962890625,88843900
2020-09-28,4906.5478515625,4962.953125,83772300
2020-09-29,4879.09814453125,4929.3330078125,86481700
2020-09-30,4870.0390625,4896.43212890625,85378000
2020-10-01,4970.09423828125,4899.64404296875,96362100
2020-10-02,4926.73388671875,4969.2451171875,88815300
2020-10-05,4958.76904296875,4947.0400390625,70868100
2020-10-06,4999.22119140625,5004.39599609375,108547800
2020-10-07,5004.3271484375,4976.56787109375,92870700
2020-10-08,5039.14208984375,5018.73681640625,80288700
2020-10-09,5053.6630859375,5036.47607421875,69016600
2020-10-12,5093.09912109375,5078.12890625,91642100
2020-10-13,5132.57177734375,5093.421875,110621000
2020-10-14,5176.09912109375,5134.662109375,119876700
2020-10-15,5105.14990234375,5172.5908203125,110523700
2020-10-16,5103.4140625,5111.43408203125,92480400
2020-10-19,5126.330078125,5116.7578125,111112200
2020-10-20,5099.83984375,5120.9130859375,88592600
2020-10-21,5096.44580078125,5116.7900390625,104786700
2020-10-22,5091.81591796875,5084.7900390625,122922500
2020-10-23,5112.18798828125,5112.787109375,95498300
2020-10-26,5144.048828125,5113.14892578125,103314100
2020-10-27,5128.22509765625,5133.537109375,107122400
2020-11-02,5115.1279296875,5108.02880859375,97646200
2020-11-03,5159.4521484375,5133.98193359375,101351100
2020-11-04,5105.19921875,5170.8232421875,103974300
2020-11-05,5260.326171875,5161.39013671875,108832000
2020-11-06,5335.52880859375,5276.1640625,104732100
2020-11-09,5356.0048828125,5371.97119140625,121516500
2020-11-10,5462.73876953125,5424.73193359375,149596500
2020-11-11,5509.51318359375,5475.56494140625,165238700
2020-11-12,5458.60205078125,5494.48486328125,119777900
2020-11-13,5461.05810546875,5449.10107421875,113428800
2020-11-16,5494.8720703125,5500.0341796875,119907500
2020-11-17,5529.93994140625,5516.580078125,146811400
2020-11-18,5557.51806640625,5530.8759765625,140753000
2020-11-19,5594.05908203125,5541.421875,166665200
2020-11-20,5571.65576171875,5602.783203125,215797300
2020-11-23,5652.76416015625,5583.330078125,189943100
2020-11-24,5701.02880859375,5677.2998046875,240469400
2020-11-25,5679.2470703125,5735.13623046875,325423300
2020-11-26,5759.916015625,5669.6640625,248292500
2020-11-27,5783.3349609375,5773.55517578125,251434900
2020-11-30,5612.4150390625,5779.6708984375,319900500
2020-12-01,5724.7421875,5637.89404296875,209477700
2020-12-02,5813.98681640625,5755.17578125,219110200
2020-12-03,5822.94189453125,5833.3232421875,238397400
2020-12-04,5810.48291015625,5820.81982421875,173857900
2020-12-07,5930.7587890625,5854.30322265625,226790300
2020-12-08,5944.4091796875,5947.658203125,294205100
2020-12-10,5933.6982421875,5976.9990234375,264587600
2020-12-11,5938.3291015625,5946.35888671875,217654500
2020-12-14,6012.51611328125,5959.27490234375,226876100
2020-12-15,6010.1279296875,6013.51123046875,194411200
2020-12-16,6118.40185546875,6046.8662109375,291042900
2020-12-17,6113.3818359375,6133.09619140625,321737000
2020-12-18,6104.32421875,6106.2509765625,257981400
2020-12-21,6165.6240234375,6131.623046875,238612700
2020-12-22,6023.2890625,6146.64599609375,250085200
2020-12-23,6008.708984375,6061.84814453125,203528500
2020-12-28,6093.55419921875,6067.0,180855700
2020-12-29,6036.173828125,6112.72021484375,175135000
2020-12-30,5979.0732421875,6052.12109375,170039300
2021-01-04,6104.89794921875,5997.830078125,183917000
2021-01-05,6137.3427734375,6105.7939453125,174687000
2021-01-06,6065.68212890625,6139.13720703125,199163800
2021-01-07,6153.6328125,6091.716796875,227517900
2021-01-08,6257.8349609375,6190.9482421875,221751300
2021-01-11,6382.93701171875,6278.4130859375,297901100
2021-01-12,6395.6689453125,6393.90283203125,279603400
2021-01-13,6435.205078125,6439.93408203125,343008100
2021-01-14,6428.31494140625,6445.90087890625,344812000
2021-01-15,6373.412109375,6447.98486328125,262275900
2021-01-18,6389.833984375,6365.02587890625,337569400
2021-01-19,6321.85595703125,6421.86083984375,223716900
2021-01-20,6429.7578125,6334.51220703125,190944100
2021-01-21,6413.89208984375,6476.09423828125,171080400
2021-01-22,6307.126953125,6419.5732421875,157918500
2021-01-25,6258.57177734375,6322.51904296875,154806200
2021-01-26,6140.1708984375,6252.7138671875,172159800
2021-01-27,6109.16796875,6153.078125,181402600
2021-01-28,5979.38720703125,6065.7880859375,157336200
2021-01-29,5862.35205078125,6010.3427734375,147664800
2021-02-01,6067.544921875,5856.77685546875,208886800
2021-02-02,6043.8408203125,6119.01123046875,227307800
2021-02-03,6077.7451171875,6096.583984375,153874400
2021-02-04,6107.2158203125,6111.7578125,148241900
2021-02-05,6151.72900390625,6136.39306640625,134669100
2021-02-08,6208.8662109375,6193.55078125,161586900
2021-02-09,6181.671875,6232.10205078125,175273400
2021-02-10,6201.828125,6198.0322265625,122608700
2021-02-11,6222.52099609375,6221.6337890625,104014000
2021-02-15,6270.32421875,6244.384765625,123956100
2021-02-16,6292.39599609375,6291.0078125,144173700
2021-02-17,6227.72802734375,6292.97021484375,169907100
2021-02-18,6200.30810546875,6230.35693359375,167455200
2021-02-19,6231.93212890625,6196.89892578125,133625600
2021-02-22,6255.31201171875,6267.02490234375,145005700
2021-02-23,6272.80712890625,6267.4541015625,126272800
2021-02-24,6251.05419921875,6283.794921875,152221800
2021-02-25,6289.64599609375,6280.72705078125,237490100
2021-02-26,6241.7958984375,6246.31689453125,219493200
2021-03-01,6338.51318359375,6281.85693359375,173079500
2021-03-02,6359.205078125,6367.43896484375,180676700
2021-03-03,6376.7568359375,6378.7978515625,242358700
2021-03-04,6290.798828125,6355.3759765625,238207200
2021-03-05,6258.7490234375,6263.0439453125,153557700
2021-03-08,6248.46484375,6304.0,155718400
2021-03-09,6199.64697265625,6258.669921875,188106700
2021-03-10,6264.67919921875,6233.6162109375,121957600
2021-03-12,6358.208984375,6316.880859375,186241800
2021-03-15,6324.2587890625,6374.76220703125,137895500
2021-03-16,6309.69921875,6347.18896484375,155061500
2021-03-17,6277.22802734375,6318.06884765625,138044900
2021-03-18,6347.8291015625,6309.5751953125,149718200
2021-03-19,6356.16015625,6346.0087890625,162089200
2021-03-22,6301.130859375,6346.794921875,128638500
2021-03-23,6252.7119140625,6331.6982421875,173805000
2021-03-24,6156.14013671875,6231.712890625,138290000
2021-03-25,6122.8759765625,6159.619140625,147353000
2021-03-26,6195.56201171875,6141.60595703125,124284100
2021-03-29,6166.81787109375,6205.56884765625,114609800
2021-03-30,6071.44189453125,6163.72119140625,118686600
2021-03-31,5985.52197265625,6062.9501953125,123071400
2021-04-01,6011.4560546875,5988.02294921875,106367400
2021-04-05,5970.2861328125,6040.05517578125,122053600
2021-04-06,6002.77001953125,5973.98681640625,126386100
2021-04-07,6036.6162109375,6011.9580078125,141523800
2021-04-08,6071.72412109375,6035.037109375,169546400
2021-04-09,6070.208984375,6101.72314453125,161275600
2021-04-12,5948.56884765625,6080.7919921875,130244200
2021-04-13,5927.43505859375,5944.52587890625,107375400
2021-04-14,6050.27587890625,5964.02978515625,141883200
2021-04-15,6079.5009765625,6057.61083984375,132167700
2021-04-16,6086.2578125,6102.3779296875,158024500
2021-04-19,6052.5400390625,6084.78515625,159845500
2021-04-20,6038.32177734375,6029.9921875,106712400
2021-04-21,5993.2421875,6010.26806640625,117327800
2021-04-22,5994.18408203125,6004.7939453125,139778300
2021-04-23,6016.86376953125,6000.912109375,151530300
2021-04-26,5964.82080078125,6018.33984375,122797700
2021-04-27,5959.62109375,5986.99609375,122928600
2021-04-28,5974.47900390625,5959.951171875,127681000
2021-04-29,6012.9609375,6005.798828125,130962400
2021-04-30,5995.6162109375,6026.52783203125,136841700
2021-05-03,5952.59716796875,5999.6611328125,152015700
2021-05-04,5963.81982421875,5955.39501953125,141538100
2021-05-05,5975.9111328125,5974.56005859375,131241100
2021-05-06,5970.240234375,5987.06591796875,120448300
2021-05-07,5928.30908203125,5987.330078125,121835200
2021-05-10,5975.787109375,5942.10595703125,120144700
2021-05-11,5938.35107421875,5965.85205078125,120811100
2021-05-17,5833.85986328125,5950.13720703125,150604900
2021-05-18,5834.39404296875,5836.083984375,160329900
2021-05-19,5760.583984375,5817.13623046875,138298600
2021-05-20,5797.59716796875,5759.6298828125,114025600
2021-05-21,5773.1201171875,5824.10986328125,133703000
2021-05-24,5763.6318359375,5793.06689453125,141371900
2021-05-25,5815.83984375,5772.93701171875,144613700
2021-05-27,5841.828125,5850.501953125,211859200
2021-05-28,5848.6162109375,5875.27099609375,181542500
2021-05-31,5947.462890625,5869.2177734375,169049900
2021-06-02,6031.578125,6002.48095703125,178537100
2021-06-03,6091.51318359375,6038.85693359375,181262300
2021-06-04,6065.166015625,6091.1298828125,158659400
2021-06-07,6069.93505859375,6075.5068359375,200000700
2021-06-08,5999.369140625,6071.25,265159600
2021-06-09,6047.47509765625,5973.0361328125,239289300
2021-06-10,6107.5380859375,6065.92578125,215823100
2021-06-11,6095.4970703125,6118.3798828125,196526600
2021-06-14,6080.3837890625,6110.796875,196186700
2021-06-15,6089.0380859375,6085.36083984375,163564500
2021-06-16,6078.56787109375,6071.43896484375,152950200
2021-06-17,6068.44677734375,6063.537109375,205095900
2021-06-18,6007.1201171875,6065.51904296875,238006900
2021-06-21,5996.2529296875,5959.96484375,159997500
2021-06-22,6087.841796875,6006.6650390625,151167900
2021-06-23,6034.54296875,6095.89501953125,199578400
2021-06-24,6012.05615234375,6052.080078125,168548200
2021-06-25,6022.39892578125,6027.22021484375,172441600
2021-06-28,5939.47119140625,6015.27880859375,145849200
2021-06-29,5949.0498046875,5944.2421875,188801800
2021-06-30,5985.48876953125,5950.43310546875,203167100
2021-07-01,6005.9580078125,6001.12109375,140966500
2021-07-02,6023.0078125,6020.07421875,146766100
2021-07-05,6005.60888671875,6024.1650390625,131732000
2021-07-06,6047.11083984375,6015.5810546875,161021000
2021-07-07,6044.037109375,6062.76904296875,165513600
2021-07-08,6039.89599609375,6052.80419921875,159513500
2021-07-09,6039.84423828125,6037.00390625,136425200
2021-07-12,6078.56787109375,6060.05419921875,135385400
2021-07-13,6012.0322265625,6097.22900390625,172635900
2021-07-14,5979.21484375,6008.2412109375,138499900
2021-07-15,6046.75390625,5986.64990234375,141035200
2021-07-16,6072.509765625,6063.421875,129367700
2021-07-19,6017.39404296875,6062.9658203125,123010800
2021-07-21,6029.97607421875,6034.57177734375,153050600
2021-07-22,6137.546875,6057.541015625,178417800
2021-07-23,6101.68994140625,6145.76123046875,143269200
2021-07-26,6106.39404296875,6109.03076171875,156210200
2021-07-27,6097.048828125,6120.92919921875,179173700
2021-07-28,6088.52294921875,6094.541015625,161217600
2021-07-29,6120.72705078125,6106.61181640625,178890400
2021-07-30,6070.0390625,6136.3681640625,193641700
2021-08-02,6096.54296875,6098.0078125,216299000
2021-08-03,6130.57080078125,6107.99609375,226801300
2021-08-04,6159.03515625,6142.47509765625,271201100
2021-08-05,6205.4169921875,6174.60791015625,268332500
2021-08-06,6203.43115234375,6223.833984375,245459900
2021-08-09,6127.4560546875,6203.7470703125,293622300
2021-08-10,6088.408203125,6139.33984375,205029900
2021-08-12,6139.65185546875,6092.2451171875,206955800
2021-08-13,6139.4921875,6154.0517578125,163739300
2021-08-16,6087.9130859375,6144.94287109375,171745600
2021-08-18,6118.14990234375,6109.56103515625,208983000
2021-08-19,5992.32177734375,6110.5498046875,214361500
2021-08-20,6030.77197265625,5988.7578125,200995800
2021-08-23,6109.828125,6037.7001953125,193786700
2021-08-24,6089.4970703125,6114.6669921875,238973300
2021-08-25,6113.240234375,6094.14501953125,214295900
2021-08-26,6058.080078125,6107.0400390625,172987800
2021-08-27,6041.3662109375,6052.8271484375,156989800
2021-08-30,6144.90185546875,6062.11279296875,159300800
2021-08-31,6150.298828125,6148.76806640625,189133300
2021-09-01,6090.93310546875,6157.82080078125,194563800
2021-09-02,6078.22900390625,6092.65087890625,179403300
2021-09-03,6126.9208984375,6085.6279296875,171489500
2021-09-06,6126.93798828125,6137.1259765625,173887900
2021-09-07,6112.39990234375,6135.8701171875,180693200
2021-09-08,6026.02001953125,6114.47705078125,196394300
2021-09-09,6068.21923828125,6024.31689453125,214651900
2021-09-10,6094.873046875,6059.15478515625,192886100
2021-09-13,6088.1572265625,6080.06201171875,158870000
2021-09-14,6129.09521484375,6100.62890625,201683300
2021-09-15,6110.22900390625,6123.91015625,188698800
2021-09-16,6109.94189453125,6126.55517578125,218872800
2021-09-17,6133.24609375,6098.8779296875,224719500
2021-09-20,6076.31494140625,6132.0341796875,176619400
2021-09-21,6060.7568359375,6049.79296875,179600700
2021-09-22,6108.26513671875,6060.30517578125,184349300
2021-09-23,6142.7119140625,6117.64306640625,213294700
2021-09-24,6144.81494140625,6142.287109375,196295300
2021-09-27,6122.4951171875,6141.47021484375,206632900
2021-09-28,6113.11181640625,6128.05810546875,272570100
2021-09-29,6162.55419921875,6100.826171875,230726900
2021-09-30,6286.94287109375,6175.416015625,202745700
2021-10-01,6228.84521484375,6269.23779296875,190252600
2021-10-04,6342.68603515625,6234.798828125,257881700
2021-10-05,6288.048828125,6337.326171875,268318400
2021-10-06,6417.3232421875,6313.65283203125,231440600
2021-10-07,6416.39599609375,6414.912109375,183232100
2021-10-08,6481.76904296875,6440.0,231302300
2021-10-11,6459.69677734375,6482.95703125,204779900
2021-10-12,6486.26708984375,6462.31494140625,204607300
2021-10-13,6536.90380859375,6502.1572265625,193450700
2021-10-14,6626.11376953125,6552.2109375,178191500
2021-10-15,6633.337890625,6645.259765625,160148800
2021-10-18,6658.76806640625,6649.28076171875,188565300
2021-10-19,6655.998046875,6665.71923828125,188504800
2021-10-21,6632.97216796875,6670.27294921875,215065000
2021-10-22,6643.73779296875,6620.6591796875,165782200
2021-10-25,6625.69677734375,6626.3671875,175632400
2021-10-26,6656.93701171875,6640.0517578125,180194900
2021-10-27,6602.208984375,6664.373046875,182503600
2021-10-28,6524.076171875,6578.5830078125,189347200
2021-10-29,6591.34619140625,6561.712890625,171512200
2021-11-01,6552.88916015625,6618.1220703125,182528900
2021-11-02,6493.27490234375,6557.94482421875,165299300
2021-11-03,6552.1298828125,6497.865234375,171604200
2021-11-04,6586.44287109375,6588.18896484375,155291000
2021-11-05,6581.78515625,6600.72216796875,154117700
2021-11-08,6632.296875,6599.40478515625,167444200
2021-11-09,6669.9248046875,6640.22119140625,192392200
2021-11-10,6683.14501953125,6665.548828125,153422900
2021-11-11,6691.341796875,6694.5830078125,209193300
2021-11-12,6651.05419921875,6710.85302734375,198646700
2021-11-15,6616.02880859375,6661.84912109375,203267300
2021-11-16,6651.20703125,6598.408203125,207039500
2021-11-17,6675.80419921875,6667.86181640625,217158400
2021-11-18,6636.46923828125,6653.7001953125,248016700
2021-11-19,6720.26318359375,6651.77880859375,258781800
2021-11-22,6723.38623046875,6731.51513671875,218097200
2021-11-23,6677.8759765625,6716.1572265625,186336800
2021-11-24,6683.27685546875,6697.423828125,224587000
2021-11-25,6699.34619140625,6694.95703125,215655400
2021-11-26,6561.55322265625,6688.56884765625,242523500
2021-11-29,6608.2900390625,6552.80322265625,0
2021-11-30,6533.93212890625,6605.796875,216798600
2021-12-01,6507.6767578125,6544.51708984375,195068500
2021-12-02,6583.81982421875,6517.3388671875,210837500
2021-12-03,6538.505859375,6588.01416015625,172625500
2021-12-06,6547.1162109375,6552.81591796875,180052400
2021-12-07,6602.56884765625,6575.97607421875,212352000
2021-12-08,6603.7978515625,6618.7548828125,216901600
2021-12-09,6643.93212890625,6617.1328125,240218200
2021-12-10,6652.921875,6618.68603515625,229170800
2021-12-13,6662.87109375,6663.73876953125,232086300
2021-12-14,6615.63720703125,6665.3828125,187591100
2021-12-15,6626.2568359375,6615.72412109375,196016500
2021-12-16,6594.7978515625,6648.2880859375,185929900
2021-12-17,6601.93212890625,6584.88720703125,210214300
2021-12-20,6547.11181640625,6571.34521484375,181341400
2021-12-21,6554.30908203125,6545.537109375,186470700
2021-12-22,6529.5927734375,6572.53515625,187213900
2021-12-23,6555.55078125,6537.59912109375,209975800
2021-12-24,6562.89990234375,6559.0888671875,176357600
2021-12-27,6575.44384765625,6570.55810546875,179010000
2021-12-28,6598.3427734375,6588.1337890625,191799500
2021-12-29,6600.6767578125,6603.755859375,200549500
2021-12-30,6581.48193359375,6609.44287109375,192017600
2022-01-03,6665.30810546875,6586.259765625,182552700
2022-01-04,6695.373046875,6675.1298828125,185900100
2022-01-05,6662.298828125,6703.171875,179080500
2022-01-06,6653.35107421875,6674.85205078125,179990500
2022-01-07,6701.31591796875,6669.51123046875,157064700
2022-01-10,6691.1240234375,6697.3759765625,159382400
2022-01-11,6647.97021484375,6705.7958984375,181053500
2022-01-12,6647.06494140625,6662.39501953125,192900600
2022-01-13,6658.35595703125,6659.97314453125,180765500
2022-01-14,6693.40087890625,6653.64599609375,140467300
2022-01-17,6645.0478515625,6711.40576171875,148626000
2022-01-18,6614.05908203125,6654.958984375,172778900
2022-01-19,6591.98095703125,6609.83203125,171354300
2022-01-20,6626.87109375,6607.798828125,158271000
2022-01-21,6726.373046875,6626.34814453125,154628300
2022-01-24,6655.166015625,6700.82177734375,176239200
2022-01-25,6568.1728515625,6630.8779296875,213235100
2022-01-26,6600.81884765625,6569.81787109375,226349800
2022-01-27,6611.1611328125,6586.85400390625,177817500
2022-01-28,6645.51123046875,6618.7177734375,192680600
2022-01-31,6631.15087890625,6656.70703125,182548300
2022-02-02,6707.65185546875,6657.7919921875,214830000
2022-02-03,6683.85107421875,6724.39892578125,202406000
2022-02-04,6731.39111328125,6697.94287109375,177332600
2022-02-07,6804.93701171875,6751.34912109375,225856300
2022-02-08,6789.52197265625,6813.18408203125,255862800
2022-02-09,6834.60595703125,6811.75390625,253458500
2022-02-10,6823.64208984375,6859.333984375,279507200
2022-02-11,6815.60693359375,6813.60791015625,223574800
2022-02-14,6734.48583984375,6791.31591796875,202907800
2022-02-15,6807.4970703125,6746.35888671875,210390400
2022-02-16,6850.1982421875,6821.92578125,216253600
2022-02-17,6835.1171875,6836.18310546875,229539500
2022-02-18,6892.81787109375,6837.51904296875,233754300
2022-02-21,6902.96484375,6896.751953125,231576400
2022-02-22,6861.994140625,6879.81884765625,196218500
2022-02-23,6920.05615234375,6878.625,204842700
2022-02-24,6817.81982421875,6912.47705078125,282680700
2022-02-25,6888.1708984375,6825.37109375,211896500
2022-03-01,6921.44091796875,6964.69677734375,196006400
2022-03-02,6868.40185546875,6956.6181640625,325795100
2022-03-04,6928.328125,6921.31591796875,247492300
2022-03-07,6869.06591796875,6905.32421875,261271800
2022-03-08,6814.18310546875,6895.630859375,246218500
2022-03-09,6864.44091796875,6836.671875,209971800
2022-03-10,6924.0078125,6897.1748046875,194071700
2022-03-11,6922.60205078125,6872.6318359375,174120300
2022-03-14,6952.2041015625,6949.2060546875,193318000
2022-03-15,6918.18505859375,6968.34912109375,189709300
2022-03-16,6992.39501953125,6951.35205078125,171297500
2022-03-17,6964.384765625,7016.5322265625,197411300
2022-03-18,6954.96484375,6981.26220703125,198102900
2022-03-21,6955.18115234375,6945.89306640625,216686100
2022-03-22,7000.82177734375,6974.97705078125,188258200
2022-03-23,6996.115234375,7010.8388671875,214242900
2022-03-24,7049.68505859375,6986.18310546875,264967400
2022-03-25,7002.5322265625,7050.55322265625,201857500
2022-03-28,7049.60302734375,6996.31787109375,174012100
2022-03-29,7011.68896484375,7052.73486328125,185204100
2022-03-30,7053.18994140625,7037.2021484375,194572800
2022-03-31,7071.44189453125,7070.76123046875,178707400
2022-04-01,7078.759765625,7093.69921875,157645900
2022-04-04,7116.2177734375,7082.2470703125,173611100
2022-04-05,7148.298828125,7122.9140625,184230300
2022-04-06,7104.2158203125,7128.412109375,216736400
2022-04-07,7127.3671875,7115.0869140625,204797800
2022-04-08,7210.8349609375,7157.30908203125,207396700
2022-04-11,7203.7939453125,7212.0029296875,334575500
2022-04-12,7214.78076171875,7205.0771484375,253923400
2022-04-13,7262.77685546875,7240.18896484375,245926100
2022-04-14,7235.5322265625,7265.31982421875,238683900
2022-04-18,7275.2890625,7245.50390625,210765700
2022-04-19,7199.23193359375,7283.4169921875,214778100
2022-04-20,7227.36181640625,7226.8720703125,266258400
2022-04-21,7276.19287109375,7249.4970703125,177135800
2022-04-22,7225.60595703125,7251.98095703125,249844600
2022-04-25,7215.97900390625,7204.1611328125,212314600
2022-04-26,7232.15283203125,7208.9228515625,197362000
2022-04-27,7196.76416015625,7211.7109375,201981800
2022-04-28,7228.9140625,7260.27001953125,194334400
2022-05-09,6909.7509765625,7154.9169921875,212774700
2022-05-10,6819.7939453125,6747.56298828125,193141700
2022-05-11,6816.203125,6833.19384765625,0
2022-05-12,6599.83984375,6802.328125,194742800
2022-05-13,6597.9931640625,6586.5771484375,177689000
2022-05-17,6644.466796875,6603.89306640625,195947200
2022-05-18,6793.4140625,6676.39404296875,192322000
2022-05-19,6823.3349609375,6719.7568359375,234684500
2022-05-20,6918.14404296875,6839.01611328125,193153300
2022-05-23,6840.77490234375,6930.93896484375,181821900
2022-05-24,6914.14111328125,6859.22216796875,197751100
2022-05-25,6883.50390625,6914.64501953125,173878500
2022-05-27,7026.255859375,6948.22607421875,196905500
2022-05-30,7037.56494140625,7052.1728515625,201457000
2022-05-31,7148.97021484375,7064.22607421875,279640300
2022-06-02,7148.72314453125,7130.60107421875,227362900
2022-06-03,7182.9609375,7176.68212890625,240581300
2022-06-06,7096.58203125,7163.173828125,231204100
2022-06-07,7141.044921875,7101.31298828125,275161800
2022-06-08,7193.31396484375,7133.4970703125,260589300
2022-06-09,7182.830078125,7186.89208984375,270045800
2022-06-10,7086.64794921875,7143.2412109375,244570500
2022-06-13,6995.44189453125,6992.22998046875,262879000
2022-06-14,7049.8818359375,6949.64794921875,234982700
2022-06-15,7007.0498046875,7031.19921875,274136800
2022-06-16,7050.326171875,7063.0771484375,268578900
2022-06-17,6936.966796875,6987.751953125,281566500
2022-06-20,6976.376953125,6937.0078125,270432200
2022-06-21,7044.07080078125,6976.3359375,235393100
2022-06-22,6984.31103515625,7044.11083984375,214189700
2022-06-23,6998.26708984375,6984.31103515625,212119400
2022-06-24,7042.93701171875,6998.34814453125,201464700
2022-06-27,7016.05517578125,7043.01806640625,181378000
2022-06-28,6996.4560546875,7016.13623046875,172583900
2022-06-29,6942.35107421875,6996.4560546875,164738900
2022-06-30,6911.58203125,6942.35107421875,164820700
2022-07-01,6794.328125,6911.58203125,157368000
2022-07-04,6639.171875,6794.3681640625,172853700
2022-07-05,6703.26611328125,6639.2119140625,181055000
2022-07-06,6646.41015625,6703.26611328125,140628200
2022-07-07,6652.5869140625,6646.41015625,157996000
2022-07-08,6740.21923828125,6652.6669921875,157598800
2022-07-11,6722.14501953125,6740.01904296875,163555700
2022-07-12,6718.2939453125,6722.18505859375,184326800
2022-07-13,6640.990234375,6718.2939453125,169282000
2022-07-14,6690.0869140625,6640.990234375,131271000
2022-07-15,6651.90478515625,6690.0869140625,145685800
2022-07-18,6659.2529296875,6652.06494140625,143740000
2022-07-19,6736.091796875,6659.29296875,170776400
2022-07-20,6874.7431640625,6736.171875,182468200
2022-07-21,6864.130859375,6874.783203125,156437900
2022-07-22,6886.9619140625,6864.130859375,199589800
2022-07-25,6858.4072265625,6887.0419921875,210616100
2022-07-26,6871.537109375,6858.44677734375,320241300
2022-07-27,6898.2158203125,6871.4970703125,276772700
2022-07-28,6956.81689453125,6898.2958984375,287336500
2022-07-29,6951.123046875,6956.89697265625,292504000
2022-08-01,6968.783203125,6951.123046875,238507600
2022-08-02,6988.1572265625,6968.783203125,216232400
2022-08-03,7046.634765625,6988.1572265625,225842100
2022-08-04,7057.34814453125,7046.634765625,248154300
2022-08-05,7084.65478515625,7057.34814453125,173887000
2022-08-08,7086.84912109375,7084.65478515625,219012400
2022-08-09,7102.8798828125,7086.84912109375,263201500
2022-08-10,7086.23583984375,7102.8798828125,200438400
2022-08-11,7160.384765625,7086.27587890625,246280600
2022-08-12,7129.27685546875,7160.384765625,240074700
2022-08-15,7093.27587890625,7129.27685546875,228243500
2022-08-16,7133.453125,7093.27587890625,231209400
2022-08-18,7186.55810546875,7133.453125,239294800
2022-08-19,7172.43408203125,7186.59814453125,232876500
2022-08-22,7107.98291015625,7172.43408203125,204493100
2022-08-23,7163.26513671875,7107.86279296875,260557700
2022-08-24,7194.7060546875,7163.30517578125,221550000
2022-08-25,7174.2080078125,7194.7060546875,280881500
2022-08-26,7135.248046875,7174.2880859375,273878800
2022-08-29,7132.044921875,7135.087890625,256806700
2022-08-30,7159.47314453125,7132.0849609375,308273200
2022-08-31,7178.58984375,7159.51318359375,256857200
2022-09-01,7153.10400390625,7178.58984375,252393900
2022-09-02,7177.17919921875,7153.10400390625,284827600
2022-09-05,7231.8828125,7177.13916015625,309176400
2022-09-06,7233.15478515625,7231.9228515625,346421400
2022-09-07,7186.7568359375,7233.15478515625,328200100
2022-09-08,7232.01708984375,7186.7568359375,277671500
2022-09-09,7242.65576171875,7232.05712890625,273581100
2022-09-12,7254.4638671875,7242.69580078125,300778400
2022-09-13,7318.01611328125,7254.4638671875,285339000
2022-09-14,7278.078125,7317.89599609375,250200100
2022-09-15,7305.60107421875,7278.1982421875,274253400
2022-09-16,7168.8701171875,7305.60107421875,351796400
2022-09-19,7195.48779296875,7168.9501953125,252816300
2022-09-20,7196.951171875,7195.56787109375,279749000
2022-09-21,7188.31396484375,7196.87109375,246224300
2022-09-22,7218.90576171875,7188.19384765625,282626800
2022-09-23,7178.5830078125,7219.02587890625,205509000
2022-09-26,7127.5029296875,7178.5029296875,193399700
2022-09-27,7112.44921875,7127.5029296875,227195500
2022-09-28,7077.03076171875,7112.4091796875,193422200
2022-09-29,7036.1982421875,7077.11083984375,214141900
2022-09-30,7040.7978515625,7036.1982421875,208540900
2022-10-03,7009.7177734375,7040.7978515625,179996500
2022-10-04,7072.255859375,7009.8369140625,216377800
2022-10-05,7075.384765625,7072.294921875,219700600
2022-10-06,7076.623046875,7075.384765625,177554400
2022-10-07,7026.783203125,7076.623046875,226928900
2022-10-10,6994.39501953125,7026.6630859375,220135300
2022-10-11,6939.14501953125,6994.39501953125,237406700
2022-10-12,6909.208984375,6939.14501953125,225826800
2022-10-13,6880.625,6909.208984375,175237300
2022-10-14,6814.52978515625,6880.6650390625,188093100
2022-10-17,6831.115234375,6814.52978515625,217793900
2022-10-18,6834.494140625,6831.15478515625,204836800
2022-10-19,6860.416015625,6834.494140625,165404100
2022-10-20,6980.65185546875,6860.416015625,225664700
2022-10-21,7017.77099609375,6980.69189453125,181511700
2022-10-24,7053.0439453125,7017.81103515625,203913800
2022-10-25,7048.3798828125,7053.083984375,223456200
2022-10-26,7043.93896484375,7048.419921875,187797900
2022-10-27,7091.76123046875,7043.97900390625,188078500
2022-10-28,7056.0400390625,7091.76123046875,186703600
2022-10-31,7098.89013671875,7056.0400390625,192397100
2022-11-01,7052.30322265625,7098.93017578125,193069500
2022-11-02,7015.68994140625,7052.30322265625,165214300
2022-11-03,7034.5732421875,7015.68994140625,176601600
2022-11-04,7045.52685546875,7034.5732421875,180561000
2022-11-07,7102.39599609375,7045.52685546875,194075900
2022-11-08,7050.1259765625,7102.43603515625,193397800
2022-11-09,7070.083984375,7050.0859375,187445600
2022-11-10,6966.8369140625,7070.083984375,188518000
2022-11-11,7089.2060546875,6966.99609375,226055800
2022-11-14,7019.39208984375,7089.2060546875,174641100
2022-11-15,7035.5,7019.39208984375,167825000
2022-11-16,7014.3837890625,7035.5,165129900
2022-11-17,7044.98583984375,7014.3837890625,156588900
2022-11-18,7082.18115234375,7045.02587890625,167164400
2022-11-21,7063.2470703125,7082.18115234375,162801100
2022-11-22,7030.587890625,7063.2470703125,177602200
2022-11-23,7054.123046875,7030.626953125,157476700
2022-11-24,7080.51513671875,7054.162109375,159926700
2022-11-25,7053.14990234375,7080.55419921875,158716200
2022-11-28,7017.35791015625,7053.10986328125,187211500
2022-11-29,7012.06884765625,7017.31787109375,164098100
2022-11-30,7081.31298828125,7012.10888671875,273493300
2022-12-01,7020.80322265625,7081.19482421875,167994300
2022-12-02,7019.63916015625,7020.80322265625,139459800
2022-12-05,6987.328125,7019.63916015625,165306000
2022-12-06,6892.56982421875,6987.3681640625,149697900
2022-12-07,6818.751953125,6892.56982421875,158724300
2022-12-08,6804.22705078125,6818.791015625,162316700
2022-12-09,6715.1181640625,6804.22705078125,127123900
2022-12-12,6734.4521484375,6715.1181640625,134471100
2022-12-13,6810.31591796875,6734.4912109375,396136700
2022-12-14,6801.7490234375,6810.35595703125,215430000
2022-12-15,6751.85986328125,6801.7890625,145093400
2022-12-16,6812.19287109375,6751.85986328125,156126900
2022-12-19,6779.6982421875,6812.15380859375,127896600
2022-12-20,6768.31591796875,6779.6982421875,151817000
2022-12-21,6820.6630859375,6768.31591796875,139079800
2022-12-22,6824.43212890625,6820.7021484375,129012900
2022-12-23,6800.6728515625,6824.39306640625,120430300
2022-12-26,6835.80810546875,6800.712890625,117543200
2022-12-27,6923.02685546875,6835.84716796875,121669200
2022-12-28,6850.52001953125,6923.06591796875,120571100
2022-12-29,6860.0771484375,6850.52001953125,141016100
2022-12-30,6850.619140625,6860.1162109375,129302000
2023-01-02,6850.98388671875,6850.740234375,109645000
2023-01-03,6888.7578125,6850.98388671875,156894900
2023-01-04,6813.23876953125,6888.798828125,142541400
2023-01-05,6653.8408203125,6813.27978515625,180589300
2023-01-06,6684.55810546875,6653.759765625,109855600
2023-01-09,6688.26513671875,6684.55810546875,135949700
2023-01-10,6622.4990234375,6688.26513671875,144817300
2023-01-11,6584.453125,6622.5390625,124903900
2023-01-12,6629.93408203125,6584.494140625,148901900
2023-01-13,6641.830078125,6629.93408203125,165594900
2023-01-16,6688.05712890625,6641.830078125,154893500
2023-01-17,6767.33984375,6688.05712890625,217634400
2023-01-18,6765.7861328125,6767.17822265625,194959200
2023-01-19,6819.9072265625,6765.74609375,154234600
2023-01-20,6874.93115234375,6819.9072265625,173846000
2023-01-24,6860.85400390625,6874.93115234375,196805400
2023-01-25,6829.93017578125,6860.85400390625,187905300
2023-01-26,6864.81787109375,6829.97021484375,171067600
2023-01-27,6898.98095703125,6864.81787109375,149187500
2023-01-30,6872.48095703125,6899.02197265625,134698100
2023-01-31,6839.341796875,6872.52099609375,151785000
2023-02-01,6862.2578125,6838.916015625,145899200
2023-02-02,6890.57177734375,6862.2578125,189189500
2023-02-03,6911.73193359375,6890.7138671875,202858400
2023-02-06,6873.791015625,6911.73193359375,143480000
2023-02-07,6935.30078125,6873.791015625,173101600
2023-02-08,6940.1240234375,6935.30078125,172668200
2023-02-09,6897.365234375,6940.1240234375,176681300
2023-02-10,6880.3291015625,6895.23779296875,140803700
2023-02-13,6900.14013671875,6880.3291015625,213914100
2023-02-14,6941.85498046875,6900.14013671875,162808100
2023-02-15,6914.5380859375,6941.85498046875,148477900
2023-02-16,6895.6640625,6914.5380859375,173648600
2023-02-17,6895.7138671875,6895.6640625,180098400
2023-02-20,6894.716796875,6895.85595703125,175859700
2023-02-21,6873.40478515625,6894.716796875,144215700
2023-02-22,6809.9677734375,6873.26318359375,149215500
2023-02-23,6839.4541015625,6810.10888671875,124488600
2023-02-24,6856.576171875,6839.4541015625,130300200
2023-02-27,6854.77685546875,6856.576171875,127631500
2023-02-28,6843.23876953125,6854.77685546875,167931100
2023-03-01,6844.93603515625,6843.09814453125,146293200
2023-03-02,6857.4150390625,6845.078125,136086000
2023-03-03,6813.63623046875,6857.4150390625,118736600
2023-03-06,6807.0009765625,6813.9189453125,137055800
2023-03-07,6766.7578125,6806.85888671875,140398600
2023-03-08,6776.3701171875,6766.7578125,144130900
2023-03-09,6799.794921875,6776.3701171875,113187000
2023-03-10,6765.3017578125,6799.794921875,131746200
2023-03-13,6786.955078125,6765.01806640625,141798000
2023-03-14,6641.81396484375,6786.671875,166605500
2023-03-15,6628.13720703125,6641.81396484375,139210500
2023-03-16,6565.72802734375,6628.13720703125,154420700
2023-03-17,6678.23681640625,6565.72802734375,455755600
2023-03-20,6612.490234375,6678.23681640625,128905000
2023-03-21,6691.61083984375,6612.490234375,145475100
2023-03-24,6762.25390625,6694.01708984375,146575100
2023-03-27,6708.93310546875,6762.25390625,135182600
2023-03-28,6760.328125,6708.93310546875,126113300
2023-03-29,6839.43603515625,6760.328125,143324900
2023-03-30,6808.951171875,6839.43603515625,140466800
2023-03-31,6805.27685546875,6809.0927734375,139015200
2023-04-03,6827.1748046875,6805.27685546875,127453100
2023-04-04,6833.17822265625,6827.033203125,131576400
2023-04-05,6819.6748046875,6833.17822265625,123965500
2023-04-06,6792.76513671875,6819.6748046875,172852900
2023-04-10,6771.23486328125,6792.76513671875,129368500
2023-04-11,6811.31396484375,6771.23486328125,161404500
2023-04-12,6798.9638671875,6811.455078125,151427200
2023-04-13,6785.59814453125,6798.541015625,161495800
2023-04-14,6818.57421875,6785.8798828125,137035000
2023-04-17,6787.58203125,6818.71484375,94860100
2023-04-18,6821.80712890625,6787.58203125,103660800
2023-04-26,6910.14697265625,6821.80712890625,120164300
2023-04-27,6945.47705078125,6910.84814453125,161595900
2023-04-28,6915.7158203125,6945.47705078125,130620700
2023-05-02,6863.3017578125,6915.7158203125,136480100
2023-05-03,6812.72216796875,6863.3017578125,121306900
2023-05-04,6844.02685546875,6812.72216796875,137517900
2023-05-05,6787.630859375,6844.02685546875,148189400
2023-05-08,6769.630859375,6787.4912109375,179625500
2023-05-09,6779.97998046875,6769.630859375,172097200
2023-05-10,6811.90478515625,6780.40087890625,181480200
2023-05-11,6755.93798828125,6811.90478515625,162906200
2023-05-12,6707.76318359375,6755.93798828125,173779500
2023-05-15,6711.740234375,6708.4638671875,142578400
2023-05-16,6676.56396484375,6711.740234375,156372400
2023-05-17,6663.11376953125,6676.423828125,180449300
2023-05-19,6700.56103515625,6663.11376953125,161565100
2023-05-22,6729.64697265625,6700.56103515625,167491100
2023-05-23,6736.68408203125,6729.64697265625,162216500
2023-05-24,6745.80419921875,6736.68408203125,137679300
2023-05-25,6704.23095703125,6745.80419921875,156986800
2023-05-26,6687.0009765625,6704.23095703125,181504900
2023-05-29,6681.10205078125,6687.28076171875,164801800
2023-05-30,6636.4228515625,6681.10205078125,173775000
2023-05-31,6633.26123046875,6636.4228515625,615071900
2023-06-05,6633.43701171875,6633.26123046875,152714500
2023-06-06,6618.9228515625,6633.43701171875,231838500
2023-06-07,6619.7548828125,6619.06298828125,162881000
2023-06-08,6666.330078125,6619.7548828125,168616600
2023-06-09,6694.02392578125,6666.0498046875,182769600
2023-06-12,6722.373046875,6694.583984375,158712000
2023-06-13,6719.01416015625,6722.373046875,176568000
2023-06-14,6699.716796875,6718.8740234375,178279800
2023-06-15,6713.794921875,6699.716796875,151187300
2023-06-16,6698.546875,6713.51513671875,172061800
2023-06-19,6686.05908203125,6698.546875,161424500
2023-06-20,6660.455078125,6686.05908203125,118276600
2023-06-21,6702.625,6660.455078125,120273100
2023-06-22,6652.26123046875,6702.76513671875,168533600
2023-06-23,6639.73291015625,6652.26123046875,113447100
2023-06-26,6664.66796875,6639.73291015625,126037100
2023-06-27,6661.87890625,6664.66796875,142328900
2023-07-03,6696.7158203125,6661.73583984375,125551000
2023-07-04,6681.75390625,6696.85888671875,146273000
2023-07-05,6718.97705078125,6681.75390625,148911000
2023-07-06,6757.3310546875,6718.26318359375,179543000
2023-07-07,6716.458984375,6757.0478515625,158332900
2023-07-10,6731.0380859375,6716.458984375,123617000
2023-07-11,6796.923828125,6731.18017578125,160428000
2023-07-12,6808.208984375,6796.923828125,161722800
2023-07-13,6810.212890625,6808.35107421875,171443900
2023-07-14,6869.57177734375,6810.212890625,160702800
2023-07-17,6867.14404296875,6869.712890625,176805700
2023-07-18,6830.203125,6867.14404296875,150363000
2023-07-20,6864.18896484375,6830.06103515625,142032500
2023-07-21,6880.8017578125,6864.18896484375,131640100
2023-07-24,6899.39599609375,6880.8017578125,150084400
2023-07-25,6917.7109375,6897.97802734375,150504400
2023-07-26,6948.27880859375,6917.7109375,149683800
2023-07-27,6896.6630859375,6948.27880859375,158624100
2023-07-28,6900.22998046875,6896.80517578125,146686100
2023-07-31,6931.35888671875,6900.22998046875,171457600
2023-08-01,6886.49609375,6931.0751953125,196062700
2023-08-02,6854.509765625,6886.49609375,183858400
2023-08-03,6898.0771484375,6854.509765625,163613400
2023-08-04,6852.841796875,6898.21923828125,118791000
2023-08-07,6886.3662109375,6852.841796875,134540800
2023-08-08,6868.81298828125,6886.5068359375,170357400
2023-08-09,6875.11181640625,6868.81298828125,218491200
2023-08-10,6893.27587890625,6875.11181640625,162734000
2023-08-11,6879.97900390625,6893.27587890625,130736700
2023-08-14,6910.171875,6879.97900390625,138804900
2023-08-15,6915.10107421875,6910.455078125,172760000
2023-08-16,6900.5380859375,6915.10107421875,152291200
2023-08-18,6859.912109375,6899.830078125,130737900
2023-08-21,6866.033203125,6860.05322265625,207708300
2023-08-22,6916.4501953125,6866.033203125,158573900
2023-08-23,6921.41015625,6916.4501953125,170674700
2023-08-24,6899.39208984375,6921.41015625,142846200
2023-08-25,6895.44287109375,6899.39208984375,129994800
2023-08-28,6921.72705078125,6895.8681640625,185488900
2023-08-29,6957.8349609375,6921.72705078125,244345800
2023-08-30,6966.65576171875,6958.259765625,159326300
2023-08-31,6953.259765625,6966.65576171875,233127700
2023-09-01,6977.65380859375,6953.259765625,145790000
2023-09-04,6996.75,6977.7958984375,154577900
2023-09-05,6991.7080078125,6996.75,183173900
2023-09-06,6995.953125,6991.7080078125,165422100
2023-09-07,6954.80810546875,6996.09521484375,191159400
2023-09-08,6924.77978515625,6954.80810546875,140402900
2023-09-11,6963.39306640625,6924.77978515625,174103700
2023-09-12,6933.96923828125,6963.39306640625,174683500
2023-09-13,6935.47607421875,6934.10986328125,163898700
2023-09-14,6959.3330078125,6935.3349609375,171813100
2023-09-15,6982.791015625,6959.19091796875,346903000
2023-09-18,6936.0830078125,6982.791015625,153763100
2023-09-19,6980.32080078125,6936.3671875,135442200
2023-09-20,7011.68115234375,6980.32080078125,146616600
2023-09-21,6991.4658203125,7011.68115234375,138027800
2023-09-22,7016.84423828125,6991.4658203125,155659000
2023-09-25,6998.380859375,7016.98486328125,182991900
2023-09-26,6923.7998046875,6998.09716796875,222491300
2023-09-27,6937.828125,6923.7998046875,154929800
2023-09-29,6939.89208984375,6937.828125,165659400
2023-10-02,6961.458984375,6939.89208984375,157872500
2023-10-03,6940.88720703125,6961.458984375,167668900
2023-10-04,6886.576171875,6940.88720703125,196090300
2023-10-05,6874.826171875,6886.98583984375,167955300
2023-10-06,6888.51806640625,6875.09912109375,142303700
2023-10-09,6891.455078125,6888.51806640625,139709000
2023-10-10,6922.18798828125,6891.455078125,123670000
2023-10-11,6931.7529296875,6922.18798828125,178123100
2023-10-12,6935.15087890625,6931.88916015625,218808900
2023-10-13,6926.77978515625,6934.8779296875,216335000
2023-10-16,6896.2919921875,6926.916015625,341572100
2023-10-17,6939.615234375,6896.2919921875,176866700
2023-10-18,6927.90576171875,6939.615234375,187464900
2023-10-19,6846.4267578125,6927.6328125,205941400
2023-10-20,6849.16796875,6846.4267578125,194064800
2023-10-23,6741.9638671875,6849.16796875,168543100
2023-10-24,6806.76220703125,6741.828125,141478700
2023-10-25,6834.38818359375,6806.89892578125,153802700
2023-10-26,6714.51904296875,6833.97900390625,168306200
2023-10-27,6758.79296875,6714.51904296875,163096100
2023-10-30,6735.89208984375,6758.6572265625,157763400
2023-10-31,6752.2109375,6735.89208984375,195489700
2023-11-01,6642.41796875,6751.93896484375,206571400
2023-11-02,6751.38623046875,6642.68994140625,221191100
2023-11-03,6788.85009765625,6751.38623046875,231714900
2023-11-06,6878.8359375,6788.85009765625,228787500
2023-11-07,6843.7900390625,6878.8359375,193087900
2023-11-08,6804.10595703125,6843.65380859375,151412300
2023-11-09,6838.23291015625,6804.10595703125,120495400
2023-11-10,6809.26318359375,6838.23291015625,133618500
2023-11-13,6838.31201171875,6809.26318359375,187630200
2023-11-14,6862.05517578125,6838.0400390625,152609900
2023-11-15,6958.205078125,6862.3271484375,181839600
2023-11-16,6958.0078125,6958.3408203125,122880300
2023-11-17,6977.66796875,6958.14501953125,122926700
2023-11-20,6994.88818359375,6977.66796875,150491900
2023-11-21,6961.7900390625,6994.88818359375,160615900
2023-11-22,6906.953125,6961.7900390625,181914600
2023-11-23,7004.34423828125,6907.0888671875,219080000
2023-11-24,7009.630859375,7004.47998046875,181146200
2023-11-27,7013.40576171875,7009.630859375,163462500
2023-11-28,7041.0732421875,7013.40576171875,167633600
2023-11-29,7036.0869140625,7041.0732421875,167555900
2023-11-30,7080.7412109375,7036.0869140625,259745500
2023-12-01,7059.90576171875,7080.06103515625,265990100
2023-12-04,7093.60009765625,7060.0419921875,308380600
2023-12-05,7100.85498046875,7093.05615234375,319577000
2023-12-06,7087.39501953125,7100.85498046875,272847500
2023-12-07,7134.623046875,7087.39501953125,235230700
2023-12-08,7159.59814453125,7134.623046875,270037600
2023-12-11,7088.78515625,7139.27587890625,490104800
2023-12-12,7125.30712890625,7104.97216796875,255110500
2023-12-13,7075.3408203125,7110.0771484375,182766500
2023-12-14,7176.01611328125,7134.0419921875,228648300
2023-12-15,7190.98779296875,7183.14892578125,207901200
2023-12-18,7119.52490234375,7181.43408203125,239480200
2023-12-19,7187.84619140625,7116.5458984375,155446500
2023-12-20,7219.6669921875,7207.18017578125,142313600
2023-12-21,7209.619140625,7222.0927734375,144347800
2023-12-22,7237.51904296875,7225.6201171875,111284900
2023-12-27,7245.916015625,7256.158203125,124953000
2023-12-28,7303.88818359375,7266.56884765625,123036000
2023-12-29,7272.796875,7307.11083984375,123172800
2024-01-02,7323.587890625,7268.39794921875,121359000
2024-01-03,7279.0908203125,7316.10888671875,159498400
2024-01-04,7359.76318359375,7290.06494140625,155674900
2024-01-05,7350.619140625,7376.2880859375,163057200
2024-01-08,7283.5751953125,7362.046875,140602400
2024-01-09,7200.203125,7299.783203125,152570700
2024-01-10,7227.296875,7187.580078125,152699300
2024-01-11,7219.9638671875,7253.4560546875,190523900
2024-01-12,7241.13818359375,7242.3671875,152196500
2024-01-15,7224.0009765625,7254.044921875,132959600
2024-01-16,7242.787109375,7231.63916015625,130295500
2024-01-17,7200.634765625,7248.01416015625,202143100
2024-01-18,7252.966796875,7198.85009765625,158921700
2024-01-19,7227.40185546875,7271.341796875,137359600
2024-01-22,7247.92822265625,7233.1728515625,141722200
2024-01-23,7256.22900390625,7232.51611328125,132610200
2024-01-24,7227.8232421875,7255.77001953125,128902300
2024-01-25,7178.0419921875,7215.52685546875,130391900
2024-01-26,7137.087890625,7152.26904296875,140214300
2024-01-29,7157.1748046875,7147.71484375,160408500
2024-01-30,7192.2158203125,7147.23583984375,182161800
2024-01-31,7207.94091796875,7213.30712890625,170270400
2024-02-01,7201.69580078125,7221.85205078125,157409100
2024-02-02,7238.78515625,7221.90087890625,114364900
2024-02-05,7198.615234375,7237.3349609375,137325900
2024-02-06,7247.408203125,7230.14892578125,138020300
2024-02-07,7235.15185546875,7264.97607421875,138054800
2024-02-12,7297.6689453125,7268.3349609375,178661300
2024-02-13,7209.7412109375,7301.587890625,128287400
2024-02-15,7303.28076171875,7337.630859375,184420400
2024-02-16,7335.544921875,7337.81591796875,146427800
2024-02-19,7296.7021484375,7323.31201171875,151238000
2024-02-20,7352.60107421875,7320.72314453125,129972000
2024-02-21,7349.02099609375,7345.791015625,152570100
2024-02-22,7339.63623046875,7334.9521484375,154523800
2024-02-23,7295.09521484375,7326.52685546875,146259500
2024-02-26,7283.8232421875,7277.64013671875,147080400
2024-02-27,7285.31689453125,7263.98779296875,183851000
2024-02-28,7328.63623046875,7292.0751953125,220356500
2024-02-29,7316.11083984375,7326.80322265625,230050900
2024-03-01,7311.9072265625,7318.666015625,134622000
2024-03-04,7276.7490234375,7318.83203125,168064100
2024-03-05,7247.4599609375,7296.5341796875,152811800
2024-03-06,7329.80078125,7252.0849609375,180285900
2024-03-07,7373.9638671875,7338.73193359375,193312700
2024-03-08,7381.9072265625,7398.42919921875,125243200
2024-03-13,7421.20703125,7422.3017578125,135225800
2024-03-14,7433.31494140625,7405.56689453125,129206200
2024-03-15,7328.05419921875,7408.658203125,231480500
2024-03-18,7302.44921875,7338.076171875,155334600
2024-03-19,7336.74609375,7320.5380859375,137594400
2024-03-20,7331.1279296875,7303.92919921875,169731600
2024-03-21,7338.35302734375,7360.55810546875,139792200
2024-03-22,7350.15185546875,7327.51416015625,123735900
2024-03-25,7377.759765625,7339.52392578125,124315600
2024-03-26,7365.6640625,7337.6611328125,138442500
2024-03-27,7310.091796875,7364.23095703125,125276700
2024-03-28,7288.81298828125,7289.158203125,124084200
2024-04-01,7205.06103515625,7286.11376953125,124345600
2024-04-02,7236.98388671875,7199.1240234375,127711500
2024-04-03,7166.84423828125,7214.02001953125,111040300
2024-04-04,7254.39892578125,7170.71923828125,108900300
2024-04-05,7286.8818359375,7245.32177734375,94886600
2024-04-16,7164.80712890625,7130.6279296875,175642500
2024-04-17,7130.8408203125,7199.830078125,143541300
2024-04-18,7166.81396484375,7151.73779296875,129376600
2024-04-19,7087.31689453125,7131.455078125,150694500
2024-04-22,7073.81982421875,7099.51708984375,121595900
2024-04-23,7110.81298828125,7102.80810546875,172892100
2024-04-24,7174.533203125,7127.0478515625,154056000
2024-04-25,7155.2939453125,7167.98388671875,140400000
2024-04-26,7036.0751953125,7137.93408203125,137603900
2024-04-29,7155.7841796875,7021.4921875,129998600
2024-04-30,7234.19677734375,7187.4140625,156560600
2024-05-02,7117.4248046875,7227.60791015625,145628700
2024-05-03,7134.72412109375,7142.86376953125,159524500
2024-05-06,7135.89013671875,7171.58984375,164988900
2024-05-07,7123.61181640625,7136.85205078125,148490800
2024-05-08,7088.794921875,7129.4560546875,147871800
2024-05-13,7099.26123046875,7061.373046875,134590500
2024-05-14,7083.76318359375,7095.52197265625,137468100
2024-05-15,7179.8310546875,7085.37890625,139854300
2024-05-16,7246.69580078125,7203.169921875,154713600
2024-05-17,7317.23779296875,7249.72705078125,181505100
2024-05-20,7266.69091796875,7329.39990234375,158071100
2024-05-21,7186.037109375,7258.4111328125,135589400
2024-05-22,7222.3818359375,7198.19287109375,135720300
2024-05-27,7176.419921875,7219.98193359375,190885600
2024-05-28,7253.6259765625,7228.5078125,166427200
2024-05-29,7140.22900390625,7275.52978515625,144619600
2024-05-30,7034.14208984375,7125.77197265625,177693800
2024-05-31,6970.73583984375,7076.373046875,269684600
2024-06-03,7036.19091796875,7030.20703125,141774800
2024-06-04,7099.31201171875,7071.09423828125,160663800
2024-06-05,6947.669921875,7114.53515625,137116300
2024-06-06,6974.89697265625,6992.56298828125,129986000
2024-06-07,6897.9501953125,6987.7939453125,109886700
2024-06-10,6921.5478515625,6910.72021484375,228419200
2024-06-11,6855.69091796875,6900.31005859375,150124200
2024-06-12,6850.09716796875,6859.34912109375,165086100
2024-06-13,6831.56396484375,6893.8408203125,154352200
2024-06-14,6734.83203125,6829.9931640625,143790500
2024-06-19,6726.9189453125,6739.89501953125,215680300
2024-06-20,6819.32080078125,6751.23583984375,138884000
2024-06-21,6879.97802734375,6838.47802734375,202168500
2024-06-24,6889.1650390625,6877.4677734375,113953400
2024-06-25,6882.7041015625,6874.8671875,103645300
2024-06-26,6905.64208984375,6885.81591796875,111785600
2024-06-27,6967.951171875,6929.14501953125,85223100
2024-06-28,7063.5771484375,6989.3740234375,104714500
2024-07-01,7139.6259765625,7076.6259765625,108297900
2024-07-02,7125.14208984375,7149.0439453125,121880100
2024-07-03,7196.7548828125,7153.76611328125,126775400
2024-07-04,7220.88916015625,7212.703125,158574300
2024-07-05,7253.3720703125,7248.72314453125,130902100
2024-07-08,7250.97705078125,7261.98291015625,160069900
2024-07-09,7269.80078125,7254.1572265625,136101900
2024-07-10,7287.0419921875,7283.18896484375,214279500
2024-07-11,7300.4072265625,7302.5048828125,146390900
2024-07-12,7327.580078125,7336.48388671875,130722300
2024-07-15,7278.86279296875,7336.30810546875,107422000
2024-07-16,7224.29296875,7289.80908203125,107863200
2024-07-17,7224.2177734375,7261.22021484375,218209000
2024-07-18,7321.07080078125,7231.72998046875,146217900
2024-07-19,7294.4951171875,7304.27880859375,125286800
2024-07-22,7321.97607421875,7316.248046875,140918600
2024-07-23,7313.85693359375,7336.27685546875,251719000
2024-07-24,7262.7587890625,7298.5078125,149278800
2024-07-25,7240.27685546875,7264.2138671875,125922000
2024-07-26,7288.1669921875,7262.1298828125,128745600
2024-07-29,7288.89697265625,7304.59814453125,131946800
2024-07-30,7241.86376953125,7283.9169921875,124088300
2024-07-31,7255.76220703125,7251.80419921875,140459400
2024-08-01,7325.98486328125,7274.51708984375,119012300
2024-08-02,7308.123046875,7304.0859375,130681400
2024-08-05,7059.65283203125,7254.61279296875,196047200
2024-08-06,7129.21484375,7098.6728515625,122457600
2024-08-07,7212.130859375,7149.5087890625,128572200
2024-08-08,7195.12109375,7212.7412109375,125248900
2024-08-09,7256.99609375,7219.98388671875,112712600
2024-08-12,7297.625,7265.15087890625,156405500
2024-08-13,7356.63818359375,7316.42822265625,146066800
2024-08-14,7436.0390625,7377.0068359375,168060500
2024-08-15,7409.5009765625,7442.91015625,150416800
2024-08-16,7432.08984375,7443.93505859375,151268200
2024-08-19,7466.8310546875,7428.7412109375,138674400
2024-08-20,7533.98486328125,7490.31982421875,183613200
2024-08-21,7554.5927734375,7563.08203125,199930800
2024-08-22,7488.67578125,7531.34716796875,140745300
2024-08-23,7544.2978515625,7510.6640625,128771000
2024-08-26,7606.19482421875,7549.412109375,142108800
2024-08-27,7597.880859375,7598.4638671875,141150100
2024-08-28,7658.875,7604.3271484375,152042100
2024-08-29,7627.60400390625,7679.52783203125,153940300
2024-08-30,7670.73291015625,7642.77880859375,194479000
2024-09-02,7694.52978515625,7686.5390625,156165700
2024-09-03,7616.52099609375,7706.65087890625,165704700
2024-09-04,7672.89599609375,7577.09619140625,147636500
2024-09-05,7681.04296875,7679.64892578125,137717400
2024-09-06,7721.84619140625,7684.81201171875,122729500
2024-09-09,7702.73876953125,7729.2548828125,138539000
2024-09-10,7761.38818359375,7725.283203125,196539800
2024-09-11,7760.955078125,7770.26806640625,171932600
2024-09-12,7798.15380859375,7782.01611328125,252749100
2024-09-13,7812.130859375,7805.68994140625,162457200
2024-09-17,7831.77880859375,7832.52490234375,216113800
2024-09-18,7829.134765625,7845.81396484375,241800200
2024-09-19,7905.39013671875,7858.11279296875,259454000
2024-09-20,7743.00390625,7904.39501953125,317741900
2024-09-23,7775.73095703125,7743.201171875,260227800
2024-09-24,7778.4912109375,7774.55615234375,182808900
2024-09-25,7740.90185546875,7747.85498046875,276661800
2024-09-26,7744.51611328125,7723.09716796875,202756700
2024-09-27,7696.916015625,7713.7998046875,190512300
2024-09-30,7527.92919921875,7674.2861328125,222223500
2024-10-01,7642.1328125,7551.4619140625,206962900
2024-10-02,7563.26220703125,7601.73779296875,315317300
2024-10-03,7543.828125,7567.44921875,189365800
2024-10-04,7496.0908203125,7531.7919921875,223945300
2024-10-07,7504.134765625,7493.6572265625,235809600
2024-10-08,7557.14208984375,7486.72119140625,194830700
2024-10-09,7501.28515625,7556.55517578125,169190500
2024-10-10,7480.080078125,7501.869140625,157952700
2024-10-11,7520.60205078125,7520.52978515625,159472100
2024-10-14,7559.65478515625,7518.81298828125,205872100
2024-10-15,7626.951171875,7579.0458984375,218732600
2024-10-16,7648.93994140625,7645.2119140625,197424300
2024-10-17,7735.0390625,7661.0732421875,224594300
2024-10-18,7760.06005859375,7762.15185546875,234291900
2024-10-21,7772.59619140625,7780.2451171875,246855900
2024-10-22,7788.98291015625,7752.3837890625,286785700
2024-10-23,7787.56494140625,7774.009765625,269650200
2024-10-24,7716.548828125,7778.65576171875,242869700
2024-10-25,7694.66015625,7717.42578125,205788500
2024-10-28,7634.630859375,7705.873046875,197205700
2024-10-29,7606.60009765625,7625.4677734375,182774700
2024-10-30,7569.85009765625,7558.7958984375,168203300
2024-10-31,7574.01904296875,7569.71923828125,203290200
2024-11-01,7505.2568359375,7573.7939453125,155270800
2024-11-04,7479.5029296875,7505.11083984375,212287900
2024-11-05,7491.93115234375,7474.4521484375,182653900
2024-11-06,7383.8681640625,7495.130859375,235788800
2024-11-07,7243.85986328125,7373.56689453125,204087800
2024-11-08,7287.19091796875,7263.9619140625,148863600
2024-11-11,7266.4599609375,7259.2900390625,221004900
2024-11-12,7321.98583984375,7271.173828125,287694700
2024-11-13,7308.6708984375,7344.0078125,226286700
2024-11-14,7214.56103515625,7303.90087890625,209423400
2024-11-15,7161.2578125,7192.208984375,213100000
2024-11-18,7134.27685546875,7152.076171875,191734000
2024-11-19,7195.71484375,7140.19482421875,205098000
2024-11-20,7180.3349609375,7213.9951171875,164074200
2024-11-21,7140.912109375,7168.326171875,155717100
2024-11-22,7195.56494140625,7154.68212890625,205841500
2024-11-25,7314.10791015625,7218.9521484375,264819900
2024-11-26,7245.88818359375,7329.5322265625,164096700
2024-11-28,7200.1572265625,7215.9072265625,178995100
2024-11-29,7114.26611328125,7168.00390625,218431100
2024-12-02,7046.98583984375,7117.75390625,163941100
2024-12-03,7196.01708984375,7104.93017578125,176316700
2024-12-04,7326.76416015625,7198.09814453125,166379200
2024-12-05,7313.31298828125,7326.02392578125,131417800
2024-12-06,7382.78515625,7302.6650390625,130161700
2024-12-09,7437.73095703125,7382.61376953125,230130900
2024-12-10,7453.287109375,7448.76806640625,203350400
2024-12-11,7464.751953125,7444.85888671875,235486300
2024-12-12,7394.23779296875,7441.97314453125,147665300
2024-12-13,7324.7890625,7379.7509765625,120050700
2024-12-16,7258.630859375,7304.2177734375,186546900
2024-12-17,7157.73193359375,7238.173828125,157427600
2024-12-18,7107.875,7168.966796875,122373300
2024-12-19,6977.23779296875,7034.6171875,170862900
2024-12-20,6983.865234375,6980.1748046875,145749700
2024-12-23,7096.44482421875,7037.52978515625,138664700
2024-12-24,7065.74609375,7115.63720703125,110632900
2024-12-27,7036.57080078125,7073.375,144277600
2024-12-30,7079.90478515625,7026.77685546875,159672400
2025-01-02,7163.205078125,7092.42919921875,161752600
2025-01-03,7164.42919921875,7177.25,182944400
2025-01-06,7080.47412109375,7176.1162109375,192190300
2025-01-07,7083.2841796875,7074.259765625,144709900
2025-01-08,7080.35205078125,7099.658203125,147124800
2025-01-09,7064.587890625,7093.25390625,148465600
2025-01-10,7088.8662109375,7076.90478515625,166170500
2025-01-13,7016.87890625,7076.6982421875,149887800
2025-01-14,6956.6650390625,7014.798828125,151037100
2025-01-15,7079.56201171875,6992.84814453125,173538400
2025-01-16,7107.51904296875,7165.17578125,144790100
2025-01-17,7154.658203125,7115.05322265625,197761000
2025-01-20,7170.73681640625,7188.40185546875,183080100
2025-01-21,7181.81982421875,7207.59423828125,176177100
2025-01-22,7257.1279296875,7227.02197265625,146457400
2025-01-23,7232.64306640625,7275.0009765625,142025900
2025-01-24,7166.05615234375,7255.02294921875,122224300
2025-01-30,7073.47802734375,7142.787109375,156862200
2025-01-31,7109.19580078125,7113.5751953125,125561900
2025-02-03,7030.05810546875,7087.751953125,135419500
2025-02-04,7073.458984375,7051.48486328125,250749100
2025-02-05,7024.22802734375,7071.5771484375,247130700
2025-02-06,6875.5361328125,7030.18896484375,170868800
2025-02-07,6742.576171875,6758.10400390625,152142600
2025-02-10,6648.14208984375,6681.23388671875,153503000
2025-02-11,6531.990234375,6629.81494140625,146025200
2025-02-12,6645.77783203125,6540.94677734375,141288200
2025-02-13,6613.56787109375,6637.419921875,126053300
2025-02-14,6638.458984375,6640.130859375,121300000
2025-02-17,6830.8818359375,6663.30517578125,136644900
2025-02-18,6873.55419921875,6847.76611328125,158584300
2025-02-19,6794.8681640625,6877.1572265625,159932500
2025-02-20,6788.0419921875,6796.669921875,168907900
2025-02-21,6803.0009765625,6788.89599609375,131140300
2025-02-24,6749.60107421875,6801.67578125,156247700
2025-02-25,6587.0869140625,6749.43701171875,194167900
2025-02-26,6606.17822265625,6627.02099609375,135195100
2025-02-27,6485.4482421875,6609.88818359375,156489700
2025-02-28,6270.59716796875,6446.64404296875,196893700
2025-03-03,6519.658203125,6362.14892578125,170810200
2025-03-04,6380.40087890625,6524.701171875,149084200
2025-03-05,6531.39892578125,6404.68896484375,143533500
2025-03-06,6617.84716796875,6577.84521484375,138941500
2025-03-07,6636.0,6631.31103515625,198389400
2025-03-10,6598.2119140625,6618.9169921875,153564400
2025-03-11,6545.85009765625,6535.8701171875,150016300
2025-03-12,6665.044921875,6566.798828125,139690400
2025-03-13,6647.4169921875,6700.10693359375,139851000
2025-03-14,6515.630859375,6623.69091796875,122970500
2025-03-17,6471.94677734375,6490.6708984375,126321100
2025-03-18,6223.38818359375,6458.666015625,233069600
2025-03-19,6311.66015625,6221.19580078125,126795800
2025-03-20,6381.673828125,6372.61083984375,146168800
2025-03-21,6258.17919921875,6418.39013671875,190225100
2025-03-24,6161.2177734375,6242.23486328125,124187900
2025-03-25,6235.619140625,6197.98681640625,111267000
2025-03-26,6472.35595703125,6314.3291015625,159762700
2025-03-27,6510.6201171875,6462.59619140625,121855500
2025-04-08,5996.14208984375,5914.2880859375,184790800
2025-04-09,5967.98779296875,5978.44091796875,150044400
2025-04-10,6254.02392578125,6270.61083984375,181443500
2025-04-11,6262.22607421875,6195.56787109375,117642700
2025-04-14,6368.51708984375,6225.3369140625,149701700
2025-04-15,6441.68310546875,6444.341796875,147079600
2025-04-16,6400.05419921875,6461.27392578125,142022700
2025-04-17,6438.26904296875,6407.02099609375,131124200
2025-04-21,6445.966796875,6450.31396484375,108855100
2025-04-22,6538.26611328125,6455.0791015625,150312500
2025-04-23,6634.376953125,6589.3271484375,184488000
2025-04-24,6613.47802734375,6671.06787109375,159090300
2025-04-25,6678.9150390625,6660.619140625,169030400
2025-04-28,6722.9658203125,6716.21484375,164549400
2025-04-29,6749.0751953125,6748.98779296875,193012300
2025-04-30,6766.794921875,6755.4638671875,210149800
2025-05-02,6815.72998046875,6811.10986328125,183083600
2025-05-05,6831.9521484375,6844.37109375,194998400
2025-05-06,6898.19677734375,6860.44580078125,162346800
2025-05-07,6926.22509765625,6925.251953125,187668100
2025-05-08,6827.75,6945.98388671875,260892400
2025-05-09,6832.80322265625,6849.44921875,164380000
2025-05-14,6979.8798828125,6915.95703125,272470100
2025-05-15,7040.1611328125,7003.14697265625,343582300
2025-05-16,7106.52587890625,7092.23486328125,239677400
2025-05-19,7141.0908203125,7113.44287109375,227261200
2025-05-20,7094.60205078125,7164.14697265625,219667500
2025-05-21,7142.4609375,7114.69921875,228188900
2025-05-22,7166.98095703125,7165.10009765625,201247200
2025-05-23,7214.1630859375,7206.35791015625,152151100
2025-05-26,7188.35302734375,7231.47705078125,331040000
2025-05-27,7198.966796875,7204.171875,245398700
2025-05-28,7175.81884765625,7223.51318359375,277488600
2025-06-02,7065.06884765625,7134.48681640625,240143000
2025-06-03,7044.82177734375,7071.63818359375,199730400
2025-06-04,7069.037109375,7083.23876953125,232777400
2025-06-05,7113.4248046875,7100.23583984375,193147800
2025-06-10,7230.7451171875,7136.86279296875,265169800
2025-06-11,7222.4560546875,7232.68115234375,262581600
2025-06-12,7204.3701171875,7219.56103515625,281607200
2025-06-13,7166.06494140625,7191.1240234375,230230400
2025-06-16,7117.5908203125,7158.90380859375,224577700
2025-06-17,7155.85205078125,7163.02685546875,173034400
2025-06-18,7107.7890625,7155.1240234375,180387400
2025-06-19,6968.63916015625,7107.7861328125,222226000
2025-06-20,6907.13818359375,6948.2841796875,331625100
2025-06-23,6787.14013671875,6833.47509765625,226947900
2025-06-24,6869.1708984375,6864.27880859375,186087300
2025-06-25,6832.14306640625,6908.9248046875,170914900
2025-06-26,6897.39990234375,6842.01220703125,154075100
2025-06-30,6927.67919921875,6936.06494140625,167652600
2025-07-01,6915.35986328125,6954.38623046875,149285200
2025-07-02,6881.2451171875,6896.421875,182041600
2025-07-03,6878.05078125,6898.630859375,154435700
2025-07-04,6865.19189453125,6893.2177734375,132824800
2025-07-07,6900.93212890625,6874.0078125,120827500
2025-07-08,6904.39208984375,6892.3408203125,151801800
2025-07-09,6943.921875,6918.69921875,157353100
2025-07-10,7005.37109375,6968.7978515625,167684600
2025-07-11,7047.43798828125,7036.2958984375,165301900
2025-07-14,7097.15087890625,7130.53515625,205642100
2025-07-15,7140.47412109375,7122.0830078125,199389400
2025-07-16,7192.01806640625,7182.64501953125,227976400
2025-07-17,7287.02099609375,7229.259765625,202116700
2025-07-18,7311.9150390625,7346.037109375,273828000
2025-07-21,7398.19189453125,7366.31005859375,287814600
2025-07-22,7344.73583984375,7440.2861328125,279326600
2025-07-23,7469.22998046875,7378.23095703125,247067700
2025-07-24,7530.90185546875,7485.08203125,242813700
2025-07-25,7543.5029296875,7542.375,215990900
2025-07-28,7614.76806640625,7630.751953125,229532300
2025-07-29,7617.9072265625,7625.79296875,230535000
2025-07-30,7549.88818359375,7642.25,282476700
2025-07-31,7484.3369140625,7551.244140625,325693000
2025-08-01,7537.76806640625,7545.15185546875,257331800
2025-08-04,7464.64501953125,7552.49609375,266636100
2025-08-05,7515.18505859375,7502.69482421875,246898000
2025-08-06,7503.75,7534.44677734375,260371600
2025-08-07,7490.18310546875,7546.3359375,278225900
2025-08-08,7533.384765625,7639.19287109375,234779100
2025-08-11,7605.9248046875,7589.4638671875,238319300
2025-08-12,7791.69677734375,7666.08984375,272446300
2025-08-13,7892.9111328125,7846.1240234375,323979600
2025-08-14,7931.2509765625,7909.01611328125,361821900
2025-08-15,7898.375,7967.77294921875,346947400
2025-08-19,7862.94921875,7905.34521484375,358268400
2025-08-20,7943.8251953125,7874.89599609375,374993100
2025-08-21,7890.71484375,7903.2900390625,341447000
2025-08-22,7858.85107421875,7910.09912109375,320227000
2025-08-25,7926.9072265625,7921.02099609375,376267300
2025-08-26,7905.7568359375,7971.787109375,504946100
2025-08-27,7936.17578125,7923.0029296875,357580800
2025-08-28,7952.087890625,7951.865234375,399326600
2025-08-29,7830.4931640625,7899.88720703125,481348100
2025-09-01,7736.06591796875,7620.09912109375,358661000
2025-09-02,7801.5849609375,7771.333984375,347812700
2025-09-03,7885.86279296875,7843.6318359375,351685500
2025-09-04,7867.34814453125,7873.8427734375,362349800
2025-09-08,7766.84912109375,7929.06298828125,336787200
2025-09-09,7628.60498046875,7748.51220703125,335416000
2025-09-10,7699.0068359375,7682.421875,263174400
2025-09-11,7747.90478515625,7781.1708984375,289797900
2025-09-12,7854.06005859375,7819.001953125,289619100
2025-09-15,7937.1181640625,7891.26416015625,345056100
2025-09-16,7957.69580078125,7979.31982421875,401395800
2025-09-17,8025.17919921875,7964.423828125,323654400
2025-09-18,8008.43310546875,8065.7431640625,378167700
2025-09-19,8051.1181640625,7996.19580078125,423577900
2025-09-22,8040.0390625,8082.2587890625,345468800
2025-09-23,8125.201171875,8066.294921875,518663700
2025-09-24,8126.55810546875,8161.2841796875,454412900
2025-09-25,8040.6650390625,8130.02197265625,483927800
2025-09-26,8099.3330078125,8051.76220703125,351966900
2025-09-29,8123.2451171875,8139.5791015625,439450000
2025-09-30,8061.06201171875,8137.634765625,461651600
2025-10-01,8043.82177734375,8069.93701171875,536747800
2025-10-02,8071.0810546875,8070.4248046875,402266500
2025-10-03,8118.30078125,8099.64501953125,428024700
2025-10-06,8139.89404296875,8155.365234375,429540400
2025-10-07,8169.28076171875,8182.65576171875,426851900
2025-10-08,8166.02880859375,8201.140625,355267800
2025-10-09,8250.9384765625,8187.7001953125,347199100
2025-10-10,8257.859375,8259.0751953125,366345900
2025-10-13,8227.2021484375,8169.64892578125,366939200
2025-10-14,8066.52197265625,8269.48046875,440487100
2025-10-15,8051.1748046875,8107.298828125,329138800
2025-10-16,8124.7568359375,8064.67919921875,246641300
2025-10-17,7915.65576171875,8132.7470703125,353739000
2025-10-20,8088.97802734375,7988.4482421875,307599100
2025-10-21,8238.083984375,8165.69189453125,281761500
2025-10-22,8152.55322265625,8235.69921875,275367500
2025-10-23,8274.3515625,8179.8837890625,281648700
2025-10-24,8271.7216796875,8294.8916015625,238196400
2025-10-27,8117.15087890625,8322.216796875,359000200
2025-10-28,8092.62890625,8144.4248046875,282866700
2025-10-29,8166.22412109375,8107.3759765625,248336300
2025-10-30,8184.06396484375,8176.36083984375,326703000
2025-10-31,8163.875,8202.5234375,245393300
2025-11-03,8275.083984375,8208.0302734375,338112200
2025-11-04,8241.9111328125,8275.953125,254611100
2025-11-05,8318.5263671875,8213.6005859375,333837700
2025-11-06,8337.0576171875,8354.6796875,229181000
2025-11-07,8394.58984375,8346.5771484375,227520700
2025-11-10,8391.240234375,8443.3203125,415934000
2025-11-11,8366.5146484375,8437.958984375,677885600
2025-11-12,8388.56640625,8392.2802734375,491096300
2025-11-13,8371.9990234375,8412.826171875,534184900
2025-11-14,8370.435546875,8378.12890625,422843300
2025-11-17,8416.8818359375,8397.8359375,382110500
2025-11-18,8361.92578125,8427.3984375,374837900
2025-11-19,8406.5771484375,8384.3623046875,394548300
2025-11-20,8419.9169921875,8449.5419921875,319147400
2025-11-21,8414.3515625,8403.9013671875,288992600
2025-11-24,8570.25390625,8458.29296875,471629100
2025-11-25,8521.884765625,8570.845703125,414092000
2025-11-26,8602.1298828125,8533.8857421875,498634000
2025-11-27,8545.865234375,8611.328125,463624300
2025-11-28,8508.7060546875,8555.65625,386357400
2025-12-01,8548.7880859375,8541.5390625,433587600
2025-12-02,8617.04296875,8577.6064453125,405114200
2025-12-03,8611.787109375,8655.017578125,432093300
2025-12-04,8640.1962890625,8646.646484375,447262700
2025-12-05,8632.7607421875,8658.8896484375,421538600
2025-12-08,8710.6953125,8676.7265625,525913600
2025-12-09,8657.1787109375,8743.208984375,498676700
2025-12-10,8700.923828125,8713.7109375,623753400
2025-12-11,8620.4814453125,8764.0908203125,667238000
2025-12-12,8660.4990234375,8651.765625,457344900
2025-12-15,8649.662109375,8705.2392578125,553538600
2025-12-16,8686.46875,8696.6962890625,431043000
2025-12-17,8677.3447265625,8708.3271484375,341969700
2025-12-18,8618.1953125,8705.1376953125,328562900
2025-12-19,8609.55078125,8657.2421875,307160800
2025-12-22,8645.84375,8629.24609375,374939200
2025-12-23,8584.7822265625,8656.6533203125,329812800
2025-12-24,8537.9111328125,8597.3876953125,280698800
2025-12-29,8644.255859375,8545.7216796875,334277800
2025-12-30,8646.9384765625,8627.400390625,308173000
2026-01-02,8748.1318359375,8676.7412109375,471863900
2026-01-05,8859.19140625,8778.732421875,665735100
2026-01-06,8933.609375,8890.720703125,630432800
2026-01-07,8944.8134765625,8959.0908203125,655409500
2026-01-08,8925.470703125,8946.7001953125,489316100
2026-01-09,8936.75390625,8969.1513671875,499545200
2026-01-12,8884.72265625,8991.759765625,697907000
2026-01-13,8948.302734375,8931.2421875,538438100
2026-01-14,9032.583984375,9007.052734375,580700100
2026-01-15,9075.40625,9072.2958984375,446899000
2026-01-19,9133.873046875,9098.7021484375,541550600
2026-01-20,9134.7001953125,9156.189453125,606446200
2026-01-21,9010.330078125,9094.4306640625,553244200
2026-01-22,8992.1826171875,9052.16796875,661020800
2026-01-23,8951.009765625,9031.494140625,587299800
2026-01-26,8975.333984375,8967.7275390625,491763600
2026-01-27,8980.23046875,8974.5654296875,536008400
2026-01-28,8320.5556640625,8393.513671875,557055000
2026-01-29,8232.203125,8027.828125,906233100
2026-01-30,8329.6064453125,8308.724609375,478640200
2026-02-02,7922.73095703125,8306.1630859375,444961400
2026-02-03,8122.59716796875,7888.77099609375,545340400
2026-02-04,8146.716796875,8121.033203125,404556000
2026-02-05,8103.87890625,8154.60400390625,323626200
2026-02-06,7935.259765625,7945.0400390625,312234100
2026-02-09,8031.8740234375,7970.02197265625,310222600
2026-02-10,8131.73779296875,8031.58203125,374472200
2026-02-11,8290.9658203125,8152.78515625,545693700
2026-02-12,8265.3515625,8317.240234375,379401500
2026-02-13,8212.271484375,8240.005859375,434442400
2026-02-18,8310.2265625,8235.80859375,459026600
2026-02-19,8274.0810546875,8357.4453125,435377400
2026-02-20,8271.7666015625,8300.2216796875,400251500
2026-02-23,8396.08203125,8334.54296875,443116900
2026-02-24,8280.8330078125,8428.0498046875,509728100
2026-02-25,8322.228515625,8318.14453125,441816300
2026-02-26,8235.26171875,8351.3623046875,450264700
2026-02-27,8235.4853515625,8211.3046875,441200100
2026-03-02,8016.8330078125,8092.90478515625,527702300
2026-03-03,7939.76708984375,8059.8681640625,396162400
2026-03-04,7577.06396484375,7896.376953125,485472100
2026-03-05,7710.537109375,7695.34716796875,303915000
2026-03-06,7585.68701171875,7699.47314453125,291110400
2026-03-09,7337.369140625,7374.31103515625,406185700
2026-03-10,7440.9130859375,7443.0458984375,309617900
2026-03-11,7389.39892578125,7484.77392578125,253162500
2026-03-12,7362.1171875,7398.85302734375,234355700
2026-03-13,7137.2119140625,7338.82421875,256288700
2026-03-16,7022.2880859375,7115.451171875,264167600
2026-03-17,7106.8388671875,7074.61083984375,226881800
2026-03-25,7302.12109375,7084.6220703125,346637800
2026-03-26,7164.0908203125,7313.6650390625,257658000
2026-03-27,7097.05712890625,7136.3662109375,171896900
2026-03-30,7091.669921875,7020.5322265625,221811800
2026-03-31,7048.22216796875,7122.9921875,231095700
2026-04-01,7184.43798828125,7149.2529296875,295360000
2026-04-02,7026.7822265625,7153.11376953125,225269500
2026-04-06,6989.42578125,7001.56005859375,252607400
2026-04-07,6971.02685546875,7001.27783203125,225664500
2026-04-08,7279.208984375,7162.40576171875,380025400
2026-04-09,7307.5888671875,7238.4619140625,258635500
2026-04-10,7458.49609375,7346.494140625,355891700
2026-04-13,7500.18701171875,7410.0849609375,373963700
2026-04-14,7675.951171875,7598.7958984375,487814900
2026-04-15,7623.5859375,7750.89599609375,463335700
2026-04-16,7621.3818359375,7663.3408203125,364955200
2026-04-17,7634.00390625,7645.80517578125,359890300
2026-04-20,7594.11083984375,7663.39501953125,375256000
2026-04-21,7559.3798828125,7560.28515625,405582600
2026-04-22,7541.61181640625,7528.3427734375,459264700
2026-04-23,7378.60595703125,7564.41796875,503505300
2026-04-24,7129.490234375,7378.07177734375,415830600
2026-04-27,7106.52001953125,7158.5068359375,292563300
2026-04-28,7072.39208984375,7128.4658203125,272860900
2026-04-29,7101.22607421875,7096.60888671875,398389400
2026-04-30,6956.80419921875,7103.255859375,451512600
2026-05-04,6971.953125,6988.916015625,553310400
2026-05-05,7057.10595703125,6968.56591796875,364949700
2026-05-06,7092.466796875,7086.33984375,338543400
2026-05-07,7174.32080078125,7160.7890625,327636900
2026-05-08,6969.39599609375,7182.9609375,393674100
2026-05-11,6905.6201171875,6959.94287109375,353618500
2026-05-12,6858.89892578125,6946.84521484375,291969900
2026-05-13,6723.31982421875,6763.94482421875,263137300
2026-05-18,6599.240234375,6628.97607421875,280639000
2026-05-19,6370.67919921875,6599.212890625,409331400
2026-05-20,6318.5,6352.2021484375,369455900
2026-05-21,6094.94091796875,6366.48486328125,318636000
2026-05-22,6162.044921875,6065.6259765625,313365000
2026-05-25,6206.34912109375,6187.65478515625,240896500
2026-05-26,6130.18994140625,6201.80419921875,210088300
2026-05-29,6127.380859375,6112.77001953125,391356100
2026-06-02,6195.4267578125,6210.00390625,253584400
2026-06-03,5941.06591796875,6207.10205078125,344582700
2026-06-04,5839.78515625,5919.56494140625,325839700
2026-06-05,5594.76513671875,5846.4912109375,242414700
2026-06-08,5342.13720703125,5486.31103515625,259538800
2026-06-09,5746.64794921875,5344.68798828125,353501300
2026-06-10,5902.3759765625,5744.05908203125,401184200
2026-06-11,5886.0322265625,5899.26513671875,241605500
2026-06-12,6007.65576171875,5960.4150390625,324098600
2026-06-15,6254.9658203125,6118.72509765625,471692100
2026-06-17,6220.740234375,6321.9609375,274699900
2026-06-18,6172.33984375,6191.89111328125,215751200
2026-06-19,6177.13916015625,6161.4560546875,266832600
2026-06-22,6116.68994140625,6217.048828125,180410600
2026-06-23,6101.3330078125,6096.4990234375,198230600
2026-06-24,5883.880859375,6128.27099609375,228307800
2026-06-25,5999.0380859375,5873.06982421875,187930400
2026-06-26,5896.1337890625,6010.3388671875,171995200
2026-06-29,5820.7900390625,5932.02880859375,117823200
2026-06-30,5643.19384765625,5801.4541015625,177538200
2026-07-01,5695.1162109375,5640.61083984375,157577500
2026-07-02,5744.55615234375,5709.841796875,172862900
2026-07-03,5875.77978515625,5806.1669921875,158006000
2026-07-06,5916.06982421875,5893.28076171875,176040400
2026-07-07,5986.4970703125,5933.57421875,197234200
2026-07-08,5873.3720703125,5984.18212890625,186818300
2026-07-09,5912.44189453125,5865.76806640625,220556700
2026-07-10,5924.35986328125,5936.037109375,142216700
2026-07-13,6037.841796875,5934.71923828125,224210800
2026-07-14,6039.52099609375,6057.76123046875,252906400
2026-07-15,6041.97216796875,6068.0322265625,187169500
2026-07-16,6108.208984375,6056.74609375,235078700
2026-07-17,6175.53515625,6112.841796875,205704000
2026-07-20,6231.77978515625,6197.47607421875,282256800
2026-07-21,6340.02001953125,6273.57080078125,441307800
2026-07-22,6334.47607421875,6366.01220703125,422793200
2026-07-23,6315.31103515625,6346.6162109375,570639300
2026-07-24,6196.43017578125,6266.97509765625,330175800
2026-07-27,6185.783203125,6185.798828125,241884600
2026-07-28,6130.587890625,6175.1982421875,198014300
2026-07-29,6091.38623046875,6141.162109375,288519700
2026-07-30,6186.36279296875,6110.283203125,231176100
2026-07-31,6236.1259765625,6219.623046875,274629600
2026-08-03,6234.4970703125,6272.6171875,347512800
2026-08-04,6319.61279296875,6254.77978515625,291916500
2026-08-05,6351.13916015625,6338.5908203125,350837500
2026-08-06,6343.7109375,6379.91796875,506076700
2026-08-07,6409.65380859375,6352.3759765625,335303800
2026-08-10,6365.3740234375,6440.59716796875,395862600
2026-08-11,6267.8798828125,6383.81005859375,324921400
2026-08-12,6373.84912109375,6277.76318359375,294722600
2026-08-13,6301.76513671875,6388.23388671875,236598700
2026-08-14,6401.88818359375,6296.5927734375,226720200
2026-08-18,6449.830078125,6448.828125,288255000
2026-08-19,6394.125,6408.1767578125,295308900
2026-08-20,6501.5849609375,6447.25,349455200
2026-08-21,6525.68994140625,6524.0751953125,378269100
2026-08-24,6501.6669921875,6544.001953125,296534200
2026-08-26,6405.68505859375,6507.14208984375,329574600
2026-08-27,6521.75,6390.35302734375,282061000
2026-08-28,6518.12109375,6535.71923828125,266064500
2026-08-31,6525.47802734375,6511.10595703125,389387600
2026-09-01,6599.94287109375,6538.123046875,418545000
2026-09-02,6595.77587890625,6625.39306640625,331276500
2026-09-03,6667.89111328125,6632.828125,373613100
2026-09-04,6636.47509765625,6695.69482421875,278246600
2026-09-07,6619.6728515625,6652.0908203125,302047400
2026-09-08,6686.44189453125,6639.51123046875,326049000
2026-09-09,6678.201171875,6700.8388671875,287063700
2026-09-10,6589.337890625,6688.1748046875,403016100
2026-09-11,6541.376953125,6552.7919921875,266825300
2026-09-14,6534.69287109375,6533.8681640625,306250700
2026-09-15,6461.15283203125,6544.77392578125,236697900
2026-09-16,6436.85302734375,6453.9140625,222552300
2026-09-17,6462.43115234375,6455.03076171875,246532800
2026-09-18,6441.1591796875,6512.56884765625,283004400
2026-09-21,6384.72607421875,6446.89599609375,232135300
2026-09-22,6277.0439453125,6392.3349609375,292579800
2026-09-23,6374.912109375,6297.955078125,273797800
2026-09-24,6298.60693359375,6364.97607421875,230443500
2026-09-25,6241.89208984375,6315.5341796875,238522200
2026-09-28,6147.85888671875,6209.74609375,287430500
2026-09-29,6121.7001953125,6118.80615234375,340052700
2026-09-30,6071.13818359375,6118.0478515625,267762500
2026-10-01,6009.501953125,6062.89404296875,293469300
2026-10-02,6036.88818359375,6018.0810546875,1155071900
2026-10-05,6038.98876953125,6055.15576171875,0
