date,close,volume
1993-01-29,24.05353355407715,1003200
1993-02-01,24.224597930908203,480500
1993-02-02,24.275930404663086,201300
1993-02-03,24.53255271911621,529400
1993-02-04,24.635202407836914,531500
1993-02-05,24.61809539794922,492100
1993-02-08,24.61809539794922,596100
1993-02-09,24.447006225585938,122100
1993-02-10,24.48122215270996,379600
1993-02-11,24.600976943969727,19500
1993-02-12,24.412799835205078,42500
1993-02-16,23.79691505432129,374800
1993-02-17,23.779809951782227,210900
1993-02-18,23.762697219848633,378100
1993-02-19,23.848241806030273,34900
1993-02-22,23.93377685546875,513600
1993-02-23,23.916675567626953,373700
1993-02-24,24.224597930908203,26300
1993-02-25,24.275930404663086,44500
1993-02-26,24.31014633178711,66200
1993-03-01,24.241714477539062,66500
1993-03-02,24.600976943969727,182400
1993-03-03,24.703624725341797,280100
1993-03-04,24.566755294799805,89500
1993-03-05,24.49831199645996,40000
1993-03-08,25.045780181884766,50800
1993-03-09,24.960241317749023,169300
1993-03-10,25.01156997680664,194400
1993-03-11,24.94312858581543,70900
1993-03-12,24.68651580810547,643600
1993-03-15,24.806272506713867,310800
1993-03-16,24.806272506713867,30800
1993-03-17,24.65229034423828,21800
1993-03-18,24.806272506713867,59300
1993-03-19,24.768741607666016,66900
1993-03-22,24.6312198638916,183400
1993-03-23,24.682775497436523,55200
1993-03-24,24.682775497436523,37200
1993-03-25,24.837482452392578,110100
1993-03-26,24.699981689453125,101500
1993-03-29,24.803119659423828,87100
1993-03-30,24.87187385559082,56000
1993-03-31,24.85466766357422,111600
1993-04-01,24.768741607666016,129500
1993-04-02,24.253074645996094,59400
1993-04-05,24.373411178588867,172200
1993-04-06,24.304645538330078,129700
1993-04-07,24.390586853027344,28000
1993-04-08,24.356191635131836,180800
1993-04-12,24.699981689453125,348500
1993-04-13,24.751554489135742,146100
1993-04-14,24.717166900634766,119600
1993-04-15,24.717166900634766,148600
1993-04-16,24.717166900634766,47900
1993-04-19,24.614042282104492,157000
1993-04-20,24.49372100830078,279500
1993-04-21,24.476539611816406,67900
1993-04-22,24.167139053344727,97700
1993-04-23,24.06399154663086,106000
1993-04-26,23.87493133544922,62600
1993-04-27,24.132753372192383,156800
1993-04-28,24.081195831298828,85900
1993-04-29,24.184316635131836,85000
1993-04-30,24.218692779541016,88500
1993-05-03,24.373411178588867,80500
1993-05-04,24.459325790405273,149100
1993-05-05,24.528091430664062,109000
1993-05-06,24.4421443939209,54700
1993-05-07,24.390586853027344,68000
1993-05-10,24.4421443939209,113900
1993-05-11,24.54528045654297,42600
1993-05-12,24.510915756225586,31000
1993-05-13,24.218692779541016,129100
1993-05-14,24.20151138305664,63500
1993-05-17,24.287450790405273,34000
1993-05-18,24.270267486572266,105200
1993-05-19,24.768741607666016,50200
1993-05-20,24.837482452392578,98200
1993-05-21,24.614042282104492,221400
1993-05-24,24.717166900634766,30500
1993-05-25,24.768741607666016,191800
1993-05-26,25.0781307220459,102400
1993-05-27,24.992191314697266,53800
1993-05-28,24.87187385559082,79100
1993-06-01,25.11250114440918,28300
1993-06-02,25.0781307220459,20300
1993-06-03,24.992191314697266,21600
1993-06-04,24.906253814697266,32000
1993-06-07,24.82029914855957,121400
1993-06-08,24.596847534179688,104500
1993-06-09,24.682775497436523,43300
1993-06-10,24.699981689453125,17900
1993-06-11,24.803119659423828,647400
1993-06-14,24.768741607666016,64200
1993-06-15,24.717166900634766,142400
1993-06-16,24.768741607666016,330900
1993-06-17,24.85466766357422,37400
1993-06-18,24.65000343322754,58500
1993-06-21,24.701923370361328,29300
1993-06-22,24.71923828125,137500
1993-06-23,24.49420738220215,227600
1993-06-24,24.82310676574707,243700
1993-06-25,24.80579376220703,44800
1993-06-28,25.08275604248047,439900
1993-06-29,24.961589813232422,207500
1993-06-30,24.961589813232422,437600
1993-07-01,24.892343521118164,605700
1993-07-02,24.75385856628418,285400
1993-07-06,24.49420738220215,246400
1993-07-07,24.563446044921875,343700
1993-07-08,24.840423583984375,248200
1993-07-09,24.909650802612305,378200
1993-07-12,24.892343521118164,373700
1993-07-13,24.875028610229492,389600
1993-07-14,24.961589813232422,617300
1993-07-15,24.857723236083984,443800
1993-07-16,24.788482666015625,216400
1993-07-19,24.771162033081055,188200
1993-07-20,24.840423583984375,68500
1993-07-21,24.82310676574707,142700
1993-07-22,24.65000343322754,632400
1993-07-23,24.771162033081055,286200
1993-07-26,24.909650802612305,121300
1993-07-27,24.892343521118164,92800
1993-07-28,24.840423583984375,30800
1993-07-29,24.9788875579834,331000
1993-07-30,24.840423583984375,75300
1993-08-02,24.909650802612305,41300
1993-08-03,24.926971435546875,81600
1993-08-04,24.926971435546875,434000
1993-08-05,24.875028610229492,36800
1993-08-06,24.909650802612305,402300
1993-08-09,25.048147201538086,828200
1993-08-10,25.03082275390625,604900
1993-08-11,25.03082275390625,542200
1993-08-12,24.961589813232422,303700
1993-08-13,24.996204376220703,103500
1993-08-16,25.134689331054688,241800
1993-08-17,25.221233367919922,369300
1993-08-18,25.359722137451172,414300
1993-08-19,25.359722137451172,28500
1993-08-20,25.37702751159668,80700
1993-08-23,25.325103759765625,15600
1993-08-24,25.602066040039062,273400
1993-08-25,25.619388580322266,242300
1993-08-26,25.63667869567871,120000
1993-08-27,25.619388580322266,25700
1993-08-30,25.723236083984375,183500
1993-08-31,25.792495727539062,66500
1993-09-01,25.757854461669922,136500
1993-09-02,25.671308517456055,472400
1993-09-03,25.688602447509766,630500
1993-09-07,25.515518188476562,196400
1993-09-08,25.42896270751953,269900
1993-09-09,25.480897903442383,239200
1993-09-10,25.705923080444336,106500
1993-09-13,25.723236083984375,66900
1993-09-14,25.619388580322266,184500
1993-09-15,25.688602447509766,101000
1993-09-16,25.58475112915039,54300
1993-09-17,25.535140991210938,200900
1993-09-20,25.326129913330078,57800
1993-09-21,25.239046096801758,318200
1993-09-22,25.448049545288086,439700
1993-09-23,25.587398529052734,88500
1993-09-24,25.517730712890625,53500
1993-09-27,25.796417236328125,274600
1993-09-28,25.74416160583496,158300
1993-09-29,25.657068252563477,221000
1993-09-30,25.604829788208008,99300
1993-10-01,25.72675132751465,22700
1993-10-04,25.761585235595703,1038500
1993-10-05,25.72675132751465,436500
1993-10-06,25.70932960510254,209200
1993-10-07,25.639667510986328,59400
1993-10-08,25.674501419067383,54400
1993-10-11,25.72675132751465,467100
1993-10-12,25.761585235595703,26200
1993-10-13,25.761585235595703,139100
1993-10-14,26.092546463012695,108100
1993-10-15,26.231882095336914,1502500
1993-10-18,26.162202835083008,722400
1993-10-19,25.970603942871094,880100
1993-10-20,26.00543975830078,230400
1993-10-21,25.970603942871094,56200
1993-10-22,25.84866714477539,390700
1993-10-25,25.918354034423828,114500
1993-10-26,25.90093231201172,186200
1993-10-27,25.918354034423828,118400
1993-10-28,26.10995864868164,129600
1993-10-29,26.10995864868164,80700
1993-11-01,26.17961883544922,36400
1993-11-02,26.162202835083008,262100
1993-11-03,25.831262588500977,479100
1993-11-04,25.552576065063477,130400
1993-11-05,25.674501419067383,363200
1993-11-08,25.70932960510254,367600
1993-11-09,25.72675132751465,246900
1993-11-10,25.918354034423828,46500
1993-11-11,25.84866714477539,88900
1993-11-12,25.970603942871094,108200
1993-11-15,25.953203201293945,243300
1993-11-16,26.07512092590332,492600
1993-11-17,25.935775756835938,39600
1993-11-18,25.866086959838867,240800
1993-11-19,25.813831329345703,106000
1993-11-22,25.657068252563477,165300
1993-11-23,25.796417236328125,89700
1993-11-24,25.90093231201172,77200
1993-11-26,25.918354034423828,1019800
1993-11-29,25.813831329345703,517500
1993-11-30,25.831262588500977,230000
1993-12-01,25.866086959838867,379200
1993-12-02,25.935775756835938,352000
1993-12-03,26.04027557373047,306000
1993-12-06,26.127376556396484,99500
1993-12-07,26.10995864868164,88800
1993-12-08,26.10995864868164,146700
1993-12-09,26.022863388061523,416500
1993-12-10,25.970603942871094,412900
1993-12-13,26.127376556396484,273200
1993-12-14,25.935775756835938,41900
1993-12-15,25.90093231201172,82600
1993-12-16,25.988033294677734,78200
1993-12-17,26.130863189697266,104700
1993-12-20,26.165935516357422,68800
1993-12-21,26.078237533569336,205700
1993-12-22,26.253616333007812,410300
1993-12-23,26.236085891723633,533800
1993-12-27,26.376375198364258,447100
1993-12-28,26.428987503051758,880600
1993-12-29,26.393905639648438,266700
1993-12-30,26.288694381713867,219900
1993-12-31,26.148386001586914,312900
1994-01-03,26.078237533569336,960900
1994-01-04,26.183452606201172,164300
1994-01-05,26.236085891723633,710900
1994-01-06,26.236085891723633,201000
1994-01-07,26.393905639648438,775500
1994-01-10,26.7095947265625,593700
1994-01-11,26.656965255737305,295200
1994-01-12,26.56929588317871,158400
1994-01-13,26.49913787841797,244300
1994-01-14,26.60434913635254,137200
1994-01-17,26.60434913635254,17700
1994-01-18,26.639429092407227,166400
1994-01-19,26.56929588317871,200800
1994-01-20,26.639429092407227,281100
1994-01-21,26.586824417114258,85600
1994-01-24,26.481603622436523,373800
1994-01-25,26.481603622436523,310400
1994-01-26,26.55175018310547,145100
1994-01-27,26.797292709350586,344500
1994-01-28,26.867431640625,356500
1994-01-31,27.060338973999023,313800
1994-02-01,26.920047760009766,303600
1994-02-02,27.09541130065918,307600
1994-02-03,26.97264862060547,466100
1994-02-04,26.35883331298828,1403200
1994-02-07,26.481603622436523,516400
1994-02-08,26.49913787841797,188200
1994-02-09,26.60434913635254,144600
1994-02-10,26.376375198364258,883900
1994-02-11,26.464054107666016,519400
1994-02-14,26.49913787841797,2742100
1994-02-15,26.639429092407227,374700
1994-02-16,26.621906280517578,287600
1994-02-17,26.464054107666016,342400
1994-02-18,26.306236267089844,313300
1994-02-22,26.56929588317871,154500
1994-02-23,26.49913787841797,391700
1994-02-24,26.148386001586914,770800
1994-02-25,26.27115821838379,531300
1994-02-28,26.27115821838379,333000
1994-03-01,26.165935516357422,423600
1994-03-02,26.20099639892578,581500
1994-03-03,26.130863189697266,223200
1994-03-04,26.20099639892578,595800
1994-03-07,26.341297149658203,539800
1994-03-08,26.236085891723633,880300
1994-03-09,26.35883331298828,2500100
1994-03-10,26.148386001586914,207400
1994-03-11,26.288694381713867,576600
1994-03-14,26.32377052307129,345900
1994-03-15,26.306236267089844,748600
1994-03-16,26.516685485839844,455500
1994-03-17,26.516685485839844,133000
1994-03-18,26.510894775390625,365500
1994-03-21,26.440336227416992,324800
1994-03-22,26.510894775390625,435700
1994-03-23,26.49325180053711,698500
1994-03-24,26.175745010375977,1200500
1994-03-25,25.92882537841797,100900
1994-03-28,25.96410369873047,1117200
1994-03-29,25.452577590942383,338400
1994-03-30,25.09980010986328,1123900
1994-03-31,25.17034149169922,788800
1994-04-04,24.78230094909668,2627300
1994-04-05,25.293832778930664,1179000
1994-04-06,25.293832778930664,516500
1994-04-07,25.41730308532715,666100
1994-04-08,25.223268508911133,242400
1994-04-11,25.329105377197266,203300
1994-04-12,25.293832778930664,1409200
1994-04-13,25.161531448364258,364100
1994-04-14,25.17034149169922,419900
1994-04-15,25.17034149169922,387300
1994-04-18,25.002775192260742,369100
1994-04-19,25.038074493408203,472200
1994-04-20,25.011608123779297,508000
1994-04-21,25.346738815307617,200300
1994-04-22,25.320280075073242,301800
1994-04-25,25.584861755371094,394600
1994-04-26,25.55841636657715,399000
1994-04-28,25.37318992614746,287000
1994-04-29,25.452577590942383,481900
1994-05-02,25.611316680908203,275000
1994-05-03,25.584861755371094,183400
1994-05-04,25.540767669677734,401900
1994-05-05,25.505491256713867,659800
1994-05-06,25.258535385131836,216300
1994-05-09,25.038074493408203,499300
1994-05-10,25.23206901550293,583400
1994-05-11,25.002775192260742,210600
1994-05-12,25.126266479492188,305200
1994-05-13,25.126266479492188,321300
1994-05-16,25.13507843017578,450400
1994-05-17,25.505491256713867,470200
1994-05-18,25.690706253051758,824800
1994-05-19,25.814157485961914,531000
1994-05-20,25.717153549194336,370400
1994-05-23,25.673049926757812,262700
1994-05-24,25.778871536254883,549600
1994-05-25,25.84943199157715,738200
1994-05-26,25.8670711517334,369600
1994-05-27,25.893529891967773,162000
1994-05-31,25.858253479003906,160000
1994-06-01,25.972911834716797,200500
1994-06-02,25.94645118713379,55100
1994-06-03,26.09637451171875,550400
1994-06-06,26.087554931640625,99300
1994-06-07,26.052297592163086,120600
1994-06-08,25.840620040893555,131900
1994-06-09,25.98174285888672,80500
1994-06-10,26.025829315185547,83100
1994-06-13,26.06111717224121,109700
1994-06-14,26.263961791992188,161000
1994-06-15,26.158123016357422,142800
1994-06-16,26.211030960083008,44000
1994-06-17,26.06473159790039,403800
1994-06-20,25.84278106689453,137400
1994-06-21,25.62085723876953,139200
1994-06-22,25.718490600585938,279900
1994-06-23,25.567583084106445,922500
1994-06-24,25.034921646118164,353800
1994-06-27,25.469928741455078,371200
1994-06-28,25.34564971923828,5382300
1994-06-29,25.425533294677734,311800
1994-06-30,25.265743255615234,271900
1994-07-01,25.319019317626953,406900
1994-07-05,25.452167510986328,112000
1994-07-06,25.416645050048828,174800
1994-07-07,25.523193359375,66700
1994-07-08,25.51432228088379,148400
1994-07-11,25.425533294677734,124000
1994-07-12,25.461057662963867,257300
1994-07-13,25.505441665649414,532700
1994-07-14,25.780641555786133,494200
1994-07-15,25.789520263671875,49100
1994-07-18,25.83391761779785,72300
1994-07-19,25.780641555786133,609500
1994-07-20,25.665239334106445,185300
1994-07-21,25.718490600585938,86300
1994-07-22,25.76288604736328,151600
1994-07-25,25.798391342163086,120900
1994-07-26,25.771778106689453,489600
1994-07-27,25.771778106689453,83200
1994-07-28,25.825042724609375,828200
1994-07-29,26.08248519897461,459100
1994-08-01,26.206777572631836,486300
1994-08-02,26.242277145385742,505500
1994-08-03,26.251163482666016,144100
1994-08-04,26.100250244140625,231700
1994-08-05,26.011463165283203,138400
1994-08-08,26.07360076904297,328600
1994-08-09,26.11799430847168,105900
1994-08-10,26.215646743774414,840300
1994-08-11,26.11799430847168,876200
1994-08-12,26.32218360900879,184100
1994-08-15,26.313310623168945,325900
1994-08-16,26.499725341796875,1089500
1994-08-17,26.48196792602539,133700
1994-08-18,26.3931884765625,620000
1994-08-19,26.375450134277344,103200
1994-08-22,26.348804473876953,79700
1994-08-23,26.499725341796875,268600
1994-08-24,26.7838191986084,254700
1994-08-25,26.71279525756836,147400
1994-08-26,27.09454917907715,339500
1994-08-29,27.0767765045166,350300
1994-08-30,27.147798538208008,36000
1994-08-31,27.0767765045166,356200
1994-09-01,26.988008499145508,294600
1994-09-02,26.872583389282227,99600
1994-09-06,26.881471633911133,229800
1994-09-07,26.85484504699707,27900
1994-09-08,26.988008499145508,284800
1994-09-09,26.703907012939453,488400
1994-09-12,26.6240291595459,129400
1994-09-13,26.703907012939453,389200
1994-09-14,26.730552673339844,423500
1994-09-15,27.06790542602539,779800
1994-09-16,26.875267028808594,571300
1994-09-19,26.90207290649414,167300
1994-09-20,26.392963409423828,355600
1994-09-21,26.392963409423828,397500
1994-09-22,26.330446243286133,266400
1994-09-23,26.241117477416992,176600
1994-09-26,26.37508773803711,223000
1994-09-27,26.35723304748535,479500
1994-09-28,26.562646865844727,324000
1994-09-29,26.428680419921875,195900
1994-09-30,26.392963409423828,5200
1994-10-03,26.330446243286133,72600
1994-10-04,25.93743896484375,84200
1994-10-05,25.946378707885742,461900
1994-10-06,25.865997314453125,345200
1994-10-07,25.982112884521484,188700
1994-10-10,26.258991241455078,213600
1994-10-11,26.6519718170166,461400
1994-10-12,26.687705993652344,162400
1994-10-13,26.77701759338379,1564500
1994-10-14,26.89312744140625,72800
1994-10-17,26.83953094482422,282300
1994-10-18,26.77701759338379,132100
1994-10-19,26.90207290649414,136700
1994-10-20,26.723421096801758,290300
1994-10-21,26.616235733032227,87800
1994-10-24,26.392963409423828,149600
1994-10-25,26.41974639892578,91800
1994-10-26,26.517990112304688,201000
1994-10-27,26.678770065307617,210300
1994-10-28,27.241464614868164,192100
1994-10-31,27.14320182800293,36300
1994-11-01,26.83953094482422,435200
1994-11-02,26.687705993652344,115600
1994-11-03,26.830596923828125,87000
1994-11-04,26.482276916503906,124400
1994-11-07,26.562646865844727,115000
1994-11-08,26.76807975769043,308300
1994-11-09,26.812761306762695,318500
1994-11-10,26.625179290771484,172100
1994-11-11,26.526931762695312,302200
1994-11-14,26.77701759338379,181400
1994-11-15,26.687705993652344,316900
1994-11-16,26.77701759338379,106900
1994-11-17,26.59840202331543,104700
1994-11-18,26.562646865844727,269300
1994-11-21,26.294715881347656,283100
1994-11-22,25.72307777404785,483600
1994-11-23,25.865997314453125,601600
1994-11-25,25.991043090820312,77300
1994-11-28,26.107128143310547,79900
1994-11-29,26.09822654724121,105500
1994-11-30,26.062484741210938,218800
1994-12-01,25.80347442626953,439000
1994-12-02,26.044628143310547,318500
1994-12-05,26.07142448425293,139200
1994-12-06,26.08928108215332,249900
1994-12-07,25.901721954345703,531900
1994-12-08,25.651636123657227,261500
1994-12-09,25.7498779296875,235900
1994-12-12,25.91957664489746,151100
1994-12-13,26.01783561706543,70900
1994-12-14,26.15180015563965,203300
1994-12-15,26.232189178466797,130100
1994-12-16,26.360319137573242,266100
1994-12-19,26.396324157714844,1120200
1994-12-20,26.315303802490234,675600
1994-12-21,26.59439468383789,544500
1994-12-22,26.513376235961914,222000
1994-12-23,26.54036521911621,125800
1994-12-27,26.684410095214844,95200
1994-12-28,26.549375534057617,358200
1994-12-29,26.5673770904541,220100
1994-12-30,26.25228500366211,2209500
1995-01-03,26.37831687927246,324300
1995-01-04,26.504358291625977,351800
1995-01-05,26.504358291625977,89800
1995-01-06,26.531368255615234,448400
1995-01-09,26.558387756347656,36800
1995-01-10,26.58538246154785,229800
1995-01-11,26.6033935546875,222400
1995-01-12,26.612411499023438,40300
1995-01-13,26.92749786376953,170600
1995-01-16,27.08955192565918,105100
1995-01-17,27.098546981811523,89500
1995-01-18,27.07154083251953,84500
1995-01-19,26.91849136352539,139100
1995-01-20,26.819467544555664,78700
1995-01-23,26.900482177734375,53700
1995-01-24,26.93648910522461,32400
1995-01-25,27.008520126342773,15700
1995-01-26,27.035533905029297,9800
1995-01-27,27.143556594848633,91200
1995-01-30,27.02651596069336,26600
1995-01-31,27.134565353393555,127500
1995-02-01,27.12554931640625,380200
1995-02-02,27.28760528564453,131700
1995-02-03,27.674726486206055,405100
1995-02-06,27.791767120361328,405400
1995-02-07,27.827777862548828,702900
1995-02-08,27.827777862548828,521500
1995-02-09,27.827777862548828,390700
1995-02-10,27.86379051208496,148300
1995-02-13,27.872787475585938,79700
1995-02-14,27.90879249572754,170200
1995-02-15,28.061830520629883,431500
1995-02-16,28.025840759277344,99300
1995-02-17,27.917800903320312,49100
1995-02-21,27.90879249572754,168000
1995-02-22,28.115875244140625,386400
1995-02-23,28.16086769104004,402800
1995-02-24,28.232898712158203,307600
1995-02-27,28.007831573486328,280900
1995-02-28,28.241905212402344,493500
1995-03-01,28.061830520629883,242600
1995-03-02,28.097864151000977,488600
1995-03-03,28.10686683654785,290000
1995-03-06,28.124858856201172,85700
1995-03-07,27.90879249572754,180900
1995-03-08,27.98082733154297,155900
1995-03-09,27.971817016601562,63500
1995-03-10,28.385957717895508,192100
1995-03-13,28.358945846557617,261300
1995-03-14,28.566015243530273,223300
1995-03-15,28.51199722290039,278500
1995-03-16,28.683042526245117,20400
1995-03-17,28.711580276489258,89900
1995-03-20,28.711580276489258,91700
1995-03-21,28.63917350769043,104400
1995-03-22,28.66632843017578,74900
1995-03-23,28.68442153930664,220500
1995-03-24,29.09173583984375,134000
1995-03-27,29.20941734313965,132100
1995-03-28,29.20941734313965,121900
1995-03-29,29.200366973876953,246100
1995-03-30,29.14604377746582,298400
1995-03-31,29.028404235839844,541300
1995-04-03,29.100793838500977,193300
1995-04-04,29.29090690612793,66900
1995-04-05,29.29090690612793,107200
1995-04-06,29.39950180053711,352500
1995-04-07,29.372350692749023,361400
1995-04-10,29.426645278930664,285400
1995-04-11,29.327085494995117,250300
1995-04-12,29.426645278930664,150900
1995-04-13,29.58958625793457,243400
1995-04-17,29.417600631713867,178900
1995-04-18,29.31804847717285,329500
1995-04-19,29.29090690612793,223000
1995-04-20,29.336122512817383,207900
1995-04-21,29.4809627532959,145000
1995-04-24,29.82492446899414,169000
1995-04-25,29.743471145629883,293200
1995-04-26,29.77060890197754,204400
1995-04-27,29.843021392822266,502200
1995-04-28,29.888286590576172,130800
1995-05-01,29.806840896606445,518700
1995-05-02,29.870201110839844,228400
1995-05-03,30.28655433654785,724700
1995-05-04,30.268447875976562,311400
1995-05-05,30.232229232788086,314900
1995-05-08,30.449487686157227,183100
1995-05-09,30.422317504882812,180600
1995-05-10,30.45853614807129,330300
1995-05-11,30.54000473022461,351700
1995-05-12,30.55808448791504,94600
1995-05-15,30.702926635742188,147200
1995-05-16,30.721012115478516,221600
1995-05-17,30.603361129760742,189200
1995-05-18,30.15983009338379,577800
1995-05-19,30.177932739257812,363900
1995-05-22,30.512840270996094,216000
1995-05-23,30.79343605041504,136800
1995-05-24,30.77534294128418,370800
1995-05-25,30.802507400512695,379900
1995-05-26,30.449487686157227,518600
1995-05-30,30.440420150756836,61500
1995-05-31,31.07406234741211,564500
1995-06-01,30.992576599121094,810100
1995-06-02,31.019723892211914,112900
1995-06-05,31.209806442260742,257200
1995-06-06,31.155506134033203,165800
1995-06-07,30.992576599121094,41900
1995-06-08,30.920156478881836,141100
1995-06-09,30.7391357421875,304900
1995-06-12,30.91111946105957,378500
1995-06-13,31.246021270751953,120000
1995-06-14,31.218881607055664,389400
1995-06-15,31.35464859008789,274500
1995-06-16,31.447729110717773,325100
1995-06-19,31.802799224853516,134600
1995-06-20,31.720855712890625,287800
1995-06-21,31.702667236328125,158200
1995-06-22,32.12145233154297,297000
1995-06-23,32.057735443115234,315400
1995-06-26,31.675336837768555,132900
1995-06-27,31.611595153808594,127700
1995-06-28,31.7755069732666,212600
1995-06-29,31.720855712890625,89200
1995-06-30,31.702667236328125,714100
1995-07-03,31.821016311645508,9500
1995-07-05,31.93937873840332,409300
1995-07-06,32.349090576171875,202500
1995-07-07,32.49478530883789,481700
1995-07-10,32.512969970703125,400400
1995-07-11,32.358192443847656,420500
1995-07-12,32.75880432128906,203400
1995-07-13,32.68596267700195,215600
1995-07-14,32.658653259277344,543700
1995-07-17,32.84076690673828,171500
1995-07-18,32.558502197265625,221200
1995-07-19,32.20341873168945,486600
1995-07-20,32.32177734375,318900
1995-07-21,32.28535079956055,94000
1995-07-24,32.52208709716797,108400
1995-07-25,32.76791000366211,107400
1995-07-26,32.740596771240234,167800
1995-07-27,33.01372146606445,187700
1995-07-28,32.8043327331543,415600
1995-07-31,32.722373962402344,342500
1995-08-01,32.66774368286133,141000
1995-08-02,32.594940185546875,240400
1995-08-03,32.58580017089844,1193600
1995-08-04,32.62224578857422,240500
1995-08-07,32.695068359375,193100
1995-08-08,32.695068359375,951900
1995-08-09,32.68596267700195,107100
1995-08-10,32.6131477355957,280800
1995-08-11,32.4310302734375,257200
1995-08-14,32.722373962402344,254800
1995-08-15,32.658653259277344,44400
1995-08-16,32.749698638916016,374900
1995-08-17,32.695068359375,353800
1995-08-18,32.731502532958984,85400
1995-08-21,32.64044952392578,266700
1995-08-22,32.70418930053711,220200
1995-08-23,32.58580017089844,176500
1995-08-24,32.62224578857422,167400
1995-08-25,32.8043327331543,195000
1995-08-28,32.68596267700195,293000
1995-08-29,32.76791000366211,1133100
1995-08-30,32.84076690673828,437400
1995-08-31,32.86806869506836,491900
1995-09-01,33.01372146606445,629900
1995-09-05,33.323299407958984,272200
1995-09-06,33.38703155517578,214500
1995-09-07,33.40524673461914,258800
1995-09-08,33.532718658447266,107300
1995-09-11,33.62374496459961,260700
1995-09-12,33.778533935546875,139500
1995-09-13,33.93331527709961,239800
1995-09-14,34.242881774902344,457600
1995-09-15,34.23342514038086,431200
1995-09-18,34.10527420043945,307500
1995-09-19,34.27004623413086,549600
1995-09-20,34.434818267822266,290800
1995-09-21,34.15105056762695,508500
1995-09-22,34.16019821166992,449900
1995-09-25,34.10527420043945,130000
1995-09-26,34.096126556396484,466600
1995-09-27,34.06867599487305,654400
1995-09-28,34.32495880126953,456200
1995-09-29,34.260887145996094,606600
1995-10-02,34.08697509765625,293100
1995-10-03,34.12357711791992,839700
1995-10-04,34.08697509765625,248800
1995-10-05,34.18766403198242,268800
1995-10-06,34.21514129638672,75300
1995-10-09,33.93137741088867,358200
1995-10-10,33.913055419921875,360800
1995-10-11,34.02290725708008,228100
1995-10-12,34.23342514038086,199800
1995-10-13,34.34326171875,488100
1995-10-16,34.178504943847656,443600
1995-10-17,34.407318115234375,146000
1995-10-18,34.508018493652344,228100
1995-10-19,34.67279052734375,500600
1995-10-20,34.46225357055664,748400
1995-10-23,34.389041900634766,533000
1995-10-24,34.42564392089844,172200
1995-10-25,34.14190673828125,302700
1995-10-26,33.83067321777344,606800
1995-10-27,34.08697509765625,905800
1995-10-30,34.30665969848633,488700
1995-10-31,34.16019821166992,508200
1995-11-01,34.434818267822266,415700
1995-11-02,34.65447998046875,326000
1995-11-03,34.70024871826172,615000
1995-11-06,34.58123016357422,311200
1995-11-07,34.45311737060547,358200
1995-11-08,34.76432418823242,357200
1995-11-09,34.892459869384766,503700
1995-11-10,34.87416458129883,795600
1995-11-13,34.83755874633789,818500
1995-11-14,34.608699798583984,341800
1995-11-15,34.95653533935547,584700
1995-11-16,35.14875793457031,577700
1995-11-17,35.25859451293945,267000
1995-11-20,35.07554626464844,448800
1995-11-21,35.35927963256836,119200
1995-11-22,35.24945831298828,351600
1995-11-24,35.34098434448242,62400
1995-11-27,35.35012435913086,273000
1995-11-28,35.72543716430664,479000
1995-11-29,35.76203536987305,549200
1995-11-30,35.679656982421875,286200
1995-12-01,35.72543716430664,465200
1995-12-04,36.16477966308594,631700
1995-12-05,36.40277099609375,567700
1995-12-06,36.485145568847656,272800
1995-12-07,36.29294967651367,289700
1995-12-08,36.411930084228516,296900
1995-12-11,36.567527770996094,186500
1995-12-12,36.45768737792969,299400
1995-12-13,36.6865119934082,390700
1995-12-14,36.42108154296875,395000
1995-12-15,36.43439865112305,416700
1995-12-18,35.734439849853516,862300
1995-12-19,36.11205291748047,1022600
1995-12-20,35.7620849609375,1349800
1995-12-21,35.94628143310547,857600
1995-12-22,36.07522964477539,332800
1995-12-26,36.250205993652344,432200
1995-12-27,36.2318000793457,151800
1995-12-28,36.1949462890625,256200
1995-12-29,36.240989685058594,339200
1996-01-02,36.62782287597656,514400
1996-01-03,36.729129791259766,610300
1996-01-04,36.37915802001953,1129700
1996-01-05,36.305458068847656,302400
1996-01-08,36.443626403808594,179900
1996-01-09,35.81735610961914,415500
1996-01-10,35.34762954711914,787700
1996-01-11,35.559471130371094,513200
1996-01-12,35.50421905517578,390400
1996-01-15,35.43052673339844,154200
1996-01-16,35.86337661743164,454600
1996-01-17,35.75288009643555,407600
1996-01-18,35.87260437011719,425600
1996-01-19,36.11205291748047,169800
1996-01-22,36.12127685546875,288200
1996-01-23,36.20414733886719,362200
1996-01-24,36.49887466430664,1506500
1996-01-25,36.369930267333984,298400
1996-01-26,36.683082580566406,726300
1996-01-29,36.83042907714844,254800
1996-01-30,37.14358139038086,272100
1996-01-31,37.5303955078125,498000
1996-02-01,37.668548583984375,373900
1996-02-02,37.51197814941406,496200
1996-02-05,37.815895080566406,295300
1996-02-06,38.175079345703125,301600
1996-02-07,38.39613723754883,585100
1996-02-08,38.81058120727539,1526600
1996-02-09,38.801368713378906,804600
1996-02-12,39.0960693359375,626500
1996-02-13,39.01318359375,1045900
1996-02-14,38.67241668701172,431400
1996-02-15,38.43296432495117,889500
1996-02-16,38.276405334472656,606100
1996-02-20,37.89878463745117,492300
1996-02-21,38.36850357055664,434000
1996-02-22,38.976318359375,721400
1996-02-23,38.865840911865234,1430400
1996-02-26,38.31322479248047,1408400
1996-02-27,38.19350814819336,601000
1996-02-28,38.01850509643555,865900
1996-02-29,37.65011215209961,914300
1996-03-01,38.248756408691406,1452600
1996-03-04,38.469810485839844,652600
1996-03-05,38.8289909362793,402000
1996-03-06,38.48822021484375,624700
1996-03-07,38.681617736816406,534200
1996-03-08,37.42909622192383,2289900
1996-03-11,37.8619384765625,1511400
1996-03-12,37.56721496582031,1385300
1996-03-13,37.825111389160156,1019300
1996-03-14,37.990882873535156,725600
1996-03-15,37.9653434753418,869200
1996-03-18,38.69618225097656,917600
1996-03-19,38.61290740966797,858300
1996-03-20,38.5666618347168,744300
1996-03-21,38.474159240722656,650800
1996-03-22,38.57588195800781,344500
1996-03-25,38.50189208984375,802400
1996-03-26,38.68691635131836,969400
1996-03-27,38.33538818359375,809600
1996-03-28,38.4834098815918,1001300
1996-03-29,38.29838180541992,457700
1996-04-01,38.742427825927734,773400
1996-04-02,38.81643295288086,638800
1996-04-03,38.81643295288086,288000
1996-04-04,38.788673400878906,934900
1996-04-08,38.12261199951172,2217200
1996-04-09,37.974609375,1180900
1996-04-10,37.299285888671875,939500
1996-04-11,37.2530403137207,1276000
1996-04-12,37.724849700927734,411300
1996-04-15,38.03936004638672,484200
1996-04-16,38.15035629272461,429700
1996-04-17,38.057861328125,525300
1996-04-18,38.11337661743164,818600
1996-04-19,38.20586013793945,885100
1996-04-22,38.50189208984375,828900
1996-04-23,38.62216567993164,225400
1996-04-24,38.4834098815918,699000
1996-04-25,38.6591682434082,475500
1996-04-26,38.742427825927734,563300
1996-04-29,38.742427825927734,219900
1996-04-30,38.71467590332031,184400
1996-05-01,38.79792785644531,561900
1996-05-02,38.13186264038086,1299600
1996-05-03,38.07637023925781,1329300
1996-05-06,38.03936004638672,647500
1996-05-07,37.882080078125,582100
1996-05-08,38.35390090942383,1694700
1996-05-09,38.32615280151367,593400
1996-05-10,38.70541763305664,925100
1996-05-13,39.28822708129883,867500
1996-05-14,39.528743743896484,632300
1996-05-15,39.48249816894531,466100
1996-05-16,39.565738677978516,514400
1996-05-17,39.778526306152344,427700
1996-05-20,40.046810150146484,788500
1996-05-21,39.99129867553711,352700
1996-05-22,40.370574951171875,1218100
1996-05-23,40.20405197143555,967900
1996-05-24,40.36131286621094,659100
1996-05-28,39.954288482666016,456400
1996-05-29,39.686012268066406,649600
1996-05-30,39.889522552490234,895800
1996-05-31,39.5934944152832,923500
1996-06-03,39.70452117919922,503100
1996-06-04,39.9820442199707,627100
1996-06-05,40.33357620239258,428000
1996-06-06,40.03752899169922,523300
1996-06-07,40.03752899169922,1422800
1996-06-10,39.90802001953125,548800
1996-06-11,39.87100601196289,688700
1996-06-12,39.79702377319336,1120600
1996-06-13,39.79702377319336,1502000
1996-06-14,39.63050842285156,1468200
1996-06-17,39.602760314941406,1101000
1996-06-18,39.27895736694336,718000
1996-06-19,39.454742431640625,552100
1996-06-20,39.42698287963867,1234400
1996-06-21,39.7661018371582,573300
1996-06-24,39.84049987792969,416500
1996-06-25,39.79398727416992,454400
1996-06-26,39.5243034362793,838200
1996-06-27,39.803287506103516,1090500
1996-06-28,39.94279479980469,1060800
1996-07-01,40.286903381347656,471300
1996-07-02,40.1380729675293,389400
1996-07-03,40.054378509521484,308300
1996-07-05,39.031402587890625,842900
1996-07-08,38.873313903808594,942000
1996-07-09,39.031402587890625,716300
1996-07-10,39.189510345458984,1132300
1996-07-11,38.399024963378906,1587400
1996-07-12,38.42691421508789,1312000
1996-07-15,37.29234313964844,1951300
1996-07-16,37.38534164428711,4141000
1996-07-17,37.83172607421875,1340500
1996-07-18,38.3525276184082,1432500
1996-07-19,38.07352828979492,1216000
1996-07-22,37.79453659057617,519800
1996-07-23,37.31092834472656,1479800
1996-07-24,37.38534164428711,2463400
1996-07-25,37.72012710571289,1989800
1996-07-26,37.92473220825195,642300
1996-07-29,37.506229400634766,1297900
1996-07-30,37.868919372558594,1868200
1996-07-31,38.147918701171875,767100
1996-08-01,38.780303955078125,1168600
1996-08-02,39.617286682128906,1098500
1996-08-05,39.38481903076172,710200
1996-08-06,39.50569534301758,640000
1996-08-07,39.60801315307617,917800
1996-08-08,39.542911529541016,925100
1996-08-09,39.41269302368164,648800
1996-08-12,39.70099639892578,764200
1996-08-13,39.38481903076172,805200
1996-08-14,39.5243034362793,533800
1996-08-15,39.44989776611328,632600
1996-08-16,39.78468322753906,475100
1996-08-19,39.803287506103516,436400
1996-08-20,39.77540588378906,645700
1996-08-21,39.63589096069336,266400
1996-08-22,40.007904052734375,584800
1996-08-23,39.79398727416992,757100
1996-08-26,39.59869384765625,784700
1996-08-27,39.747493743896484,389400
1996-08-28,39.68241882324219,227600
1996-08-29,39.29180145263672,680200
1996-08-30,38.882625579833984,1500900
1996-09-03,39.13370895385742,1782000
1996-09-04,39.1709098815918,930200
1996-09-05,38.696617126464844,616600
1996-09-06,39.245304107666016,804900
1996-09-09,39.710289001464844,719200
1996-09-10,39.69170379638672,669900
1996-09-11,39.914894104003906,713500
1996-09-12,40.193870544433594,713300
1996-09-13,40.807674407958984,2008800
1996-09-16,40.95647048950195,1220200
1996-09-17,40.86347579956055,604700
1996-09-18,40.76118850708008,225500
1996-09-19,40.91926193237305,410000
1996-09-20,41.06441879272461,948400
1996-09-23,41.05506896972656,466800
1996-09-24,41.04571533203125,1269800
1996-09-25,41.073760986328125,1353300
1996-09-26,41.05506896972656,773200
1996-09-27,41.09246826171875,407600
1996-09-30,41.05506896972656,578200
1996-10-01,41.279415130615234,561400
1996-10-02,41.55986022949219,609000
1996-10-03,41.522464752197266,342200
1996-10-04,42.083316802978516,754100
1996-10-07,42.13006591796875,235100
1996-10-08,41.96180725097656,386200
1996-10-09,41.6346435546875,528800
1996-10-10,41.55048370361328,1562200
1996-10-11,42.06462478637695,331300
1996-10-14,42.12070846557617,201600
1996-10-15,42.06462478637695,776900
1996-10-16,42.27027893066406,590100
1996-10-17,42.382442474365234,792500
1996-10-18,42.60681915283203,695800
1996-10-21,42.550697326660156,879200
1996-10-22,42.2515983581543,848900
1996-10-23,42.39177322387695,735900
1996-10-24,42.02724075317383,379300
1996-10-25,42.06462478637695,568300
1996-10-28,41.784202575683594,975400
1996-10-29,42.12070846557617,815900
1996-10-30,41.980499267578125,495400
1996-10-31,42.382442474365234,726300
1996-11-01,42.232879638671875,821300
1996-11-04,42.513309478759766,1608400
1996-11-05,42.75637435913086,764000
1996-11-06,43.578948974609375,1665000
1996-11-07,43.68178176879883,1446300
1996-11-08,43.9248046875,1355700
1996-11-11,43.878089904785156,655900
1996-11-12,43.74720764160156,719900
1996-11-13,43.943519592285156,481900
1996-11-14,44.233272552490234,558800
1996-11-15,44.28938674926758,2250900
1996-11-18,44.298744201660156,1518200
1996-11-19,44.616546630859375,1029300
1996-11-20,44.69133377075195,730000
1996-11-21,44.625911712646484,653000
1996-11-22,44.97175598144531,965100
1996-11-25,45.541954040527344,2058800
1996-11-26,45.39240264892578,2861800
1996-11-27,45.308292388916016,872000
1996-11-29,45.476524353027344,1073400
1996-12-02,45.49522399902344,1350600
1996-12-03,44.719356536865234,1777800
1996-12-04,44.840911865234375,2365100
1996-12-05,44.719356536865234,1697700
1996-12-06,44.457645416259766,3401800
1996-12-09,45.11198806762695,1864600
1996-12-10,44.89698028564453,1331600
1996-12-11,44.48568344116211,1847900
1996-12-12,43.74720764160156,2540200
1996-12-13,43.85935592651367,1678300
1996-12-16,43.298526763916016,1831100
1996-12-17,43.64436721801758,2023200
1996-12-18,43.9902458190918,1666800
1996-12-19,44.89698028564453,2269300
1996-12-20,44.99549865722656,1543200
1996-12-23,44.882774353027344,1263700
1996-12-24,45.21156692504883,633000
1996-12-26,45.55913162231445,1384300
1996-12-27,45.6154899597168,410400
1996-12-30,45.22096252441406,694100
1996-12-31,44.39432144165039,1378100
1997-01-02,44.50703048706055,2031900
1997-01-03,45.14579391479492,2123200
1997-01-06,44.751251220703125,1374100
1997-01-07,45.29611587524414,939000
1997-01-08,44.901546478271484,1802200
1997-01-09,45.277313232421875,1415700
1997-01-10,45.76576232910156,2369500
1997-01-13,45.70001220703125,1364600
1997-01-14,46.27302551269531,2111200
1997-01-15,46.16031265258789,1583900
1997-01-16,46.348175048828125,1308400
1997-01-17,46.6300048828125,1604000
1997-01-20,46.68635177612305,1889900
1997-01-21,47.06209182739258,2785800
1997-01-22,47.40028381347656,1201600
1997-01-23,46.74271011352539,2601100
1997-01-24,46.14152145385742,2176000
1997-01-27,46.0099983215332,2108500
1997-01-28,46.14152145385742,4376000
1997-01-29,46.59245300292969,1122700
1997-01-30,47.19363021850586,2126300
1997-01-31,47.137237548828125,3208100
1997-02-03,47.27815628051758,755000
1997-02-04,47.56937789916992,654100
1997-02-05,46.67695999145508,2255400
1997-02-06,46.98693084716797,2483100
1997-02-07,47.625701904296875,2321000
1997-02-10,47.17481994628906,1670000
1997-02-11,47.71962356567383,1664300
1997-02-12,48.39601135253906,2675400
1997-02-13,48.922035217285156,1104800
1997-02-14,48.80928421020508,1112900
1997-02-18,49.22264862060547,833100
1997-02-19,48.89385223388672,648100
1997-02-20,48.302066802978516,1193900
1997-02-21,48.320858001708984,1844400
1997-02-24,48.89385223388672,787300
1997-02-25,48.931427001953125,1653900
1997-02-26,48.45235061645508,1597800
1997-02-27,47.729026794433594,1813100
1997-02-28,47.588138580322266,2961200
1997-03-03,47.90751266479492,1210400
1997-03-04,47.644500732421875,1478700
1997-03-05,48.45235061645508,1254800
1997-03-06,48.170555114746094,1528500
1997-03-07,48.60264587402344,1859300
1997-03-10,49.10991287231445,1074900
1997-03-11,48.84687042236328,624600
1997-03-12,48.41478729248047,1055600
1997-03-13,47.66327667236328,2514100
1997-03-14,47.90751266479492,1642700
1997-03-17,48.039039611816406,3013500
1997-03-18,47.52238845825195,1352500
1997-03-19,47.36269760131836,1510000
1997-03-20,47.11847686767578,1808200
1997-03-21,47.336631774902344,2810600
1997-03-24,47.99669647216797,2145600
1997-03-25,47.52522277832031,2125800
1997-03-26,47.73268508911133,1335300
1997-03-27,46.469093322753906,2898500
1997-03-31,45.48843002319336,4270700
1997-04-01,45.780723571777344,3210900
1997-04-02,44.96036148071289,2672700
1997-04-03,45.20552062988281,2284200
1997-04-04,45.77131652832031,3706700
1997-04-07,45.95047378540039,2596200
1997-04-08,46.2805061340332,1822700
1997-04-09,45.9033203125,2453200
1997-04-10,45.73358917236328,1996500
1997-04-11,44.28142547607422,4221600
1997-04-14,44.87550735473633,3988500
1997-04-15,45.639286041259766,2760400
1997-04-16,46.167354583740234,2273300
1997-04-17,45.97877502441406,1386000
1997-04-18,46.20505142211914,1702100
1997-04-21,45.9033203125,2809400
1997-04-22,46.912296295166016,3215000
1997-04-23,46.959434509277344,2047700
1997-04-24,46.72370529174805,2689900
1997-04-25,46.186214447021484,1606200
1997-04-28,46.638816833496094,1666500
1997-04-29,48.1098518371582,3197400
1997-04-30,48.33616256713867,3372200
1997-05-01,48.279579162597656,2149500
1997-05-02,49.1471061706543,1448300
1997-05-05,50.316368103027344,3636200
1997-05-06,50.278656005859375,1721100
1997-05-07,49.184818267822266,2327200
1997-05-08,49.5242919921875,2923700
1997-05-09,49.863746643066406,2558200
1997-05-12,50.693572998046875,2357900
1997-05-13,50.48611831665039,1195100
1997-05-14,50.58041763305664,2772000
1997-05-15,50.91988754272461,884100
1997-05-16,50.222068786621094,1934200
1997-05-19,50.37295150756836,1375800
1997-05-20,50.97645568847656,1756400
1997-05-21,50.863304138183594,1208000
1997-05-22,50.693572998046875,907600
1997-05-23,51.1650505065918,644400
1997-05-27,51.37247848510742,1531000
1997-05-28,51.36306381225586,716700
1997-05-29,51.06132507324219,1282700
1997-05-30,51.391326904296875,2143300
1997-06-02,51.1650505065918,1479100
1997-06-03,50.995296478271484,1562100
1997-06-04,50.938724517822266,1063100
1997-06-05,51.1273307800293,1180800
1997-06-06,52.12683868408203,1511100
1997-06-09,52.39088821411133,1823400
1997-06-10,52.551185607910156,1217500
1997-06-11,52.673770904541016,1673800
1997-06-12,53.692161560058594,4273300
1997-06-13,54.14480972290039,2132900
1997-06-16,54.16366195678711,800400
1997-06-17,54.088218688964844,2048100
1997-06-18,53.89962387084961,1971900
1997-06-19,54.45600891113281,2029900
1997-06-20,54.27042770385742,1396900
1997-06-23,52.95463943481445,3991500
1997-06-24,54.298828125,4895100
1997-06-25,53.92018127441406,4708900
1997-06-26,53.655094146728516,2569900
1997-06-27,53.8633918762207,2617900
1997-06-30,53.503665924072266,2384900
1997-07-01,54.12843704223633,1749000
1997-07-02,55.01829147338867,1961800
1997-07-03,55.77560043334961,2539100
1997-07-07,55.207618713378906,1158600
1997-07-08,55.7850341796875,3396500
1997-07-09,55.16971206665039,5390300
1997-07-10,55.415855407714844,2072200
1997-07-11,55.60518264770508,2258900
1997-07-14,55.77560043334961,3186400
1997-07-15,56.0595703125,2983100
1997-07-16,56.797935485839844,2621300
1997-07-17,56.51393508911133,1794800
1997-07-18,55.311737060546875,3961900
1997-07-21,55.321197509765625,3810300
1997-07-22,56.7884635925293,4243400
1997-07-23,56.741119384765625,3204300
1997-07-24,57.0062141418457,4152700
1997-07-25,56.96836853027344,2364800
1997-07-28,56.930458068847656,2794700
1997-07-29,57.11983108520508,2737100
1997-07-30,57.8014030456543,4839800
1997-07-31,57.744564056396484,2138700
1997-08-01,57.517372131347656,7077700
1997-08-04,57.66883087158203,2339500
1997-08-05,57.706687927246094,1466700
1997-08-06,58.18001937866211,2478200
1997-08-07,57.744564056396484,3641900
1997-08-08,56.570762634277344,7113100
1997-08-11,56.987274169921875,6355900
1997-08-12,56.07851028442383,6132500
1997-08-13,55.90810012817383,6982300
1997-08-14,56.116336822509766,3462700
1997-08-15,54.39351272583008,4907100
1997-08-18,55.60518264770508,5638900
1997-08-19,56.24889373779297,3802800
1997-08-20,57.10085678100586,3564600
1997-08-21,56.09744644165039,5392600
1997-08-22,56.07851028442383,8087800
1997-08-25,55.87022018432617,3888000
1997-08-26,55.04667663574219,4290000
1997-08-27,55.37800216674805,5484300
1997-08-28,54.53549575805664,4287900
1997-08-29,54.753196716308594,2652300
1997-09-02,56.532894134521484,7294000
1997-09-03,56.22996520996094,2812500
1997-09-04,56.589683532714844,2473700
1997-09-05,56.428802490234375,3663300
1997-09-08,56.674896240234375,803500
1997-09-09,56.703250885009766,1885200
1997-09-10,55.52946090698242,3623700
1997-09-11,55.2454719543457,7055900
1997-09-12,56.13529968261719,6708000
1997-09-15,56.04062271118164,2060500
1997-09-16,57.441680908203125,6979000
1997-09-17,57.441680908203125,2220000
1997-09-18,57.687782287597656,5045400
1997-09-19,57.7853889465332,1566400
1997-09-22,58.10841369628906,3259000
1997-09-23,57.84239196777344,1872800
1997-09-24,57.36731719970703,2793100
1997-09-25,56.968292236328125,6327800
1997-09-26,57.44334411621094,3995800
1997-09-29,57.994388580322266,2065000
1997-09-30,57.38629150390625,4137600
1997-10-01,58.146419525146484,3567500
1997-10-02,58.46943664550781,2577500
1997-10-03,58.764007568359375,6499900
1997-10-06,59.15352249145508,2272100
1997-10-07,59.70459747314453,1832800
1997-10-08,59.28656005859375,4439400
1997-10-09,59.077518463134766,3607600
1997-10-10,58.90647506713867,2858100
1997-10-13,58.963504791259766,1760300
1997-10-14,58.982486724853516,2235700
1997-10-15,58.849491119384766,2601700
1997-10-16,57.918399810791016,9488100
1997-10-17,57.329322814941406,8151300
1997-10-20,58.146419525146484,3636400
1997-10-21,59.27703094482422,5225400
1997-10-22,58.88747787475586,4485200
1997-10-23,57.728363037109375,8054100
1997-10-24,57.15825653076172,6778700
1997-10-27,53.01584243774414,10840700
1997-10-28,56.075172424316406,19548000
1997-10-29,55.923152923583984,10134400
1997-10-30,54.688018798828125,9772900
1997-10-31,55.98019027709961,7072700
1997-11-03,57.15825653076172,5548500
1997-11-04,57.15825653076172,3455700
1997-11-05,57.34831619262695,4774900
1997-11-06,57.12982940673828,3679800
1997-11-07,56.51224136352539,10606800
1997-11-10,56.17020797729492,4347900
1997-11-11,56.18919372558594,3212400
1997-11-12,55.03007888793945,6775300
1997-11-13,55.828182220458984,8589600
1997-11-14,56.588233947753906,5827900
1997-11-17,57.63336944580078,5149900
1997-11-18,57.27232360839844,3433600
1997-11-19,57.55735397338867,4387900
1997-11-20,58.431427001953125,4822700
1997-11-21,58.83049774169922,5436500
1997-11-24,57.76634979248047,4337200
1997-11-25,57.918399810791016,4525000
1997-11-26,58.08941650390625,2681100
1997-11-28,58.146419525146484,1564700
1997-12-01,59.647586822509766,4850900
1997-12-02,59.28656005859375,1974900
1997-12-03,59.457557678222656,3302500
1997-12-04,59.40055847167969,2872500
1997-12-05,60.16064453125,3458800
1997-12-08,59.9896354675293,2289200
1997-12-09,59.62858581542969,1703000
1997-12-10,59.11551284790039,3558400
1997-12-11,58.10841369628906,5072800
1997-12-12,58.22242736816406,4478400
1997-12-15,58.811500549316406,4674700
1997-12-16,59.172542572021484,2885800
1997-12-17,58.86849594116211,2236300
1997-12-18,58.29844665527344,4658300
1997-12-19,57.86265563964844,8556000
1997-12-22,58.23469543457031,5136800
1997-12-23,57.19496154785156,4436500
1997-12-24,57.0233039855957,2019200
1997-12-26,57.25221633911133,941800
1997-12-29,58.37779998779297,2080000
1997-12-30,59.293521881103516,3616000
1997-12-31,59.25535583496094,4359500
1998-01-02,59.560611724853516,2360900
1998-01-05,59.69416809082031,4191800
1998-01-06,58.740257263183594,3154900
1998-01-07,58.89287185668945,4424200
1998-01-08,58.37779998779297,3831000
1998-01-09,56.3556022644043,10258800
1998-01-12,57.38574981689453,12097900
1998-01-13,58.1870231628418,5224900
1998-01-14,58.45408248901367,3770400
1998-01-15,57.967613220214844,2875400
1998-01-16,58.7974853515625,4374800
1998-01-20,59.751365661621094,5091700
1998-01-21,59.17906188964844,4699400
1998-01-22,58.65443420410156,4543400
1998-01-23,58.568538665771484,6350300
1998-01-26,58.53044509887695,4362900
1998-01-27,59.121803283691406,7044200
1998-01-28,59.65599060058594,4268600
1998-01-29,59.98029327392578,8007700
1998-01-30,60.018489837646484,3649100
1998-02-02,61.01052474975586,5756300
1998-02-03,61.46839904785156,2759600
1998-02-04,61.392059326171875,3374000
1998-02-05,61.353904724121094,5076200
1998-02-06,62.040687561035156,5701200
1998-02-09,61.830848693847656,2322200
1998-02-10,62.42227554321289,3660400
1998-02-11,62.36505126953125,4073200
1998-02-12,62.632118225097656,5024700
1998-02-13,62.26963806152344,2101300
1998-02-17,62.57486343383789,3055500
1998-02-18,63.147239685058594,3007400
1998-02-19,62.8133544921875,3387800
1998-02-20,63.28078079223633,3707000
1998-02-23,63.528778076171875,3227800
1998-02-24,63.032745361328125,3386800
1998-02-25,63.814937591552734,3481800
1998-02-26,64.17744445800781,3187600
1998-02-27,64.17744445800781,3442900
1998-03-02,64.04383850097656,4252300
1998-03-03,64.40633392333984,3349200
1998-03-04,63.986629486083984,4404100
1998-03-05,63.39521789550781,7268000
1998-03-06,64.67343139648438,6896300
1998-03-09,64.44451904296875,3362800
1998-03-10,65.05498504638672,5481900
1998-03-11,65.3602294921875,3439600
1998-03-12,65.62731170654297,3191300
1998-03-13,65.37931823730469,2879400
1998-03-16,66.08513641357422,3223600
1998-03-17,66.27593231201172,4581900
1998-03-18,66.52392578125,1944100
1998-03-19,66.69566345214844,2554800
1998-03-20,67.26997375488281,3123300
1998-03-23,67.11689758300781,4453100
1998-03-24,67.69086456298828,3333600
1998-03-25,67.44210815429688,4597600
1998-03-26,67.40386962890625,3333500
1998-03-27,67.11689758300781,2611300
1998-03-30,67.07861328125,3108700
1998-03-31,67.3082046508789,5926500
1998-04-01,67.85347747802734,2929000
1998-04-02,68.59010314941406,3920900
1998-04-03,68.93445587158203,3787600
1998-04-06,68.37962341308594,4550500
1998-04-07,67.92044067382812,5583700
1998-04-08,67.53777313232422,4854800
1998-04-09,68.0735092163086,4481200
1998-04-13,67.88220977783203,4350200
1998-04-14,68.4561767578125,3279100
1998-04-15,68.64747619628906,3867200
1998-04-16,67.84395599365234,7177900
1998-04-17,68.74317169189453,5688800
1998-04-20,68.72400665283203,3688300
1998-04-21,69.04927825927734,4573200
1998-04-22,69.24060821533203,2386100
1998-04-23,68.57098388671875,5062000
1998-04-24,67.84395599365234,11039700
1998-04-27,66.56205749511719,14510200
1998-04-28,66.46638488769531,6511400
1998-04-29,66.92557525634766,7703100
1998-04-30,68.16919708251953,8684500
1998-05-01,68.93445587158203,4008800
1998-05-04,68.76229858398438,4537200
1998-05-05,68.28396606445312,5146400
1998-05-06,67.48046875,5526100
1998-05-07,66.9447021484375,6940400
1998-05-08,68.03527069091797,7951000
1998-05-11,67.80567169189453,6336300
1998-05-12,68.5326919555664,6045200
1998-05-13,68.70488739013672,4441500
1998-05-14,68.36053466796875,4187500
1998-05-15,67.97786712646484,6716100
1998-05-18,67.7099838256836,4847200
1998-05-19,68.16919708251953,5918700
1998-05-20,68.81970977783203,5716600
1998-05-21,68.37962341308594,6301500
1998-05-22,68.11178588867188,4862200
1998-05-26,67.02124786376953,6899300
1998-05-27,67.11689758300781,10202600
1998-05-28,67.42301940917969,4907600
1998-05-29,66.7533950805664,4772600
1998-06-01,67.05946350097656,6092200
1998-06-02,67.11689758300781,6701100
1998-06-03,66.04547119140625,6445100
1998-06-04,67.26997375488281,6566300
1998-06-05,68.57098388671875,8463200
1998-06-08,68.49444580078125,4159900
1998-06-09,68.70488739013672,2725300
1998-06-10,68.26483917236328,6186900
1998-06-11,66.98294067382812,8056600
1998-06-12,67.61432647705078,9779000
1998-06-15,65.83504486083984,10234200
1998-06-16,66.84902954101562,7471500
1998-06-17,68.24574279785156,12057700
1998-06-18,67.93954467773438,3844600
1998-06-19,67.59915161132812,3549100
1998-06-22,67.92544555664062,5438300
1998-06-23,68.7315673828125,5004600
1998-06-24,69.65282440185547,8291900
1998-06-25,69.5377197265625,5854800
1998-06-26,69.82560729980469,4833100
1998-06-29,70.07511901855469,5953400
1998-06-30,69.59526824951172,4284800
1998-07-01,70.40142059326172,3489500
1998-07-02,70.5357666015625,3503900
1998-07-06,71.24591064453125,3144400
1998-07-07,71.111572265625,4920700
1998-07-08,71.62977600097656,6875000
1998-07-09,71.14998626708984,6942500
1998-07-10,71.53382110595703,7849700
1998-07-13,71.55303192138672,6555100
1998-07-14,72.35917663574219,6983600
1998-07-15,72.22476196289062,4977500
1998-07-16,72.72383117675781,6315600
1998-07-17,72.81978607177734,3539500
1998-07-20,72.81978607177734,2338400
1998-07-21,71.55303192138672,5518600
1998-07-22,71.55303192138672,10417300
1998-07-23,70.13270568847656,15110900
1998-07-24,70.07511901855469,11540500
1998-07-27,70.57415771484375,9600000
1998-07-28,69.38418579101562,13693000
1998-07-29,69.11546325683594,7462400
1998-07-30,70.15190124511719,6821600
1998-07-31,68.65481567382812,7680500
1998-08-03,68.36689758300781,10486500
1998-08-04,65.71820831298828,15091600
1998-08-05,66.62030792236328,21718400
1998-08-06,66.9082260131836,13084400
1998-08-07,67.02336883544922,12083800
1998-08-10,66.63951873779297,6273000
1998-08-11,65.64147186279297,14287100
1998-08-12,66.7546615600586,11158400
1998-08-13,65.94855499267578,9073900
1998-08-14,65.1807861328125,8628500
1998-08-17,66.56272888183594,11290000
1998-08-18,67.79110717773438,7603900
1998-08-19,67.61837005615234,6258600
1998-08-20,67.21528625488281,7402800
1998-08-21,66.67787170410156,16685400
1998-08-24,67.10011291503906,7201700
1998-08-25,67.25372314453125,9688300
1998-08-26,66.86981964111328,9339700
1998-08-27,63.722145080566406,24887800
1998-08-28,63.49179458618164,23735900
1998-08-31,58.96213150024414,22563100
1998-09-01,61.4572639465332,24748500
1998-09-02,61.01581954956055,13843200
1998-09-03,60.536014556884766,17311300
1998-09-04,60.0369758605957,17783800
1998-09-08,63.261444091796875,14746500
1998-09-09,61.72599792480469,12109700
1998-09-10,60.497615814208984,19889300
1998-09-11,62.45535659790039,20379800
1998-09-14,63.530189514160156,10686800
1998-09-15,63.914039611816406,8337900
1998-09-16,64.48983001708984,11024900
1998-09-17,62.64729690551758,12945200
1998-09-18,62.92631912231445,7019200
1998-09-21,62.88780975341797,8834600
1998-09-22,63.407867431640625,7270100
1998-09-23,65.95036315917969,13688500
1998-09-24,64.33238983154297,11129500
1998-09-25,64.25537109375,10247400
1998-09-28,64.83319091796875,8847800
1998-09-29,64.67913055419922,10618100
1998-09-30,62.71446228027344,7908400
1998-10-01,60.90388488769531,13335600
1998-10-02,62.078826904296875,14351800
1998-10-05,60.826839447021484,12807200
1998-10-06,60.76912307739258,12621000
1998-10-07,59.863800048828125,14348500
1998-10-08,59.53636932373047,20625000
1998-10-09,60.73054885864258,12708500
1998-10-12,61.61659240722656,9508500
1998-10-13,61.40470504760742,6256800
1998-10-14,61.982521057128906,8176900
1998-10-15,65.31474304199219,20541100
1998-10-16,65.33395385742188,16573900
1998-10-19,65.56509399414062,7915900
1998-10-20,65.95036315917969,14611600
1998-10-21,65.7192153930664,9178400
1998-10-22,66.70152282714844,8277500
1998-10-23,65.85403442382812,6237200
1998-10-26,66.33556365966797,5838600
1998-10-27,65.95036315917969,10089700
1998-10-28,65.83479309082031,5650600
1998-10-29,67.43346405029297,9625600
1998-10-30,67.79940032958984,9872800
1998-11-02,68.95512390136719,6501400
1998-11-03,68.45429229736328,6866000
1998-11-04,69.18623352050781,8233600
1998-11-05,70.1300048828125,6841500
1998-11-06,70.3418960571289,5224800
1998-11-09,69.84107971191406,6188700
1998-11-10,69.64849090576172,14015200
1998-11-11,69.18623352050781,10922400
1998-11-12,69.10918426513672,5457400
1998-11-13,69.78328704833984,5524600
1998-11-16,70.30342102050781,6023700
1998-11-17,70.30342102050781,9058900
1998-11-18,70.72711181640625,4567700
1998-11-19,71.34347534179688,5249300
1998-11-20,71.88279724121094,5562000
1998-11-23,73.57781982421875,7151300
1998-11-24,73.11551666259766,5323700
1998-11-25,73.11551666259766,4393500
1998-11-27,73.65482330322266,4557900
1998-11-30,71.57460021972656,8705400
1998-12-01,72.49917602539062,8950600
1998-12-02,72.28727722167969,7495500
1998-12-03,71.09307861328125,12145300
1998-12-04,72.96143341064453,10339500
1998-12-07,73.3080825805664,4290000
1998-12-08,72.98066711425781,10102600
1998-12-09,73.11551666259766,5327900
1998-12-10,72.04649353027344,5966600
1998-12-11,72.19097137451172,8198200
1998-12-14,70.11077880859375,9521400
1998-12-15,71.92129516601562,9631500
1998-12-16,71.82499694824219,7260000
1998-12-17,72.9710693359375,6914700
1998-12-18,73.28107452392578,4802400
1998-12-21,74.30535888671875,8580700
1998-12-22,74.63384246826172,5461100
1998-12-23,76.19917297363281,7791000
1998-12-24,75.87067413330078,1507100
1998-12-28,75.67745208740234,4203600
1998-12-29,76.8755874633789,3935800
1998-12-30,76.25720977783203,6810700
1998-12-31,76.25720977783203,6790500
1999-01-04,76.083251953125,9450400
1999-01-05,76.95289611816406,8031000
1999-01-06,78.80810546875,7737700
1999-01-07,78.42160034179688,5504900
1999-01-08,79.0013427734375,6224400
1999-01-11,78.24764251708984,7578300
1999-01-12,76.8369369506836,7768800
1999-01-13,76.29580688476562,10810600
1999-01-14,74.96238708496094,11400700
1999-01-15,76.91425323486328,7817700
1999-01-19,77.41670227050781,6535100
1999-01-20,78.03510284423828,6534400
1999-01-21,75.96733093261719,6937500
1999-01-22,75.79337310791016,7522300
1999-01-25,76.56639862060547,5700300
1999-01-26,77.9577865600586,6047000
1999-01-27,77.04949188232422,7399400
1999-01-28,78.34427642822266,5961700
1999-01-29,78.9433822631836,6456800
1999-02-01,78.47959899902344,9426800
1999-02-02,77.99645233154297,9194500
1999-02-03,78.78878784179688,10290700
1999-02-04,77.60994720458984,7761100
1999-02-05,76.72098541259766,7516100
1999-02-08,76.8755874633789,8528400
1999-02-09,75.15565490722656,8985700
1999-02-10,75.63880157470703,6936700
1999-02-11,77.3780517578125,9181800
1999-02-12,76.450439453125,10676600
1999-02-16,75.98661041259766,6915500
1999-02-17,75.90933227539062,7858100
1999-02-18,76.50841522216797,9048900
1999-02-19,76.8369369506836,5312200
1999-02-22,78.88538360595703,10695800
1999-02-23,78.84671783447266,7770700
1999-02-24,77.45532989501953,7271000
1999-02-25,76.72098541259766,11633000
1999-02-26,76.41175842285156,9621300
1999-03-01,76.62434387207031,7607200
1999-03-02,75.94796752929688,9651500
1999-03-03,76.35379028320312,7881400
1999-03-04,77.32006072998047,8256400
1999-03-05,78.87577056884766,10703100
1999-03-08,79.38786315917969,4802200
1999-03-09,79.19458770751953,7893400
1999-03-10,79.89029693603516,3950000
1999-03-11,80.77925872802734,6583700
1999-03-12,80.00625610351562,5286500
1999-03-15,81.14645385742188,5394400
1999-03-16,80.83721923828125,4547500
1999-03-17,80.48939514160156,4524100
1999-03-18,81.78418731689453,3506300
1999-03-19,80.39401245117188,5526700
1999-03-22,80.54901885986328,4603800
1999-03-23,78.224365234375,9713800
1999-03-24,78.66996765136719,6280900
1999-03-25,80.27783203125,6639600
1999-03-26,79.6966552734375,6159700
1999-03-29,81.30451965332031,5863900
1999-03-30,80.87834930419922,5401400
1999-03-31,79.58039855957031,7413600
1999-04-01,80.18095397949219,7683600
1999-04-05,82.07942199707031,5791100
1999-04-06,81.88570404052734,5381300
1999-04-07,82.54437255859375,6248600
1999-04-08,83.5904541015625,5909100
1999-04-09,83.60981750488281,4365800
1999-04-12,84.50090789794922,8213200
1999-04-13,83.95846557617188,10071400
1999-04-14,82.54437255859375,11551700
1999-04-15,82.23440551757812,11150000
1999-04-16,81.53700256347656,6476200
1999-04-19,80.27783203125,12487200
1999-04-20,81.2851791381836,9049600
1999-04-21,83.60981750488281,5772200
1999-04-22,84.40408325195312,6897400
1999-04-23,84.19098663330078,4593100
1999-04-26,84.6752700805664,3606500
1999-04-27,85.08209228515625,5147200
1999-04-28,83.91975402832031,5544300
1999-04-29,83.2804946899414,9824300
1999-04-30,82.60247039794922,10991900
1999-05-03,84.11346435546875,10709700
1999-05-04,82.91241455078125,10509300
1999-05-05,83.57103729248047,10032300
1999-05-06,83.0577392578125,13507200
1999-05-07,83.68730926513672,8680700
1999-05-10,83.27081298828125,5580100
1999-05-11,84.11346435546875,7000600
1999-05-12,84.77214050292969,13865800
1999-05-13,85.14022827148438,4485700
1999-05-14,82.93180847167969,8370100
1999-05-17,83.1836166381836,6268100
1999-05-18,83.02862548828125,8218600
1999-05-19,83.62918090820312,5052400
1999-05-20,83.1255111694336,4670400
1999-05-21,82.66058349609375,6418200
1999-05-24,81.2851791381836,7952000
1999-05-25,79.9678726196289,15406400
1999-05-26,80.85899353027344,12575900
1999-05-27,79.6966552734375,14515400
1999-05-28,80.71369171142578,8748000
1999-06-01,80.43281555175781,6705300
1999-06-02,80.51026916503906,6981900
1999-06-03,80.9558334350586,6076600
1999-06-04,82.58308410644531,9787200
1999-06-07,82.79624938964844,5299100
1999-06-08,81.98253631591797,4895700
1999-06-09,81.90503692626953,7409700
1999-06-10,81.14954376220703,7040700
1999-06-11,80.47148895263672,12824800
1999-06-14,80.54901885986328,6823500
1999-06-15,81.09142303466797,5700900
1999-06-16,82.64119720458984,7865800
1999-06-17,83.41609954833984,8162800
1999-06-18,83.51245880126953,2875100
1999-06-21,83.7067642211914,4646400
1999-06-22,83.12382507324219,5862400
1999-06-23,82.71578216552734,9629200
1999-06-24,82.09403991699219,9176900
1999-06-25,81.8899917602539,4087000
1999-06-28,82.89066314697266,5028900
1999-06-29,83.66789245605469,6956200
1999-06-30,85.18345642089844,16856100
1999-07-01,85.82469940185547,9939500
1999-07-02,86.67964172363281,3772800
1999-07-06,86.6601791381836,11221100
1999-07-07,86.7767562866211,3230700
1999-07-08,86.84480285644531,7101500
1999-07-09,87.35969543457031,2976800
1999-07-12,86.97106170654297,4436300
1999-07-13,86.6601791381836,6477600
1999-07-14,87.14599609375,4382500
1999-07-15,87.69971466064453,3348600
1999-07-16,88.17578125,2281500
1999-07-19,87.59288024902344,4287000
1999-07-20,85.7955551147461,7060100
1999-07-21,85.69844818115234,4793700
1999-07-22,84.57141876220703,7804100
1999-07-23,84.40625,4603000
1999-07-26,83.78446960449219,4333400
1999-07-27,84.4840087890625,5908500
1999-07-28,84.7560043334961,3955500
1999-07-29,83.57078552246094,7760600
1999-07-30,82.54093170166016,5994300
1999-08-02,82.73524475097656,6065500
1999-08-03,82.34663391113281,5445400
1999-08-04,81.21964263916016,6497900
1999-08-05,81.95801544189453,10322000
1999-08-06,81.06420135498047,7537700
1999-08-09,80.88937377929688,5565900
1999-08-10,79.9955062866211,9793300
1999-08-11,80.9670639038086,8003400
1999-08-12,80.91849517822266,7036800
1999-08-13,82.79357147216797,5857700
1999-08-16,83.16270446777344,3927000
1999-08-17,83.7067642211914,4808000
1999-08-18,83.10446166992188,4355500
1999-08-19,82.4243392944336,6448100
1999-08-20,83.25984191894531,3663700
1999-08-23,84.85315704345703,5637800
1999-08-24,85.1640396118164,9279500
1999-08-25,86.03845977783203,6005300
1999-08-26,85.0085678100586,4322300
1999-08-27,83.97880554199219,6247400
1999-08-30,82.4243392944336,4652000
1999-08-31,82.11346435546875,11453700
1999-09-01,83.12382507324219,6863900
1999-09-02,82.14263153076172,10896300
1999-09-03,84.54229736328125,9160800
1999-09-07,84.23141479492188,4560800
1999-09-08,83.82332611083984,6159600
1999-09-09,83.78446960449219,6177800
1999-09-10,84.4840087890625,2934500
1999-09-13,83.91078186035156,2320500
1999-09-14,83.35697937011719,3736000
1999-09-15,82.03573608398438,6984500
1999-09-16,82.35636901855469,15377600
1999-09-17,83.3969497680664,8542300
1999-09-20,83.28003692626953,2803900
1999-09-21,81.52633666992188,9335200
1999-09-22,81.4386978149414,13009100
1999-09-23,79.73371124267578,12204100
1999-09-24,79.65577697753906,13792900
1999-09-27,80.1818618774414,6970300
1999-09-28,80.02597045898438,11063400
1999-09-29,79.0711669921875,7580300
1999-09-30,80.27928924560547,7498900
1999-10-01,80.1039047241211,11127100
1999-10-04,81.52633666992188,6341600
1999-10-05,81.44841003417969,11976000
1999-10-06,82.69548797607422,10308200
1999-10-07,82.22776794433594,6535600
1999-10-08,83.47486114501953,9674300
1999-10-11,83.33845520019531,4282000
1999-10-12,82.05241394042969,8686100
1999-10-13,79.92855834960938,10469300
1999-10-14,79.9090576171875,10562200
1999-10-15,77.86310577392578,14238700
1999-10-18,78.42818450927734,9758800
1999-10-19,79.18812561035156,14392900
1999-10-20,79.967529296875,9759400
1999-10-21,80.4351806640625,9105400
1999-10-22,81.1171875,8309600
1999-10-25,80.7080078125,8114300
1999-10-26,79.6947250366211,6256300
1999-10-27,81.13663482666016,5433300
1999-10-28,83.90352630615234,10509700
1999-10-29,85.42341613769531,10988600
1999-11-01,84.52702331542969,4006500
1999-11-02,83.92301940917969,6516900
1999-11-03,84.48812103271484,7222300
1999-11-04,85.13111114501953,7907500
1999-11-05,85.96896362304688,7431500
1999-11-08,86.04691314697266,4649200
1999-11-09,85.23828887939453,4533700
1999-11-10,85.87156677246094,6405600
1999-11-11,86.3586654663086,4794100
1999-11-12,87.13810729980469,11802900
1999-11-15,87.3426742553711,2187500
1999-11-16,88.07341766357422,7544800
1999-11-17,88.30719757080078,9459000
1999-11-18,88.93072509765625,4491000
1999-11-19,88.85282897949219,4832100
1999-11-22,88.83329010009766,4155400
1999-11-23,88.05390167236328,5918000
1999-11-24,88.52156066894531,4459700
1999-11-26,88.1902847290039,1693900
1999-11-29,87.87853240966797,7348600
1999-11-30,86.84579467773438,7682000
1999-12-01,87.54730224609375,6980200
1999-12-02,88.07341766357422,6698300
1999-12-03,89.69068145751953,10045400
1999-12-06,89.02815246582031,3138900
1999-12-07,88.30719757080078,10714200
1999-12-08,87.74212646484375,4611400
1999-12-09,88.17081451416016,6474700
1999-12-10,88.46312713623047,5127300
1999-12-13,88.61898803710938,4210800
1999-12-14,87.7616195678711,5739000
1999-12-15,88.22927856445312,6879100
1999-12-16,88.61898803710938,5854900
1999-12-17,89.1881103515625,4775400
1999-12-20,88.54351043701172,4608700
1999-12-21,89.89131164550781,7981300
1999-12-22,90.12567901611328,5377500
1999-12-23,91.56136322021484,5721700
1999-12-27,91.43437194824219,2691000
1999-12-28,91.37581634521484,4084500
1999-12-29,91.76644897460938,3001000
1999-12-30,91.65900421142578,3641300
1999-12-31,91.80553436279297,3172700
2000-01-03,90.90701293945312,8164300
2000-01-04,87.35198211669922,8089800
2000-01-05,87.50822448730469,12177900
2000-01-06,86.10186767578125,6227200
2000-01-07,91.1023178100586,8066500
2000-01-10,91.41484832763672,5741700
2000-01-11,90.32099151611328,7503700
2000-01-12,89.42247009277344,6907700
2000-01-13,90.633544921875,5158300
2000-01-14,91.86416625976562,7437300
2000-01-18,91.14141845703125,6488500
2000-01-19,91.88363647460938,6157900
2000-01-20,90.477294921875,5800100
2000-01-21,90.28194427490234,6244800
2000-01-24,87.72313690185547,7896900
2000-01-25,88.71931457519531,9942500
2000-01-26,88.01611328125,5158100
2000-01-27,87.66453552246094,10922700
2000-01-28,84.92985534667969,11916200
2000-01-31,87.23480224609375,10768700
2000-02-01,88.09420013427734,8419900
2000-02-02,88.17240905761719,6205900
2000-02-03,89.50062561035156,7997500
2000-02-04,89.1294937133789,4925400
2000-02-07,88.9927749633789,5845800
2000-02-08,90.2038345336914,4936400
2000-02-09,88.30907440185547,8511500
2000-02-10,88.48490142822266,6690600
2000-02-11,86.68787384033203,9849800
2000-02-14,87.19576263427734,8528800
2000-02-15,88.1821517944336,11078300
2000-02-16,86.88323211669922,8845400
2000-02-17,86.43394470214844,7584200
2000-02-18,84.57827758789062,9409200
2000-02-22,84.36345672607422,16415400
2000-02-23,85.35958862304688,12119000
2000-02-24,83.64068603515625,17375000
2000-02-25,83.33796691894531,10559900
2000-02-28,85.08617401123047,13397800
2000-02-29,85.90653991699219,8242500
2000-03-01,86.53157806396484,6868000
2000-03-02,86.59019470214844,7600200
2000-03-03,88.21142578125,12770300
2000-03-06,87.35198211669922,11967100
2000-03-07,85.66239166259766,20062000
2000-03-08,85.55492401123047,11808500
2000-03-09,88.0551986694336,5500900
2000-03-10,87.58639526367188,7924600
2000-03-13,86.62923431396484,10540500
2000-03-14,85.398681640625,8263900
2000-03-15,87.39105987548828,10300800
2000-03-16,91.4735336303711,25601400
2000-03-17,92.07804107666016,10272900
2000-03-20,91.6080322265625,12502300
2000-03-21,93.48796844482422,13612600
2000-03-22,94.05591583251953,8260000
2000-03-23,95.66165161132812,11654500
2000-03-24,96.2295913696289,11462900
2000-03-27,95.21125030517578,8798600
2000-03-28,94.66297912597656,6334400
2000-03-29,94.76089477539062,6747500
2000-03-30,93.17462158203125,9491900
2000-03-31,94.23213958740234,9249100
2000-04-03,94.78040313720703,8508200
2000-04-04,94.07548522949219,19585500
2000-04-05,93.48796844482422,8387200
2000-04-06,94.3006820678711,6378500
2000-04-07,94.89797973632812,6023600
2000-04-10,94.5259017944336,9624200
2000-04-11,94.25166320800781,9006400
2000-04-12,91.66675567626953,10779200
2000-04-13,90.39392852783203,12225800
2000-04-14,85.22409057617188,29604000
2000-04-17,88.20063781738281,23918200
2000-04-18,90.5309829711914,11069200
2000-04-19,89.6889419555664,6553700
2000-04-20,90.11976623535156,8537600
2000-04-24,89.14059448242188,12893100
2000-04-25,92.84176635742188,14102000
2000-04-26,91.79411315917969,7711100
2000-04-27,91.49055480957031,15595300
2000-04-28,90.92261505126953,8743400
2000-05-01,92.1563491821289,7328300
2000-05-02,90.3155517578125,9411900
2000-05-03,88.20063781738281,12630700
2000-05-04,88.866455078125,5963600
2000-05-05,89.9435043334961,7862400
2000-05-08,89.26789093017578,5064100
2000-05-09,88.55311584472656,5620300
2000-05-10,86.5556411743164,10293900
2000-05-11,88.5335693359375,7091100
2000-05-12,89.49309539794922,5960800
2000-05-15,91.04014587402344,4441300
2000-05-16,91.9214096069336,8192200
2000-05-17,90.9617919921875,5907200
2000-05-18,89.84559631347656,4325600
2000-05-19,88.43561553955078,6518400
2000-05-22,87.76982879638672,10839400
2000-05-23,86.47737884521484,7979200
2000-05-24,87.88734436035156,11081500
2000-05-25,86.37947845458984,8278900
2000-05-26,86.47737884521484,4814000
2000-05-30,89.29730224609375,5362700
2000-05-31,89.49309539794922,6056500
2000-06-01,91.05970764160156,8961600
2000-06-02,92.64593505859375,8962200
2000-06-05,92.19551086425781,6998100
2000-06-06,91.7843246459961,4858900
2000-06-07,92.42074584960938,4919500
2000-06-08,92.0584487915039,5723100
2000-06-09,91.86260986328125,3085300
2000-06-12,90.78560638427734,3678900
2000-06-13,92.48926544189453,6558700
2000-06-14,92.64593505859375,6420500
2000-06-15,92.84176635742188,5881200
2000-06-16,92.07891082763672,5567900
2000-06-19,93.25666809082031,5106900
2000-06-20,92.9229507446289,6480000
2000-06-21,92.88369750976562,3115000
2000-06-22,91.47037506103516,7490500
2000-06-23,90.6852798461914,4863300
2000-06-26,91.85321044921875,5201300
2000-06-27,91.17597198486328,4159500
2000-06-28,91.4311752319336,5347700
2000-06-29,90.5675048828125,6345700
2000-06-30,91.2544937133789,7420200
2000-07-03,92.51070404052734,1436600
2000-07-05,90.8423080444336,2748200
2000-07-06,91.54891204833984,5963200
2000-07-07,93.0210952758789,3034800
2000-07-10,92.86407470703125,2816100
2000-07-11,93.06034088134766,5431600
2000-07-12,93.66883850097656,5883000
2000-07-13,94.08106231689453,5356000
2000-07-14,95.00358581542969,5341900
2000-07-17,94.8465805053711,4208300
2000-07-18,94.07122802734375,4262100
2000-07-19,93.31549072265625,8506800
2000-07-20,94.61100769042969,4538900
2000-07-21,92.76593780517578,5656900
2000-07-24,92.23589324951172,5628500
2000-07-25,92.53038024902344,4757100
2000-07-26,91.62744903564453,12062500
2000-07-27,91.31334686279297,7652600
2000-07-28,89.25234985351562,6229500
2000-07-31,89.82158660888672,5265500
2000-08-01,90.37118530273438,3946600
2000-08-02,90.82264709472656,7439800
2000-08-03,91.45076751708984,4607100
2000-08-04,91.94154357910156,3686600
2000-08-07,93.04068756103516,4159800
2000-08-08,93.39399719238281,3658700
2000-08-09,92.6088638305664,5383800
2000-08-10,92.15745544433594,4193400
2000-08-11,92.58922576904297,5089400
2000-08-14,93.76696014404297,2966700
2000-08-15,93.6884536743164,5564600
2000-08-16,93.35477447509766,5191600
2000-08-17,94.33623504638672,5652200
2000-08-18,94.02214813232422,4626400
2000-08-21,94.5324935913086,2380600
2000-08-22,94.37545776367188,3075300
2000-08-23,94.74845886230469,5483200
2000-08-24,95.04283142089844,4529000
2000-08-25,95.00358581542969,2822200
2000-08-28,95.32745361328125,5518700
2000-08-29,95.34707641601562,3561900
2000-08-30,94.43436431884766,3964800
2000-08-31,95.69062805175781,4863100
2000-09-01,95.78877258300781,3191200
2000-09-05,95.02323150634766,3470800
2000-09-06,93.94364166259766,4322200
2000-09-07,94.74845886230469,4265500
2000-09-08,94.10063934326172,3518200
2000-09-11,93.9632797241211,3937500
2000-09-12,93.27626037597656,4769100
2000-09-13,93.52162170410156,7691600
2000-09-14,93.99272155761719,3397100
2000-09-15,91.93634796142578,4085700
2000-09-18,91.09017944335938,5109300
2000-09-19,91.91668701171875,6588200
2000-09-20,91.23774719238281,6508100
2000-09-21,89.8504867553711,5972300
2000-09-22,91.48373413085938,7791300
2000-09-25,90.8343734741211,9726300
2000-09-26,89.67337799072266,5302400
2000-09-27,90.14564514160156,7186200
2000-09-28,91.30659484863281,7036400
2000-09-29,90.4407958984375,9333600
2000-10-02,90.57855224609375,5517800
2000-10-03,89.73240661621094,9347200
2000-10-04,90.48020935058594,6148900
2000-10-05,90.79501342773438,4566900
2000-10-06,88.82721710205078,10014900
2000-10-09,88.15811920166016,4508000
2000-10-10,86.70195770263672,6104700
2000-10-11,85.97391510009766,10346000
2000-10-12,83.82896423339844,12336900
2000-10-13,86.6232681274414,11778800
2000-10-16,87.01675415039062,5659000
2000-10-17,84.85221862792969,7831700
2000-10-18,84.537353515625,10897300
2000-10-19,87.72520446777344,8767300
2000-10-20,88.09908294677734,7373500
2000-10-23,88.49267578125,5290000
2000-10-24,87.90230560302734,5750700
2000-10-25,85.83610534667969,9137600
2000-10-26,86.07225036621094,9345800
2000-10-27,87.70551300048828,9762900
2000-10-30,88.49267578125,10154100
2000-10-31,90.01775360107422,7752400
2000-11-01,89.71267700195312,6753600
2000-11-02,89.86027526855469,11395100
2000-11-03,89.90949249267578,5187100
2000-11-06,90.53919982910156,4042500
2000-11-07,90.51949310302734,5231300
2000-11-08,88.51231384277344,6123300
2000-11-09,88.17781829833984,10635300
2000-11-10,86.03289031982422,8569500
2000-11-13,85.36380767822266,17285300
2000-11-14,87.60713195800781,7668900
2000-11-15,87.8826675415039,8837700
2000-11-16,86.50519561767578,6684100
2000-11-17,86.04276275634766,6551100
2000-11-20,84.81282806396484,5458500
2000-11-21,85.24575805664062,7684300
2000-11-22,83.20906829833984,5736900
2000-11-24,84.91123962402344,3411600
2000-11-27,85.65897369384766,5992000
2000-11-28,84.18315124511719,5336100
2000-11-29,84.02572631835938,6914100
2000-11-30,83.2976303100586,11201600
2000-12-01,83.25826263427734,7587200
2000-12-04,83.9666748046875,6996600
2000-12-05,86.72162628173828,8883400
2000-12-06,85.33432006835938,12888000
2000-12-07,84.16346740722656,6529100
2000-12-08,84.36027526855469,10276300
2000-12-11,87.29228210449219,6405600
2000-12-12,86.91841888427734,5022900
2000-12-13,85.7279052734375,6070500
2000-12-14,84.63573455810547,7678400
2000-12-15,82.72413635253906,9065300
2000-12-18,83.82946014404297,7235400
2000-12-19,82.12208557128906,9616600
2000-12-20,79.74356842041016,9994300
2000-12-21,80.29624938964844,14331500
2000-12-22,82.7043685913086,10182900
2000-12-26,83.59257507324219,4665300
2000-12-27,84.20455169677734,4854100
2000-12-28,84.46110534667969,8358700
2000-12-29,82.8623275756836,8774600
2001-01-02,81.3621826171875,8737500
2001-01-03,85.27037048339844,19431600
2001-01-04,84.35250854492188,9219000
2001-01-05,81.5990219116211,12911400
2001-01-08,82.23062133789062,6625300
2001-01-09,82.01354217529297,5702400
2001-01-10,83.45445251464844,8746100
2001-01-11,83.53337860107422,7245100
2001-01-12,83.37551879882812,7244000
2001-01-16,83.90845489501953,8542200
2001-01-17,84.29330444335938,7851400
2001-01-18,85.13220977783203,8107000
2001-01-19,84.64863586425781,7782500
2001-01-22,85.21116638183594,7050900
2001-01-23,85.88230895996094,8463100
2001-01-24,86.13885498046875,6199900
2001-01-25,85.92174530029297,10818300
2001-01-26,85.82308197021484,7136800
2001-01-29,86.28099822998047,6705900
2001-01-30,87.03898620605469,7069100
2001-01-31,86.54631805419922,9706900
2001-02-01,87.12105560302734,8239100
2001-02-02,85.14408874511719,8276600
2001-02-05,85.7693862915039,4352900
2001-02-06,85.5167007446289,7106700
2001-02-07,85.07456970214844,5748700
2001-02-08,84.0829086303711,5943300
2001-02-09,83.27439880371094,9913000
2001-02-12,84.22821044921875,5804400
2001-02-13,83.53971099853516,6587600
2001-02-14,83.41339874267578,8400100
2001-02-15,84.22183990478516,5929800
2001-02-16,82.3648681640625,6434900
2001-02-20,81.09530639648438,5760000
2001-02-21,79.3456802368164,10910800
2001-02-22,79.46566009521484,21281600
2001-02-23,78.92878723144531,20173000
2001-02-26,80.60894012451172,11503700
2001-02-27,79.8636245727539,11415000
2001-02-28,78.29086303710938,14825800
2001-03-01,78.70140075683594,14672000
2001-03-02,78.07608795166016,12564300
2001-03-05,78.78984832763672,5293200
2001-03-06,79.63619995117188,6917000
2001-03-07,80.20470428466797,6371700
2001-03-08,80.29314422607422,6055000
2001-03-09,77.9181900024414,10020300
2001-03-12,74.58319091796875,13972900
2001-03-13,75.80853271484375,12888000
2001-03-14,74.31155395507812,19883400
2001-03-15,74.33049011230469,10370300
2001-03-16,72.83963012695312,58514600
2001-03-19,74.32164001464844,10067800
2001-03-20,72.32662963867188,15083900
2001-03-21,71.09798431396484,19004600
2001-03-22,70.37596130371094,28624800
2001-03-23,72.50399017333984,12861700
2001-03-26,73.42863464355469,9943800
2001-03-27,74.92964935302734,12880700
2001-03-28,72.85862731933594,10953300
2001-03-29,73.1373062133789,12060300
2001-03-30,73.90363311767578,9183600
2001-04-02,72.32662963867188,10561000
2001-04-03,69.91361999511719,12836000
2001-04-04,70.20496368408203,14884300
2001-04-05,72.864990234375,21522800
2001-04-06,71.75666809082031,14937800
2001-04-09,72.55464935302734,9034300
2001-04-10,73.87832641601562,17873600
2001-04-11,73.9289779663086,12722300
2001-04-12,75.27166748046875,9233200
2001-04-16,74.47997283935547,7350000
2001-04-17,75.53131866455078,10924700
2001-04-18,78.53331756591797,32481600
2001-04-19,79.57830810546875,13809900
2001-04-20,78.8499755859375,7626700
2001-04-23,77.41864776611328,8451800
2001-04-24,77.00064849853516,10044700
2001-04-25,78.00762176513672,8249000
2001-04-26,78.35599517822266,10590400
2001-04-27,79.6606216430664,7938700
2001-04-30,80.21794891357422,10766900
2001-05-01,80.4649887084961,10578000
2001-05-02,80.31930541992188,9572900
2001-05-03,79.29963684082031,9926200
2001-05-04,80.6486587524414,12145300
2001-05-07,79.95198822021484,7185200
2001-05-08,79.91397094726562,6952600
2001-05-09,79.57830810546875,9507400
2001-05-10,79.8126449584961,6872400
2001-05-11,79.26165008544922,7734400
2001-05-14,79.41998291015625,7914000
2001-05-15,79.7873306274414,9782200
2001-05-16,81.66829681396484,14909000
2001-05-17,81.79496002197266,11824600
2001-05-18,82.16863250732422,6683100
2001-05-21,83.37831115722656,11531500
2001-05-22,83.2706527709961,8342700
2001-05-23,81.85833740234375,12330800
2001-05-24,82.09893798828125,7902800
2001-05-25,81.1299819946289,7425000
2001-05-29,80.48399353027344,9003900
2001-05-30,79.35667419433594,10041800
2001-05-31,79.76829528808594,9874200
2001-06-01,80.26231384277344,8848300
2001-06-04,80.6486587524414,5623500
2001-06-05,81.57329559326172,9115400
2001-06-06,80.89561462402344,12064900
2001-06-07,81.18700408935547,7355300
2001-06-08,80.43331909179688,8170600
2001-06-11,79.86331939697266,7012200
2001-06-12,79.72396087646484,9364400
2001-06-13,79.03997802734375,7629400
2001-06-14,77.26664733886719,12603000
2001-06-15,77.39110565185547,16821100
2001-06-18,77.01643371582031,11368300
2001-06-19,77.35304260253906,7732300
2001-06-20,77.75952911376953,8787200
2001-06-21,78.64232635498047,12259100
2001-06-22,78.02627563476562,12212000
2001-06-25,77.30856323242188,8406800
2001-06-26,77.20057678222656,8005800
2001-06-27,77.1561508178711,10105100
2001-06-28,77.58167266845703,10269300
2001-06-29,77.8674545288086,9824200
2001-07-02,78.8392333984375,8522200
2001-07-03,78.8201904296875,3303100
2001-07-05,77.28314971923828,5517900
2001-07-06,75.61278533935547,11665900
2001-07-09,76.02559661865234,8339300
2001-07-10,75.1109848022461,8630700
2001-07-11,75.18721008300781,15328600
2001-07-12,76.971923828125,12002800
2001-07-13,77.63883209228516,10433800
2001-07-16,76.66708374023438,6915300
2001-07-17,77.38478088378906,7469800
2001-07-18,76.85761260986328,7709300
2001-07-19,77.53086853027344,10082900
2001-07-20,77.06719970703125,6705800
2001-07-23,75.54922485351562,8065200
2001-07-24,74.81885528564453,12269000
2001-07-25,75.64449310302734,12088500
2001-07-26,76.43844604492188,12898200
2001-07-27,76.73058319091797,8478800
2001-07-30,76.75598907470703,8547700
2001-07-31,77.07355499267578,11918100
2001-08-01,77.55628204345703,11940800
2001-08-02,77.87382507324219,11070100
2001-08-03,77.44829559326172,10816300
2001-08-06,76.4066390991211,8550100
2001-08-07,76.70520782470703,8865100
2001-08-08,75.28245544433594,15183800
2001-08-09,75.50479125976562,14118500
2001-08-10,75.76519012451172,11173300
2001-08-13,75.78423309326172,7431600
2001-08-14,75.75247955322266,13178100
2001-08-15,75.0982666015625,8520600
2001-08-16,75.35871887207031,10734700
2001-08-17,74.15193939208984,11604600
2001-08-20,74.8379135131836,10417400
2001-08-21,73.56127166748047,14480800
2001-08-22,74.32343292236328,11752300
2001-08-23,74.05667877197266,8744100
2001-08-24,75.59368896484375,11687700
2001-08-27,75.14275360107422,7425100
2001-08-28,74.04395294189453,12046600
2001-08-29,73.3833999633789,16180000
2001-08-30,71.97339630126953,17692600
2001-08-31,72.50059509277344,15985400
2001-09-04,72.03695678710938,24473400
2001-09-05,72.21477508544922,21477100
2001-09-06,70.35387420654297,21653000
2001-09-07,69.05181121826172,33133900
2001-09-10,69.89653015136719,23408700
2001-09-17,66.2445297241211,32388700
2001-09-18,66.08572387695312,22029200
2001-09-19,64.75193786621094,42771800
2001-09-20,62.694122314453125,36210900
2001-09-21,62.017723083496094,49782100
2001-09-24,64.197998046875,25549600
2001-09-25,64.86742401123047,25466200
2001-09-26,64.63790130615234,18587500
2001-09-27,65.1988754272461,20536800
2001-09-28,66.58232879638672,21687200
2001-10-01,66.47393798828125,20457400
2001-10-02,67.30912017822266,19833100
2001-10-03,68.4375,32045800
2001-10-04,68.49492645263672,32674100
2001-10-05,68.36099243164062,29796100
2001-10-08,67.91474914550781,12970300
2001-10-09,67.55133819580078,15976300
2001-10-10,69.05591583251953,19987400
2001-10-11,70.12693786621094,23006300
2001-10-12,69.80817413330078,31360500
2001-10-15,69.6806640625,16873000
2001-10-16,70.12059783935547,15877100
2001-10-17,68.6287612915039,28542300
2001-10-18,68.48213958740234,16510000
2001-10-19,68.4375,21912500
2001-10-22,69.7890396118164,17540600
2001-10-23,69.43203735351562,22062500
2001-10-24,69.2471694946289,16065200
2001-10-25,70.49031829833984,27467900
2001-10-26,70.33097076416016,18623300
2001-10-29,68.50123596191406,18727500
2001-10-30,67.67887115478516,26178600
2001-10-31,67.44934844970703,28124200
2001-11-01,69.17698669433594,29806800
2001-11-02,69.64878845214844,17575900
2001-11-05,70.56047821044922,15929500
2001-11-06,71.65696716308594,23245800
2001-11-07,71.56134796142578,19716000
2001-11-08,71.78448486328125,22563500
2001-11-09,71.86101531982422,15895800
2001-11-12,71.42109680175781,26068800
2001-11-13,73.02762603759766,15296200
2001-11-14,73.09781646728516,17571300
2001-11-15,73.23165893554688,19470200
2001-11-16,72.90652465820312,18134900
2001-11-19,73.80540466308594,13625400
2001-11-20,73.18704223632812,16209700
2001-11-21,72.70250701904297,11470200
2001-11-23,73.74800109863281,6717100
2001-11-26,73.90742492675781,13726000
2001-11-27,73.5886459350586,19261400
2001-11-28,72.25625610351562,20195500
2001-11-29,73.23165893554688,16354700
2001-11-30,72.70890045166016,13680300
2001-12-03,72.2753677368164,15220400
2001-12-04,73.49942779541016,17239900
2001-12-05,74.84456634521484,25204000
2001-12-06,74.80628967285156,17972900
2001-12-07,74.30905151367188,18857800
2001-12-10,72.91925811767578,13862700
2001-12-11,72.7726058959961,20833300
2001-12-12,72.85548400878906,16171500
2001-12-13,71.4402084350586,19026700
2001-12-14,72.12236022949219,16721900
2001-12-17,72.86827087402344,13925900
2001-12-18,73.30177307128906,13663700
2001-12-19,73.81816864013672,20143400
2001-12-20,73.0914077758789,14867900
2001-12-21,73.5346908569336,14037700
2001-12-24,73.39398193359375,5728800
2001-12-26,73.7969741821289,10304800
2001-12-27,74.24478149414062,9407300
2001-12-28,74.20642852783203,10593800
2001-12-31,73.11888122558594,14619500
2002-01-02,73.90575408935547,18651900
2002-01-03,74.74375915527344,15743000
2002-01-04,75.24276733398438,20140700
2002-01-07,74.71182250976562,13106500
2002-01-08,74.5390396118164,12683700
2002-01-09,73.93128967285156,16610300
2002-01-10,74.257568359375,12823400
2002-01-11,73.52831268310547,13708400
2002-01-14,73.06771087646484,12301100
2002-01-15,73.66263580322266,20219900
2002-01-16,72.17212677001953,17067000
2002-01-17,72.71588897705078,17283400
2002-01-18,72.38323211669922,17028000
2002-01-22,71.8842544555664,11689300
2002-01-23,72.43440246582031,12438900
2002-01-24,72.65829467773438,12142800
2002-01-25,72.63912200927734,12810700
2002-01-28,72.8374252319336,10589200
2002-01-29,70.54727172851562,27720800
2002-01-30,71.56442260742188,34711800
2002-01-31,72.4024429321289,19909200
2002-02-01,72.0633773803711,15838500
2002-02-04,70.27220916748047,24243400
2002-02-05,69.83716583251953,33614000
2002-02-06,69.53654479980469,29486000
2002-02-07,69.10149383544922,23445400
2002-02-08,70.42570495605469,19277800
2002-02-11,71.28937530517578,18792400
2002-02-12,71.0654067993164,13942500
2002-02-13,71.8202896118164,16781100
2002-02-14,71.68595123291016,20453800
2002-02-15,70.93746948242188,18366800
2002-02-19,69.57487487792969,15988100
2002-02-20,70.74557495117188,29242800
2002-02-21,69.28064727783203,26288600
2002-02-22,70.13783264160156,26572900
2002-02-25,71.29571533203125,17458700
2002-02-26,71.14859008789062,22346500
2002-02-27,71.42369079589844,28597900
2002-02-28,71.10381317138672,23755400
2002-03-01,72.76065063476562,26273600
2002-03-04,74.04646301269531,27184600
2002-03-05,73.80976104736328,22718900
2002-03-06,74.6861801147461,20143200
2002-03-07,74.5262680053711,19330800
2002-03-08,74.83971405029297,19930100
2002-03-11,74.99964141845703,15621800
2002-03-12,74.9548568725586,17153600
2002-03-13,74.23200225830078,17175300
2002-03-14,74.12960815429688,11168100
2002-03-15,74.83598327636719,21220100
2002-03-18,74.84881591796875,17548900
2002-03-19,75.34918212890625,17912000
2002-03-20,73.931396484375,17114500
2002-03-21,73.9635009765625,25846800
2002-03-22,73.80309295654297,15235400
2002-03-25,72.88571166992188,17499600
2002-03-26,73.30909729003906,19947600
2002-03-27,73.50154113769531,19020300
2002-03-28,73.4694595336914,17532900
2002-04-01,73.50154113769531,17711000
2002-04-02,73.0973892211914,15669500
2002-04-03,72.58417510986328,25658500
2002-04-04,72.28263092041016,23549000
2002-04-05,72.29546356201172,19404900
2002-04-08,72.4494400024414,16470100
2002-04-09,71.94261932373047,15122700
2002-04-10,72.75740814208984,17199300
2002-04-11,70.94822692871094,25453700
2002-04-12,71.48070526123047,14950600
2002-04-15,70.9354248046875,17394900
2002-04-16,72.62265014648438,15040900
2002-04-17,72.46868133544922,12920100
2002-04-18,72.15434265136719,25204800
2002-04-19,72.41737365722656,10499200
2002-04-22,71.21125030517578,13922900
2002-04-23,70.90333557128906,16967000
2002-04-24,70.19119262695312,18902700
2002-04-25,70.2297134399414,25451500
2002-04-26,68.89530181884766,19769800
2002-04-29,68.5552978515625,17724400
2002-04-30,69.19683074951172,19473500
2002-05-01,70.04365539550781,24575600
2002-05-02,69.7741928100586,15666800
2002-05-03,69.01714324951172,18185500
2002-05-06,67.66351318359375,23630400
2002-05-07,67.42613983154297,21910000
2002-05-08,69.9345932006836,27917400
2002-05-09,69.12623596191406,18085600
2002-05-10,67.82394409179688,18958900
2002-05-13,69.20323181152344,14677700
2002-05-14,70.71083068847656,34201200
2002-05-15,70.43497467041016,29535300
2002-05-16,70.80071258544922,28092000
2002-05-17,71.1470947265625,27823700
2002-05-20,70.37725067138672,13833800
2002-05-21,69.7357406616211,16877200
2002-05-22,69.88970184326172,15844200
2002-05-23,70.63385772705078,13879800
2002-05-24,69.7292709350586,11877000
2002-05-28,69.35078430175781,24236900
2002-05-29,68.83755493164062,14773300
2002-05-30,68.64509582519531,18217900
2002-05-31,68.7862319946289,19826300
2002-06-03,66.95782470703125,26056300
2002-06-04,67.12464141845703,25856200
2002-06-05,67.75334167480469,19695900
2002-06-06,66.37403106689453,22998500
2002-06-07,66.29705047607422,24011600
2002-06-10,66.55364227294922,18759900
2002-06-11,65.41166687011719,19990700
2002-06-12,65.80948638916016,31266000
2002-06-13,65.14867401123047,21043900
2002-06-14,65.05245208740234,39267500
2002-06-17,66.7974624633789,17647200
2002-06-18,67.34278869628906,21628500
2002-06-19,65.77096557617188,21540700
2002-06-20,64.93055725097656,25691000
2002-06-21,63.91529846191406,31190700
2002-06-24,64.25003814697266,37169700
2002-06-25,62.80796813964844,33355000
2002-06-26,62.91099166870117,37913600
2002-06-27,64.01184844970703,31616400
2002-06-28,63.709285736083984,28184200
2002-07-01,62.4667854309082,20270200
2002-07-02,61.14057922363281,34213900
2002-07-03,61.488250732421875,30565800
2002-07-05,63.93461608886719,19013500
2002-07-08,63.13632583618164,19118600
2002-07-09,61.54616928100586,28620400
2002-07-10,59.3057746887207,50522500
2002-07-11,59.78862762451172,59476500
2002-07-12,59.13197708129883,39018600
2002-07-15,59.447410583496094,77317200
2002-07-16,58.30145263671875,53282400
2002-07-17,58.41731262207031,48880600
2002-07-18,56.524635314941406,32656700
2002-07-19,54.53531265258789,77572600
2002-07-22,52.91939163208008,78134000
2002-07-23,51.470882415771484,74484100
2002-07-24,54.541748046875,107022800
2002-07-25,54.078208923339844,87176600
2002-07-26,55.10825729370117,41206800
2002-07-29,57.792877197265625,53492900
2002-07-30,58.54608917236328,47532200
2002-07-31,58.68773651123047,44669900
2002-08-01,57.1555290222168,66571900
2002-08-02,55.8743896484375,51772900
2002-08-05,53.93014907836914,47191300
2002-08-06,55.74562072753906,64730000
2002-08-07,56.71775436401367,43289400
2002-08-08,58.55252456665039,48339800
2002-08-09,58.77145767211914,41879200
2002-08-12,58.340087890625,25841700
2002-08-13,57.27785110473633,49690500
2002-08-14,59.370140075683594,57423600
2002-08-15,60.1942024230957,45551500
2002-08-16,60.01395797729492,36517300
2002-08-19,61.41740798950195,33669900
2002-08-20,60.767189025878906,30508300
2002-08-21,61.642730712890625,39628900
2002-08-22,62.24146270751953,38399800
2002-08-23,60.90239715576172,33716400
2002-08-26,61.327293395996094,33830100
2002-08-27,60.61910629272461,35335700
2002-08-28,59.292869567871094,38970600
2002-08-29,59.31864547729492,42965700
2002-08-30,59.08690643310547,30366700
2002-09-03,56.83363342285156,76586400
2002-09-04,57.644832611083984,51099500
2002-09-05,57.1555290222168,67250900
2002-09-06,57.94095230102539,38622200
2002-09-09,58.365840911865234,33998400
2002-09-10,59.035362243652344,41416600
2002-09-11,58.66840362548828,27711200
2002-09-12,57.586849212646484,43601700
2002-09-13,57.72848892211914,41131000
2002-09-16,57.870113372802734,28167600
2002-09-17,56.54390335083008,47609700
2002-09-18,55.9774055480957,54719400
2002-09-19,54.52886962890625,48510500
2002-09-20,54.54696273803711,46325600
2002-09-23,54.10078048706055,46893800
2002-09-24,53.22776412963867,69507000
2002-09-25,54.54696273803711,59294400
2002-09-26,55.43938446044922,53638000
2002-09-27,53.51230239868164,64648300
2002-09-30,52.89149856567383,73096400
2002-10-01,55.43294906616211,67198100
2002-10-02,53.770965576171875,56749100
2002-10-03,53.22776412963867,55547000
2002-10-04,52.251304626464844,68483700
2002-10-07,51.17134094238281,53188000
2002-10-08,51.973175048828125,79531000
2002-10-09,50.505252838134766,79956400
2002-10-10,52.14134216308594,76749000
2002-10-11,54.42410659790039,82308300
2002-10-14,54.728057861328125,40631900
2002-10-15,57.36001205444336,82320300
2002-10-16,55.96968078613281,62977800
2002-10-17,57.081939697265625,68534100
2002-10-18,57.321224212646484,47448700
2002-10-21,58.31060791015625,45859100
2002-10-22,57.890296936035156,40966800
2002-10-23,58.33003234863281,54905800
2002-10-24,57.140167236328125,54987400
2002-10-25,58.33003234863281,43672100
2002-10-28,57.94847106933594,39416100
2002-10-29,57.27596664428711,59508200
2002-10-30,57.83209991455078,41688600
2002-10-31,57.243595123291016,41620600
2002-11-01,58.37528610229492,51878900
2002-11-04,58.93141174316406,49080600
2002-11-05,59.39705276489258,37270800
2002-11-06,60.16654586791992,65013100
2002-11-07,58.69213104248047,51572000
2002-11-08,57.97434997558594,37905400
2002-11-11,57.07548522949219,33505100
2002-11-12,57.528141021728516,37724500
2002-11-13,57.58634948730469,63891500
2002-11-14,58.672752380371094,31896800
2002-11-15,59.10602951049805,39152100
2002-11-18,58.5111083984375,28934800
2002-11-19,58.433475494384766,32806600
2002-11-20,59.73330307006836,36688400
2002-11-21,60.845577239990234,55128200
2002-11-22,60.4123420715332,32513800
2002-11-25,60.45109939575195,33846400
2002-11-26,59.300025939941406,42284700
2002-11-27,60.968475341796875,37764000
2002-11-29,60.77444076538086,19385700
2002-12-02,60.87142562866211,49911900
2002-12-03,60.056644439697266,34407700
2002-12-04,59.78501892089844,64040800
2002-12-05,59.12545394897461,36724900
2002-12-06,59.51341247558594,49824100
2002-12-09,57.87733459472656,36789600
2002-12-10,58.65336608886719,33319900
2002-12-11,58.70509338378906,39201000
2002-12-12,58.698638916015625,34465600
2002-12-13,57.773860931396484,36862200
2002-12-16,59.26771545410156,37098400
2002-12-17,58.7503547668457,32353900
2002-12-18,58.071346282958984,35612600
2002-12-19,57.657470703125,39264200
2002-12-20,58.48019790649414,31176900
2002-12-23,58.49966812133789,22599300
2002-12-24,58.06425857543945,10937000
2002-12-26,58.090267181396484,17485600
2002-12-27,56.78407669067383,22205700
2002-12-30,57.258460998535156,29968000
2002-12-31,57.33647537231445,34036600
2003-01-02,59.182029724121094,44516300
2003-01-03,59.364017486572266,32222600
2003-01-06,60.41027069091797,40984500
2003-01-07,60.260807037353516,38640400
2003-01-08,59.38995361328125,38702200
2003-01-09,60.31277084350586,34804900
2003-01-10,60.475242614746094,37768900
2003-01-13,60.455753326416016,31649900
2003-01-14,60.65070724487305,30733000
2003-01-15,60.04634094238281,33511800
2003-01-16,59.79938888549805,44812100
2003-01-17,58.91562271118164,35618300
2003-01-21,57.999305725097656,36826200
2003-01-22,57.297462463378906,42286500
2003-01-23,57.648406982421875,55919800
2003-01-24,56.13423156738281,68633900
2003-01-27,55.36737823486328,57884400
2003-01-28,55.77680206298828,46929100
2003-01-29,56.19920349121094,53712200
2003-01-30,54.86700439453125,49845900
2003-01-31,55.9262809753418,55317000
2003-02-03,56.0367546081543,39696000
2003-02-04,55.48435974121094,43633400
2003-02-05,55.13994216918945,55270600
2003-02-06,54.8800048828125,53638000
2003-02-07,54.21066665649414,43165000
2003-02-10,54.594058990478516,45455900
2003-02-11,54.21715545654297,46861000
2003-02-12,53.35285949707031,35873600
2003-02-13,53.51533126831055,57934100
2003-02-14,54.685054779052734,59580900
2003-02-18,55.64683151245117,39492700
2003-02-19,55.35438537597656,31432000
2003-02-20,54.802032470703125,29280100
2003-02-21,55.35438537597656,60955800
2003-02-24,54.457611083984375,30628600
2003-02-25,54.89303207397461,56770600
2003-02-26,54.09370422363281,37787200
2003-02-27,54.808536529541016,51126000
2003-02-28,55.172420501708984,43666800
2003-03-03,54.646034240722656,42923100
2003-03-04,53.775264739990234,31440500
2003-03-05,54.23017120361328,43974700
2003-03-06,53.775264739990234,41217700
2003-03-07,54.14567947387695,63538000
2003-03-10,52.84597396850586,41014100
2003-03-11,52.32609939575195,48102700
2003-03-12,52.677005767822266,62459800
2003-03-13,54.4965934753418,72117800
2003-03-14,54.67204284667969,63951800
2003-03-17,56.39417266845703,88217500
2003-03-18,56.7255744934082,50792300
2003-03-19,57.16098403930664,49630800
2003-03-20,57.28449630737305,67321600
2003-03-21,58.50720977783203,71165300
2003-03-24,56.56281661987305,65398900
2003-03-25,57.104393005371094,61040100
2003-03-26,56.81732177734375,45740800
2003-03-27,56.86296844482422,53120200
2003-03-28,56.575897216796875,32583000
2003-03-31,55.29051971435547,61119500
2003-04-01,56.13873291015625,53574000
2003-04-02,57.4958610534668,50431200
2003-04-03,57.22182083129883,48755500
2003-04-04,57.56111526489258,36250100
2003-04-07,57.45020294189453,69776200
2003-04-08,57.54155349731445,39712700
2003-04-09,56.78464889526367,55647300
2003-04-10,57.097835540771484,41812400
2003-04-11,56.86296844482422,47730100
2003-04-14,58.03740692138672,36711700
2003-04-15,58.5789794921875,49709800
2003-04-16,57.5806884765625,51788000
2003-04-17,58.435428619384766,37403100
2003-04-21,58.49414825439453,32052700
2003-04-22,59.59682083129883,59763600
2003-04-23,60.14490509033203,44227100
2003-04-24,59.60990524291992,49692400
2003-04-25,58.87260055541992,43917200
2003-04-28,59.89040756225586,46432900
2003-04-29,60.09920883178711,52017100
2003-04-30,59.96874237060547,48709100
2003-05-01,59.96222686767578,50240400
2003-05-02,60.816959381103516,50201500
2003-05-05,60.69949722290039,35437800
2003-05-06,61.2736930847168,44401000
2003-05-07,60.93439865112305,41413100
2003-05-08,60.32103729248047,40570700
2003-05-09,61.156246185302734,33608100
2003-05-12,61.90658950805664,35662300
2003-05-13,61.79566192626953,39253600
2003-05-14,61.66518020629883,32195100
2003-05-15,62.056617736816406,43879200
2003-05-16,61.900062561035156,38905000
2003-05-19,60.45159912109375,41606000
2003-05-20,60.32759475708008,55404600
2003-05-21,60.45159912109375,49333800
2003-05-22,61.051815032958984,38421800
2003-05-23,61.175819396972656,26155900
2003-05-27,62.24585723876953,43719200
2003-05-28,62.422019958496094,37727100
2003-05-29,62.25886917114258,50844200
2003-05-30,63.25722122192383,52529500
2003-06-02,63.518211364746094,50305500
2003-06-03,63.779151916503906,38254500
2003-06-04,64.69917297363281,49360700
2003-06-05,65.01887512207031,46262400
2003-06-06,64.76444244384766,60356800
2003-06-09,64.10540008544922,37808500
2003-06-10,64.75787353515625,29965900
2003-06-11,65.44298553466797,37610200
2003-06-12,65.64523315429688,36442000
2003-06-13,64.96015167236328,48628300
2003-06-16,66.33032989501953,36326300
2003-06-17,66.33032989501953,36801800
2003-06-18,66.27163696289062,35521000
2003-06-19,65.26028442382812,43551700
2003-06-20,65.11622619628906,41545000
2003-06-23,64.44828033447266,34237500
2003-06-24,64.51377868652344,36213600
2003-06-25,63.86551284790039,47743400
2003-06-26,64.6971206665039,33477300
2003-06-27,63.95065689086914,54208800
2003-06-30,63.930999755859375,33349000
2003-07-01,64.52031707763672,51322800
2003-07-02,65.33228302001953,34662100
2003-07-03,64.6578369140625,30792800
2003-07-07,65.94129180908203,31391100
2003-07-08,66.2359848022461,30952500
2003-07-09,65.86275482177734,36528500
2003-07-10,65.0245590209961,49777700
2003-07-11,65.6401138305664,39976300
2003-07-14,65.9609375,42114900
2003-07-15,65.8168716430664,42573600
2003-07-16,65.43053436279297,39894200
2003-07-17,64.50066375732422,52253500
2003-07-18,65.1620864868164,35698100
2003-07-21,64.35663604736328,34786000
2003-07-22,64.93941497802734,49968300
2003-07-23,64.98523712158203,37275400
2003-07-24,64.494140625,40896200
2003-07-25,65.633544921875,43241100
2003-07-28,65.3912582397461,34382800
2003-07-29,65.09005737304688,53472100
2003-07-30,64.93289184570312,28363300
2003-07-31,65.08349609375,54937200
2003-08-01,64.50720977783203,49321000
2003-08-04,64.50720977783203,55214100
2003-08-05,63.138648986816406,61415600
2003-08-06,63.50535202026367,50096900
2003-08-07,64.17324829101562,43427400
2003-08-08,64.35663604736328,27357300
2003-08-11,64.59894561767578,34631400
2003-08-12,65.18827056884766,43285600
2003-08-13,64.854248046875,36152000
2003-08-14,65.03108978271484,35525100
2003-08-15,65.23411560058594,12567000
2003-08-18,65.7972412109375,22873800
2003-08-19,66.04607391357422,37437700
2003-08-20,65.77759552001953,21295300
2003-08-21,65.98715209960938,46494200
2003-08-22,65.33228302001953,52040300
2003-08-25,65.43707275390625,23473000
2003-08-26,65.55496215820312,45065800
2003-08-27,65.57456970214844,18919500
2003-08-28,65.98055267333984,27402400
2003-08-29,66.42591857910156,28706600
2003-09-02,67.31645202636719,49419100
2003-09-03,67.68312072753906,44912400
2003-09-04,67.71589660644531,28381000
2003-09-05,67.33612060546875,31637300
2003-09-08,67.89270782470703,32632800
2003-09-09,67.44741821289062,35053200
2003-09-10,66.76637268066406,45904900
2003-09-11,66.96284484863281,38396300
2003-09-12,67.08724975585938,42524800
2003-09-15,66.85151672363281,21312800
2003-09-16,67.82723236083984,37892600
2003-09-17,67.69627380371094,31885800
2003-09-18,68.49513244628906,30243600
2003-09-19,68.14676666259766,34331600
2003-09-22,67.41056060791016,36677400
2003-09-23,67.6668930053711,32489200
2003-09-24,66.46393585205078,41694700
2003-09-25,65.91834259033203,52673100
2003-09-26,65.70145416259766,42914700
2003-09-29,66.34563446044922,36771600
2003-09-30,65.70145416259766,70764500
2003-10-01,67.1015625,65797600
2003-10-02,67.34477233886719,44591500
2003-10-03,67.96268463134766,48806900
2003-10-06,68.27163696289062,20226500
2003-10-07,68.5345687866211,42602900
2003-10-08,68.36368560791016,30920800
2003-10-09,68.5477294921875,40066500
2003-10-10,68.73832702636719,22682800
2003-10-13,68.95530700683594,23825600
2003-10-14,69.19849395751953,38484400
2003-10-15,69.01448059082031,39021700
2003-10-16,69.29051208496094,32772200
2003-10-17,68.5345687866211,32790300
2003-10-20,69.04731750488281,27657000
2003-10-21,68.92900085449219,26729100
2003-10-22,68.06128692626953,33914500
2003-10-23,67.93640899658203,45830500
2003-10-24,68.08760833740234,51723600
2003-10-27,68.1204605102539,32460200
2003-10-28,69.04731750488281,34956200
2003-10-29,69.13936614990234,30955400
2003-10-30,69.28397369384766,39123100
2003-10-31,69.2182388305664,25761600
2003-11-03,69.67178344726562,37589300
2003-11-04,69.52057647705078,31421600
2003-11-05,69.57316589355469,33558800
2003-11-06,69.9412841796875,28392300
2003-11-07,69.42198944091797,31723200
2003-11-10,69.13936614990234,25530800
2003-11-11,69.11964416503906,26558600
2003-11-12,69.89529418945312,28000000
2003-11-13,69.91499328613281,29714800
2003-11-14,69.32339477539062,49158500
2003-11-17,68.97504425048828,44382100
2003-11-18,68.25849914550781,41155000
2003-11-19,68.83695220947266,29827000
2003-11-20,68.21903228759766,53578700
2003-11-21,68.5017318725586,30016000
2003-11-24,69.4088134765625,28906400
2003-11-25,69.67178344726562,37580000
2003-11-26,69.92156219482422,33053600
2003-11-28,69.97418975830078,10507500
2003-12-01,70.73009490966797,38699000
2003-12-02,70.55264282226562,35352000
2003-12-03,70.44087219238281,39078600
2003-12-04,70.73009490966797,36089500
2003-12-05,70.23712158203125,28824400
2003-12-08,70.7103500366211,32482900
2003-12-09,70.16481018066406,43596100
2003-12-10,70.15823364257812,36915400
2003-12-11,70.94705200195312,45304000
2003-12-12,71.08509826660156,34142200
2003-12-15,70.73009490966797,38693400
2003-12-16,71.09821319580078,32894200
2003-12-17,71.32170104980469,23198800
2003-12-18,72.12368774414062,29353100
2003-12-19,71.92290496826172,41465100
2003-12-22,72.42483520507812,27611300
2003-12-23,72.47105407714844,24741200
2003-12-24,72.39842987060547,8055800
2003-12-26,72.45125579833984,8308400
2003-12-29,73.41552734375,22483700
2003-12-30,73.42874145507812,19559500
2003-12-31,73.49478149414062,31501800
2004-01-02,73.46177673339844,38072300
2004-01-05,74.26089477539062,27959800
2004-01-06,74.33352661132812,20472800
2004-01-07,74.58451080322266,30170400
2004-01-08,74.88169860839844,36438400
2004-01-09,74.22785949707031,54084300
2004-01-12,74.77603912353516,31564100
2004-01-13,74.34012603759766,54239700
2004-01-14,74.96095275878906,30112800
2004-01-15,75.14585876464844,38408700
2004-01-16,75.44308471679688,31922700
2004-01-20,75.42327117919922,29863000
2004-01-21,76.01768493652344,30725000
2004-01-22,75.81954193115234,29888500
2004-01-23,75.57518005371094,44245300
2004-01-26,76.52620697021484,30460600
2004-01-27,75.74029541015625,35322800
2004-01-28,74.87509155273438,52621300
2004-01-29,74.94778442382812,60117100
2004-01-30,74.94778442382812,30984400
2004-02-02,75.27135467529297,38832400
2004-02-03,75.14585876464844,25093500
2004-02-04,74.53170776367188,39332600
2004-02-05,74.74964904785156,37226800
2004-02-06,75.58836364746094,37216000
2004-02-09,75.60819244384766,24851300
2004-02-10,75.85255432128906,27908100
2004-02-11,76.65829467773438,42965700
2004-02-12,76.38093566894531,27814700
2004-02-13,76.0374755859375,44739900
2004-02-17,76.72435760498047,23984300
2004-02-18,76.38755798339844,28618000
2004-02-19,76.10354614257812,51146200
2004-02-20,75.87239074707031,46728800
2004-02-23,75.68084716796875,36357000
2004-02-24,75.54875183105469,43953000
2004-02-25,75.86575317382812,31213600
2004-02-26,75.91200256347656,29683000
2004-02-27,75.96485900878906,39312000
2004-03-01,76.7177734375,33130800
2004-03-02,76.26866149902344,38556400
2004-03-03,76.4073486328125,31346200
2004-03-04,76.60548400878906,21060000
2004-03-05,76.86306762695312,55905600
2004-03-08,75.92523193359375,39281600
2004-03-09,75.62141418457031,39746100
2004-03-10,74.35333251953125,67671800
2004-03-11,73.3891372680664,89134800
2004-03-12,74.35333251953125,54012200
2004-03-15,73.44193267822266,57677200
2004-03-16,73.83159637451172,59832600
2004-03-17,74.65714263916016,41607300
2004-03-18,74.6769790649414,60014300
2004-03-19,73.60662078857422,48636200
2004-03-22,72.67213439941406,62752100
2004-03-23,72.54615783691406,54080200
2004-03-24,72.60582733154297,51584300
2004-03-25,73.56684112548828,49873600
2004-03-26,73.58671569824219,37409500
2004-03-29,74.6206283569336,44113600
2004-03-30,74.87248992919922,39059900
2004-03-31,74.95864868164062,48517600
2004-04-01,75.40930938720703,45103800
2004-04-02,75.97926330566406,50987700
2004-04-05,76.3968276977539,30251800
2004-04-06,76.1516342163086,28420900
2004-04-07,75.97265625,45890500
2004-04-08,75.80034637451172,46929700
2004-04-12,76.09861755371094,23085200
2004-04-13,75.03157043457031,56210300
2004-04-14,75.15084838867188,62322300
2004-04-15,74.86583709716797,61602500
2004-04-16,75.44245147705078,47059200
2004-04-19,75.44245147705078,28277600
2004-04-20,74.17658996582031,53299400
2004-04-21,74.67365264892578,50177300
2004-04-22,75.72083282470703,62071500
2004-04-23,75.79369354248047,29395700
2004-04-26,75.68769836425781,35515200
2004-04-27,75.75398254394531,43485500
2004-04-28,74.77306365966797,50165800
2004-04-29,74.11691284179688,69687600
2004-04-30,73.54035949707031,48681400
2004-05-03,74.3290023803711,33758000
2004-05-04,74.26934051513672,51185100
2004-05-05,74.74657440185547,34405000
2004-05-06,74.10366821289062,54997000
2004-05-07,72.8775634765625,60950000
2004-05-10,72.128662109375,75279400
2004-05-11,72.73839569091797,48300600
2004-05-12,73.20232391357422,90830500
2004-05-13,72.89744567871094,57393700
2004-05-14,72.93055725097656,54123100
2004-05-17,72.30760955810547,55020400
2004-05-18,72.67213439941406,30193100
2004-05-19,72.42027282714844,54804100
2004-05-20,72.6522445678711,38082900
2004-05-21,72.77813720703125,47480400
2004-05-24,73.08302307128906,40961500
2004-05-25,74.13021087646484,48668000
2004-05-26,74.388671875,35977000
2004-05-27,74.8062515258789,45306900
2004-05-28,74.7995834350586,23367200
2004-06-01,74.70016479492188,41044700
2004-06-02,74.97855377197266,39774200
2004-06-03,74.28926086425781,38688300
2004-06-04,74.87909698486328,32739500
2004-06-07,76.01908874511719,31643800
2004-06-08,76.12511444091797,32846500
2004-06-09,75.41594696044922,36737600
2004-06-10,75.7871322631836,21711000
2004-06-14,75.03816986083984,34633000
2004-06-15,75.56838989257812,37445000
2004-06-16,75.55516815185547,26633400
2004-06-17,75.44245147705078,28402400
2004-06-18,75.5848388671875,31799800
2004-06-21,75.29878234863281,25284000
2004-06-22,75.6779556274414,37334000
2004-06-23,76.32981872558594,35580000
2004-06-24,76.09039306640625,35272100
2004-06-25,75.72451782226562,32837900
2004-06-28,75.4650650024414,40824500
2004-06-29,75.77772521972656,28418100
2004-06-30,76.18347930908203,52230600
2004-07-01,75.12583923339844,57734700
2004-07-02,75.08590698242188,34615100
2004-07-06,74.42741394042969,38698200
2004-07-07,74.64691162109375,29839800
2004-07-08,74.12805938720703,45291100
2004-07-09,74.32093048095703,27412900
2004-07-12,74.35424041748047,35691300
2004-07-13,74.40744018554688,26752000
2004-07-14,74.18128204345703,54089400
2004-07-15,73.70235443115234,38403500
2004-07-16,73.64244842529297,40871200
2004-07-19,73.32984161376953,39592800
2004-07-20,74.26110076904297,46679800
2004-07-21,72.89081573486328,56241100
2004-07-22,73.09037017822266,72477100
2004-07-23,72.4784164428711,49610500
2004-07-26,72.33872985839844,49679100
2004-07-27,73.0171890258789,51295100
2004-07-28,73.2367172241211,65862300
2004-07-29,73.54934692382812,52200500
2004-07-30,73.72896575927734,41581700
2004-08-02,73.88195037841797,38263100
2004-08-03,73.30986022949219,40948800
2004-08-04,73.30323791503906,40763200
2004-08-05,72.10594940185547,50772000
2004-08-06,71.07485961914062,74729000
2004-08-09,71.17466735839844,37476300
2004-08-10,72.09256744384766,55870600
2004-08-11,71.94625854492188,52933200
2004-08-12,71.16133117675781,50015900
2004-08-13,71.30104064941406,41634700
2004-08-16,72.0394058227539,45731900
2004-08-17,72.44512939453125,40701600
2004-08-18,73.1901626586914,43165400
2004-08-19,72.977294921875,39881600
2004-08-20,73.489501953125,44870900
2004-08-23,73.30323791503906,33745100
2004-08-24,73.40300750732422,30453100
2004-08-25,73.90193176269531,38551400
2004-08-26,73.90193176269531,26629500
2004-08-27,74.13471221923828,24902900
2004-08-30,73.52276611328125,26726500
2004-08-31,73.90858459472656,44125300
2004-09-01,74.04825592041016,52778300
2004-09-02,74.8863754272461,42736600
2004-09-03,74.58036041259766,30480500
2004-09-07,75.0726318359375,37338800
2004-09-08,74.8863754272461,32963100
2004-09-09,74.81986236572266,34314800
2004-09-10,75.20564270019531,27900600
2004-09-13,75.45177459716797,44398100
2004-09-14,75.60474395751953,28048900
2004-09-15,75.03276062011719,38295000
2004-09-16,75.25885772705078,23911700
2004-09-17,75.57881927490234,33683000
2004-09-20,75.12461853027344,37149400
2004-09-21,75.45191955566406,40920800
2004-09-22,74.51010131835938,49042100
2004-09-23,74.10934448242188,44068700
2004-09-24,74.44998168945312,34981100
2004-09-27,73.97574615478516,39355100
2004-09-28,74.32975006103516,41662900
2004-09-29,74.70382690429688,33325700
2004-09-30,74.65038299560547,43536700
2004-10-01,75.91279602050781,62824300
2004-10-04,76.03970336914062,33082400
2004-10-05,76.0798110961914,36910600
2004-10-06,76.60079193115234,42297800
2004-10-07,75.77922058105469,39388800
2004-10-08,75.1513442993164,51872600
2004-10-11,75.45857238769531,20229100
2004-10-12,75.16468811035156,41754700
2004-10-13,74.50342559814453,54212600
2004-10-14,73.90226745605469,64082200
2004-10-15,74.31643676757812,63482200
2004-10-18,74.59691619873047,43535100
2004-10-19,73.96907043457031,55851900
2004-10-20,73.82213592529297,57118500
2004-10-21,74.30303192138672,53218300
2004-10-22,73.46812438964844,48752400
2004-10-25,73.38125610351562,43990900
2004-10-26,74.50342559814453,54337400
2004-10-27,75.3984603881836,73896000
2004-10-28,75.62557983398438,54413300
2004-10-29,75.61221313476562,48820200
2004-11-01,75.81928253173828,36720900
2004-11-02,75.84602355957031,56210000
2004-11-03,76.8011703491211,76960200
2004-11-04,77.84986877441406,55350300
2004-11-05,78.33748626708984,63287200
2004-11-08,78.22393035888672,33863800
2004-11-09,78.07028198242188,44658100
2004-11-10,78.13042449951172,45265400
2004-11-11,78.72488403320312,37863200
2004-11-12,79.3460922241211,55583700
2004-11-15,79.54103088378906,35297900
2004-11-16,78.97158813476562,40028700
2004-11-17,79.44058227539062,54494000
2004-11-18,79.54771423339844,31854300
2004-11-19,78.66341400146484,54276500
2004-11-22,79.03858184814453,37560200
2004-11-23,79.15917205810547,41968800
2004-11-24,79.34677124023438,29724800
2004-11-26,79.28644561767578,15487700
2004-11-29,78.92467498779297,61460800
2004-11-30,78.97828674316406,53685200
2004-12-01,79.87602996826172,49898300
2004-12-02,79.94298553466797,60163500
2004-12-03,79.889404296875,49067900
2004-12-06,79.86258697509766,33030500
2004-12-07,79.11897277832031,52047200
2004-12-08,79.58122253417969,43895100
2004-12-09,79.86258697509766,60922800
2004-12-10,79.94298553466797,47828600
2004-12-13,80.63969421386719,38541000
2004-12-14,80.9211196899414,41500700
2004-12-15,80.98139190673828,46699200
2004-12-16,80.93446350097656,51641800
2004-12-17,80.3946533203125,70761900
2004-12-20,80.41484069824219,47187400
2004-12-21,81.03411102294922,33094200
2004-12-22,81.22930908203125,31500700
2004-12-23,81.28988647460938,25646100
2004-12-27,81.12159729003906,29944100
2004-12-28,81.56586456298828,23422900
2004-12-29,81.68700408935547,22650600
2004-12-30,81.5322036743164,21076900
2004-12-31,81.35717010498047,28648800
2005-01-03,80.97351837158203,55748000
2005-01-04,79.98408508300781,69167600
2005-01-05,79.43212890625,65667300
2005-01-06,79.83597564697266,47814700
2005-01-07,79.72156524658203,55847700
2005-01-10,80.0985107421875,56563300
2005-01-11,79.54656219482422,63099700
2005-01-12,79.80908966064453,72720500
2005-01-13,79.16966247558594,55537500
2005-01-14,79.58697509765625,42032500
2005-01-18,80.41484069824219,57391700
2005-01-19,79.57349395751953,54378900
2005-01-20,79.08885192871094,72049300
2005-01-21,78.604248046875,63160400
2005-01-24,78.44941711425781,58441900
2005-01-25,78.67153930664062,68245000
2005-01-26,78.90711212158203,57195100
2005-01-27,79.041748046875,55878800
2005-01-28,79.041748046875,60738900
2005-01-31,79.53311157226562,52532700
2005-02-01,80.03792572021484,49841200
2005-02-02,80.28024291992188,52468900
2005-02-03,80.07159423828125,48837100
2005-02-04,80.92642974853516,50024600
2005-02-07,80.81867980957031,45412000
2005-02-08,80.91295623779297,39263500
2005-02-09,80.30717468261719,55279400
2005-02-10,80.59659576416016,45858600
2005-02-11,81.28988647460938,53133000
2005-02-14,81.22930908203125,32432100
2005-02-15,81.5322036743164,43852700
2005-02-16,81.58604431152344,55523000
2005-02-17,80.92642974853516,58124000
2005-02-18,81.03411102294922,47723300
2005-02-22,79.82923889160156,80697600
2005-02-23,80.40140533447266,68292600
2005-02-24,80.93314361572266,68563600
2005-02-25,81.7341079711914,60899900
2005-02-28,81.19564056396484,69381300
2005-03-01,81.5995101928711,47294400
2005-03-02,81.55911254882812,64226500
2005-03-03,81.59278106689453,61230800
2005-03-04,82.60916900634766,56168500
2005-03-07,82.64952850341797,43442400
2005-03-08,82.33989715576172,44362000
2005-03-09,81.42450714111328,73263600
2005-03-10,81.60623931884766,65149000
2005-03-11,81.03411102294922,57976500
2005-03-14,81.5389175415039,36336400
2005-03-15,80.86583709716797,62438500
2005-03-16,80.17926788330078,74874200
2005-03-17,80.34081268310547,62584200
2005-03-18,80.10224151611328,60232000
2005-03-21,79.804931640625,61244300
2005-03-22,78.99404907226562,92472400
2005-03-23,79.06163024902344,70817300
2005-03-24,79.15623474121094,51932500
2005-03-28,79.27108764648438,46765500
2005-03-29,78.74403381347656,71160300
2005-03-30,79.85901641845703,62002100
2005-03-31,79.71031188964844,64575400
2005-04-01,79.35221099853516,95255300
2005-04-04,79.48734283447266,71581200
2005-04-05,79.86579132080078,46853900
2005-04-06,80.142822265625,53268200
2005-04-07,80.57527923583984,46734600
2005-04-08,79.73737335205078,63772900
2005-04-11,79.79821014404297,44945000
2005-04-12,80.21039581298828,86144800
2005-04-13,79.26437377929688,65949000
2005-04-14,78.23047637939453,96119800
2005-04-15,77.13578796386719,128677300
2005-04-18,77.37227630615234,100035200
2005-04-19,77.98719787597656,64930100
2005-04-20,76.89929962158203,107735900
2005-04-21,78.39264678955078,86952200
2005-04-22,78.09536743164062,88845800
2005-04-25,78.60889434814453,52284100
2005-04-26,77.84532165527344,72626000
2005-04-27,78.14939880371094,84131900
2005-04-28,77.16960906982422,72481500
2005-04-29,78.21694946289062,103993800
2005-05-02,78.65615844726562,56026400
2005-05-03,78.7913589477539,86000300
2005-05-04,79.39952087402344,81055700
2005-05-05,79.37248992919922,96906700
2005-05-06,79.12244415283203,67415400
2005-05-09,79.6157455444336,43750500
2005-05-10,78.7913589477539,74613500
2005-05-11,79.22382354736328,91647400
2005-05-12,78.35211181640625,95086800
2005-05-13,78.19670104980469,85267000
2005-05-16,78.92649841308594,49207000
2005-05-17,79.45354461669922,61071800
2005-05-18,80.27122497558594,77944900
2005-05-19,80.60908508300781,61768100
2005-05-20,80.49417114257812,46345500
2005-05-23,80.94017791748047,51047900
2005-05-24,80.7509765625,50654100
2005-05-25,80.690185546875,47608800
2005-05-26,81.1226577758789,43256200
2005-05-27,81.25777435302734,24596100
2005-05-31,80.73748779296875,43377200
2005-06-01,81.4267349243164,69611000
2005-06-02,81.60245513916016,39704500
2005-06-03,81.19022369384766,60999400
2005-06-06,81.11592102050781,36046400
2005-06-07,81.17671203613281,66501300
2005-06-08,81.02803039550781,46881200
2005-06-09,81.41324615478516,56653300
2005-06-10,81.22401428222656,36465300
2005-06-13,81.4808120727539,49383200
2005-06-14,81.66998291015625,33857100
2005-06-15,81.82540130615234,53195600
2005-06-16,82.03491973876953,46564500
2005-06-17,82.3388442993164,51529400
2005-06-20,82.36601257324219,41019400
2005-06-21,82.41348266601562,39879800
2005-06-22,82.48133850097656,46310100
2005-06-23,81.3211441040039,62185600
2005-06-24,80.72410583496094,58572500
2005-06-27,80.83943176269531,48183800
2005-06-28,81.51790618896484,41174200
2005-06-29,81.30078125,42316500
2005-06-30,80.85978698730469,62288800
2005-07-01,81.09725189208984,49737500
2005-07-05,81.74858856201172,51549000
2005-07-06,81.06334686279297,52363600
2005-07-07,81.3821792602539,103268800
2005-07-08,82.31172943115234,64491200
2005-07-11,82.73236846923828,49688300
2005-07-12,82.94947052001953,51871100
2005-07-13,83.06480407714844,41182300
2005-07-14,83.39047241210938,63638800
2005-07-15,83.34298706054688,56075900
2005-07-18,83.01054382324219,56598400
2005-07-19,83.46510314941406,59165700
2005-07-20,83.7500991821289,69477000
2005-07-21,83.26156616210938,101110900
2005-07-22,83.81790924072266,52607100
2005-07-25,83.5804672241211,57301600
2005-07-26,83.68221282958984,42758800
2005-07-27,83.98753356933594,43181600
2005-07-28,84.51673889160156,47880700
2005-07-29,83.95359802246094,62358100
2005-08-01,83.89254760742188,40418200
2005-08-02,84.39464569091797,45147400
2005-08-03,84.61846160888672,36837200
2005-08-04,83.94002532958984,50855600
2005-08-05,83.3701400756836,53595500
2005-08-08,83.21408081054688,47616000
2005-08-09,83.71617126464844,47170000
2005-08-10,83.67544555664062,72863700
2005-08-11,84.00788116455078,58570200
2005-08-12,83.49227142333984,54776900
2005-08-15,84.00788116455078,36208500
2005-08-16,82.9155502319336,71942100
2005-08-17,82.90876007080078,62275100
2005-08-18,82.90199279785156,53388600
2005-08-19,83.09194946289062,39842100
2005-08-22,83.09194946289062,69912000
2005-08-23,82.93590545654297,55168600
2005-08-24,82.19639587402344,79104600
2005-08-25,82.494873046875,35631100
2005-08-26,81.93180084228516,61956800
2005-08-29,82.56275939941406,56179200
2005-08-30,82.12853240966797,74160200
2005-08-31,83.16659545898438,102945200
2005-09-01,83.10552215576172,74578700
2005-09-02,82.95624542236328,47653400
2005-09-06,83.9264907836914,57251300
2005-09-07,84.0689468383789,41749700
2005-09-08,83.79077911376953,39068700
2005-09-09,84.53707122802734,43093900
2005-09-12,84.36748504638672,33017600
2005-09-13,83.89929962158203,58427500
2005-09-14,83.59400939941406,57694600
2005-09-15,83.5533218383789,73156900
2005-09-16,84.14742279052734,75424100
2005-09-19,83.86811065673828,53355300
2005-09-20,83.15950775146484,84480300
2005-09-21,82.38272857666016,94469100
2005-09-22,82.67572021484375,84597200
2005-09-23,82.74385833740234,59368100
2005-09-26,82.83926391601562,70415400
2005-09-27,82.81877136230469,66150800
2005-09-28,82.90058898925781,58620500
2005-09-29,83.57512664794922,66607700
2005-09-30,83.83399963378906,47824200
2005-10-03,83.53424835205078,50994800
2005-10-04,82.59395599365234,60776300
2005-10-05,81.51060485839844,106052100
2005-10-06,81.21759033203125,140941800
2005-10-07,81.49700927734375,75661400
2005-10-10,80.80880737304688,52677000
2005-10-11,80.69297790527344,75629800
2005-10-12,80.0593490600586,100510400
2005-10-13,80.01163482666016,99052900
2005-10-14,80.85652923583984,88651000
2005-10-17,81.15629577636719,68109300
2005-10-18,80.27732849121094,74996900
2005-10-19,81.61279296875,116563800
2005-10-20,80.17511749267578,131966700
2005-10-21,80.48857879638672,96579500
2005-10-24,81.73544311523438,71308400
2005-10-25,81.57194519042969,76594500
2005-10-26,81.33345794677734,80855800
2005-10-27,80.4681167602539,66623100
2005-10-28,81.62646484375,72322000
2005-10-31,81.85128021240234,77698900
2005-11-01,82.09659576416016,66365100
2005-11-02,82.955078125,74012300
2005-11-03,83.3093490600586,84897600
2005-11-04,83.20037841796875,59156000
2005-11-07,83.28211975097656,46765400
2005-11-08,83.28211975097656,42152800
2005-11-09,83.39114379882812,57666800
2005-11-10,84.03840637207031,79048100
2005-11-11,84.32460021972656,34867000
2005-11-14,84.27693939208984,45092200
2005-11-15,83.97029876708984,69592500
2005-11-16,84.14065551757812,51133000
2005-11-17,84.9241714477539,55717500
2005-11-18,85.25806427001953,72437200
2005-11-21,85.68733215332031,50021200
2005-11-22,86.0552749633789,66438800
2005-11-23,86.55261993408203,50854700
2005-11-25,86.6207504272461,15270000
2005-11-28,86.007568359375,54498500
2005-11-29,85.91215515136719,51738900
2005-11-30,85.4488296508789,56007200
2005-12-01,86.32098388671875,65468200
2005-12-02,86.43000030517578,46699400
2005-12-05,86.24604797363281,59273400
2005-12-06,86.40953063964844,57935200
2005-12-07,85.90534973144531,66816500
2005-12-08,85.85086822509766,62608600
2005-12-09,86.07565307617188,50744500
2005-12-12,86.15743255615234,48389900
2005-12-13,86.74342346191406,88630900
2005-12-14,87.0841064453125,64375000
2005-12-15,86.83199310302734,55900300
2005-12-16,86.55249786376953,46238300
2005-12-19,86.10728454589844,48733000
2005-12-20,86.18949127197266,46603200
2005-12-21,86.32650756835938,51806900
2005-12-22,86.77857971191406,32247900
2005-12-23,86.82650756835938,27977300
2005-12-27,85.94291687011719,44499500
2005-12-28,86.13471984863281,30764300
2005-12-29,85.75110626220703,32788900
2005-12-30,85.28531646728516,44645600
2006-01-03,86.7854232788086,73256700
2006-01-04,87.19639587402344,51899600
2006-01-05,87.25119018554688,47307500
2006-01-06,87.9772720336914,62885900
2006-01-09,88.20327758789062,43527400
2006-01-10,88.29236602783203,44960800
2006-01-11,88.57320404052734,49598900
2006-01-12,88.22386169433594,40509200
2006-01-13,88.14166259765625,44856700
2006-01-17,87.90193939208984,52066600
2006-01-18,87.55258178710938,75067600
2006-01-19,87.88824462890625,81530400
2006-01-20,86.28540802001953,114957800
2006-01-23,86.59362030029297,67017400
2006-01-24,86.68264770507812,53008800
2006-01-25,86.75804138183594,87747700
2006-01-26,87.23747253417969,71294000
2006-01-27,88.04574584960938,65771200
2006-01-30,87.9772720336914,33709600
2006-01-31,87.33338165283203,72937000
2006-02-01,87.9430160522461,63561000
2006-02-02,86.92239379882812,83626900
2006-02-03,86.49088287353516,86040400
2006-02-06,86.7169189453125,45511900
2006-02-07,85.94976043701172,71208100
2006-02-08,86.73062133789062,59422200
2006-02-09,86.5867919921875,62023300
2006-02-10,86.74430084228516,64508700
2006-02-13,86.5867919921875,52308700
2006-02-14,87.50463104248047,90964400
2006-02-15,87.81285095214844,85471300
2006-02-16,88.47044372558594,61017900
2006-02-17,88.2306900024414,40342600
2006-02-21,88.01151275634766,46456300
2006-02-22,88.5457992553711,42326700
2006-02-23,88.41560363769531,43423200
2006-02-24,88.64167785644531,36777400
2006-02-27,88.6759262084961,35858600
2006-02-28,87.83342742919922,74394800
2006-03-01,88.61427307128906,48641600
2006-03-02,88.60745239257812,60642300
2006-03-03,88.19644927978516,73402500
2006-03-06,87.79234313964844,57478400
2006-03-07,87.65531158447266,61780800
2006-03-08,87.84028625488281,66692400
2006-03-09,87.25119018554688,56313600
2006-03-10,88.08000946044922,60490800
2006-03-13,88.24441528320312,45479100
2006-03-14,89.16909790039062,69877300
2006-03-15,89.56639862060547,53398900
2006-03-16,89.75132751464844,65526400
2006-03-17,89.82627868652344,47286800
2006-03-20,89.68184661865234,45538500
2006-03-21,89.11795043945312,87102700
2006-03-22,89.6612548828125,51605700
2006-03-23,89.4755630493164,46704200
2006-03-24,89.5443115234375,43209200
2006-03-27,89.4136734008789,32523000
2006-03-28,88.86351013183594,82079900
2006-03-29,89.42053985595703,61505700
2006-03-30,89.26235961914062,70571700
2006-03-31,89.28301239013672,62925600
2006-04-03,89.21426391601562,61624700
2006-04-04,89.7850341796875,54809300
2006-04-05,90.09451293945312,50607200
2006-04-06,89.99819946289062,57906200
2006-04-07,89.08358764648438,80180900
2006-04-10,89.22112274169922,41496500
2006-04-11,88.46465301513672,72799400
2006-04-12,88.62967681884766,43033700
2006-04-13,88.51278686523438,51051800
2006-04-17,88.47840118408203,64167700
2006-04-18,89.88130187988281,92531800
2006-04-19,90.05321502685547,87269000
2006-04-20,90.17699432373047,86005500
2006-04-21,90.19075775146484,72342600
2006-04-24,90.02569580078125,52546400
2006-04-25,89.65434265136719,84359800
2006-04-26,89.67497253417969,67262400
2006-04-27,90.10824584960938,124478600
2006-04-28,90.41080474853516,55854400
2006-05-01,89.67497253417969,64990300
2006-05-02,90.34890747070312,49063500
2006-05-03,90.011962890625,60821300
2006-05-04,90.33515167236328,42921400
2006-05-05,91.13288879394531,62588200
2006-05-08,91.0228500366211,30016700
2006-05-09,91.20166015625,29864000
2006-05-10,91.15352630615234,64378200
2006-05-11,90.05321502685547,80626900
2006-05-12,88.87725830078125,91726500
2006-05-15,89.05604553222656,84029300
2006-05-16,88.92544555664062,62137600
2006-05-17,87.23368835449219,144789500
2006-05-18,86.7935562133789,87906300
2006-05-19,87.40559387207031,124309400
2006-05-22,86.7385482788086,110852800
2006-05-23,86.078369140625,92006500
2006-05-24,86.76607513427734,168405000
2006-05-25,87.83882904052734,78977900
2006-05-26,88.28585052490234,62989700
2006-05-30,86.71791076660156,72419900
2006-05-31,87.68757629394531,86926200
2006-06-01,88.52656555175781,73721700
2006-06-02,88.71221923828125,91702600
2006-06-05,87.41937255859375,86105100
2006-06-06,87.2061767578125,130498600
2006-06-07,86.5528564453125,108599400
2006-06-08,86.47724914550781,204957200
2006-06-09,86.20214080810547,94972200
2006-06-12,85.26691436767578,95815900
2006-06-13,84.27656555175781,185688800
2006-06-14,84.92990112304688,163566400
2006-06-15,86.73168182373047,134057000
2006-06-16,86.09963989257812,94253500
2006-06-19,85.4227294921875,95804400
2006-06-20,85.71282196044922,65494700
2006-06-21,86.34832000732422,75008200
2006-06-22,85.96841430664062,74566100
2006-06-23,85.95460510253906,54107000
2006-06-26,86.3344955444336,37899600
2006-06-27,85.5885238647461,69780200
2006-06-28,86.1687240600586,62368100
2006-06-29,87.90933227539062,110634800
2006-06-30,87.916259765625,54227800
2006-07-03,88.27545166015625,23914000
2006-07-05,87.7712173461914,69653400
2006-07-06,88.02677154541016,50100300
2006-07-07,87.45349884033203,81626500
2006-07-10,87.61923217773438,60964100
2006-07-11,88.00606536865234,73640800
2006-07-12,87.06666564941406,82561300
2006-07-13,85.65066528320312,102405700
2006-07-14,85.31912994384766,103242500
2006-07-17,85.19477081298828,81159000
2006-07-18,85.62995910644531,122771000
2006-07-19,86.8180160522461,133565300
2006-07-20,86.22398376464844,112259800
2006-07-21,85.61614990234375,101560000
2006-07-24,87.17720031738281,92884000
2006-07-25,87.48800659179688,95480700
2006-07-26,87.60542297363281,84525800
2006-07-27,87.52252960205078,87257100
2006-07-28,88.39978790283203,82137000
2006-07-31,88.31002044677734,49593100
2006-08-01,87.87483215332031,65225600
2006-08-02,88.46886444091797,64770900
2006-08-03,88.70372009277344,63693800
2006-08-04,88.55174255371094,96294200
2006-08-07,88.34452056884766,45377300
2006-08-08,88.00606536865234,90901300
2006-08-09,87.70906066894531,78910600
2006-08-10,87.97846221923828,69322300
2006-08-11,87.72979736328125,47482200
2006-08-14,87.79884338378906,57839000
2006-08-15,88.84873962402344,68143000
2006-08-16,89.58783721923828,71737600
2006-08-17,89.8157730102539,70992800
2006-08-18,90.27166748046875,58288400
2006-08-21,89.88484954833984,42133600
2006-08-22,89.87796783447266,60839900
2006-08-23,89.62931823730469,66592100
2006-08-24,89.5533218383789,57983000
2006-08-25,89.66382598876953,41756000
2006-08-28,90.09208679199219,52681500
2006-08-29,90.19566345214844,61817800
2006-08-30,90.2509536743164,50052200
2006-08-31,90.23711395263672,37510300
2006-09-01,90.77590942382812,48794500
2006-09-05,90.94861602783203,52348300
2006-09-06,90.14732360839844,53795600
2006-09-07,89.73291015625,86269400
2006-09-08,89.98846435546875,45096300
2006-09-11,90.07825469970703,68496600
2006-09-12,90.96239471435547,69875600
2006-09-13,91.32849884033203,62898400
2006-09-14,91.33539581298828,57805400
2006-09-15,91.54974365234375,76703100
2006-09-18,91.6746597290039,64154100
2006-09-19,91.44568634033203,92089100
2006-09-20,91.93130493164062,75204100
2006-09-21,91.4873275756836,88932500
2006-09-22,91.20982360839844,65966800
2006-09-25,91.91048431396484,92299100
2006-09-26,92.6736831665039,73962700
2006-09-27,92.78466796875,82432200
2006-09-28,92.7499771118164,58597500
2006-09-29,92.6736831665039,47966600
2006-10-02,92.3267822265625,51687400
2006-10-03,92.52104949951172,73108100
2006-10-04,93.60332489013672,80890500
2006-10-05,93.7836685180664,60505900
2006-10-06,93.665771484375,64983600
2006-10-09,93.72128295898438,41176800
2006-10-10,93.84615325927734,56403700
2006-10-11,93.73513793945312,104071800
2006-10-12,94.54682159423828,59158600
2006-10-13,94.78965759277344,53944000
2006-10-16,94.93534088134766,42273000
2006-10-17,94.63706970214844,90500600
2006-10-18,94.76193237304688,86848600
2006-10-19,94.91455078125,64063200
2006-10-20,94.93534088134766,48094500
2006-10-23,95.37244415283203,66219900
2006-10-24,95.65689849853516,53234900
2006-10-25,95.98294830322266,78105400
2006-10-26,96.28128814697266,66843700
2006-10-27,95.67768096923828,80238000
2006-10-30,95.60830688476562,49717800
2006-10-31,95.59445190429688,71274100
2006-11-01,94.94923400878906,83005600
2006-11-02,94.89373779296875,60693100
2006-11-03,94.72721862792969,71346400
2006-11-06,95.79562377929688,63303300
2006-11-07,96.16334533691406,63318900
2006-11-08,96.37147521972656,87517800
2006-11-09,95.8649673461914,95916300
2006-11-10,95.90664672851562,48991500
2006-11-13,96.1425552368164,59398200
2006-11-14,96.86402893066406,96704000
2006-11-15,97.14154052734375,76509600
2006-11-16,97.39127349853516,76728800
2006-11-17,97.4190444946289,56353800
2006-11-20,97.47454833984375,69174200
2006-11-21,97.57168579101562,51367900
2006-11-22,97.76593780517578,45505300
2006-11-24,97.37047576904297,30998000
2006-11-27,96.03150939941406,84545100
2006-11-28,96.44779968261719,106652900
2006-11-29,97.4537353515625,90034900
2006-11-30,97.49536895751953,83994300
2006-12-01,97.28030395507812,126080000
2006-12-04,98.02262115478516,87813200
2006-12-05,98.44584655761719,73374400
2006-12-06,98.36255645751953,53253200
2006-12-07,97.93241119384766,62857400
2006-12-08,98.11283111572266,79625500
2006-12-11,98.39730072021484,39779400
2006-12-12,98.3209457397461,77451600
2006-12-13,98.42504119873047,55520200
2006-12-14,99.29224395751953,64755200
2006-12-15,99.30132293701172,70857400
2006-12-18,99.02921295166016,48954600
2006-12-19,99.21758270263672,65023600
2006-12-20,99.16181182861328,41469600
2006-12-21,98.79898071289062,48698400
2006-12-22,98.19206237792969,62069100
2006-12-26,98.77108764648438,32696900
2006-12-27,99.41987609863281,39727100
2006-12-28,99.21060180664062,37288800
2006-12-29,98.79898071289062,45461200
2007-01-03,98.62460327148438,94807600
2007-01-04,98.83387756347656,69620600
2007-01-05,98.04557037353516,76645300
2007-01-08,98.49898529052734,71655000
2007-01-09,98.41531372070312,75680100
2007-01-10,98.74320220947266,72428000
2007-01-11,99.17570495605469,54476800
2007-01-12,99.92919921875,55370600
2007-01-16,99.73377990722656,44871300
2007-01-17,99.77570343017578,50241400
2007-01-18,99.44084167480469,68177300
2007-01-19,99.6362075805664,56973000
2007-01-22,99.32917785644531,60253600
2007-01-23,99.62216186523438,54064400
2007-01-24,100.42446899414062,55834700
2007-01-25,99.2455062866211,73583800
2007-01-26,99.1547622680664,67255600
2007-01-29,99.09898376464844,66114600
2007-01-30,99.6152572631836,70407600
2007-01-31,100.28495025634766,91868600
2007-02-01,100.88491821289062,69312400
2007-02-02,101.02450561523438,49607000
2007-02-05,101.05235290527344,45705300
2007-02-06,101.08026885986328,57081300
2007-02-07,101.30353546142578,55669700
2007-02-08,101.17096710205078,70641000
2007-02-09,100.41752624511719,79084400
2007-02-12,100.07567596435547,65657000
2007-02-13,100.9198226928711,64081800
2007-02-14,101.58257293701172,66039400
2007-02-15,101.71507263183594,38715200
2007-02-16,101.66626739501953,39841800
2007-02-20,101.88251495361328,56911800
2007-02-21,101.84069061279297,63971600
2007-02-22,101.76396942138672,79067400
2007-02-23,101.3663101196289,71966200
2007-02-26,101.2756118774414,69192800
2007-02-27,97.32002258300781,274466500
2007-02-28,98.31763458251953,177536300
2007-03-01,98.02465057373047,212828600
2007-03-02,96.7409896850586,162574000
2007-03-05,95.82008361816406,143750400
2007-03-06,97.4594955444336,143333300
2007-03-07,97.36184692382812,115144900
2007-03-08,98.18505859375,117891600
2007-03-09,98.21300506591797,107765100
2007-03-12,98.35951232910156,80366900
2007-03-13,96.44794464111328,190605200
2007-03-14,97.16651153564453,231853800
2007-03-15,97.299072265625,132435900
2007-03-16,97.02661895751953,121531600
2007-03-19,98.19629669189453,96161200
2007-03-20,98.73561096191406,82147400
2007-03-21,100.36053466796875,152368700
2007-03-22,100.28346252441406,118942200
2007-03-23,100.43059539794922,74416800
2007-03-26,100.29750061035156,113787500
2007-03-27,100.05937194824219,99864600
2007-03-28,99.33096313476562,152907900
2007-03-29,99.4360122680664,139432700
2007-03-30,99.45703887939453,128194100
2007-04-02,99.5690689086914,79416400
2007-04-03,100.6407470703125,82417800
2007-04-04,100.7527847290039,63995200
2007-04-05,101.02594757080078,46822800
2007-04-09,101.16600036621094,50967400
2007-04-10,101.28507232666016,56620000
2007-04-11,100.87184143066406,106365700
2007-04-12,101.3200912475586,115534400
2007-04-13,101.7823715209961,84287000
2007-04-16,102.74890899658203,83064600
2007-04-17,103.02206420898438,108424100
2007-04-18,103.14817810058594,88345300
2007-04-19,103.1201171875,102947700
2007-04-20,104.09366607666016,124114100
2007-04-23,103.70143127441406,77270800
2007-04-24,103.74345397949219,114471000
2007-04-25,104.6960220336914,108418800
2007-04-26,104.81505584716797,88741600
2007-04-27,104.73106384277344,108191100
2007-04-30,103.8625259399414,100874100
2007-05-01,104.12869262695312,134342700
2007-05-02,104.73807525634766,87129800
2007-05-03,105.30541229248047,86569700
2007-05-04,105.7046127319336,96409000
2007-05-07,105.7255859375,63461400
2007-05-08,105.58549499511719,80584000
2007-05-09,105.87273406982422,102070100
2007-05-10,104.76606750488281,153617800
2007-05-11,105.66258239746094,113408900
2007-05-14,105.43138885498047,108027500
2007-05-15,105.45946502685547,180673300
2007-05-16,106.18082427978516,114166500
2007-05-17,105.97075653076172,101132800
2007-05-18,106.89529418945312,99182000
2007-05-21,106.83927917480469,174664600
2007-05-22,106.75518798828125,82148800
2007-05-23,106.76924133300781,133786600
2007-05-24,105.80268096923828,187593000
2007-05-25,106.24392700195312,83309200
2007-05-29,106.62913513183594,82020000
2007-05-30,107.49765014648438,129013600
2007-05-31,107.3856201171875,114866700
2007-06-01,107.91789245605469,107771700
2007-06-04,107.93185424804688,78008800
2007-06-05,107.50463104248047,126917900
2007-06-06,106.34893035888672,164096800
2007-06-07,104.42985534667969,232414600
2007-06-08,105.78865814208984,175886000
2007-06-11,105.97075653076172,102015600
2007-06-12,104.81505584716797,233898000
2007-06-13,106.38395690917969,193208200
2007-06-14,107.06336975097656,146396500
2007-06-15,107.67254638671875,154030800
2007-06-18,107.54593658447266,88537500
2007-06-19,107.81320190429688,110851700
2007-06-20,106.31494903564453,177119700
2007-06-21,106.90579986572266,205262000
2007-06-22,105.89989471435547,204964700
2007-06-25,105.39349365234375,232014400
2007-06-26,104.31019592285156,198445700
2007-06-27,105.79440307617188,213638000
2007-06-28,105.78036499023438,157705000
2007-06-29,105.81552124023438,199701800
2007-07-02,106.77215576171875,103357000
2007-07-03,107.15904235839844,54048400
2007-07-05,107.0464859008789,89279000
2007-07-06,107.60924530029297,81109000
2007-07-09,107.69364929199219,72348100
2007-07-10,106.16020202636719,180362600
2007-07-11,106.91287231445312,175607600
2007-07-12,108.6010513305664,133882500
2007-07-13,108.92464447021484,111794300
2007-07-16,108.91056823730469,98378700
2007-07-17,108.85431671142578,126201300
2007-07-18,108.65737915039062,237887400
2007-07-19,109.07939147949219,145212700
2007-07-20,107.97504425048828,245502500
2007-07-23,108.30558013916016,121183900
2007-07-24,106.42750549316406,256732400
2007-07-25,106.64553833007812,265214500
2007-07-26,104.12027740478516,467592500
2007-07-27,102.07335662841797,422987600
2007-07-30,103.67011260986328,283017500
2007-07-31,102.50239562988281,316976700
2007-08-01,103.00178527832031,467670000
2007-08-02,103.8248519897461,294758400
2007-08-03,101.15181732177734,359398200
2007-08-06,102.84708404541016,324980000
2007-08-07,103.94437408447266,232568700
2007-08-08,105.39349365234375,274930600
2007-08-09,102.27027893066406,357622100
2007-08-10,101.79193878173828,411018400
2007-08-13,102.15773010253906,181917200
2007-08-14,100.59613800048828,264134500
2007-08-15,99.21041870117188,323834000
2007-08-16,99.95604705810547,546743700
2007-08-17,101.79193878173828,388218100
2007-08-20,101.74276733398438,187320400
2007-08-21,101.94672393798828,157066400
2007-08-22,103.15657043457031,173156700
2007-08-23,103.06513977050781,203915300
2007-08-24,104.33834838867188,128901900
2007-08-27,103.36758422851562,113024300
2007-08-28,101.09557342529297,219790700
2007-08-29,103.07923889160156,207654200
2007-08-30,102.80486297607422,191817300
2007-08-31,103.81782531738281,185477500
2007-09-04,104.86588287353516,120062000
2007-09-05,103.95846557617188,166261800
2007-09-06,104.19763946533203,127878400
2007-09-07,102.74859619140625,235447600
2007-09-10,102.55158996582031,192305900
2007-09-11,103.74749755859375,162081900
2007-09-12,104.01476287841797,149554600
2007-09-13,104.74632263183594,154079000
2007-09-14,104.73930358886719,121911000
2007-09-17,104.17652130126953,109870800
2007-09-18,107.24347686767578,263759500
2007-09-19,107.87653350830078,193779900
2007-09-20,107.11687469482422,175186800
2007-09-21,107.40592956542969,141457500
2007-09-24,107.20800018310547,139450200
2007-09-25,106.99604034423828,142289900
2007-09-26,107.56140899658203,135547000
2007-09-27,108.19746398925781,102713300
2007-09-28,107.83708953857422,133372100
2007-10-01,109.05267333984375,148162300
2007-10-02,108.90418243408203,112978800
2007-10-03,108.68511199951172,119055900
2007-10-04,108.8547592163086,76864400
2007-10-05,110.14813995361328,134579700
2007-10-08,109.56155395507812,71280400
2007-10-09,110.59334564208984,94054300
2007-10-10,110.40965270996094,101711100
2007-10-11,109.87955474853516,233529100
2007-10-12,110.4873275756836,124546700
2007-10-15,109.5544662475586,161151900
2007-10-16,108.68511199951172,166525700
2007-10-17,109.01725769042969,216687300
2007-10-18,108.62150573730469,148367500
2007-10-19,105.78034973144531,297169900
2007-10-22,106.3952865600586,261989800
2007-10-23,107.25749206542969,180085100
2007-10-24,107.05960845947266,326694200
2007-10-25,107.31401824951172,237374500
2007-10-26,108.57207489013672,176484000
2007-10-29,108.93252563476562,106841000
2007-10-30,108.17627716064453,132981600
2007-10-31,109.29997253417969,220954400
2007-11-01,106.74151611328125,333040800
2007-11-02,106.86173248291016,331228200
2007-11-05,106.04893493652344,226841000
2007-11-06,107.47655487060547,177800500
2007-11-07,104.5365219116211,306639700
2007-11-08,104.00636291503906,374509900
2007-11-09,102.57878875732422,277745100
2007-11-12,101.56099700927734,243087800
2007-11-13,104.65662384033203,191117400
2007-11-14,104.36686706542969,230558800
2007-11-15,102.86143493652344,263111100
2007-11-16,103.03809356689453,308770600
2007-11-19,101.60342407226562,267746000
2007-11-20,102.22543334960938,414767500
2007-11-21,100.13338470458984,259012400
2007-11-23,101.86491394042969,77688400
2007-11-26,99.617431640625,214232000
2007-11-27,100.76238250732422,293897900
2007-11-28,103.98522186279297,258596900
2007-11-29,104.0205307006836,199409900
2007-11-30,105.06653594970703,222908000
2007-12-03,104.3739242553711,146430400
2007-12-04,103.44098663330078,136533900
2007-12-05,105.17259216308594,171130000
2007-12-06,106.67794799804688,154457400
2007-12-07,106.65679168701172,148980100
2007-12-10,107.4836654663086,123914300
2007-12-11,104.5365219116211,250346400
2007-12-12,105.56837463378906,322435600
2007-12-13,105.34925842285156,237551300
2007-12-14,104.01349639892578,159152900
2007-12-17,102.52928924560547,177269400
2007-12-18,103.10173034667969,245569300
2007-12-19,103.10173034667969,198917200
2007-12-20,103.75201416015625,214813800
2007-12-21,105.24757385253906,146084400
2007-12-24,106.02912139892578,45601400
2007-12-26,106.25650787353516,67093100
2007-12-27,104.92078399658203,122981700
2007-12-28,104.65787506103516,116398100
2007-12-31,103.88343048095703,108126800
2008-01-02,102.9739990234375,204935600
2008-01-03,102.92424011230469,125133300
2008-01-04,100.40193176269531,232330900
2008-01-07,100.31666564941406,234991000
2008-01-08,98.69672393798828,326365700
2008-01-09,99.73403930664062,301824900
2008-01-10,100.38772583007812,335701200
2008-01-11,99.57772064208984,267076600
2008-01-14,100.38064575195312,170365500
2008-01-15,98.17092895507812,239940100
2008-01-16,97.32543182373047,378802600
2008-01-17,94.80310821533203,397892600
2008-01-18,93.82969665527344,348561500
2008-01-22,92.87767791748047,435923700
2008-01-23,95.10865020751953,511913000
2008-01-24,95.91149139404297,259949300
2008-01-25,94.5260238647461,269603900
2008-01-28,96.08914184570312,217934600
2008-01-29,96.565185546875,168968300
2008-01-30,95.85467529296875,334939200
2008-01-31,97.6025390625,343680800
2008-02-01,99.17278289794922,206843600
2008-02-04,97.92227172851562,124694300
2008-02-05,95.30048370361328,286882500
2008-02-06,94.53314971923828,250792900
2008-02-07,95.15837860107422,297368100
2008-02-08,94.5473403930664,221643500
2008-02-11,95.03048706054688,188576300
2008-02-12,95.91149139404297,256654400
2008-02-13,96.8919906616211,181967800
2008-02-14,96.0394058227539,215207200
2008-02-15,96.01811218261719,154110300
2008-02-19,96.28810119628906,145190000
2008-02-20,96.5722885131836,220085700
2008-02-21,95.7693862915039,201051200
2008-02-22,96.35914611816406,205491000
2008-02-25,97.57412719726562,190107000
2008-02-26,98.3059310913086,212420700
2008-02-27,98.20645904541016,168395800
2008-02-28,97.24725341796875,170831100
2008-02-29,95.0801773071289,252715200
2008-03-03,94.85283660888672,189483500
2008-03-04,94.490478515625,282513100
2008-03-05,95.08734893798828,270681400
2008-03-06,93.11918640136719,247911700
2008-03-07,92.16004180908203,326434600
2008-03-10,90.9450454711914,235683600
2008-03-11,94.21340942382812,341440600
2008-03-12,93.33238220214844,229161100
2008-03-13,93.53841400146484,351504200
2008-03-14,92.08900451660156,484687800
2008-03-17,91.1582260131836,405311100
2008-03-18,94.94522857666016,334416600
2008-03-19,92.59345245361328,345971600
2008-03-20,94.30850982666016,245320700
2008-03-24,96.19356536865234,208977300
2008-03-25,96.28639221191406,192947200
2008-03-26,95.10821533203125,196934300
2008-03-27,94.808349609375,225153200
2008-03-28,93.90153503417969,180896100
2008-03-31,94.23001098632812,166692100
2008-04-01,97.54308319091797,254547300
2008-04-02,97.60735321044922,210910800
2008-04-03,97.85005187988281,175884800
2008-04-04,97.74301147460938,204446800
2008-04-07,97.79297637939453,154245500
2008-04-08,97.69302368164062,148937300
2008-04-09,96.98609161376953,195610600
2008-04-10,97.12174224853516,192967800
2008-04-11,95.23677062988281,222973300
2008-04-14,94.91543579101562,160522000
2008-04-15,95.13681030273438,172389200
2008-04-16,97.71441650390625,189268900
2008-04-17,97.85723876953125,179665700
2008-04-18,98.87830352783203,218530600
2008-04-21,98.92831420898438,118587400
2008-04-22,98.49272918701172,162166000
2008-04-23,98.33565521240234,193309000
2008-04-24,98.76405334472656,229381300
2008-04-25,99.6780014038086,190788100
2008-04-28,99.69944763183594,105610200
2008-04-29,99.30667877197266,125514100
2008-04-30,98.7212142944336,208395900
2008-05-01,100.76332092285156,187279500
2008-05-02,101.04181671142578,181585500
2008-05-05,100.55624389648438,118504500
2008-05-06,101.42739868164062,179339800
2008-05-07,99.62088775634766,199267300
2008-05-08,99.36382293701172,178321200
2008-05-09,99.17818450927734,152588200
2008-05-12,100.29206085205078,147865900
2008-05-13,100.30634307861328,159132200
2008-05-14,100.513427734375,181910800
2008-05-15,101.77009582519531,166927000
2008-05-16,101.86294555664062,204236800
2008-05-19,102.14138793945312,165664400
2008-05-20,101.31311798095703,178552100
2008-05-21,99.5994644165039,252724800
2008-05-22,99.61372375488281,170820400
2008-05-23,98.27857208251953,181376400
2008-05-27,99.0068359375,168322900
2008-05-28,99.46380615234375,181288100
2008-05-29,99.96359252929688,173927200
2008-05-30,100.21356964111328,117362000
2008-06-02,99.17818450927734,181069900
2008-06-03,98.59981536865234,271965700
2008-06-04,98.54986572265625,246637700
2008-06-05,100.52055358886719,237867100
2008-06-06,97.3145980834961,384276300
2008-06-09,97.55020904541016,228263900
2008-06-10,97.06465911865234,260234900
2008-06-11,95.63658905029297,283890100
2008-06-12,96.00078582763672,252791800
2008-06-13,97.21463775634766,244726900
2008-06-16,97.27171325683594,185832500
2008-06-17,96.80049896240234,191707700
2008-06-18,95.85794830322266,265893000
2008-06-19,95.9793701171875,304204900
2008-06-20,94.42147064208984,289275700
2008-06-23,94.32815551757812,165096400
2008-06-24,94.1415786743164,267300600
2008-06-25,94.58650207519531,287853900
2008-06-26,92.0174789428711,297775000
2008-06-27,91.51516723632812,303423400
2008-06-30,91.838134765625,258842600
2008-07-01,92.12516021728516,388622000
2008-07-02,90.54642486572266,288064600
2008-07-03,90.63970947265625,239352500
2008-07-07,89.71399688720703,372427300
2008-07-08,91.30706024169922,375973700
2008-07-09,89.54896545410156,336729400
2008-07-10,89.91494750976562,436475700
2008-07-11,88.86724853515625,481124600
2008-07-14,88.06353759765625,322720800
2008-07-15,86.82209777832031,502502500
2008-07-16,88.95335388183594,371642900
2008-07-17,89.84317016601562,375490600
2008-07-18,90.40291595458984,267030100
2008-07-21,90.45311737060547,222863000
2008-07-22,91.47931671142578,296904200
2008-07-23,91.97447967529297,311698400
2008-07-24,90.06564331054688,248634500
2008-07-25,90.04412841796875,219131000
2008-07-28,88.72370910644531,205201300
2008-07-29,90.61819458007812,261505600
2008-07-30,92.23278045654297,354710000
2008-07-31,91.01287841796875,277402100
2008-08-01,90.53208923339844,248690900
2008-08-04,89.6924819946289,188239600
2008-08-05,92.11077117919922,251577600
2008-08-06,92.51984405517578,209555400
2008-08-07,91.14203643798828,246312500
2008-08-08,92.83557891845703,260811700
2008-08-11,93.797119140625,249425800
2008-08-12,92.82119750976562,213200800
2008-08-13,92.26148986816406,256393200
2008-08-14,92.95755004882812,239555300
2008-08-15,93.40962982177734,181000800
2008-08-18,92.13230895996094,172275100
2008-08-19,91.12770080566406,194673700
2008-08-20,91.55105590820312,225498200
2008-08-21,91.70893096923828,180609800
2008-08-22,93.03648376464844,167715300
2008-08-25,91.14924621582031,171936900
2008-08-26,91.41474151611328,159117200
2008-08-27,92.30453491210938,171032800
2008-08-28,93.42399597167969,167537100
2008-08-29,92.41936492919922,189195800
2008-09-02,91.84529113769531,252364900
2008-09-03,91.76634216308594,251947000
2008-09-04,89.00358581542969,340042500
2008-09-05,89.2834701538086,289503400
2008-09-08,91.12770080566406,364075300
2008-09-09,88.42234802246094,377326800
2008-09-10,88.78114318847656,298916600
2008-09-11,90.06564331054688,375369400
2008-09-12,90.4818344116211,297851200
2008-09-15,86.17627716064453,483607000
2008-09-16,87.61862182617188,581744300
2008-09-17,83.67901611328125,624095600
2008-09-18,86.16192626953125,776114700
2008-09-19,89.58374786376953,501087800
2008-09-22,87.55558013916016,249966500
2008-09-23,85.56356811523438,327470400
2008-09-24,85.83785247802734,311818400
2008-09-25,87.1802978515625,328253000
2008-09-26,87.22360229492188,285917400
2008-09-29,80.38861846923828,459562300
2008-09-30,83.71586608886719,328154400
2008-10-01,83.76641845703125,332783000
2008-10-02,80.72782135009766,365337800
2008-10-03,79.63796997070312,461798000
2008-10-06,75.58174896240234,610637500
2008-10-07,72.19674682617188,540012100
2008-10-08,70.37792205810547,725414800
2008-10-09,65.46279907226562,534485200
2008-10-10,63.87498092651367,871026300
2008-10-13,73.14947509765625,455584000
2008-10-14,72.06683349609375,546268300
2008-10-15,64.97201538085938,484627500
2008-10-16,67.67859649658203,708811200
2008-10-17,67.27439880371094,476649000
2008-10-20,71.31619262695312,321294200
2008-10-21,69.18704223632812,356502000
2008-10-22,65.41948699951172,516168000
2008-10-23,66.17733001708984,634666400
2008-10-24,62.82118225097656,545812600
2008-10-27,60.59098434448242,397288600
2008-10-28,67.67137145996094,639939500
2008-10-29,67.18054962158203,531270100
2008-10-30,69.504638671875,414582100
2008-10-31,69.88713836669922,411394000
2008-11-03,70.08922576904297,205419400
2008-11-04,72.47100830078125,346793400
2008-11-05,69.42523956298828,387844100
2008-11-06,65.57829284667969,477721900
2008-11-07,67.74356079101562,380391000
2008-11-10,66.85580444335938,301773000
2008-11-11,64.79157257080078,418498200
2008-11-12,61.94065475463867,454330600
2008-11-13,65.802001953125,753141900
2008-11-14,62.518070220947266,540352300
2008-11-17,61.68803787231445,415254900
2008-11-18,62.85004806518555,523811800
2008-11-19,58.822654724121094,558327600
2008-11-20,54.456092834472656,814180400
2008-11-21,57.39361572265625,718536500
2008-11-24,61.3704833984375,523305300
2008-11-25,61.82518768310547,454112400
2008-11-26,64.21417999267578,370134200
2008-11-28,65.02252960205078,118308100
2008-12-01,59.26298522949219,369927100
2008-12-02,61.5437126159668,469508400
2008-12-03,63.023319244384766,519863500
2008-12-04,61.56535339355469,444173800
2008-12-05,63.463558197021484,471905300
2008-12-08,65.6793441772461,412859300
2008-12-09,64.59671020507812,370790000
2008-12-10,65.0369644165039,396187400
2008-12-11,63.47077178955078,365061000
2008-12-12,64.22859954833984,415060400
2008-12-15,63.333648681640625,256694200
2008-12-16,66.31448364257812,377699500
2008-12-17,65.672119140625,281819800
2008-12-18,64.44512939453125,374673300
2008-12-19,64.16791534423828,301451300
2008-12-22,63.34574890136719,243759500
2008-12-23,62.69087219238281,221625200
2008-12-24,63.054656982421875,62061600
2008-12-26,63.41847610473633,74767700
2008-12-29,63.236595153808594,127795900
2008-12-30,64.7354736328125,168256300
2008-12-31,65.65953063964844,193987200
2009-01-02,67.63861846923828,227566300
2009-01-05,67.55857849121094,240349700
2009-01-06,68.00971221923828,328260900
2009-01-07,65.97235107421875,280899200
2009-01-08,66.24161529541016,263834400
2009-01-09,64.82275390625,330953600
2009-01-12,63.26567459106445,277858500
2009-01-13,63.38208770751953,356432300
2009-01-14,61.388458251953125,435491600
2009-01-15,61.4102897644043,532647300
2009-01-16,61.89049530029297,399237200
2009-01-20,58.6235466003418,419855200
2009-01-21,61.1556282043457,364360700
2009-01-22,60.20973587036133,427940300
2009-01-23,60.47166442871094,386800600
2009-01-26,60.88636779785156,317978800
2009-01-27,61.5048942565918,273789700
2009-01-28,63.58582305908203,330007000
2009-01-29,61.519412994384766,294392500
2009-01-30,60.267906188964844,383383600
2009-02-02,60.08604049682617,288233300
2009-02-03,60.93007278442383,278385800
2009-02-04,60.63172149658203,322989300
2009-02-05,61.53396224975586,417679400
2009-02-06,63.28750228881836,366101700
2009-02-09,63.37483596801758,240075200
2009-02-10,60.47166442871094,536212800
2009-02-11,60.82817459106445,324442500
2009-02-12,60.871849060058594,469302200
2009-02-13,60.2170295715332,293998400
2009-02-17,57.64126968383789,478910100
2009-02-18,57.50298309326172,362964800
2009-02-19,56.884552001953125,316867500
2009-02-20,56.331546783447266,477176600
2009-02-23,54.31608581542969,379641400
2009-02-24,56.37521743774414,426260900
2009-02-25,55.9313850402832,461985800
2009-02-26,55.0218505859375,363353900
2009-02-27,53.792198181152344,470510900
2009-03-02,51.3692512512207,426452600
2009-03-03,50.98362350463867,443761000
2009-03-04,52.19145965576172,462753100
2009-03-05,50.0595588684082,485549400
2009-03-06,50.14687728881836,490470000
2009-03-09,49.55751419067383,379905300
2009-03-10,52.51160430908203,406227900
2009-03-11,52.853572845458984,356648300
2009-03-12,54.934539794921875,409702700
2009-03-13,55.36384201049805,337474700
2009-03-16,55.19646453857422,360644900
2009-03-17,56.884552001953125,356814300
2009-03-18,58.15787124633789,473273200
2009-03-19,57.43752670288086,428520400
2009-03-20,56.21446228027344,371078200
2009-03-23,60.25231170654297,419933300
2009-03-24,59.065093994140625,330271000
2009-03-25,59.68803405761719,441775100
2009-03-26,60.90447998046875,422025200
2009-03-27,59.80526351928711,322332300
2009-03-30,57.73870849609375,324108500
2009-03-31,58.273658752441406,364238300
2009-04-01,59.402225494384766,377018300
2009-04-02,61.138980865478516,476230700
2009-04-03,61.747230529785156,284646300
2009-04-06,61.263580322265625,264866600
2009-04-07,59.834590911865234,258947800
2009-04-08,60.479469299316406,230402800
2009-04-09,62.88310623168945,269653500
2009-04-13,62.89773941040039,224847500
2009-04-14,61.81318664550781,276598800
2009-04-15,62.472713470458984,250726100
2009-04-16,63.38875198364258,335202900
2009-04-17,63.81377029418945,262649000
2009-04-20,61.138980865478516,293690100
2009-04-21,62.33349609375,114090900
2009-04-22,61.95240783691406,340395200
2009-04-23,62.56065368652344,324903700
2009-04-24,63.5059814453125,287703000
2009-04-27,62.90509796142578,289581600
2009-04-28,62.70722579956055,247926300
2009-04-29,64.04093170166016,311505700
2009-04-30,64.06293487548828,301419800
2009-05-01,64.4073486328125,236110300
2009-05-04,66.59850311279297,287120000
2009-05-05,66.3713150024414,243036300
2009-05-06,67.5218276977539,291941000
2009-05-07,66.58380889892578,317728000
2009-05-08,68.13743591308594,299081700
2009-05-11,66.86229705810547,247923600
2009-05-12,66.6644515991211,282431300
2009-05-13,64.98628234863281,269619100
2009-05-14,65.543212890625,260098700
2009-05-15,65.00828552246094,271502700
2009-05-18,66.85494232177734,241447400
2009-05-19,66.77436065673828,206102200
2009-05-20,66.32734680175781,285722200
2009-05-21,65.37468719482422,258988400
2009-05-22,65.2354507446289,166811900
2009-05-26,66.90628051757812,236318500
2009-05-27,65.71176147460938,246015800
2009-05-28,66.62779235839844,289095000
2009-05-29,67.8076400756836,258641500
2009-06-01,69.4491195678711,276246800
2009-06-02,69.50775909423828,230874500
2009-06-03,68.62837219238281,235310500
2009-06-04,69.27328491210938,210102300
2009-06-05,69.28790283203125,284257900
2009-06-08,69.00210571289062,238565100
2009-06-09,69.35389709472656,225125500
2009-06-10,69.17803955078125,296100400
2009-06-11,69.48577117919922,275414200
2009-06-12,69.67633056640625,184361800
2009-06-15,68.07878875732422,224190500
2009-06-16,67.15542602539062,227319000
2009-06-17,67.08946990966797,223445200
2009-06-18,67.5804672241211,211725100
2009-06-19,67.82952880859375,215655600
2009-06-22,65.79553985595703,251913600
2009-06-23,65.84712219238281,188309800
2009-06-24,66.41458892822266,211577700
2009-06-25,67.85905456542969,279411000
2009-06-26,67.68213653564453,167579000
2009-06-29,68.31593322753906,168481300
2009-06-30,67.76322937011719,228888200
2009-07-01,68.04328918457031,173041100
2009-07-02,66.18611907958984,212309900
2009-07-06,66.17875671386719,174499600
2009-07-07,64.89645385742188,197088900
2009-07-08,64.8522720336914,248050500
2009-07-09,64.97750854492188,163777600
2009-07-10,64.82275390625,173520300
2009-07-13,66.39986419677734,217413500
2009-07-14,66.77570343017578,181487400
2009-07-15,68.72862243652344,220877900
2009-07-16,68.61811065673828,231174500
2009-07-17,69.36980438232422,138561700
2009-07-20,70.10674285888672,164179400
2009-07-21,70.43099975585938,217718300
2009-07-22,70.41627502441406,196068100
2009-07-23,71.9712142944336,258795500
2009-07-24,72.26602172851562,154003100
2009-07-27,72.47975158691406,159259400
2009-07-28,72.14075469970703,186685200
2009-07-29,71.96390533447266,194399300
2009-07-30,72.71556091308594,225575400
2009-07-31,72.81874084472656,207358000
2009-08-03,74.02000427246094,175776900
2009-08-04,74.21159362792969,176714600
2009-08-05,73.99787902832031,184726400
2009-08-06,73.61466217041016,193203800
2009-08-07,74.5801010131836,220640900
2009-08-10,74.42533874511719,130898700
2009-08-11,73.49677276611328,157301000
2009-08-12,74.28528594970703,219052400
2009-08-13,74.85275268554688,176449500
2009-08-14,74.27791595458984,199616100
2009-08-17,72.45026397705078,237667500
2009-08-18,73.02509307861328,173461500
2009-08-19,73.66625213623047,192812800
2009-08-20,74.42533874511719,174131300
2009-08-21,75.88450622558594,224605000
2009-08-24,75.87712097167969,191279000
2009-08-25,76.02452087402344,215310600
2009-08-26,76.03189849853516,194620700
2009-08-27,76.20137786865234,196230100
2009-08-28,76.18666076660156,147024400
2009-08-31,75.50861358642578,176051600
2009-09-01,73.84313201904297,321276800
2009-09-02,73.56307983398438,171805000
2009-09-03,74.17475891113281,143572300
2009-09-04,75.21383666992188,142687900
2009-09-08,75.86237335205078,132909100
2009-09-09,76.44456481933594,154612500
2009-09-10,77.22575378417969,162902400
2009-09-11,77.21099090576172,152360100
2009-09-14,77.58686828613281,149593800
2009-09-15,77.91109466552734,196795900
2009-09-16,79.09024810791016,206406300
2009-09-17,78.97235107421875,229170900
2009-09-18,79.022705078125,153799100
2009-09-21,78.82274627685547,151892000
2009-09-22,79.28186798095703,143126700
2009-09-23,78.62286376953125,225947400
2009-09-24,77.75650787353516,228636800
2009-09-25,77.34183502197266,204059000
2009-09-28,78.72653198242188,118285800
2009-09-29,78.48955535888672,133733900
2009-09-30,78.18597412109375,254383000
2009-10-01,76.24596405029297,281840600
2009-10-02,75.8905258178711,224748800
2009-10-05,77.0234146118164,149875000
2009-10-06,78.1267318725586,202491100
2009-10-07,78.34147644042969,159200300
2009-10-08,78.94124603271484,183305800
2009-10-09,79.42255401611328,135008300
2009-10-12,79.73352813720703,118031000
2009-10-13,79.57064056396484,157692700
2009-10-14,80.94050598144531,191421600
2009-10-15,81.23672485351562,173873600
2009-10-16,80.62950897216797,192069400
2009-10-19,81.29594421386719,159530400
2009-10-20,80.86646270751953,180921100
2009-10-21,80.14080810546875,225379300
2009-10-22,80.95531463623047,238444000
2009-10-23,80.02975463867188,240033200
2009-10-26,79.16339111328125,242028200
2009-10-27,78.8005599975586,253266300
2009-10-28,77.31219482421875,248821400
2009-10-29,78.97086334228516,198110600
2009-10-30,76.68280792236328,325608100
2009-11-02,77.24560546875,254222900
2009-11-03,77.48995208740234,228362600
2009-11-04,77.68984985351562,247996700
2009-11-05,79.11898803710938,180015300
2009-11-06,79.3262939453125,170954100
2009-11-09,81.13301086425781,159495700
2009-11-10,81.1478500366211,171899800
2009-11-11,81.56250762939453,169466200
2009-11-12,80.73316192626953,157144500
2009-11-13,81.17005920410156,150963000
2009-11-16,82.34742736816406,210922200
2009-11-17,82.44364166259766,147134100
2009-11-18,82.39181518554688,156486800
2009-11-19,81.31813049316406,208734600
2009-11-20,81.02935791015625,134196000
2009-11-23,82.05860900878906,148010200
2009-11-24,82.18450164794922,138420100
2009-11-25,82.47327423095703,109564800
2009-11-27,81.13301086425781,126001800
2009-11-30,81.40699768066406,160874800
2009-12-01,82.41401672363281,159613700
2009-12-02,82.37699890136719,132315100
2009-12-03,81.7328109741211,167324900
2009-12-04,82.19929504394531,274907800
2009-12-07,82.07341766357422,127973800
2009-12-08,81.16266632080078,169863700
2009-12-09,81.46625518798828,155063400
2009-12-10,81.92535400390625,138014600
2009-12-11,82.2733383178711,124854000
2009-12-14,82.83610534667969,107141500
2009-12-15,82.45106506347656,120408800
2009-12-16,82.57695007324219,155358200
2009-12-17,81.584716796875,183390100
2009-12-18,82.0462646484375,174591200
2009-12-21,82.88005828857422,118039600
2009-12-22,83.1778335571289,91707500
2009-12-23,83.34161376953125,111783100
2009-12-24,83.73619079589844,39677500
2009-12-28,83.91487884521484,87508500
2009-12-29,83.7957534790039,80572500
2009-12-30,83.7659683227539,73138400
2009-12-31,82.96196746826172,90637900
2010-01-04,84.36896514892578,118944600
2010-01-05,84.5923080444336,111579900
2010-01-06,84.65187072753906,116074400
2010-01-07,85.00920104980469,131091100
2010-01-08,85.29208374023438,126402800
2010-01-11,85.41120910644531,106375700
2010-01-12,84.6146469116211,163333500
2010-01-13,85.3293228149414,161822000
2010-01-14,85.5600814819336,115718800
2010-01-15,84.5997543334961,212283100
2010-01-19,85.6568832397461,139172700
2010-01-20,84.78585052490234,216490200
2010-01-21,83.15553283691406,344859600
2010-01-22,81.30183410644531,345942400
2010-01-25,81.71869659423828,186937500
2010-01-26,81.37625122070312,211168800
2010-01-27,81.76341247558594,271863600
2010-01-28,80.82538604736328,316104000
2010-01-29,79.9469223022461,310677600
2010-02-01,81.19017028808594,187865000
2010-02-02,82.17284393310547,216327900
2010-02-03,81.76341247558594,172730700
2010-02-04,79.23969268798828,356715700
2010-02-05,79.4034652709961,493585800
2010-02-08,78.8302230834961,224166900
2010-02-09,79.82035827636719,337820500
2010-02-10,79.66403198242188,240511500
2010-02-11,80.49784088134766,223591600
2010-02-12,80.4308090209961,304622100
2010-02-16,81.6963882446289,159317500
2010-02-17,82.0835189819336,168845100
2010-02-18,82.56739807128906,193708600
2010-02-19,82.73861694335938,222684900
2010-02-22,82.7535171508789,132346900
2010-02-23,81.74850463867188,207497000
2010-02-24,82.50037384033203,176350700
2010-02-25,82.38873291015625,259634700
2010-02-26,82.44082641601562,173589300
2010-03-01,83.29698181152344,147709700
2010-03-02,83.5277328491211,160992400
2010-03-03,83.60216522216797,150785000
2010-03-04,83.85530853271484,135770400
2010-03-05,85.05386352539062,176118800
2010-03-08,85.0687484741211,114631200
2010-03-09,85.210205078125,154556700
2010-03-10,85.5898666381836,186088800
2010-03-11,85.94720458984375,160791100
2010-03-12,85.95465087890625,162074800
2010-03-15,85.97698211669922,146816800
2010-03-16,86.66191864013672,168673000
2010-03-17,87.17559051513672,177468100
2010-03-18,87.13090515136719,196509100
2010-03-19,86.6898422241211,226641100
2010-03-22,87.15331268310547,184477800
2010-03-23,87.76629638671875,182941600
2010-03-24,87.34019470214844,196072600
2010-03-25,87.19821166992188,223396300
2010-03-26,87.14586639404297,205808500
2010-03-29,87.69900512695312,134513500
2010-03-30,87.75881958007812,145772500
2010-03-31,87.45980072021484,161078700
2010-04-01,88.0578384399414,161215200
2010-04-05,88.77545166015625,105847600
2010-04-06,88.98475646972656,110384200
2010-04-07,88.4764404296875,184576300
2010-04-08,88.78295135498047,158704000
2010-04-09,89.36595916748047,133006500
2010-04-12,89.50799560546875,110279000
2010-04-13,89.57528686523438,125043600
2010-04-14,90.5919418334961,161609000
2010-04-15,90.66664123535156,144615300
2010-04-16,89.22398376464844,366786700
2010-04-19,89.56034088134766,217947800
2010-04-20,90.36017608642578,157708000
2010-04-21,90.19573211669922,192910100
2010-04-22,90.46481323242188,115360300
2010-04-23,91.0553970336914,177335500
2010-04-26,90.7115249633789,143457300
2010-04-27,88.56613159179688,355853300
2010-04-28,89.2388916015625,300674100
2010-04-29,90.34522247314453,193775000
2010-04-30,88.81282043457031,270000900
2010-05-03,89.96402740478516,182747900
2010-05-04,87.84852600097656,360353400
2010-05-05,87.32526397705078,328973200
2010-05-06,84.4249038696289,647356600
2010-05-07,83.1690673828125,637558800
2010-05-10,86.8318862915039,396159600
2010-05-11,86.58521270751953,317849800
2010-05-12,87.79618835449219,235607100
2010-05-13,86.70479583740234,234452500
2010-05-14,85.13500213623047,345601400
2010-05-17,85.17987060546875,325739800
2010-05-18,84.02118682861328,360556800
2010-05-19,83.54280853271484,394742700
2010-05-20,80.38825225830078,530418300
2010-05-21,81.56185913085938,500909400
2010-05-24,80.51536560058594,269823000
2010-05-25,80.59760284423828,396505200
2010-05-26,80.1116943359375,349719300
2010-05-27,82.7952651977539,300870500
2010-05-28,81.75623321533203,297933500
2010-06-01,80.38082122802734,277909400
2010-06-02,82.47386169433594,240243700
2010-06-03,82.75791931152344,226618300
2010-06-04,79.8500747680664,398475600
2010-06-07,78.85585021972656,264609100
2010-06-08,79.70054626464844,357774300
2010-06-09,79.27448272705078,268023300
2010-06-10,81.59178161621094,317890600
2010-06-11,81.98795318603516,214128200
2010-06-14,81.86087799072266,207196100
2010-06-15,83.72219848632812,238268700
2010-06-16,83.69231414794922,216374000
2010-06-17,83.82684326171875,263185800
2010-06-18,83.9177474975586,174006600
2010-06-21,83.67740631103516,213140700
2010-06-22,82.29544067382812,239355400
2010-06-23,82.04006958007812,254639900
2010-06-24,80.68059539794922,268523600
2010-06-25,81.01860046386719,238726500
2010-06-28,80.76325225830078,169218600
2010-06-29,78.26962280273438,373649500
2010-06-30,77.52609252929688,284101700
2010-07-01,77.18060302734375,382924800
2010-07-02,76.75997924804688,233385200
2010-07-06,77.26322174072266,256935300
2010-07-07,79.69670867919922,253769400
2010-07-08,80.48534393310547,210842100
2010-07-09,81.086181640625,144999900
2010-07-12,81.13873291015625,131283600
2010-07-13,82.36302185058594,213025900
2010-07-14,82.35549926757812,184426800
2010-07-15,82.37805938720703,232337900
2010-07-16,80.10977935791016,282693400
2010-07-19,80.58296203613281,186709000
2010-07-20,81.47675323486328,258162400
2010-07-21,80.4177474975586,264527000
2010-07-22,82.21281433105469,274781300
2010-07-23,82.92631530761719,222020800
2010-07-26,83.79004669189453,184445700
2010-07-27,83.78255462646484,204855600
2010-07-28,83.24177551269531,163056200
2010-07-29,82.83622741699219,220149100
2010-07-30,82.82117462158203,220070600
2010-08-02,84.69135284423828,188263200
2010-08-03,84.2857666015625,146657300
2010-08-04,84.84908294677734,158171700
2010-08-05,84.7589340209961,140473800
2010-08-06,84.4134750366211,239728300
2010-08-09,84.86409759521484,120800400
2010-08-10,84.40594482421875,242916300
2010-08-11,82.09262084960938,273406900
2010-08-12,81.58940124511719,239542600
2010-08-13,81.34906005859375,158698500
2010-08-16,81.31150817871094,147895300
2010-08-17,82.31045532226562,172270300
2010-08-18,82.46064758300781,182922100
2010-08-19,81.02609252929688,265847600
2010-08-20,80.76325225830078,209714200
2010-08-23,80.45528411865234,163490300
2010-08-24,79.26107788085938,280677800
2010-08-25,79.56900024414062,272234800
2010-08-26,79.03575134277344,224439500
2010-08-27,80.26000213623047,272649000
2010-08-30,79.0958251953125,167238600
2010-08-31,79.0958251953125,273933100
2010-09-01,81.46172332763672,256828100
2010-09-02,82.22030639648438,156112200
2010-09-03,83.28684997558594,212197300
2010-09-07,82.3479995727539,141973700
2010-09-08,82.92631530761719,149924400
2010-09-09,83.30939483642578,147017900
2010-09-10,83.72997283935547,127819000
2010-09-13,84.66131591796875,178503500
2010-09-14,84.60874938964844,209823600
2010-09-15,84.93170166015625,168608400
2010-09-16,84.90914916992188,199962900
2010-09-17,84.94087982177734,195836900
2010-09-20,86.23963165283203,214555200
2010-09-21,86.06594848632812,268389100
2010-09-22,85.64310455322266,191322400
2010-09-23,84.94841003417969,202354300
2010-09-24,86.70024108886719,209671800
2010-09-27,86.28495788574219,128761800
2010-09-28,86.58699035644531,209207500
2010-09-29,86.43596649169922,179665800
2010-09-30,86.17921447753906,287106700
2010-10-01,86.54169464111328,174638700
2010-10-04,85.89232635498047,166153200
2010-10-05,87.6214828491211,229634100
2010-10-06,87.61389923095703,148626600
2010-10-07,87.50823211669922,164860000
2010-10-08,87.99903106689453,177760100
2010-10-11,88.08208465576172,103098300
2010-10-12,88.35393524169922,182210000
2010-10-13,89.04106903076172,194347200
2010-10-14,88.6937255859375,217764300
2010-10-15,88.87492370605469,243705000
2010-10-18,89.3128662109375,141204800
2010-10-19,88.14250183105469,280604700
2010-10-20,89.00331115722656,200051800
2010-10-21,89.19964599609375,221585500
2010-10-22,89.36576080322266,108212400
2010-10-25,89.63004302978516,151145700
2010-10-26,89.6451644897461,158982900
2010-10-27,89.38838958740234,190024000
2010-10-28,89.40350341796875,168576000
2010-10-29,89.47148895263672,144305500
2010-11-01,89.5016860961914,174074800
2010-11-02,90.21147155761719,158345900
2010-11-03,90.57391357421875,226702800
2010-11-04,92.31817626953125,215039400
2010-11-05,92.66555786132812,180654100
2010-11-08,92.49185943603516,156107100
2010-11-09,91.82734680175781,186621600
2010-11-10,92.19734954833984,221387400
2010-11-11,91.85002136230469,158017600
2010-11-12,90.76268768310547,239068800
2010-11-15,90.6343002319336,163940800
2010-11-16,89.22224426269531,299566200
2010-11-17,89.26758575439453,172308900
2010-11-18,90.58142852783203,197723700
2010-11-19,90.83065032958984,156852900
2010-11-22,90.75514221191406,181361000
2010-11-23,89.44127655029297,222309000
2010-11-24,90.76268768310547,140046100
2010-11-26,89.70555877685547,76007800
2010-11-29,89.97737884521484,223642300
2010-11-30,89.47148895263672,233930700
2010-12-01,91.37432861328125,221037200
2010-12-02,92.5447006225586,191213600
2010-12-03,92.79387664794922,151288900
2010-12-06,92.69572448730469,103050500
2010-12-07,92.74858856201172,206581000
2010-12-08,93.08837127685547,138019200
2010-12-09,93.45082092285156,123705100
2010-12-10,93.99446105957031,117571700
2010-12-13,94.05488586425781,133812700
2010-12-14,94.1379623413086,147249600
2010-12-15,93.70756530761719,160823100
2010-12-16,94.25125122070312,185035200
2010-12-17,94.35218811035156,141075300
2010-12-20,94.57989501953125,119085500
2010-12-21,95.1795654296875,94965500
2010-12-22,95.47560119628906,78878100
2010-12-23,95.33895874023438,70053700
2010-12-27,95.37692260742188,58126000
2010-12-28,95.51356506347656,55309100
2010-12-29,95.58187866210938,58033100
2010-12-30,95.43004608154297,76616900
2010-12-31,95.45284271240234,91218900
2011-01-03,96.43962097167969,138725200
2011-01-04,96.3864974975586,137409700
2011-01-05,96.88746643066406,133975300
2011-01-06,96.69769287109375,122519000
2011-01-07,96.5079116821289,156034600
2011-01-10,96.3864974975586,122401700
2011-01-11,96.72805786132812,110287000
2011-01-12,97.60099792480469,107929200
2011-01-13,97.44158935546875,129048400
2011-01-14,98.14752960205078,117677900
2011-01-18,98.31452941894531,114401300
2011-01-19,97.3504638671875,151958400
2011-01-20,97.22146606445312,175745700
2011-01-21,97.44158935546875,151462900
2011-01-24,97.99569702148438,113715500
2011-01-25,98.04888153076172,167552200
2011-01-26,98.42837524414062,141281500
2011-01-27,98.67129516601562,123302700
2011-01-28,96.94819641113281,295637300
2011-01-31,97.6769027709961,149249200
2011-02-01,99.2405776977539,167194300
2011-02-02,99.05084991455078,118323600
2011-02-03,99.27096557617188,145886700
2011-02-04,99.55179595947266,134634800
2011-02-07,100.17423248291016,112439100
2011-02-08,100.62968444824219,99072800
2011-02-09,100.40198516845703,146436700
2011-02-10,100.43990325927734,162708500
2011-02-11,101.03960418701172,137710300
2011-02-14,101.28247833251953,101690700
2011-02-15,100.96371459960938,119575400
2011-02-16,101.60128784179688,130183500
2011-02-17,101.90491485595703,109810500
2011-02-18,102.11742401123047,130002400
2011-02-22,100.06795501708984,233116400
2011-02-23,99.45308685302734,227584000
2011-02-24,99.38481140136719,260431400
2011-02-25,100.44750213623047,141686900
2011-02-28,101.0699234008789,141585500
2011-03-01,99.38481140136719,258565500
2011-03-02,99.59736633300781,200277400
2011-03-03,101.31285858154297,176480100
2011-03-04,100.55376434326172,277202300
2011-03-07,99.76432800292969,216790400
2011-03-08,100.63725280761719,174615000
2011-03-09,100.49302673339844,153806000
2011-03-10,98.63333892822266,301291800
2011-03-11,99.31649017333984,225621800
2011-03-14,98.7168197631836,234974100
2011-03-15,97.58580017089844,359585400
2011-03-16,95.77924346923828,468670300
2011-03-17,97.04688262939453,254303700
2011-03-18,97.39983367919922,230435400
2011-03-21,98.90935516357422,153992600
2011-03-22,98.56627655029297,129538600
2011-03-23,98.84834289550781,148603100
2011-03-24,99.79368591308594,159129800
2011-03-25,100.0986328125,155642800
2011-03-28,99.85467529296875,109762400
2011-03-29,100.52555847167969,129798800
2011-03-30,101.21932220458984,135835000
2011-03-31,101.08204650878906,132537100
2011-04-01,101.50897979736328,153850100
2011-04-04,101.59288024902344,100768900
2011-04-05,101.57762145996094,120791500
2011-04-06,101.8978042602539,120411600
2011-04-07,101.63862609863281,170731500
2011-04-08,101.28789520263672,147945400
2011-04-11,100.98297119140625,121385400
2011-04-12,100.22824096679688,161187400
2011-04-13,100.2206039428711,162059000
2011-04-14,100.29686737060547,161220400
2011-04-15,100.66276550292969,170006700
2011-04-18,99.53447723388672,210759300
2011-04-19,100.1062240600586,124258800
2011-04-20,101.47089385986328,156133800
2011-04-21,101.9892807006836,135935400
2011-04-25,101.88257598876953,65757100
2011-04-26,102.75926208496094,146600000
2011-04-27,103.43022155761719,143031000
2011-04-28,103.76563262939453,124791100
2011-04-29,104.00952911376953,115094100
2011-05-02,103.84947967529297,126278700
2011-05-03,103.47589111328125,138375000
2011-05-04,102.78975677490234,182678500
2011-05-05,101.85968780517578,226900000
2011-05-06,102.3095474243164,222787200
2011-05-09,102.70594024658203,114104500
2011-05-10,103.58263397216797,114806900
2011-05-11,102.49246215820312,193564200
2011-05-12,102.98040008544922,171550700
2011-05-13,102.18754577636719,157444900
2011-05-16,101.53950500488281,141675400
2011-05-17,101.5242691040039,192686200
2011-05-18,102.43147277832031,135217900
2011-05-19,102.67539978027344,119489500
2011-05-20,101.85968780517578,182594900
2011-05-23,100.67802429199219,168700000
2011-05-24,100.59420013427734,147199600
2011-05-25,100.9295883178711,151050100
2011-05-26,101.39463806152344,164850000
2011-05-27,101.78346252441406,120921900
2011-05-31,102.84313201904297,164731200
2011-06-01,100.5331802368164,233094300
2011-06-02,100.42643737792969,200466800
2011-06-03,99.4277572631836,234690200
2011-06-06,98.37570190429688,179951200
2011-06-07,98.314697265625,161660500
2011-06-08,97.90300750732422,198696400
2011-06-09,98.65013885498047,160964400
2011-06-10,97.27786254882812,238629400
2011-06-13,97.3541030883789,207599800
2011-06-14,98.58912658691406,160570400
2011-06-15,96.83570098876953,300958000
2011-06-16,97.04917907714844,308032800
2011-06-17,97.33877563476562,233284900
2011-06-20,97.83675384521484,159479000
2011-06-21,99.17750549316406,193157300
2011-06-22,98.57992553710938,176703000
2011-06-23,98.29645538330078,334286500
2011-06-24,97.15489196777344,226129300
2011-06-27,98.0206527709961,168904700
2011-06-28,99.30013275146484,165556300
2011-06-29,100.15052795410156,244295500
2011-06-30,101.10820007324219,223322700
2011-07-01,102.60220336914062,202385700
2011-07-05,102.51789855957031,165936000
2011-07-06,102.64054107666016,143331600
2011-07-07,103.70542907714844,170464200
2011-07-08,102.96994018554688,194100500
2011-07-11,101.10820007324219,195918600
2011-07-12,100.67150115966797,214675700
2011-07-13,101.00862121582031,204062600
2011-07-14,100.31140899658203,226111800
2011-07-15,100.89368438720703,220012800
2011-07-18,100.06623840332031,196872100
2011-07-19,101.69049835205078,166554900
2011-07-20,101.62918853759766,137145400
2011-07-21,103.03890228271484,245246300
2011-07-22,103.10783386230469,126019400
2011-07-25,102.53324127197266,136653800
2011-07-26,102.15019226074219,131278200
2011-07-27,100.05856323242188,249020100
2011-07-28,99.76744842529297,207939900
2011-07-29,99.08556365966797,307038400
2011-08-01,98.6642074584961,325790900
2011-08-02,96.1435775756836,346653800
2011-08-03,96.66458129882812,370830800
2011-08-04,92.13666534423828,520721800
2011-08-05,91.99874114990234,655619200
2011-08-08,86.0074691772461,702263900
2011-08-09,90.00677490234375,717828700
2011-08-10,86.03044128417969,662607400
2011-08-11,89.89185333251953,487979700
2011-08-12,90.4970932006836,313731600
2011-08-15,92.41246032714844,258810600
2011-08-16,91.62332153320312,294095200
2011-08-17,91.68460845947266,238201100
2011-08-18,87.73129272460938,512956300
2011-08-19,86.29862976074219,428281300
2011-08-22,86.3675765991211,275090600
2011-08-23,89.20997619628906,331136600
2011-08-24,90.46640014648438,246869700
2011-08-25,89.08740997314453,312365400
2011-08-26,90.38217163085938,314495900
2011-08-29,92.97941589355469,190977200
2011-08-30,93.22456359863281,241315700
2011-08-31,93.63829803466797,301828400
2011-09-01,92.65763092041016,254585900
2011-09-02,90.29019165039062,255517200
2011-09-06,89.63134765625,285130500
2011-09-07,92.1596450805664,209803200
2011-09-08,91.20195770263672,250568200
2011-09-09,88.81156158447266,380195100
2011-09-12,89.38618469238281,305793500
2011-09-13,90.20594787597656,272514700
2011-09-14,91.45479583740234,319389500
2011-09-15,93.03302764892578,326777200
2011-09-16,93.58365631103516,284528300
2011-09-19,92.65184020996094,241517000
2011-09-20,92.54400634765625,218932200
2011-09-21,89.81781768798828,316251300
2011-09-22,86.91451263427734,513911300
2011-09-23,87.43818664550781,307242500
2011-09-26,89.51747131347656,260673700
2011-09-27,90.51863098144531,311753900
2011-09-28,88.67036437988281,286696800
2011-09-29,89.37116241455078,298108900
2011-09-30,87.13785552978516,288392300
2011-10-03,84.65808868408203,365136800
2011-10-04,86.51407623291016,459177500
2011-10-05,88.11589050292969,284108000
2011-10-06,89.70999145507812,257800800
2011-10-07,89.10931396484375,312657900
2011-10-10,92.0896224975586,230666300
2011-10-11,92.18204498291016,209088000
2011-10-12,92.99067687988281,281544900
2011-10-13,92.80583953857422,212538800
2011-10-14,94.39227294921875,211397600
2011-10-17,92.5902328491211,202311600
2011-10-18,94.39999389648438,318857900
2011-10-19,93.2833251953125,226601300
2011-10-20,93.69146728515625,262075600
2011-10-21,95.47042083740234,278999400
2011-10-24,96.6409912109375,203215600
2011-10-25,94.76190948486328,268596800
2011-10-26,95.72456359863281,289053800
2011-10-27,99.05914306640625,393220200
2011-10-28,99.0360336303711,225906500
2011-10-31,96.6487045288086,228146700
2011-11-01,93.95330047607422,416565800
2011-11-02,95.48583221435547,244717600
2011-11-03,97.22626495361328,291174800
2011-11-04,96.63329315185547,249401600
2011-11-07,97.23400115966797,196617200
2011-11-08,98.48155975341797,224426300
2011-11-09,94.84661102294922,337982000
2011-11-10,95.73994445800781,231866500
2011-11-11,97.54202270507812,189924400
2011-11-14,96.61790466308594,159258300
2011-11-15,97.09536743164062,184709400
2011-11-16,95.55513763427734,235782500
2011-11-17,94.03801727294922,331219600
2011-11-18,93.93792724609375,215580400
2011-11-21,92.1512680053711,229611600
2011-11-22,91.78931427001953,216494900
2011-11-23,89.76390075683594,224329100
2011-11-25,89.59446716308594,99557000
2011-11-28,92.18975830078125,210686000
2011-11-29,92.45159912109375,199241500
2011-11-30,96.25591278076172,324439500
2011-12-01,96.24050903320312,176954800
2011-12-02,96.15582275390625,221109700
2011-12-05,97.20318603515625,225263900
2011-12-06,97.23400115966797,178842100
2011-12-07,97.5959243774414,237802500
2011-12-08,95.45501708984375,240862800
2011-12-09,97.0722427368164,209111400
2011-12-12,95.65525817871094,215826100
2011-12-13,94.76190948486328,245159800
2011-12-14,93.75305938720703,238618800
2011-12-15,94.09196472167969,199109200
2011-12-16,94.2314224243164,220481400
2011-12-19,93.22396087646484,183903000
2011-12-20,96.04490661621094,225418100
2011-12-21,96.23090362548828,194230900
2011-12-22,97.08341979980469,119465400
2011-12-23,97.95137786865234,92187200
2011-12-27,98.02891540527344,86075700
2011-12-28,96.74240112304688,119107100
2011-12-29,97.74214935302734,123507200
2011-12-30,97.26164245605469,95599000
2012-01-03,98.8116455078125,193697900
2012-01-04,98.96663665771484,127186500
2012-01-05,99.2301254272461,173895000
2012-01-06,98.9743881225586,148050000
2012-01-09,99.21463775634766,99530200
2012-01-10,100.07486724853516,115282000
2012-01-11,100.12911987304688,111540700
2012-01-12,100.36940002441406,118983700
2012-01-13,99.8501205444336,179836200
2012-01-17,100.23763275146484,132209200
2012-01-18,101.34589385986328,163395200
2012-01-19,101.88062286376953,126328900
2012-01-20,102.26036071777344,138230200
2012-01-23,101.99686431884766,129295800
2012-01-24,101.88062286376953,103083300
2012-01-25,102.73311614990234,198613200
2012-01-26,102.20610046386719,184880500
2012-01-27,102.15963745117188,135259100
2012-01-30,101.81087493896484,147311800
2012-01-31,101.77215576171875,157212000
2012-02-01,102.6633529663086,166234500
2012-02-02,102.82608795166016,113090400
2012-02-03,104.26759338378906,160598500
2012-02-06,104.19783020019531,107694500
2012-02-07,104.46133422851562,135528100
2012-02-08,104.77132415771484,139361400
2012-02-09,104.90308380126953,148602900
2012-02-10,104.12808227539062,167907500
2012-02-13,104.90308380126953,115841900
2012-02-14,104.77132415771484,165329500
2012-02-15,104.2830810546875,195195100
2012-02-16,105.43782043457031,186567800
2012-02-17,105.71685028076172,129869400
2012-02-21,105.76333618164062,134042300
2012-02-22,105.42231750488281,124455300
2012-02-23,105.88735961914062,137704300
2012-02-24,106.11983489990234,105539100
2012-02-27,106.29808807373047,145728900
2012-02-28,106.6080322265625,129355900
2012-02-29,106.18960571289062,185934700
2012-03-01,106.73979949951172,145023500
2012-03-02,106.41432189941406,120638300
2012-03-05,105.98035430908203,140765000
2012-03-06,104.43034362792969,202129900
2012-03-07,105.15880584716797,143692200
2012-03-08,106.20508575439453,116968900
2012-03-09,106.61582946777344,122836800
2012-03-12,106.62356567382812,104003500
2012-03-13,108.54553985595703,184090500
2012-03-14,108.42926025390625,145163600
2012-03-15,109.05706787109375,165118500
2012-03-16,109.20809936523438,152893500
2012-03-19,109.63618469238281,125291100
2012-03-20,109.31705474853516,121729700
2012-03-21,109.13798522949219,122388400
2012-03-22,108.35181427001953,135216700
2012-03-23,108.70207214355469,120521000
2012-03-26,110.22774505615234,120164000
2012-03-27,109.88529968261719,119868500
2012-03-28,109.34034729003906,148562100
2012-03-29,109.1535873413086,164963700
2012-03-30,109.60504150390625,135486800
2012-04-02,110.40679168701172,151741100
2012-04-03,109.95530700683594,155806700
2012-04-04,108.86557006835938,146896000
2012-04-05,108.81108856201172,137439400
2012-04-09,107.58907318115234,127555900
2012-04-10,105.78313446044922,235360300
2012-04-11,106.63938903808594,154133000
2012-04-12,108.03268432617188,154321500
2012-04-13,106.74832916259766,169246700
2012-04-16,106.67829895019531,147825300
2012-04-17,108.25841522216797,147877600
2012-04-18,107.89257049560547,123884200
2012-04-19,107.19982147216797,198666700
2012-04-20,107.37886047363281,143199600
2012-04-23,106.47590637207031,171844900
2012-04-24,106.88069152832031,137484200
2012-04-25,108.343994140625,150252200
2012-04-26,109.09907531738281,136291600
2012-04-27,109.27810668945312,130725000
2012-04-30,108.87335205078125,115092200
2012-05-01,109.55054473876953,138832200
2012-05-02,109.22361755371094,121081000
2012-05-03,108.39070892333984,143759700
2012-05-04,106.63938903808594,193927300
2012-05-07,106.71725463867188,127765900
2012-05-08,106.28911590576172,213377700
2012-05-09,105.65860748291016,220752500
2012-05-10,105.87651824951172,150600000
2012-05-11,105.55741119384766,153032400
2012-05-14,104.38983154296875,163910000
2012-05-15,103.79046630859375,207629300
2012-05-16,103.39347839355469,207265500
2012-05-17,101.86005401611328,247992900
2012-05-18,100.98828125,319615900
2012-05-21,102.72408294677734,177861100
2012-05-22,102.9030990600586,197531200
2012-05-23,102.95761108398438,204958400
2012-05-24,103.15995025634766,167357600
2012-05-25,102.82528686523438,135465600
2012-05-29,104.07070922851562,152883500
2012-05-30,102.56061553955078,162370400
2012-05-31,102.33489227294922,196186000
2012-06-01,99.7583999633789,253240900
2012-06-04,99.71170043945312,202545800
2012-06-05,100.46672821044922,164149400
2012-06-06,102.72408294677734,184202800
2012-06-07,102.78634643554688,184772700
2012-06-08,103.6036376953125,143915400
2012-06-11,102.28817749023438,169756100
2012-06-12,103.46351623535156,181931800
2012-06-13,102.80193328857422,172223900
2012-06-14,103.89167022705078,230615500
2012-06-15,104.95416259765625,169444500
2012-06-18,105.15763854980469,131360900
2012-06-19,106.17475891113281,137382600
2012-06-20,106.00264739990234,206451800
2012-06-21,103.62406158447266,205272200
2012-06-22,104.4221420288086,130029200
2012-06-25,102.74776458740234,146375700
2012-06-26,103.2641830444336,141634000
2012-06-27,104.19525909423828,108088000
2012-06-28,103.89790344238281,169242100
2012-06-29,106.48773956298828,212250900
2012-07-02,106.80853271484375,129524500
2012-07-03,107.5126953125,80450000
2012-07-05,107.02759552001953,126177500
2012-07-06,106.01046752929688,151192100
2012-07-09,105.87745666503906,103780500
2012-07-10,104.95416259765625,167884800
2012-07-11,104.9698257446289,141733400
2012-07-12,104.46126556396484,143583200
2012-07-13,106.21393585205078,129642600
2012-07-16,105.96351623535156,97525200
2012-07-17,106.69116973876953,138860300
2012-07-18,107.4814224243164,113349700
2012-07-19,107.76309204101562,129847300
2012-07-20,106.7772216796875,142904500
2012-07-23,105.69749450683594,145210900
2012-07-24,104.78987121582031,173301200
2012-07-25,104.81336975097656,129122300
2012-07-26,106.54251861572266,156526500
2012-07-27,108.50637817382812,236768900
2012-07-30,108.50637817382812,106782000
2012-07-31,107.7474365234375,120575900
2012-08-01,107.6535415649414,138293800
2012-08-02,106.9102554321289,199556600
2012-08-03,109.03060913085938,157825000
2012-08-06,109.24185943603516,86326200
2012-08-07,109.7895736694336,109545100
2012-08-08,109.92256927490234,89754700
2012-08-09,110.01646423339844,90291700
2012-08-10,110.1964340209961,99792700
2012-08-13,110.14166259765625,79426900
2012-08-14,110.1573257446289,102379400
2012-08-15,110.28247833251953,71085900
2012-08-16,111.09624481201172,112014200
2012-08-17,111.24486541748047,90813700
2012-08-20,111.25273132324219,78255700
2012-08-21,110.9162826538086,105581100
2012-08-22,110.9632339477539,133243500
2012-08-23,110.05558013916016,111466400
2012-08-24,110.72061157226562,99481200
2012-08-27,110.74411010742188,68785900
2012-08-28,110.63459777832031,75689600
2012-08-29,110.72061157226562,65421300
2012-08-30,109.92256927490234,96589900
2012-08-31,110.4467544555664,151970400
2012-09-04,110.34506225585938,120226200
2012-09-05,110.25121307373047,100660300
2012-09-06,112.48889923095703,158272500
2012-09-07,112.92708587646484,107272100
2012-09-10,112.28550720214844,86458500
2012-09-11,112.59846496582031,88760000
2012-09-12,112.97400665283203,87640900
2012-09-13,114.69537353515625,225470200
2012-09-14,115.2039566040039,169777000
2012-09-17,114.81272888183594,119427800
2012-09-18,114.71882629394531,98326600
2012-09-19,114.78144836425781,128318300
2012-09-20,114.78925323486328,154009800
2012-09-21,114.74125671386719,108737500
2012-09-24,114.5682373046875,95682000
2012-09-25,113.3489761352539,133165200
2012-09-26,112.71186828613281,146502200
2012-09-27,113.77378845214844,111830300
2012-09-28,113.24677276611328,150696100
2012-10-01,113.54571533203125,135911200
2012-10-02,113.66361999511719,113422200
2012-10-03,114.12776184082031,121283100
2012-10-04,114.94576263427734,124311600
2012-10-05,114.95362091064453,124842100
2012-10-08,114.56035614013672,78415400
2012-10-09,113.42765045166016,148872900
2012-10-10,112.70394897460938,124247500
2012-10-11,112.76690673828125,123601500
2012-10-12,112.39717864990234,124181900
2012-10-15,113.33325958251953,107689100
2012-10-16,114.4817123413086,108815500
2012-10-17,115.00086212158203,128834100
2012-10-18,114.70193481445312,148108500
2012-10-19,112.79049682617188,185645200
2012-10-22,112.8062515258789,125578600
2012-10-23,111.24091339111328,192056300
2012-10-24,110.9262466430664,120179400
2012-10-25,111.24877166748047,134457400
2012-10-26,111.18588256835938,146023500
2012-10-31,111.18588256835938,103438500
2012-11-01,112.3499984741211,100995600
2012-11-02,111.35103607177734,137702200
2012-11-05,111.57910919189453,98378500
2012-11-06,112.45223236083984,107068100
2012-11-07,109.90370178222656,264304500
2012-11-08,108.58221435546875,181517300
2012-11-09,108.67659759521484,201055300
2012-11-12,108.76309967041016,97677500
2012-11-13,108.38552856445312,123018300
2012-11-14,106.92244720458984,191505000
2012-11-15,106.74152374267578,178128400
2012-11-16,107.26856231689453,239483900
2012-11-19,109.4395523071289,151495800
2012-11-20,109.48673248291016,119807400
2012-11-21,109.69129943847656,81710800
2012-11-23,111.18588256835938,65409200
2012-11-26,110.94989013671875,100124400
2012-11-27,110.38349914550781,128646200
2012-11-28,111.27238464355469,177086500
2012-11-29,111.79143524169922,151085900
2012-11-30,111.81510162353516,136568300
2012-12-03,111.26447296142578,124656300
2012-12-04,111.10716247558594,127512200
2012-12-05,111.30384063720703,147300500
2012-12-06,111.681396484375,103220600
2012-12-07,112.01964569091797,108726400
2012-12-10,112.06684112548828,98840700
2012-12-11,112.82981872558594,152570400
2012-12-12,112.88489532470703,145880100
2012-12-13,112.19267272949219,135715000
2012-12-14,111.77582550048828,137701700
2012-12-17,113.08938598632812,143238200
2012-12-18,114.34795379638672,177762800
2012-12-19,113.4984359741211,150895400
2012-12-20,114.15133666992188,168487000
2012-12-21,113.1151351928711,245883800
2012-12-24,112.7666015625,53874600
2012-12-26,112.2912826538086,106947700
2012-12-27,112.14079284667969,167920600
2012-12-28,110.92871856689453,148806700
2012-12-31,112.81413269042969,243935200
2013-01-02,115.7055435180664,192059000
2013-01-03,115.44413757324219,144761800
2013-01-04,115.95111846923828,116817700
2013-01-07,115.63433074951172,110002500
2013-01-08,115.30154418945312,121265100
2013-01-09,115.59464263916016,90745600
2013-01-10,116.51358795166016,130735400
2013-01-11,116.50567626953125,113917300
2013-01-14,116.42646026611328,89567200
2013-01-15,116.50567626953125,93172600
2013-01-16,116.4898681640625,104849500
2013-01-17,117.24240112304688,133833500
2013-01-18,117.50379180908203,169906000
2013-01-22,118.13754272460938,111797300
2013-01-23,118.32769012451172,104596100
2013-01-24,118.3593521118164,146426400
2013-01-25,119.02478790283203,147211600
2013-01-28,118.88225555419922,113357700
2013-01-29,119.34956359863281,105694400
2013-01-30,118.88225555419922,137447700
2013-01-31,118.58910369873047,108975800
2013-02-01,119.80908203125,131173000
2013-02-04,118.46236419677734,159073600
2013-02-05,119.65856170654297,113912400
2013-02-06,119.74566650390625,138762800
2013-02-07,119.58724975585938,162490000
2013-02-08,120.25264739990234,103133700
2013-02-11,120.22891235351562,73775000
2013-02-12,120.4269027709961,65392700
2013-02-13,120.52996063232422,82322600
2013-02-14,120.64081573486328,80834300
2013-02-15,120.49827575683594,215226500
2013-02-19,121.40135192871094,95105400
2013-02-20,119.88823699951172,160574800
2013-02-21,119.15943145751953,183257000
2013-02-22,120.323974609375,106356600
2013-02-25,118.03455352783203,245824800
2013-02-26,118.84260559082031,186596200
2013-02-27,120.3398208618164,150781900
2013-02-28,120.10215759277344,126866000
2013-03-01,120.49827575683594,170634800
2013-03-04,121.13993072509766,99010200
2013-03-05,122.22523498535156,121431900
2013-03-06,122.39151763916016,94469900
2013-03-07,122.61337280273438,86101400
2013-03-08,123.13616943359375,123477800
2013-03-11,123.60359954833984,83746800
2013-03-12,123.32635498046875,105755800
2013-03-13,123.50064849853516,92550900
2013-03-14,124.15811920166016,126329900
2013-03-15,123.99424743652344,138601100
2013-03-18,123.30988311767578,126704300
2013-03-19,123.02342987060547,167567300
2013-03-20,123.8828125,113759300
2013-03-21,122.82450103759766,128605000
2013-03-22,123.8112564086914,111163600
2013-03-25,123.29398345947266,151322300
2013-03-26,124.2806625366211,86856600
2013-03-27,124.2806625366211,99950600
2013-03-28,124.66259765625,102932800
2013-04-01,124.16925048828125,99194100
2013-04-02,124.78199005126953,101504300
2013-04-03,123.51678466796875,154167400
2013-04-04,124.01806640625,131885000
2013-04-05,123.46113586425781,159666000
2013-04-08,124.29661560058594,86571200
2013-04-09,124.72625732421875,101922200
2013-04-10,126.2540054321289,135711100
2013-04-11,126.66780090332031,110142500
2013-04-12,126.3574447631836,116359900
2013-04-15,123.42922973632812,217259000
2013-04-16,125.25138854980469,147507800
2013-04-17,123.4212646484375,226834800
2013-04-18,122.64945220947266,167583200
2013-04-19,123.71570587158203,149687600
2013-04-22,124.26470947265625,106553500
2013-04-23,125.54584503173828,166141300
2013-04-24,125.62538146972656,96781200
2013-04-25,126.1346206665039,131060600
2013-04-26,125.91181945800781,95918800
2013-04-29,126.7552719116211,88572800
2013-04-30,127.05766296386719,116010700
2013-05-01,125.94367218017578,138874200
2013-05-02,127.11335754394531,96407600
2013-05-03,128.40235900878906,144202300
2013-05-06,128.7286834716797,66882100
2013-05-07,129.38111877441406,90359200
2013-05-08,129.96987915039062,97419200
2013-05-09,129.6039276123047,106738600
2013-05-10,130.025634765625,103203000
2013-05-13,130.1290283203125,81843200
2013-05-14,131.47381591796875,119000900
2013-05-15,132.18194580078125,120718500
2013-05-16,131.5613250732422,109913600
2013-05-17,132.83447265625,129801000
2013-05-20,132.82652282714844,85071200
2013-05-21,133.0174560546875,95804200
2013-05-22,132.0308074951172,244031800
2013-05-23,131.64886474609375,211064400
2013-05-24,131.53741455078125,151573900
2013-05-28,132.32521057128906,143679800
2013-05-29,131.4658203125,160363400
2013-05-30,131.95126342773438,107793800
2013-05-31,130.05743408203125,176850100
2013-06-03,130.77359008789062,168390700
2013-06-04,130.14500427246094,157631500
2013-06-05,128.3228302001953,211737800
2013-06-06,129.48458862304688,200225500
2013-06-07,131.131591796875,188337800
2013-06-10,131.131591796875,105667100
2013-06-11,129.7789306640625,159505400
2013-06-12,128.7047882080078,177361500
2013-06-13,130.66221618652344,163587800
2013-06-14,129.8426055908203,141197500
2013-06-17,130.8451690673828,136295600
2013-06-18,131.8795928955078,114695600
2013-06-19,130.05743408203125,206149500
2013-06-20,126.83482360839844,321255900
2013-06-21,127.24201965332031,271956800
2013-06-24,125.63420104980469,222329000
2013-06-25,126.84203338623047,162262200
2013-06-26,128.09788513183594,134848000
2013-06-27,128.8498992919922,129483700
2013-06-28,128.32188415527344,160402900
2013-07-01,129.0738067626953,131954800
2013-07-02,128.95379638671875,154863700
2013-07-03,129.00982666015625,75216400
2013-07-05,130.4016571044922,122416900
2013-07-08,131.14561462402344,108092500
2013-07-09,132.08949279785156,119298000
2013-07-10,132.13746643066406,121410100
2013-07-11,133.93724060058594,135592200
2013-07-12,133.99327087402344,104212700
2013-07-15,134.50518798828125,69450600
2013-07-16,134.0012664794922,88702100
2013-07-17,134.34523010253906,92873900
2013-07-18,135.0811309814453,103620100
2013-07-19,135.32110595703125,103831700
2013-07-22,135.5850830078125,79428600
2013-07-23,135.29714965820312,80829700
2013-07-24,134.8011474609375,112914000
2013-07-25,135.1291046142578,111088600
2013-07-26,135.27310180664062,107814600
2013-07-29,134.85716247558594,79695000
2013-07-30,134.85716247558594,85209600
2013-07-31,134.95323181152344,142388700
2013-08-01,136.51296997070312,110438400
2013-08-02,136.74497985839844,91116700
2013-08-05,136.54493713378906,54072700
2013-08-06,135.76907348632812,87495000
2013-08-07,135.3291015625,84854700
2013-08-08,135.8250732421875,102181300
2013-08-09,135.43312072753906,91757700
2013-08-12,135.27310180664062,68593300
2013-08-13,135.6730499267578,80806000
2013-08-14,134.97715759277344,79829200
2013-08-15,133.08934020996094,152931800
2013-08-16,132.64942932128906,130868200
2013-08-19,131.80152893066406,96437600
2013-08-20,132.44944763183594,89294400
2013-08-21,131.63351440429688,159530500
2013-08-22,132.83338928222656,101471400
2013-08-23,133.28135681152344,90888900
2013-08-26,132.78536987304688,89702100
2013-08-27,130.649658203125,158619400
2013-08-28,131.11355590820312,108113000
2013-08-29,131.3215789794922,119200500
2013-08-30,130.90562438964844,134928900
2013-09-03,131.49758911132812,142375100
2013-09-04,132.5854034423828,97389400
2013-09-05,132.75340270996094,63090500
2013-09-06,132.8173370361328,159756500
2013-09-09,134.0893096923828,87559300
2013-09-10,135.0811309814453,105847200
2013-09-11,135.50511169433594,94545900
2013-09-12,135.1451416015625,83209000
2013-09-13,135.44912719726562,72727800
2013-09-16,136.23300170898438,106299200
2013-09-17,136.84092712402344,82523300
2013-09-18,138.42478942871094,203460600
2013-09-19,138.19277954101562,146616900
2013-09-20,137.22666931152344,132867100
2013-09-23,136.59158325195312,104616500
2013-09-24,136.27012634277344,106333100
2013-09-25,135.87620544433594,117306500
2013-09-26,136.39871215820312,77146900
2013-09-27,135.771728515625,99141800
2013-09-30,135.04833984375,143937000
2013-10-01,136.11732482910156,127160000
2013-10-02,135.98873901367188,113350000
2013-10-03,134.73483276367188,176698000
2013-10-04,135.755615234375,96878000
2013-10-07,134.58209228515625,96295000
2013-10-08,133.01467895507812,178015000
2013-10-09,133.11111450195312,168973000
2013-10-10,135.980712890625,195955000
2013-10-11,136.8568572998047,105040000
2013-10-14,137.40347290039062,112106000
2013-10-15,136.40672302246094,155485000
2013-10-16,138.31182861328125,161676000
2013-10-17,139.23614501953125,129389000
2013-10-18,140.1765899658203,138316000
2013-10-21,140.1846923828125,104104000
2013-10-22,140.99649047851562,126663000
2013-10-23,140.32130432128906,105484000
2013-10-24,140.78750610351562,70350000
2013-10-25,141.43055725097656,93625000
2013-10-28,141.6555938720703,84979000
2013-10-29,142.41119384765625,87401000
2013-10-30,141.70384216308594,140002000
2013-10-31,141.3019256591797,133795000
2013-11-01,141.6395721435547,142805000
2013-11-04,142.1378936767578,85677000
2013-11-05,141.68783569335938,85825000
2013-11-06,142.41119384765625,87348000
2013-11-07,140.61065673828125,157000000
2013-11-08,142.50765991210938,136713000
2013-11-11,142.53172302246094,62614000
2013-11-12,142.242431640625,83990000
2013-11-13,143.3838348388672,103844000
2013-11-14,144.0991668701172,103435000
2013-11-15,144.72622680664062,102818000
2013-11-18,144.2197723388672,104796000
2013-11-19,143.90625,93891000
2013-11-20,143.4561004638672,124909000
2013-11-21,144.61367797851562,92841000
2013-11-22,145.33706665039062,81296000
2013-11-25,145.1923828125,79486000
2013-11-26,145.23251342773438,86994000
2013-11-27,145.5862579345703,58800000
2013-11-29,145.4898223876953,55870900
2013-12-02,145.11199951171875,99726000
2013-12-03,144.48504638671875,116563000
2013-12-04,144.46897888183594,123033000
2013-12-05,143.83395385742188,106934000
2013-12-06,145.44158935546875,127728000
2013-12-09,145.81134033203125,70124000
2013-12-10,145.288818359375,80976000
2013-12-11,143.65707397460938,130591000
2013-12-12,143.182861328125,115565000
2013-12-13,143.16677856445312,107808000
2013-12-16,144.0590362548828,96195000
2013-12-17,143.60081481933594,89886000
2013-12-18,146.0524444580078,234906000
2013-12-19,145.88365173339844,136531200
2013-12-20,146.7322540283203,197087000
2013-12-23,147.5161895751953,85598000
2013-12-24,147.83946228027344,45368800
2013-12-26,148.59104919433594,63365000
2013-12-27,148.58294677734375,61814000
2013-12-30,148.55870056152344,56857000
2013-12-31,149.26187133789062,86119900
2014-01-02,147.83139038085938,119636900
2014-01-03,147.80714416503906,81390600
2014-01-06,147.3787841796875,108028200
2014-01-07,148.28387451171875,86144200
2014-01-08,148.31629943847656,96582300
2014-01-09,148.4132843017578,90683400
2014-01-10,148.8173370361328,102026400
2014-01-13,146.83731079101562,149892000
2014-01-14,148.4375,105016100
2014-01-15,149.23756408691406,98525800
2014-01-16,149.04367065429688,72290600
2014-01-17,148.4132843017578,107848700
2014-01-21,148.84967041015625,88621200
2014-01-22,148.94667053222656,61270900
2014-01-23,147.726318359375,132496900
2014-01-24,144.57443237304688,208677100
2014-01-27,143.8632354736328,180843100
2014-01-28,144.71995544433594,110463200
2014-01-29,143.32984924316406,216597300
2014-01-30,144.84921264648438,118938100
2014-01-31,144.00062561035156,194677900
2014-02-03,140.75978088378906,254837100
2014-02-04,141.74586486816406,165012400
2014-02-05,141.56802368164062,164230500
2014-02-06,143.43487548828125,132877600
2014-02-07,145.21286010742188,170787200
2014-02-10,145.47959899902344,92218800
2014-02-11,147.07171630859375,117814100
2014-02-12,147.14443969726562,94717700
2014-02-13,147.90411376953125,100542200
2014-02-14,148.72036743164062,96498400
2014-02-18,148.89820861816406,80460900
2014-02-19,147.91221618652344,126524300
2014-02-20,148.78501892089844,104998100
2014-02-21,148.61532592773438,118116400
2014-02-24,149.43966674804688,114063900
2014-02-25,149.38304138183594,117085000
2014-02-26,149.3911895751953,98677200
2014-02-27,150.17510986328125,93880800
2014-02-28,150.55491638183594,150842000
2014-03-03,149.49618530273438,167748500
2014-03-04,151.59751892089844,167545900
2014-03-05,151.73489379882812,88376900
2014-03-06,152.08236694335938,82516500
2014-03-07,152.1470184326172,114513500
2014-03-10,152.06617736816406,74939200
2014-03-11,151.3146514892578,99009100
2014-03-12,151.35498046875,104824400
2014-03-13,149.65786743164062,155014300
2014-03-14,149.23756408691406,153919600
2014-03-17,150.58724975585938,98359500
2014-03-18,151.66209411621094,101804600
2014-03-19,150.85389709472656,176267300
2014-03-20,151.73489379882812,117241000
2014-03-21,151.14634704589844,163128000
2014-03-24,150.52130126953125,121411000
2014-03-25,151.2356719970703,103852000
2014-03-26,150.14791870117188,119843000
2014-03-27,149.831298828125,142383000
2014-03-28,150.57003784179688,101642000
2014-03-31,151.80386352539062,99745000
2014-04-01,152.81040954589844,89193000
2014-04-02,153.3218231201172,78774000
2014-04-03,153.118896484375,77435000
2014-04-04,151.30865478515625,169381000
2014-04-07,149.63648986816406,140803000
2014-04-08,150.25340270996094,112660000
2014-04-09,151.8688201904297,100254000
2014-04-10,148.6786651611328,172959000
2014-04-11,147.33924865722656,167251000
2014-04-14,148.50006103515625,132382000
2014-04-15,149.5228729248047,157093000
2014-04-16,151.08953857421875,105197000
2014-04-17,151.30056762695312,105255000
2014-04-21,151.8281707763672,68329000
2014-04-22,152.51817321777344,85790000
2014-04-23,152.16102600097656,73869000
2014-04-24,152.46945190429688,88170000
2014-04-25,151.21939086914062,100380000
2014-04-28,151.69833374023438,135121000
2014-04-29,152.4045867919922,84098000
2014-04-30,152.85914611816406,101508000
2014-05-01,152.87533569335938,93019000
2014-05-02,152.65618896484375,98122000
2014-05-05,152.9483642578125,75883000
2014-05-06,151.6171875,85454000
2014-05-07,152.51010131835938,106500000
2014-05-08,152.3477325439453,93618000
2014-05-09,152.57504272460938,83679000
2014-05-12,154.06048583984375,86940000
2014-05-13,154.1985321044922,66454000
2014-05-14,153.46795654296875,72367000
2014-05-15,152.1204376220703,154956000
2014-05-16,152.64808654785156,97458000
2014-05-19,153.20819091796875,63839000
2014-05-20,152.24215698242188,111644000
2014-05-21,153.5247344970703,89093000
2014-05-22,153.8981170654297,61549000
2014-05-23,154.51510620117188,61092800
2014-05-27,155.46481323242188,72010000
2014-05-28,155.35116577148438,66723000
2014-05-29,156.1548614501953,64377000
2014-05-30,156.4064178466797,76316000
2014-06-02,156.5850067138672,64656000
2014-06-03,156.50384521484375,65047000
2014-06-04,156.82040405273438,55529000
2014-06-05,157.84326171875,92103000
2014-06-06,158.59814453125,78696000
2014-06-09,158.76046752929688,65119000
2014-06-10,158.77674865722656,57129000
2014-06-11,158.22476196289062,68772000
2014-06-12,157.10452270507812,106350000
2014-06-13,157.5834503173828,82017000
2014-06-16,157.71336364746094,87424000
2014-06-17,158.1517333984375,84834000
2014-06-18,159.31248474121094,105267000
2014-06-19,159.49107360839844,85929000
2014-06-20,159.81484985351562,100587000
2014-06-23,159.7659149169922,70611000
2014-06-24,158.8035125732422,96237000
2014-06-25,159.52122497558594,82782000
2014-06-26,159.4070281982422,84312000
2014-06-27,159.71697998046875,71445100
2014-06-30,159.63546752929688,70201200
2014-07-01,160.70388793945312,90470000
2014-07-02,160.86703491210938,52475000
2014-07-03,161.658203125,52938800
2014-07-07,161.0954132080078,61696000
2014-07-08,160.05953979492188,108143000
2014-07-09,160.77732849121094,72992000
2014-07-10,160.14111328125,99040000
2014-07-11,160.36131286621094,64243000
2014-07-14,161.16880798339844,58658000
2014-07-15,160.86703491210938,111307000
2014-07-16,161.4624481201172,79986400
2014-07-17,159.6272430419922,145398000
2014-07-18,161.2584991455078,124330000
2014-07-21,160.9567413330078,67592000
2014-07-22,161.658203125,67678000
2014-07-23,162.01705932617188,65612000
2014-07-24,162.0252227783203,56888000
2014-07-25,161.26663208007812,76837000
2014-07-28,161.33197021484375,69259000
2014-07-29,160.6386260986328,80466000
2014-07-30,160.6630859375,104222000
2014-07-31,157.49026489257812,183479000
2014-08-01,157.0091094970703,189261000
2014-08-04,158.1427764892578,91340000
2014-08-05,156.6094512939453,152690000
2014-08-06,156.65834045410156,94818000
2014-08-07,155.8101348876953,135733000
2014-08-08,157.6125946044922,117014000
2014-08-11,158.06944274902344,74544000
2014-08-12,157.84918212890625,73632000
2014-08-13,158.91766357421875,69047000
2014-08-14,159.6680450439453,57371000
2014-08-15,159.63546752929688,139951000
2014-08-18,160.97300720214844,75424000
2014-08-19,161.8131561279297,59135000
2014-08-20,162.2454376220703,72763000
2014-08-21,162.718505859375,67791000
2014-08-22,162.4656219482422,76107000
2014-08-25,163.28944396972656,63855000
2014-08-26,163.3954620361328,47298000
2014-08-27,163.3302459716797,47874000
2014-08-28,163.24050903320312,58330000
2014-08-29,163.7053680419922,65907000
2014-09-02,163.62388610839844,72426000
2014-09-03,163.5341796875,57462000
2014-09-04,163.297607421875,85236000
2014-09-05,164.0316619873047,102177000
2014-09-08,163.60752868652344,64146000
2014-09-09,162.57168579101562,88591000
2014-09-10,163.1833953857422,67251000
2014-09-11,163.3710174560547,66774400
2014-09-12,162.41677856445312,117409300
2014-09-15,162.2943572998047,76401000
2014-09-16,163.5178680419922,116201000
2014-09-17,163.73805236816406,151266000
2014-09-18,164.61077880859375,94990000
2014-09-19,164.46243286132812,121649000
2014-09-22,163.19229125976562,125553000
2014-09-23,162.25811767578125,111393000
2014-09-24,163.52830505371094,107276000
2014-09-25,160.8896484375,150300000
2014-09-26,162.16793823242188,103547000
2014-09-29,161.87303161621094,95112000
2014-09-30,161.44691467285156,131302000
2014-10-01,159.25892639160156,177798000
2014-10-02,159.28353881835938,157285000
2014-10-03,161.03717041015625,121569000
2014-10-06,160.84869384765625,104778000
2014-10-07,158.36573791503906,147913000
2014-10-08,161.13555908203125,186461000
2014-10-09,157.93968200683594,210705000
2014-10-10,156.13690185546875,221909000
2014-10-13,153.57203674316406,230939000
2014-10-14,153.80970764160156,215847000
2014-10-15,152.76905822753906,380715000
2014-10-16,152.6378631591797,270391000
2014-10-17,154.44065856933594,214625000
2014-10-20,155.94017028808594,130011000
2014-10-21,159.02952575683594,154949000
2014-10-22,157.898681640625,151822000
2014-10-23,159.73422241210938,154944000
2014-10-24,160.9634246826172,117927000
2014-10-27,160.74215698242188,82954000
2014-10-28,162.5859375,106736000
2014-10-29,162.340087890625,142557000
2014-10-30,163.38082885742188,113330000
2014-10-31,165.24908447265625,146903000
2014-11-03,165.33924865722656,93600000
2014-11-04,164.7656707763672,93343000
2014-11-05,165.80630493164062,91709000
2014-11-06,166.47010803222656,107089000
2014-11-07,166.62574768066406,89540000
2014-11-10,167.15020751953125,66319000
2014-11-11,167.31411743164062,54499400
2014-11-12,167.1338653564453,90120300
2014-11-13,167.32225036621094,85357900
2014-11-14,167.36331176757812,80417500
2014-11-17,167.46978759765625,80441000
2014-11-18,168.43678283691406,76068100
2014-11-19,168.1663360595703,82373000
2014-11-20,168.46133422851562,72840300
2014-11-21,169.3627166748047,142327300
2014-11-24,169.83804321289062,65880800
2014-11-25,169.71510314941406,79108300
2014-11-26,170.14938354492188,62167800
2014-11-28,169.788818359375,57890100
2014-12-01,168.60885620117188,103968400
2014-12-02,169.69871520996094,74507200
2014-12-03,170.3542938232422,68952000
2014-12-04,170.165771484375,91316600
2014-12-05,170.4443817138672,91025500
2014-12-08,169.30538940429688,108588200
2014-12-09,169.1906280517578,125180100
2014-12-10,166.47830200195312,159856400
2014-12-11,167.32225036621094,159012800
2014-12-12,164.6181182861328,202330200
2014-12-15,163.48733520507812,189965800
2014-12-16,162.1762237548828,259543800
2014-12-17,165.3556365966797,253910100
2014-12-18,169.44468688964844,257633900
2014-12-19,170.1656494140625,245084600
2014-12-22,170.94842529296875,148318900
2014-12-23,171.1791229248047,122167900
2014-12-24,171.1956329345703,42963400
2014-12-26,171.74765014648438,57326700
2014-12-29,171.9783935546875,79643900
2014-12-30,171.05551147460938,73540800
2014-12-31,169.3581085205078,130333800
2015-01-02,169.26748657226562,121465900
2015-01-05,166.21058654785156,169632600
2015-01-06,164.64508056640625,209151400
2015-01-07,166.69677734375,125346700
2015-01-08,169.6547393798828,147217800
2015-01-09,168.2952117919922,158567300
2015-01-12,166.9768829345703,144396100
2015-01-13,166.5072784423828,214553300
2015-01-14,165.50196838378906,192991100
2015-01-15,163.9858856201172,176613900
2015-01-16,166.1364288330078,211879600
2015-01-20,166.49073791503906,130991100
2015-01-21,167.33120727539062,122942700
2015-01-22,169.81959533691406,174356000
2015-01-23,168.88851928710938,117516800
2015-01-26,169.28399658203125,92009700
2015-01-27,167.05104064941406,134044600
2015-01-28,164.90872192382812,168514300
2015-01-29,166.4330596923828,173585400
2015-01-30,164.34019470214844,197729700
2015-02-02,166.37542724609375,163107000
2015-02-03,168.78138732910156,124212900
2015-02-04,168.1387176513672,134306700
2015-02-05,169.83604431152344,97953200
2015-02-06,169.36636352539062,125672000
2015-02-09,168.6083526611328,87219000
2015-02-10,170.40460205078125,96164200
2015-02-11,170.5034637451172,91087800
2015-02-12,172.14315795898438,97545900
2015-02-13,172.85177612304688,93670400
2015-02-17,173.12367248535156,76968200
2015-02-18,173.14019775390625,80652900
2015-02-19,173.01657104492188,91462500
2015-02-20,174.0547637939453,140896400
2015-02-23,174.03005981445312,74411100
2015-02-24,174.52438354492188,72472300
2015-02-25,174.37619018554688,73061700
2015-02-26,174.17013549804688,72697900
2015-02-27,173.57687377929688,108076000
2015-03-02,174.67279052734375,87491400
2015-03-03,173.9558868408203,110325800
2015-03-04,173.2226104736328,114497200
2015-03-05,173.4120635986328,76873000
2015-03-06,170.97312927246094,188128000
2015-03-09,171.68170166015625,89818900
2015-03-10,168.89675903320312,157121300
2015-03-11,168.5012969970703,110145700
2015-03-12,170.6435546875,93993500
2015-03-13,169.5971221923828,162410900
2015-03-16,171.8629913330078,136099200
2015-03-17,171.35215759277344,94510400
2015-03-18,173.4120635986328,228808500
2015-03-19,172.62106323242188,117917300
2015-03-20,174.14479064941406,177715100
2015-03-23,173.80543518066406,71784500
2015-03-24,172.8288116455078,77805300
2015-03-25,170.2962646484375,159521700
2015-03-26,169.8906707763672,153067200
2015-03-27,170.2797088623047,118939000
2015-03-30,172.35702514648438,96180400
2015-03-31,170.85072326660156,126768700
2015-04-01,170.24656677246094,137303600
2015-04-02,170.8590087890625,86900900
2015-04-06,172.0094757080078,114368200
2015-04-07,171.5542449951172,81236300
2015-04-08,172.1335906982422,89351900
2015-04-09,172.8950653076172,85548900
2015-04-10,173.83848571777344,72722900
2015-04-13,173.05230712890625,74436600
2015-04-14,173.38331604003906,75099900
2015-04-15,174.1613006591797,99529300
2015-04-16,174.11167907714844,68934900
2015-04-17,172.10874938964844,191113200
2015-04-20,173.68130493164062,92189500
2015-04-21,173.47442626953125,72559800
2015-04-22,174.32681274414062,78264600
2015-04-23,174.76544189453125,102585900
2015-04-24,175.17103576660156,61327400
2015-04-27,174.44277954101562,79358100
2015-04-28,174.99720764160156,86863500
2015-04-29,174.27720642089844,125684900
2015-04-30,172.53089904785156,161304900
2015-05-01,174.4013214111328,103399700
2015-05-04,174.89794921875,70927200
2015-05-05,172.8950653076172,113326200
2015-05-06,172.18325805664062,135060200
2015-05-07,172.8701629638672,88244900
2015-05-08,175.14622497558594,155877300
2015-05-11,174.31027221679688,75708100
2015-05-12,173.7888946533203,119727600
2015-05-13,173.82199096679688,94667900
2015-05-14,175.634521484375,95934000
2015-05-15,175.82485961914062,76510100
2015-05-18,176.3711395263672,74549700
2015-05-19,176.31320190429688,72114600
2015-05-20,176.1890411376953,76857500
2015-05-21,176.70216369628906,64764600
2015-05-22,176.280029296875,57433500
2015-05-26,174.38482666015625,124308600
2015-05-27,176.0400390625,93214000
2015-05-28,175.84144592285156,74974600
2015-05-29,174.74893188476562,124919600
2015-06-01,175.10487365722656,93338800
2015-06-02,174.93101501464844,91531000
2015-06-03,175.39451599121094,87820900
2015-06-04,173.9130401611328,151882800
2015-06-05,173.61505126953125,121704700
2015-06-08,172.5474090576172,89063300
2015-06-09,172.5225372314453,105034700
2015-06-10,174.59169006347656,134551300
2015-06-11,175.15455627441406,73876400
2015-06-12,173.81375122070312,135382400
2015-06-15,173.0688018798828,124384200
2015-06-16,174.01231384277344,85308200
2015-06-17,174.29376220703125,126708600
2015-06-18,176.1062774658203,165867900
2015-06-19,175.3245391845703,130478700
2015-06-22,176.22271728515625,70696000
2015-06-23,176.3474578857422,68476800
2015-06-24,175.06671142578125,92307300
2015-06-25,174.53448486328125,97107400
2015-06-26,174.50115966796875,104174800
2015-06-29,170.84181213378906,202621300
2015-06-30,171.1993408203125,182925100
2015-07-01,172.57162475585938,135979900
2015-07-02,172.41363525390625,104373700
2015-07-06,171.92298889160156,117975400
2015-07-07,173.0041961669922,173820200
2015-07-08,170.10153198242188,164020100
2015-07-09,170.40931701660156,144113100
2015-07-10,172.55506896972656,129456900
2015-07-13,174.4595489501953,106069400
2015-07-14,175.21644592285156,81709600
2015-07-15,175.1581573486328,97914100
2015-07-16,176.563720703125,106683300
2015-07-17,176.71339416503906,89030000
2015-07-20,176.80491638183594,70446800
2015-07-21,176.10629272460938,77965000
2015-07-22,175.79022216796875,88667900
2015-07-23,174.800537109375,90509100
2015-07-24,172.9875030517578,117755000
2015-07-27,171.98118591308594,132361100
2015-07-28,174.09361267089844,123544800
2015-07-29,175.29129028320312,105791300
2015-07-30,175.3328857421875,91304400
2015-07-31,175.06671142578125,103266900
2015-08-03,174.47622680664062,113965700
2015-08-04,174.1351776123047,81820800
2015-08-05,174.70904541015625,85786800
2015-08-06,173.27867126464844,116030800
2015-08-07,172.94590759277344,117858000
2015-08-10,175.12493896484375,80270700
2015-08-11,173.54469299316406,126081400
2015-08-12,173.75265502929688,172123700
2015-08-13,173.53639221191406,89383300
2015-08-14,174.1685333251953,72786500
2015-08-17,175.14157104492188,79072600
2015-08-18,174.63424682617188,71692700
2015-08-19,173.2536163330078,172946000
2015-08-20,169.63589477539062,194327900
2015-08-21,164.52940368652344,346588500
2015-08-24,157.6016082763672,507244300
2015-08-25,155.74696350097656,369833100
2015-08-26,161.7267303466797,339257000
2015-08-27,165.7270050048828,274143900
2015-08-28,165.73533630371094,160414400
2015-08-31,164.39634704589844,163298800
2015-09-01,159.48947143554688,256000400
2015-09-02,162.5167999267578,160269300
2015-09-03,162.63323974609375,152087800
2015-09-04,160.1714630126953,207081000
2015-09-08,164.19676208496094,116025700
2015-09-09,162.00111389160156,149347700
2015-09-10,162.88262939453125,158611100
2015-09-11,163.62289428710938,119691200
2015-09-14,163.0157928466797,79452000
2015-09-15,165.05343627929688,113806200
2015-09-16,166.4838409423828,99581600
2015-09-17,166.10955810546875,276046600
2015-09-18,163.39511108398438,223657500
2015-09-21,164.23947143554688,105726200
2015-09-22,162.10768127441406,153890900
2015-09-23,161.84854125976562,92790600
2015-09-24,161.26332092285156,159378800
2015-09-25,161.22158813476562,155054800
2015-09-28,157.1753692626953,178515900
2015-09-29,157.26724243164062,159045600
2015-09-30,160.20162963867188,163452000
2015-10-01,160.61961364746094,131079000
2015-10-02,163.0189666748047,211003300
2015-10-05,165.91983032226562,126320800
2015-10-06,165.351318359375,110274500
2015-10-07,166.7057342529297,124307300
2015-10-08,168.2104949951172,153055200
2015-10-09,168.31076049804688,107069200
2015-10-12,168.4696807861328,56395600
2015-10-13,167.40789794921875,88038700
2015-10-14,166.60533142089844,99106200
2015-10-15,169.16346740722656,134142200
2015-10-16,169.9326171875,114580100
2015-10-19,170.0161895751953,76523900
2015-10-20,169.79885864257812,78448500
2015-10-21,168.7454376220703,102038000
2015-10-22,171.59625244140625,174911700
2015-10-23,173.47723388671875,144442300
2015-10-26,173.0508575439453,69033000
2015-10-27,172.71649169921875,77905800
2015-10-28,174.6810302734375,135906700
2015-10-29,174.58074951171875,90525500
2015-10-30,173.82833862304688,131076900
2015-11-02,175.88487243652344,86270800
2015-11-03,176.39486694335938,95246100
2015-11-04,175.85980224609375,96224500
2015-11-05,175.68426513671875,78408700
2015-11-06,175.5922393798828,110471500
2015-11-09,173.95370483398438,131008700
2015-11-10,174.3550262451172,75874600
2015-11-11,173.6695098876953,67846000
2015-11-12,171.2451171875,121315200
2015-11-13,169.32235717773438,153577100
2015-11-16,171.8971710205078,117645200
2015-11-17,171.7717742919922,121123700
2015-11-18,174.4971466064453,121342500
2015-11-19,174.34664916992188,88220500
2015-11-20,174.9819793701172,94011500
2015-11-23,174.78135681152344,64931200
2015-11-24,175.0154266357422,98874400
2015-11-25,174.99032592773438,51980100
2015-11-27,175.1909637451172,37317800
2015-11-30,174.4637451171875,112822700
2015-12-01,176.12734985351562,97858400
2015-12-02,174.32992553710938,108441300
2015-12-03,171.8888702392578,166224200
2015-12-04,175.24119567871094,192913900
2015-12-07,174.17950439453125,102027100
2015-12-08,173.00904846191406,103372400
2015-12-09,171.66310119628906,162401500
2015-12-10,172.106201171875,116128900
2015-12-11,168.7705535888672,211173300
2015-12-14,169.62327575683594,182385200
2015-12-15,171.4039764404297,154069600
2015-12-16,173.91192626953125,197017000
2015-12-17,171.2618408203125,173092500
2015-12-18,168.21083068847656,251393500
2015-12-21,169.59835815429688,99094300
2015-12-22,171.1374053955078,111026200
2015-12-23,173.25662231445312,110987200
2015-12-24,172.97071838378906,48539600
2015-12-28,172.575439453125,65899900
2015-12-29,174.4171905517578,92640700
2015-12-30,173.18096923828125,63317700
2015-12-31,171.4485626220703,114877900
2016-01-04,169.05177307128906,222353500
2016-01-05,169.337646484375,110845800
2016-01-06,167.20169067382812,152112600
2016-01-07,163.19020080566406,213436100
2016-01-08,161.39891052246094,209817200
2016-01-11,161.55868530273438,187941300
2016-01-12,162.86221313476562,172330500
2016-01-13,158.8003387451172,221168900
2016-01-14,161.40733337402344,240795600
2016-01-15,157.94256591796875,324846400
2016-01-19,158.15281677246094,195244400
2016-01-20,156.12603759765625,286547800
2016-01-21,157.0006866455078,195772900
2016-01-22,160.22157287597656,168319600
2016-01-25,157.79954528808594,130371700
2016-01-26,159.9524688720703,141036800
2016-01-27,158.21170043945312,185681700
2016-01-28,159.03582763671875,143798800
2016-01-29,162.9126739501953,210529300
2016-02-01,162.8538055419922,136061600
2016-02-02,159.91883850097656,182564900
2016-02-03,160.87754821777344,205054900
2016-02-04,161.1298828125,139531800
2016-02-05,158.06024169921875,180788300
2016-02-08,155.93264770507812,191526700
2016-02-09,155.94105529785156,184513100
2016-02-10,155.8064727783203,148214100
2016-02-11,153.77972412109375,219058900
2016-02-12,156.9501953125,127632400
2016-02-16,159.5992431640625,120250700
2016-02-17,162.206298828125,136009500
2016-02-18,161.5419464111328,102343000
2016-02-19,161.4661865234375,114793000
2016-02-22,163.8040771484375,103640300
2016-02-23,161.73538208007812,111455300
2016-02-24,162.47540283203125,150812200
2016-02-25,164.44326782226562,110728300
2016-02-26,164.06480407714844,129833700
2016-02-29,162.778076171875,125918100
2016-03-01,166.6045684814453,141799700
2016-03-02,167.3529815673828,102415000
2016-03-03,168.00897216796875,95172200
2016-03-04,168.55555725097656,129293600
2016-03-07,168.69017028808594,100219000
2016-03-08,166.848388671875,123974900
2016-03-09,167.6725616455078,94801200
2016-03-10,167.8070831298828,156838700
2016-03-11,170.51504516601562,137964500
2016-03-14,170.29641723632812,73612000
2016-03-15,170.0188751220703,93169100
2016-03-16,171.00277709960938,129303200
2016-03-17,172.08763122558594,134278500
2016-03-18,172.76390075683594,138372400
2016-03-21,173.00904846191406,72926700
2016-03-22,172.916015625,97471900
2016-03-23,171.77487182617188,81052500
2016-03-24,171.69886779785156,84360900
2016-03-28,171.80029296875,62408200
2016-03-29,173.38938903808594,92922900
2016-03-30,174.15020751953125,86365300
2016-03-31,173.72756958007812,94584100
2016-04-01,174.9110107421875,114423500
2016-04-04,174.3446502685547,63497000
2016-04-05,172.603271484375,99662200
2016-04-06,174.48837280273438,91839800
2016-04-07,172.40045166015625,113859000
2016-04-08,172.86537170410156,95040600
2016-04-11,172.45957946777344,83757500
2016-04-12,174.06565856933594,115350600
2016-04-13,175.8238983154297,96336400
2016-04-14,175.8323516845703,65212900
2016-04-15,175.63796997070312,75761600
2016-04-18,176.87210083007812,82531000
2016-04-19,177.42999267578125,88316100
2016-04-20,177.5990447998047,81100300
2016-04-21,176.64390563964844,85695000
2016-04-22,176.64390563964844,99251700
2016-04-25,176.3395233154297,66166500
2016-04-26,176.6015625,75864200
2016-04-27,176.96507263183594,77329400
2016-04-28,175.35899353027344,97216200
2016-04-29,174.4122772216797,142424100
2016-05-02,175.79856872558594,62188000
2016-05-03,174.2685089111328,106422100
2016-05-04,173.2964630126953,92243800
2016-05-05,173.2626190185547,67619200
2016-05-06,173.8966064453125,89315000
2016-05-09,174.04029846191406,74374900
2016-05-10,176.20425415039062,77472200
2016-05-11,174.55596923828125,81727000
2016-05-12,174.60670471191406,89586300
2016-05-13,173.08511352539062,96474600
2016-05-16,174.7926483154297,77486800
2016-05-17,173.16119384765625,114924900
2016-05-18,173.2119140625,120062100
2016-05-19,172.6116943359375,115430500
2016-05-20,173.7021942138672,104990400
2016-05-23,173.4655303955078,58682600
2016-05-24,175.71405029296875,93537800
2016-05-25,176.90591430664062,76621400
2016-05-26,176.9566650390625,55280700
2016-05-27,177.7174530029297,64211200
2016-05-31,177.3792724609375,109879400
2016-06-01,177.74278259277344,69936200
2016-06-02,178.2837677001953,63044700
2016-06-03,177.7512664794922,101757100
2016-06-06,178.65574645996094,64887000
2016-06-07,178.93466186523438,60974800
2016-06-08,179.51788330078125,66170900
2016-06-09,179.2727813720703,73786900
2016-06-10,177.57369995117188,113829200
2016-06-13,176.20425415039062,117751200
2016-06-14,175.85772705078125,125059300
2016-06-15,175.6125946044922,109124500
2016-06-16,176.1366729736328,149533100
2016-06-17,175.48072814941406,117055700
2016-06-20,176.6107940673828,82789600
2016-06-21,177.1121368408203,72461700
2016-06-22,176.82327270507812,95560500
2016-06-23,179.1259307861328,102731400
2016-06-24,172.69369506835938,333444400
2016-06-27,169.6007843017578,230775800
2016-06-28,172.65965270996094,159382400
2016-06-29,175.5996856689453,137328600
2016-06-30,177.99581909179688,165021900
2016-07-01,178.36965942382812,106055300
2016-07-05,177.08663940429688,109803700
2016-07-06,178.1488037109375,96021500
2016-07-07,178.03834533691406,85593800
2016-07-08,180.68936157226562,133971000
2016-07-11,181.3267059326172,73633900
2016-07-12,182.64369201660156,101275600
2016-07-13,182.6182098388672,87324100
2016-07-14,183.6378936767578,91230900
2016-07-15,183.3914337158203,107155400
2016-07-18,183.8843231201172,58725900
2016-07-19,183.69737243652344,54345700
2016-07-20,184.46200561523438,58159500
2016-07-21,183.7653350830078,67777300
2016-07-22,184.5895233154297,62787500
2016-07-25,184.08819580078125,55873100
2016-07-26,184.17318725585938,70080500
2016-07-27,183.9777374267578,84083900
2016-07-28,184.1901397705078,65035700
2016-07-29,184.48756408691406,79519400
2016-08-01,184.33465576171875,73311400
2016-08-02,183.15354919433594,92295500
2016-08-03,183.68887329101562,53993600
2016-08-04,183.8843231201172,46585500
2016-08-05,185.38827514648438,71892200
2016-08-08,185.2777862548828,39906500
2016-08-09,185.38827514648438,51251700
2016-08-10,184.92942810058594,57941100
2016-08-11,185.78758239746094,72504300
2016-08-12,185.62619018554688,61313500
2016-08-15,186.16148376464844,49813500
2016-08-16,185.2013397216797,53213600
2016-08-17,185.54969787597656,75134300
2016-08-18,185.96600341796875,52989300
2016-08-19,185.69415283203125,75443000
2016-08-22,185.68563842773438,61368800
2016-08-23,186.05950927734375,53399200
2016-08-24,185.1078643798828,71728900
2016-08-25,184.98037719726562,69224800
2016-08-26,184.6320037841797,122506300
2016-08-29,185.54119873046875,70502200
2016-08-30,185.23536682128906,58114500
2016-08-31,184.70849609375,85269500
2016-09-01,184.7169952392578,97844200
2016-09-02,185.54969787597656,79293900
2016-09-06,186.11048889160156,56702100
2016-09-07,186.09349060058594,76554900
2016-09-08,185.66867065429688,74102900
2016-09-09,181.22471618652344,221589100
2016-09-12,183.82481384277344,168110900
2016-09-13,181.18222045898438,182828800
2016-09-14,181.11424255371094,134185500
2016-09-15,182.9241180419922,134427900
2016-09-16,182.2169952392578,155236400
2016-09-19,182.25112915039062,80250500
2016-09-20,182.25967407226562,69665300
2016-09-21,184.3092498779297,110284400
2016-09-22,185.4707489013672,76678700
2016-09-23,184.45449829101562,73630900
2016-09-26,182.95997619628906,89827300
2016-09-27,184.09579467773438,78494800
2016-09-28,185.0095672607422,87411000
2016-09-29,183.33572387695312,128070600
2016-09-30,184.71920776367188,117202900
2016-10-03,184.27511596679688,83512100
2016-10-04,183.33572387695312,119948100
2016-10-05,184.14706420898438,72816000
2016-10-06,184.27511596679688,62927400
2016-10-07,183.64317321777344,89788300
2016-10-10,184.5996551513672,51855000
2016-10-11,182.26821899414062,130367400
2016-10-12,182.50738525390625,73866100
2016-10-13,181.90956115722656,101357000
2016-10-14,182.0035400390625,93346200
2016-10-17,181.3715362548828,58275700
2016-10-18,182.50738525390625,76869700
2016-10-19,182.994140625,66519200
2016-10-20,182.6525421142578,73639800
2016-10-21,182.73793029785156,89089100
2016-10-24,183.51502990722656,60146600
2016-10-25,182.90017700195312,66542300
2016-10-26,182.5329132080078,75705500
2016-10-27,182.04620361328125,77220200
2016-10-28,181.5081329345703,140623200
2016-10-31,181.51669311523438,61272500
2016-11-01,180.20156860351562,122781800
2016-11-02,179.1169891357422,103330800
2016-11-03,178.2971954345703,88939300
2016-11-04,178.10069274902344,109122100
2016-11-07,182.02911376953125,109794900
2016-11-08,182.84893798828125,106772100
2016-11-09,184.7875518798828,258429000
2016-11-10,185.24867248535156,172113300
2016-11-11,184.82167053222656,100552700
2016-11-14,184.96685791015625,94580000
2016-11-15,186.4101104736328,91652600
2016-11-16,186.0599365234375,65617700
2016-11-17,187.0164337158203,69797200
2016-11-18,186.59800720214844,86265800
2016-11-21,188.00706481933594,72402600
2016-11-22,188.37428283691406,67429000
2016-11-23,188.47677612304688,56620200
2016-11-25,189.17710876464844,37872300
2016-11-28,188.28890991210938,76572500
2016-11-29,188.65609741210938,69886700
2016-11-30,188.2034912109375,113291800
2016-12-01,187.5117645263672,79040500
2016-12-02,187.60572814941406,74840300
2016-12-05,188.7329864501953,67837800
2016-12-06,189.33078002929688,59877400
2016-12-07,191.80735778808594,110738100
2016-12-08,192.2770538330078,99714400
2016-12-09,193.43850708007812,88005800
2016-12-12,193.2165069580078,102016100
2016-12-13,194.50599670410156,110477500
2016-12-14,192.90049743652344,142501800
2016-12-15,193.6947021484375,124972600
2016-12-16,193.3158721923828,156420200
2016-12-19,193.7367401123047,90341100
2016-12-20,194.48416137695312,89838800
2016-12-21,193.9429473876953,67909000
2016-12-22,193.60797119140625,56219100
2016-12-23,193.89149475097656,36697800
2016-12-27,194.37246704101562,42672500
2016-12-28,192.76609802246094,64095000
2016-12-29,192.72314453125,48696100
2016-12-30,192.01873779296875,108998300
2017-01-03,193.48768615722656,91366500
2017-01-04,194.6387481689453,78744400
2017-01-05,194.48416137695312,78379000
2017-01-06,195.1799774169922,71559900
2017-01-09,194.5357208251953,46939700
2017-01-10,194.5357208251953,63771900
2017-01-11,195.0854949951172,74650000
2017-01-12,194.59584045410156,72113200
2017-01-13,195.0425262451172,62717900
2017-01-17,194.35533142089844,61240800
2017-01-18,194.78477478027344,54793300
2017-01-19,194.06320190429688,66608800
2017-01-20,194.7761993408203,129168600
2017-01-23,194.26934814453125,75061600
2017-01-24,195.5150146484375,95555300
2017-01-25,197.207275390625,84437700
2017-01-26,197.00108337402344,59970700
2017-01-27,196.69186401367188,59711100
2017-01-30,195.4720458984375,79737300
2017-01-31,195.45484924316406,75880800
2017-02-01,195.53211975097656,79117700
2017-02-02,195.6610107421875,69657600
2017-02-03,197.00970458984375,80563200
2017-02-06,196.65748596191406,57790100
2017-02-07,196.66607666015625,57931200
2017-02-08,196.92384338378906,51566200
2017-02-09,198.0921173095703,65955200
2017-02-10,198.873779296875,66015900
2017-02-13,199.95616149902344,55182100
2017-02-14,200.7550506591797,71109000
2017-02-15,201.8031005859375,86785800
2017-02-16,201.63128662109375,84722400
2017-02-17,201.94912719726562,77204100
2017-02-21,203.1517333984375,88946100
2017-02-22,202.9713592529297,62115200
2017-02-23,203.10888671875,74615900
2017-02-24,203.36648559570312,82381600
2017-02-27,203.68434143066406,56515400
2017-02-28,203.13453674316406,96961900
2017-03-01,205.9779510498047,149158200
2017-03-02,204.6808624267578,70246000
2017-03-03,204.8097381591797,81974300
2017-03-06,204.19976806640625,55391500
2017-03-07,203.58985900878906,65103700
2017-03-08,203.21189880371094,78168800
2017-03-09,203.46961975097656,90683900
2017-03-10,204.18260192871094,81991700
2017-03-13,204.2856903076172,57256800
2017-03-14,203.5039825439453,59880800
2017-03-15,205.26498413085938,96081800
2017-03-16,204.86117553710938,78344000
2017-03-17,204.50144958496094,89002100
2017-03-20,204.27713012695312,52537000
2017-03-21,201.65428161621094,131809300
2017-03-22,202.12879943847656,97569200
2017-03-23,201.9131317138672,100410300
2017-03-24,201.76646423339844,112504900
2017-03-27,201.55943298339844,87454500
2017-03-28,203.026123046875,93483900
2017-03-29,203.2159423828125,61950400
2017-03-30,203.86297607421875,56737900
2017-03-31,203.38845825195312,73733100
2017-04-03,203.03477478027344,85546500
2017-04-04,203.16415405273438,56466200
2017-04-05,202.5602264404297,108800600
2017-04-06,203.12965393066406,69135800
2017-04-07,202.9225311279297,74412300
2017-04-10,203.04339599609375,67615300
2017-04-11,202.80178833007812,88045300
2017-04-12,201.9131317138672,81864400
2017-04-13,200.6017303466797,92880400
2017-04-17,202.3790740966797,68405400
2017-04-18,201.77508544921875,83225800
2017-04-19,201.4041290283203,68699900
2017-04-20,203.04339599609375,92572200
2017-04-21,202.39633178710938,110389800
2017-04-24,204.62225341796875,119209900
2017-04-25,205.81283569335938,76698300
2017-04-26,205.6834716796875,84702500
2017-04-27,205.85598754882812,57410300
2017-04-28,205.4073028564453,63532800
2017-05-01,205.92501831054688,66882500
2017-05-02,206.00271606445312,57375700
2017-05-03,205.75247192382812,73137700
2017-05-04,205.9940185546875,61462700
2017-05-05,206.80499267578125,62001300
2017-05-08,206.77049255371094,48385700
2017-05-09,206.5807342529297,51363200
2017-05-10,206.95167541503906,54293800
2017-05-11,206.5289764404297,62358300
2017-05-12,206.1837921142578,53912700
2017-05-15,207.32269287109375,61918900
2017-05-16,207.13287353515625,51241800
2017-05-17,203.45748901367188,172174100
2017-05-18,204.27713012695312,107047700
2017-05-19,205.60580444335938,115011400
2017-05-22,206.64976501464844,61010600
2017-05-23,207.1070098876953,48341700
2017-05-24,207.5901641845703,46927700
2017-05-25,208.5823211669922,64071700
2017-05-26,208.53916931152344,46629900
2017-05-30,208.35800170898438,35201900
2017-05-31,208.3062744140625,91796000
2017-06-01,209.96275329589844,68962000
2017-06-02,210.6615447998047,88666100
2017-06-05,210.5062713623047,44698800
2017-06-06,209.8333282470703,50375400
2017-06-07,210.2216033935547,54144300
2017-06-08,210.32513427734375,65950700
2017-06-09,210.0059051513672,132256400
2017-06-12,209.96275329589844,86108100
2017-06-13,210.9893798828125,60067000
2017-06-14,210.7220001220703,78602300
2017-06-15,210.31646728515625,66464900
2017-06-16,210.3624725341797,84553100
2017-06-19,212.11367797851562,65123800
2017-06-20,210.68324279785156,56906400
2017-06-21,210.63121032714844,55977600
2017-06-22,210.5358428955078,44148100
2017-06-23,210.78724670410156,66986800
2017-06-26,210.9259490966797,56700500
2017-06-27,209.22671508789062,82247700
2017-06-28,211.09939575195312,70042600
2017-06-29,209.24403381347656,106949700
2017-06-30,209.63421630859375,86820700
2017-07-03,209.98959350585938,39153800
2017-07-05,210.4751434326172,54427600
2017-07-06,208.55050659179688,65400800
2017-07-07,209.90293884277344,57972300
2017-07-10,210.1282958984375,36663300
2017-07-11,209.97230529785156,50354600
2017-07-12,211.55020141601562,59610400
2017-07-13,211.90565490722656,39471600
2017-07-14,212.89401245117188,60262700
2017-07-17,212.86801147460938,33531900
2017-07-18,212.98065185546875,42742500
2017-07-19,214.1337127685547,51034300
2017-07-20,214.22918701171875,47135200
2017-07-21,214.0383758544922,82340800
2017-07-24,213.9864044189453,46622300
2017-07-25,214.50660705566406,54915600
2017-07-26,214.51524353027344,47575400
2017-07-27,214.3158416748047,70766600
2017-07-28,214.06442260742188,50088400
2017-07-31,213.9430694580078,65838700
2017-08-01,214.41989135742188,55050400
2017-08-02,214.52391052246094,47211200
2017-08-03,214.10775756835938,40856000
2017-08-04,214.49790954589844,60191800
2017-08-07,214.89671325683594,31995000
2017-08-08,214.36782836914062,61719400
2017-08-09,214.35919189453125,62632600
2017-08-10,211.3334197998047,120479500
2017-08-11,211.6455535888672,74869900
2017-08-14,213.74362182617188,73291900
2017-08-15,213.71759033203125,55242700
2017-08-16,214.09039306640625,56715500
2017-08-17,210.75259399414062,128490400
2017-08-18,210.4231414794922,136748000
2017-08-21,210.58786010742188,65469700
2017-08-22,212.7898712158203,63140100
2017-08-23,212.02699279785156,50203800
2017-08-24,211.53285217285156,50741700
2017-08-25,212.02699279785156,64445900
2017-08-28,212.03570556640625,40565600
2017-08-29,212.27845764160156,51135700
2017-08-30,213.28411865234375,62030800
2017-08-31,214.56729125976562,103803900
2017-09-01,214.87069702148438,62007000
2017-09-05,213.32748413085938,91398800
2017-09-06,214.05572509765625,57916900
2017-09-07,214.0297393798828,58034700
2017-09-08,213.77833557128906,63832800
2017-09-11,216.05845642089844,71364800
2017-09-12,216.7867431640625,56896000
2017-09-13,216.89073181152344,59228000
2017-09-14,216.82142639160156,95446300
2017-09-15,217.11328125,95432400
2017-09-18,217.57510375976562,46235200
2017-09-19,217.79287719726562,47108100
2017-09-20,217.8712615966797,59574100
2017-09-21,217.2875518798828,48211400
2017-09-22,217.3311004638672,51214000
2017-09-25,216.88673400878906,57064400
2017-09-26,217.0173797607422,54082000
2017-09-27,217.8626251220703,81001400
2017-09-28,218.1239471435547,44778800
2017-09-29,218.8906707763672,85578000
2017-10-02,219.8403778076172,59023000
2017-10-03,220.3108673095703,66810200
2017-10-04,220.5722198486328,55953600
2017-10-05,221.8791961669922,63522800
2017-10-06,221.62648010253906,80646000
2017-10-09,221.260498046875,35803100
2017-10-10,221.8443145751953,43057400
2017-10-11,222.19284057617188,47674300
2017-10-12,221.86172485351562,47065100
2017-10-13,222.1317901611328,54800400
2017-10-16,222.42803955078125,38221700
2017-10-17,222.58489990234375,31561000
2017-10-18,222.80267333984375,40888300
2017-10-19,222.8636932373047,61903800
2017-10-20,224.01373291015625,89176400
2017-10-23,223.1425018310547,63915300
2017-10-24,223.5345458984375,66935900
2017-10-25,222.42803955078125,103715300
2017-10-26,222.71559143066406,69798000
2017-10-27,224.53652954101562,85562500
2017-10-30,223.70008850097656,54285700
2017-10-31,224.04861450195312,60304800
2017-11-01,224.34486389160156,54202700
2017-11-02,224.43199157714844,56449500
2017-11-03,225.1812744140625,59589700
2017-11-06,225.52976989746094,49652600
2017-11-07,225.3730010986328,57502200
2017-11-08,225.75631713867188,50469600
2017-11-09,224.93736267089844,95085500
2017-11-10,224.86761474609375,59984700
2017-11-13,225.07675170898438,50228600
2017-11-14,224.55398559570312,61315200
2017-11-15,223.43002319335938,80811500
2017-11-16,225.32940673828125,67777000
2017-11-17,224.66726684570312,75756800
2017-11-20,225.0505828857422,48075500
2017-11-21,226.52305603027344,69176800
2017-11-22,226.32264709472656,45033400
2017-11-24,226.84544372558594,27856500
2017-11-27,226.73214721679688,52274900
2017-11-28,229.03233337402344,98971700
2017-11-29,228.89295959472656,77512100
2017-11-30,230.89688110351562,127894400
2017-12-01,230.41763305664062,164390900
2017-12-04,230.13888549804688,94040600
2017-12-05,229.3111114501953,77994500
2017-12-06,229.35467529296875,75898600
2017-12-07,230.07786560058594,77218600
2017-12-08,231.3324737548828,76563900
2017-12-11,232.02955627441406,83077500
2017-12-12,232.43898010253906,85195800
2017-12-13,232.41281127929688,102905400
2017-12-14,231.46316528320312,100666700
2017-12-15,233.39064025878906,144610300
2017-12-18,234.8707275390625,83653600
2017-12-19,233.96868896484375,82382900
2017-12-20,233.84603881835938,76751500
2017-12-21,234.3277130126953,67032300
2017-12-22,234.2664337158203,78720900
2017-12-26,233.98622131347656,45244400
2017-12-27,234.10003662109375,57751000
2017-12-28,234.58168029785156,45116100
2017-12-29,233.69720458984375,96007400
2018-01-02,235.36981201171875,86655700
2018-01-03,236.85862731933594,90070400
2018-01-04,237.8568572998047,80636400
2018-01-05,239.44204711914062,83524000
2018-01-08,239.8798828125,57319200
2018-01-09,240.42282104492188,57254000
2018-01-10,240.05503845214844,69574300
2018-01-11,241.80653381347656,62361500
2018-01-12,243.38270568847656,90816100
2018-01-16,242.5508575439453,106555100
2018-01-17,244.8627471923828,113258800
2018-01-18,244.45118713378906,100728000
2018-01-19,245.5633544921875,140920100
2018-01-22,247.56005859375,91322400
2018-01-23,248.0853271484375,97084700
2018-01-24,247.9890594482422,134816100
2018-01-25,248.09417724609375,84587300
2018-01-26,250.96653747558594,107743100
2018-01-29,249.30271911621094,90118300
2018-01-30,246.74554443359375,131796400
2018-01-31,246.8681182861328,108364800
2018-02-01,246.5878448486328,90102500
2018-02-02,241.21969604492188,173174800
2018-02-05,231.13124084472656,294681800
2018-02-06,235.68507385253906,355026800
2018-02-07,234.40652465820312,167376100
2018-02-08,225.6141815185547,246449500
2018-02-09,229.00326538085938,283565300
2018-02-12,232.36602783203125,143736000
2018-02-13,232.94407653808594,81223600
2018-02-14,236.08790588378906,120735700
2018-02-15,239.1003875732422,111200300
2018-02-16,239.17051696777344,160420100
2018-02-20,237.67300415039062,86369700
2018-02-21,236.49066162109375,98883700
2018-02-22,236.79721069335938,110511300
2018-02-23,240.57164001464844,92766400
2018-02-26,243.36524963378906,86491400
2018-02-27,240.3264923095703,99099200
2018-02-28,237.89198303222656,121907800
2018-03-01,234.43275451660156,176855100
2018-03-02,235.64125061035156,139083200
2018-03-05,238.36483764648438,97307400
2018-03-06,238.96913146972656,79213200
2018-03-07,238.88153076171875,87063500
2018-03-08,240.03746032714844,66901200
2018-03-09,244.21469116210938,113625300
2018-03-12,243.90821838378906,71924800
2018-03-13,242.33187866210938,91968900
2018-03-14,241.08834838867188,105895100
2018-03-15,240.8256378173828,83433000
2018-03-16,241.0867462158203,100343700
2018-03-19,237.82473754882812,109208400
2018-03-20,238.22923278808594,59757300
2018-03-21,237.77197265625,78709600
2018-03-22,231.82839965820312,148785900
2018-03-23,226.88706970214844,183534800
2018-03-26,233.09446716308594,141956100
2018-03-27,229.129150390625,129941400
2018-03-28,228.45211791992188,146452300
2018-03-29,231.37118530273438,111601600
2018-04-02,226.37713623046875,186286300
2018-04-03,229.27854919433594,119956900
2018-04-04,231.731689453125,123715300
2018-04-05,233.5605010986328,82652600
2018-04-06,228.3554229736328,179521200
2018-04-09,229.48080444335938,105442900
2018-04-10,233.12962341308594,103529000
2018-04-11,231.9075164794922,91140200
2018-04-12,233.8154296875,68890500
2018-04-13,233.12962341308594,85079200
2018-04-16,235.0463409423828,63405300
2018-04-17,237.5609893798828,64682000
2018-04-18,237.73681640625,57303900
2018-04-19,236.41799926757812,77655900
2018-04-20,234.413330078125,99953100
2018-04-23,234.378173828125,65558000
2018-04-24,231.22174072265625,112885500
2018-04-25,231.793212890625,103840900
2018-04-26,234.14959716796875,67731900
2018-04-27,234.36940002441406,57053600
2018-04-30,232.5669708251953,82182300
2018-05-01,232.980224609375,74203400
2018-05-02,231.4150848388672,86368900
2018-05-03,230.9051513671875,136311500
2018-05-04,233.89463806152344,91222100
2018-05-07,234.68588256835938,55304900
2018-05-08,234.68588256835938,67499200
2018-05-09,236.954345703125,59666100
2018-05-10,239.1699676513672,72063900
2018-05-11,239.8998260498047,59871500
2018-05-14,240.0140380859375,54790600
2018-05-15,238.36117553710938,87036100
2018-05-16,239.36343383789062,53942600
2018-05-17,239.16128540039062,56536400
2018-05-18,238.56332397460938,64368000
2018-05-21,240.35693359375,58025900
2018-05-22,239.6888427734375,52966400
2018-05-23,240.34817504882812,64694200
2018-05-24,239.85581970214844,76043800
2018-05-25,239.28431701660156,56374800
2018-05-29,236.53231811523438,115908600
2018-05-30,239.6888427734375,69678400
2018-05-31,238.22047424316406,93519900
2018-06-01,240.5591278076172,71258400
2018-06-04,241.70217895507812,45385200
2018-06-05,241.8780975341797,51135000
2018-06-06,243.9002685546875,62732200
2018-06-07,243.87387084960938,72969400
2018-06-08,244.59487915039062,72139700
2018-06-11,244.92022705078125,58892500
2018-06-12,245.23672485351562,72329000
2018-06-13,244.45420837402344,79070600
2018-06-14,245.06973266601562,77097600
2018-06-15,244.75701904296875,120041600
2018-06-18,244.2537078857422,52917600
2018-06-19,243.3174285888672,97531500
2018-06-20,243.7325897216797,53785500
2018-06-21,242.2046356201172,71061400
2018-06-22,242.64622497558594,54898500
2018-06-25,239.34315490722656,137854200
2018-06-26,239.87303161621094,68547400
2018-06-27,237.88584899902344,105110700
2018-06-28,239.2460174560547,76650500
2018-06-29,239.59046936035156,97592500
2018-07-02,240.1027374267578,63554800
2018-07-03,239.2547607421875,42187100
2018-07-05,241.20664978027344,56925900
2018-07-06,243.24681091308594,66493700
2018-07-09,245.43716430664062,50550400
2018-07-10,246.32020568847656,51966800
2018-07-11,244.5186309814453,77054700
2018-07-12,246.73545837402344,60124700
2018-07-13,246.9296417236328,48216000
2018-07-16,246.70887756347656,48201000
2018-07-17,247.70692443847656,52315500
2018-07-18,248.2279052734375,44593500
2018-07-19,247.29177856445312,61412100
2018-07-20,247.0092315673828,82337700
2018-07-23,247.4684295654297,47047600
2018-07-24,248.713623046875,68026900
2018-07-25,250.83335876464844,78882900
2018-07-26,250.24156188964844,57919500
2018-07-27,248.5459747314453,76768700
2018-07-30,247.24761962890625,63742500
2018-07-31,248.4663848876953,68570500
2018-08-01,248.05136108398438,53853300
2018-08-02,249.4025421142578,63426400
2018-08-03,250.47129821777344,53935400
2018-08-06,251.3898162841797,39400900
2018-08-07,252.21994018554688,43196600
2018-08-08,252.11390686035156,42114600
2018-08-09,251.76962280273438,35717000
2018-08-10,250.0826416015625,77076000
2018-08-13,249.14649963378906,65732900
2018-08-14,250.7362518310547,43842000
2018-08-15,248.86380004882812,102925400
2018-08-16,250.87754821777344,69967900
2018-08-17,251.76072692871094,65618500
2018-08-20,252.2994384765625,39807500
2018-08-21,252.8912353515625,67272000
2018-08-22,252.74107360839844,44993300
2018-08-23,252.40550231933594,49204900
2018-08-24,253.92445373535156,57487400
2018-08-27,255.9293212890625,57072400
2018-08-28,256.052978515625,46943500
2018-08-29,257.4306945800781,61485500
2018-08-30,256.3885803222656,61229500
2018-08-31,256.3974304199219,66140800
2018-09-04,255.95590209960938,57594400
2018-09-05,255.26690673828125,72452400
2018-09-06,254.49850463867188,65909900
2018-09-07,254.00399780273438,73524800
2018-09-10,254.4456787109375,50210900
2018-09-11,255.28472900390625,50530500
2018-09-12,255.34646606445312,59810800
2018-09-13,256.856689453125,51034200
2018-09-14,256.9009094238281,55079900
2018-09-17,255.54075622558594,68244000
2018-09-18,256.9273376464844,61930400
2018-09-19,257.201171875,49080600
2018-09-20,259.28546142578125,100360600
2018-09-21,259.0486145019531,105479700
2018-09-24,258.1880187988281,53409600
2018-09-25,257.9484558105469,44370000
2018-09-26,257.1766052246094,79739700
2018-09-27,257.8953552246094,59249500
2018-09-28,257.921875,70091400
2018-10-01,258.81793212890625,62078900
2018-10-02,258.6670837402344,47258200
2018-10-03,258.8090515136719,64694600
2018-10-04,256.7862243652344,111545900
2018-10-05,255.34896850585938,105951700
2018-10-08,255.34896850585938,87742200
2018-10-09,254.97637939453125,74339000
2018-10-10,246.90309143066406,214731000
2018-10-11,241.46461486816406,274840500
2018-10-12,244.81813049316406,183186500
2018-10-15,243.44296264648438,102263700
2018-10-16,248.76612854003906,118255800
2018-10-17,248.810546875,110626000
2018-10-18,245.21742248535156,134557500
2018-10-19,245.08424377441406,139901600
2018-10-22,243.98419189453125,82415800
2018-10-23,242.74215698242188,146352700
2018-10-24,235.38742065429688,177806700
2018-10-25,239.61033630371094,138061500
2018-10-26,235.396240234375,201574600
2018-10-29,234.0921173095703,160749100
2018-10-30,237.56094360351562,157116000
2018-10-31,240.09832763671875,128296300
2018-11-01,242.65345764160156,99495000
2018-11-02,241.21612548828125,122634100
2018-11-05,242.54698181152344,65622500
2018-11-06,244.08177185058594,60085900
2018-11-07,249.30731201171875,102752100
2018-11-08,248.85479736328125,65584900
2018-11-09,246.4239501953125,98812600
2018-11-12,241.81948852539062,99673600
2018-11-13,241.36700439453125,98176600
2018-11-14,239.7168426513672,125335900
2018-11-15,242.2186737060547,135101400
2018-11-16,242.8485870361328,126668000
2018-11-19,238.740966796875,103061700
2018-11-20,234.32275390625,136021300
2018-11-21,235.12127685546875,75563700
2018-11-23,233.55088806152344,42807900
2018-11-26,237.32142639160156,79981400
2018-11-27,238.11990356445312,75502400
2018-11-28,243.60263061523438,127629600
2018-11-29,243.07034301757812,82346400
2018-11-30,244.5519561767578,98204200
2018-12-03,247.7902374267578,103176300
2018-12-04,239.76123046875,177986000
2018-12-06,239.39747619628906,204185400
2018-12-07,233.83482360839844,161018900
2018-12-10,234.27841186523438,151445900
2018-12-11,234.3316192626953,121504400
2018-12-12,235.51165771484375,97976700
2018-12-13,235.4317169189453,96662700
2018-12-14,231.08457946777344,116961100
2018-12-17,226.5511016845703,165492300
2018-12-18,226.3026123046875,134515100
2018-12-19,222.91363525390625,214992800
2018-12-20,219.28501892089844,252053400
2018-12-21,214.79202270507812,255345600
2018-12-24,209.11651611328125,147311600
2018-12-26,219.68214416503906,218485400
2018-12-27,221.3686981201172,186267300
2018-12-28,221.0831756591797,153100200
2018-12-31,223.01956176757812,144299400
2019-01-02,223.25157165527344,126925200
2019-01-03,217.9241943359375,144140700
2019-01-04,225.2237548828125,142628800
2019-01-07,226.99954223632812,103139100
2019-01-08,229.1322479248047,102512600
2019-01-09,230.20310974121094,95006600
2019-01-10,231.0151824951172,96823900
2019-01-11,231.10438537597656,73858100
2019-01-14,229.69447326660156,70908200
2019-01-15,232.32688903808594,85208300
2019-01-16,232.88909912109375,77636700
2019-01-17,234.65599060058594,96118400
2019-01-18,237.77926635742188,127900300
2019-01-22,234.5667266845703,115531200
2019-01-23,235.05760192871094,86030300
2019-01-24,235.1824493408203,59204100
2019-01-25,237.17250061035156,96883400
2019-01-28,235.36988830566406,85613700
2019-01-29,235.05760192871094,66136300
2019-01-30,238.77870178222656,92473700
2019-01-31,240.8758087158203,104012100
2019-02-01,240.99180603027344,85782500
2019-02-04,242.687255859375,60744800
2019-02-05,243.7046356201172,79552800
2019-02-06,243.38327026367188,58347800
2019-02-07,241.06317138671875,95482000
2019-02-08,241.35765075683594,75788900
2019-02-11,241.491455078125,68021400
2019-02-12,244.59698486328125,72270200
2019-02-13,245.39112854003906,65277200
2019-02-14,244.8468017578125,83234400
2019-02-15,247.51492309570312,97088700
2019-02-19,247.9432830810547,59120800
2019-02-20,248.44302368164062,76610800
2019-02-21,247.5596160888672,64214700
2019-02-22,249.09442138671875,78114600
2019-02-25,249.43359375,69030700
2019-02-26,249.25509643554688,56844100
2019-02-27,249.1480255126953,56921600
2019-02-28,248.68386840820312,69268300
2019-03-01,250.23670959472656,78880500
2019-03-04,249.32643127441406,106494600
2019-03-05,248.98736572265625,59114600
2019-03-06,247.47923278808594,75039800
2019-03-07,245.40904235839844,94885100
2019-03-08,244.9181671142578,85795800
2019-03-11,248.4697265625,65098900
2019-03-12,249.40676879882812,79667500
2019-03-13,251.0576629638672,80639200
2019-03-14,250.89710998535156,67518400
2019-03-15,252.13658142089844,81309000
2019-03-18,253.05079650878906,62199800
2019-03-19,253.1134796142578,90268100
2019-03-20,252.3516845703125,84609200
2019-03-21,255.2018585205078,79550400
2019-03-22,250.29017639160156,122659300
2019-03-25,250.10202026367188,85575200
2019-03-26,251.96629333496094,68125900
2019-03-27,250.64874267578125,72224700
2019-03-28,251.59886169433594,56238500
2019-03-29,253.185302734375,82186800
2019-04-01,256.1878356933594,77617900
2019-04-02,256.31329345703125,40070400
2019-04-03,256.71661376953125,68243200
2019-04-04,257.3978271484375,48997500
2019-04-05,258.6437072753906,58621700
2019-04-08,258.8408508300781,53566300
2019-04-09,257.5143737792969,66142300
2019-04-10,258.39276123046875,52601500
2019-04-11,258.3211364746094,55093100
2019-04-12,260.0687255859375,69727800
2019-04-15,259.8984680175781,49596700
2019-04-16,260.0687255859375,52153200
2019-04-17,259.4324645996094,58268300
2019-04-18,259.943359375,68708500
2019-04-22,260.1674499511719,40160100
2019-04-23,262.50677490234375,52246600
2019-04-24,261.924072265625,50392900
2019-04-25,261.7627258300781,57770900
2019-04-26,262.9817810058594,50916400
2019-04-29,263.39398193359375,57197700
2019-04-30,263.5284729003906,81111700
2019-05-01,261.54766845703125,71671900
2019-05-02,260.9829406738281,65030200
2019-05-03,263.5373840332031,56543700
2019-05-06,262.452880859375,107198100
2019-05-07,258.0700378417969,144729900
2019-05-08,257.7115783691406,91568300
2019-05-09,256.9317626953125,103471100
2019-05-10,258.22247314453125,112429300
2019-05-13,251.73321533203125,127290500
2019-05-14,254.0098876953125,77003200
2019-05-15,255.49766540527344,73956400
2019-05-16,257.8639221191406,76749600
2019-05-17,256.19677734375,100353000
2019-05-20,254.50283813476562,62877600
2019-05-21,256.7972717285156,46847100
2019-05-22,256.0086669921875,49482500
2019-05-23,252.8805389404297,98733800
2019-05-24,253.45411682128906,55268100
2019-05-28,251.09690856933594,70029400
2019-05-29,249.41184997558594,104972900
2019-05-30,250.09307861328125,62523800
2019-05-31,246.7229766845703,86862800
2019-06-03,246.0955810546875,96428000
2019-06-04,251.43746948242188,77231900
2019-06-05,253.61550903320312,71169700
2019-06-06,255.2645721435547,69430400
2019-06-07,257.81903076171875,74272200
2019-06-10,259.002197265625,60799100
2019-06-11,258.93939208984375,58641300
2019-06-12,258.48236083984375,47096300
2019-06-13,259.5489196777344,48945200
2019-06-14,259.2621765136719,52324700
2019-06-17,259.3607177734375,39205700
2019-06-18,262.07647705078125,85434800
2019-06-19,262.6679992675781,78674400
2019-06-20,265.1777038574219,116570000
2019-06-21,264.7921447753906,83309500
2019-06-24,264.468017578125,47582700
2019-06-25,261.8741455078125,82028700
2019-06-26,261.6128234863281,51584900
2019-06-27,262.5405578613281,40355200
2019-06-28,263.89154052734375,59350900
2019-07-01,266.2873229980469,78705600
2019-07-02,266.98077392578125,61504500
2019-07-03,269.1153259277344,40898900
2019-07-05,268.80908203125,51677300
2019-07-08,267.3320617675781,45841800
2019-07-09,267.66522216796875,41101300
2019-07-10,268.9441833496094,58448500
2019-07-11,269.5747375488281,50826100
2019-07-12,270.7815856933594,40326000
2019-07-15,270.87164306640625,33900000
2019-07-16,269.9978942871094,36650100
2019-07-17,268.16064453125,36036300
2019-07-18,269.1423645019531,51392600
2019-07-19,267.64727783203125,58678600
2019-07-22,268.3045959472656,43638100
2019-07-23,270.2231140136719,44564500
2019-07-24,271.4930419921875,47213200
2019-07-25,270.1961975097656,55394100
2019-07-26,272.0065002441406,45084100
2019-07-29,271.5111083984375,38126500
2019-07-30,270.8445739746094,45849000
2019-07-31,267.8814697265625,104245200
2019-08-01,265.5487365722656,142646600
2019-08-02,263.5493469238281,116749700
2019-08-05,255.62353515625,178745400
2019-08-06,259.2080993652344,120711700
2019-08-07,259.36126708984375,140572300
2019-08-08,264.44989013671875,87713900
2019-08-09,262.6486511230469,93730000
2019-08-12,259.4513854980469,65527600
2019-08-13,263.4861755371094,94299800
2019-08-14,255.695556640625,135622100
2019-08-15,256.37103271484375,99556600
2019-08-16,260.1538391113281,83018300
2019-08-19,263.2880859375,53571800
2019-08-20,261.2705993652344,51596400
2019-08-21,263.39617919921875,49524700
2019-08-22,263.315185546875,51666400
2019-08-23,256.5512390136719,149161500
2019-08-26,259.3882751464844,72423800
2019-08-27,258.3705749511719,66668900
2019-08-28,260.1898193359375,59696700
2019-08-29,263.5133056640625,57899400
2019-08-30,263.39617919921875,62901200
2019-09-03,261.8560791015625,69101400
2019-09-04,264.8282470703125,46887300
2019-09-05,268.2326354980469,83258100
2019-09-06,268.4398498535156,49584300
2019-09-09,268.5749816894531,51260300
2019-09-10,268.5118713378906,57947100
2019-09-11,270.4212646484375,68821100
2019-09-12,271.35797119140625,72908700
2019-09-13,271.1778564453125,62104800
2019-09-16,270.3401794433594,58191200
2019-09-17,271.02471923828125,41475500
2019-09-18,271.1867370605469,73375800
2019-09-19,271.1688232421875,76560500
2019-09-20,269.8875732421875,89565000
2019-09-23,269.82427978515625,43476800
2019-09-24,267.70703125,94869400
2019-09-25,269.29046630859375,71854000
2019-09-26,268.7294616699219,56179700
2019-09-27,267.2817687988281,84746600
2019-09-30,268.5212707519531,51662400
2019-10-01,265.3273010253906,88242400
2019-10-02,260.6404724121094,122539500
2019-10-03,262.77581787109375,85278800
2019-10-04,266.3316650390625,65091200
2019-10-07,265.1826171875,59610500
2019-10-08,261.0656433105469,95708100
2019-10-09,263.5448913574219,62359400
2019-10-10,265.3273010253906,55296300
2019-10-11,268.0779724121094,98720400
2019-10-14,267.77935791015625,40394800
2019-10-15,270.43048095703125,46754500
2019-10-16,269.99615478515625,48928200
2019-10-17,270.79248046875,45736600
2019-10-18,269.6070556640625,64304000
2019-10-21,271.4347839355469,39048600
2019-10-22,270.5480651855469,48594700
2019-10-23,271.3353271484375,34352200
2019-10-24,271.77862548828125,35453100
2019-10-25,272.8915710449219,45205400
2019-10-28,274.4297790527344,42147000
2019-10-29,274.3482666015625,44284900
2019-10-30,275.1899108886719,49643900
2019-10-31,274.4568786621094,69053800
2019-11-01,276.9994201660156,71141500
2019-11-04,278.11236572265625,60606900
2019-11-05,277.8047790527344,42933200
2019-11-06,277.8680419921875,46487100
2019-11-07,278.84521484375,54272300
2019-11-08,279.532958984375,49032100
2019-11-11,278.99896240234375,35797300
2019-11-12,279.5872497558594,46484600
2019-11-13,279.6776428222656,53917700
2019-11-14,280.0847473144531,51219900
2019-11-15,282.111572265625,62023600
2019-11-18,282.3197326660156,49228000
2019-11-19,282.23828125,67804700
2019-11-20,281.1886291503906,79406200
2019-11-21,280.7362976074219,54664700
2019-11-22,281.360595703125,44850200
2019-11-25,283.5411682128906,48647200
2019-11-26,284.1836853027344,37569000
2019-11-27,285.45037841796875,44444600
2019-11-29,284.3916931152344,36592700
2019-12-02,281.9758605957031,75767800
2019-12-03,280.0847473144531,73941700
2019-12-04,281.8130187988281,49080000
2019-12-05,282.3197326660156,40709000
2019-12-06,284.89849853515625,48927000
2019-12-09,284.002685546875,34838500
2019-12-10,283.6860656738281,52649800
2019-12-11,284.4913024902344,53429100
2019-12-12,286.9433898925781,96389600
2019-12-13,287.115234375,81503900
2019-12-16,289.08770751953125,82749700
2019-12-17,289.1510925292969,61097700
2019-12-18,289.169189453125,48133000
2019-12-19,290.35443115234375,85310500
2019-12-20,291.6274719238281,147142100
2019-12-23,292.0729675292969,52990000
2019-12-24,292.08209228515625,20270000
2019-12-26,293.6368713378906,30911200
2019-12-27,293.5640869140625,42528800
2019-12-30,291.9456481933594,49729100
2019-12-31,292.6549072265625,57077300
2020-01-02,295.39178466796875,59151200
2020-01-03,293.1549987792969,77709700
2020-01-06,294.2734680175781,55653900
2020-01-07,293.446044921875,40496400
2020-01-08,295.0098571777344,68296000
2020-01-09,297.0102233886719,48473300
2020-01-10,296.155517578125,53029300
2020-01-13,298.1923828125,47086800
2020-01-14,297.7376708984375,62832800
2020-01-15,298.41064453125,72056600
2020-01-16,300.8928527832031,54050300
2020-01-17,301.8293762207031,95846000
2020-01-21,301.2383117675781,77742400
2020-01-22,301.274658203125,48914900
2020-01-23,301.6202697753906,51963000
2020-01-24,298.9378967285156,87578400
2020-01-27,294.1460266113281,84062500
2020-01-28,297.228515625,63834000
2020-01-29,296.98297119140625,53888900
2020-01-30,297.94677734375,75491800
2020-01-31,292.53668212890625,113845600
2020-02-03,294.7097473144531,69083000
2020-02-04,299.2015380859375,62573200
2020-02-05,302.65679931640625,65951100
2020-02-06,303.6752014160156,50359700
2020-02-07,302.05670166015625,64139400
2020-02-10,304.3116149902344,42070000
2020-02-11,304.83905029296875,54864500
2020-02-12,306.8030700683594,43992700
2020-02-13,306.47564697265625,54501900
2020-02-14,306.9666442871094,64582200
2020-02-18,306.1756591796875,57226200
2020-02-19,307.6394958496094,48814700
2020-02-20,306.3757019042969,74163400
2020-02-21,303.2205810546875,113788200
2020-02-24,293.1640930175781,161088400
2020-02-25,284.2806091308594,218913200
2020-02-26,283.2349548339844,194773800
2020-02-27,270.5144348144531,284353500
2020-02-28,269.3778381347656,384975800
2020-03-02,281.0436096191406,238703600
2020-03-03,272.9966125488281,300139100
2020-03-04,284.4715576171875,176613400
2020-03-05,275.0152282714844,186366800
2020-03-06,270.4689025878906,228667200
2020-03-09,249.3468017578125,309417300
2020-03-10,262.2492370605469,276444100
2020-03-11,249.46495056152344,255316300
2020-03-12,225.59686279296875,392220700
2020-03-13,244.88232421875,329566100
2020-03-16,218.0863494873047,297240000
2020-03-17,229.86131286621094,262070500
2020-03-18,218.22271728515625,327597100
2020-03-19,218.6864471435547,289322000
2020-03-20,209.2623291015625,347158800
2020-03-23,203.91192626953125,326025200
2020-03-24,222.386962890625,235494500
2020-03-25,225.7161102294922,299430300
2020-03-26,238.8956756591797,257632800
2020-03-27,231.78001403808594,224341200
2020-03-30,239.30723571777344,171369500
2020-03-31,235.74026489257812,194881100
2020-04-01,225.1307830810547,189554600
2020-04-02,230.32579040527344,177660400
2020-04-03,226.99659729003906,135561200
2020-04-06,242.2431182861328,188061200
2020-04-07,242.49002075195312,201427200
2020-04-08,250.6300506591797,153774500
2020-04-09,254.44403076171875,189999200
2020-04-13,252.12091064453125,114839100
2020-04-14,259.55657958984375,134143400
2020-04-15,254.04159545898438,121775000
2020-04-16,255.26715087890625,131798300
2020-04-17,262.1633605957031,146684800
2020-04-20,257.5445251464844,100109300
2020-04-21,249.72457885742188,126385700
2020-04-22,255.26715087890625,92951600
2020-04-23,255.2488250732422,104709700
2020-04-24,258.8067626953125,85063200
2020-04-27,262.5382385253906,77896600
2020-04-28,261.33099365234375,105270000
2020-04-29,268.1722717285156,118745600
2020-04-30,265.6754455566406,122901700
2020-05-01,258.6420593261719,125180000
2020-05-04,259.35552978515625,80873200
2020-05-05,261.751708984375,79569900
2020-05-06,259.9774475097656,73632600
2020-05-07,263.11444091796875,75250400
2020-05-08,267.4681091308594,76452400
2020-05-11,267.52288818359375,79514200
2020-05-12,262.1907653808594,95870800
2020-05-13,257.5537109375,144721100
2020-05-14,260.6358642578125,121977900
2020-05-15,261.8339538574219,111146300
2020-05-18,269.8094482421875,119703800
2020-05-19,267.0382080078125,95189300
2020-05-20,271.5744934082031,85861700
2020-05-21,269.69964599609375,78293900
2020-05-22,270.2118225097656,63958200
2020-05-26,273.541015625,88951400
2020-05-27,277.61102294921875,104817400
2020-05-28,277.098876953125,90405200
2020-05-29,278.3336181640625,119090800
2020-06-01,279.45855712890625,55758300
2020-06-02,281.7724304199219,74267200
2020-06-03,285.5223388671875,92567600
2020-06-04,284.7724304199219,75794400
2020-06-05,292.0709533691406,150524700
2020-06-08,295.60137939453125,73641200
2020-06-09,293.39715576171875,77479200
2020-06-10,291.7600402832031,95000800
2020-06-11,274.9402770996094,209243600
2020-06-12,278.2328796386719,194678900
2020-06-15,280.83038330078125,135782700
2020-06-16,286.2357482910156,137627500
2020-06-17,285.046875,83398900
2020-06-18,285.15655517578125,80828700
2020-06-19,283.52691650390625,135549600
2020-06-22,285.34576416015625,74649400
2020-06-23,286.6594543457031,68471200
2020-06-24,279.3471374511719,132813500
2020-06-25,282.3418273925781,89468000
2020-06-26,275.63580322265625,127961000
2020-06-29,279.6869812011719,79773300
2020-06-30,283.26959228515625,113394800
2020-07-01,285.25396728515625,72396500
2020-07-02,286.8247985839844,69344200
2020-07-06,291.2525634765625,61713800
2020-07-07,288.2486267089844,82910000
2020-07-08,290.453369140625,54638600
2020-07-09,288.79986572265625,83354200
2020-07-10,291.7485656738281,57550400
2020-07-13,289.2223815917969,102997500
2020-07-14,292.9704895019531,93657000
2020-07-15,295.66204833984375,87196500
2020-07-16,294.6882629394531,54622500
2020-07-17,295.5426940917969,62774900
2020-07-20,297.9310607910156,56308800
2020-07-21,298.5648498535156,57292200
2020-07-22,300.26434326171875,57792900
2020-07-23,296.6816711425781,75738000
2020-07-24,294.77099609375,73766600
2020-07-27,296.9205322265625,48293000
2020-07-28,295.0372619628906,57495000
2020-07-29,298.66595458984375,48454200
2020-07-30,297.6003723144531,61861700
2020-07-31,299.9519958496094,84986800
2020-08-03,302.03741455078125,53077900
2020-08-04,303.2040100097656,41917900
2020-08-05,305.08721923828125,42697700
2020-08-06,307.1265563964844,43679400
2020-08-07,307.34710693359375,57308300
2020-08-10,308.26568603515625,44282100
2020-08-11,305.7210388183594,69601100
2020-08-12,309.9835205078125,53774400
2020-08-13,309.4231262207031,41816100
2020-08-14,309.43231201171875,47260400
2020-08-17,310.4152526855469,35481000
2020-08-18,311.0859680175781,38733900
2020-08-19,309.7904968261719,68054200
2020-08-20,310.7550964355469,42207800
2020-08-21,311.8575439453125,55106600
2020-08-24,315.01763916015625,48588700
2020-08-25,316.12005615234375,38463400
2020-08-26,319.2892761230469,50790200
2020-08-27,319.9874267578125,58034100
2020-08-28,322.0543518066406,48588900
2020-08-31,320.88775634765625,66099200
2020-09-01,323.90997314453125,54908700
2020-09-02,328.59503173828125,69540000
2020-09-03,317.28662109375,148011100
2020-09-04,314.69610595703125,139156300
2020-09-08,306.09771728515625,114465300
2020-09-09,312.142333984375,91462300
2020-09-10,306.722412109375,90569500
2020-09-11,306.8785705566406,84680200
2020-09-14,310.9205322265625,65605700
2020-09-15,312.4913635253906,52920900
2020-09-16,311.251220703125,82096000
2020-09-17,308.5137023925781,91523300
2020-09-18,304.9618835449219,105877900
2020-09-21,301.56781005859375,99450800
2020-09-22,304.6390075683594,63612100
2020-09-23,297.5741882324219,93112200
2020-09-24,298.3674011230469,76681300
2020-09-25,303.1910705566406,71069400
2020-09-28,308.22686767578125,64584600
2020-09-29,306.5483093261719,51304000
2020-09-30,308.87249755859375,104081100
2020-10-01,310.85540771484375,88698700
2020-10-02,307.904052734375,89431100
2020-10-05,313.3641052246094,45713100
2020-10-06,308.9093933105469,90128900
2020-10-07,314.2864990234375,56999600
2020-10-08,317.0718078613281,45242500
2020-10-09,319.9032897949219,59528600
2020-10-12,325.0498352050781,80388500
2020-10-13,322.92852783203125,73255500
2020-10-14,320.89935302734375,57727900
2020-10-15,320.5028076171875,60357700
2020-10-16,320.3091125488281,89501900
2020-10-19,315.4393310546875,68425600
2020-10-20,316.70294189453125,60051900
2020-10-21,316.10345458984375,63575000
2020-10-22,317.83734130859375,55399300
2020-10-23,318.91644287109375,49143900
2020-10-26,313.02288818359375,91473000
2020-10-27,311.9436950683594,65994100
2020-10-28,301.2818603515625,127094300
2020-10-29,304.343994140625,90597700
2020-10-30,301.17120361328125,120287300
2020-11-02,304.5469055175781,86068300
2020-11-03,309.92388916015625,93294200
2020-11-04,316.8505554199219,126959700
2020-11-05,323.0298767089844,82039700
2020-11-06,322.9561767578125,74973000
2020-11-09,327.01434326171875,172304200
2020-11-10,326.53466796875,85552000
2020-11-11,328.9603271484375,58649000
2020-11-12,325.7691955566406,67546200
2020-11-13,330.27923583984375,62892200
2020-11-16,334.402099609375,74541100
2020-11-17,332.6034851074219,66111000
2020-11-18,328.6007080078125,70591300
2020-11-19,329.9841613769531,59940900
2020-11-20,327.7244873046875,70417300
2020-11-23,329.68902587890625,63230600
2020-11-24,335.0015869140625,62415900
2020-11-25,334.4849853515625,45330900
2020-11-27,335.41650390625,28514100
2020-11-30,333.93157958984375,83872700
2020-12-01,337.583984375,74231400
2020-12-02,338.2940979003906,45927000
2020-12-03,338.20196533203125,62882000
2020-12-04,341.1165466308594,50749900
2020-12-07,340.4154052734375,48944300
2020-12-08,341.4115905761719,42458900
2020-12-09,338.34954833984375,74098300
2020-12-10,338.2388000488281,57735400
2020-12-11,337.8421936035156,57698600
2020-12-14,336.3296813964844,69216200
2020-12-15,340.8766784667969,63865300
2020-12-16,341.4115905761719,58420500
2020-12-17,343.32080078125,64119500
2020-12-18,341.9499816894531,136542300
2020-12-21,340.727294921875,96386700
2020-12-22,340.1530456542969,47949000
2020-12-23,340.45867919921875,46201400
2020-12-24,341.78326416015625,26457900
2020-12-28,344.7193603515625,39000400
2020-12-29,344.0617980957031,53680500
2020-12-30,344.5525817871094,49455300
2020-12-31,346.3032531738281,78520700
2021-01-04,341.58868408203125,110210800
2021-01-05,343.9413757324219,66426200
2021-01-06,345.9976501464844,107997700
2021-01-07,351.1383056640625,68766800
2021-01-08,353.138916015625,71677200
2021-01-11,350.7584228515625,51034700
2021-01-12,350.8326416015625,52547700
2021-01-13,351.77734375,45303600
2021-01-14,350.5453796386719,49989100
2021-01-15,347.98907470703125,107160000
2021-01-19,350.721435546875,51233300
2021-01-20,355.5749816894531,61836100
2021-01-21,355.899169921875,47840100
2021-01-22,354.6394348144531,52860500
2021-01-25,356.0380859375,70402000
2021-01-26,355.4822998046875,42665300
2021-01-27,346.79412841796875,123351100
2021-01-28,349.7767028808594,94198100
2021-01-29,342.7743225097656,126765100
2021-02-01,348.4798583984375,75817600
2021-02-02,353.4076232910156,64450700
2021-02-03,353.6854553222656,52427100
2021-02-04,357.70526123046875,47142600
2021-02-05,359.1131896972656,48669800
2021-02-08,361.7067565917969,38365200
2021-02-09,361.4658203125,35551100
2021-02-10,361.308349609375,59154400
2021-02-11,361.891845703125,42913300
2021-02-12,363.6795959472656,50593300
2021-02-16,363.3646240234375,50972400
2021-02-17,363.447998046875,52290600
2021-02-18,361.9011535644531,59712800
2021-02-19,361.2620849609375,83241000
2021-02-22,358.4833679199219,67414200
2021-02-23,358.918701171875,107284100
2021-02-24,362.8737487792969,72433900
2021-02-25,354.1300048828125,146670500
2021-02-26,352.30535888671875,152701600
2021-03-01,360.8453063964844,105348800
2021-03-02,358.02947998046875,79595300
2021-03-03,353.2870788574219,119940200
2021-03-04,348.91522216796875,183433000
2021-03-05,355.3340759277344,152039600
2021-03-08,353.56500244140625,123149200
2021-03-09,358.6130676269531,113633600
2021-03-10,360.8453063964844,109899400
2021-03-11,364.50384521484375,86245000
2021-03-12,364.99481201171875,64653600
2021-03-15,367.17156982421875,73427200
2021-03-16,366.70831298828125,73722500
2021-03-17,367.9587707519531,97959300
2021-03-18,362.6051330566406,115349100
2021-03-19,361.9341735839844,113624500
2021-03-22,364.8241882324219,73778600
2021-03-23,361.9527587890625,90686600
2021-03-24,360.11273193359375,97588600
2021-03-25,362.1386413574219,116128600
2021-03-26,367.9744567871094,114409100
2021-03-29,367.7886047363281,108107600
2021-03-30,366.81292724609375,76262200
2021-03-31,368.29974365234375,112734200
2021-04-01,372.27703857421875,99682900
2021-04-05,377.6203308105469,91684800
2021-04-06,377.3973083496094,62021000
2021-04-07,377.8340759277344,55836300
2021-04-08,379.6275939941406,57863100
2021-04-09,382.3875732421875,61104600
2021-04-12,382.5269470214844,56704900
2021-04-13,383.66064453125,56551000
2021-04-14,382.3504333496094,61659900
2021-04-15,386.4576416015625,60229800
2021-04-16,387.7494812011719,82037300
2021-04-19,385.8444519042969,78498500
2021-04-20,383.01947021484375,81851800
2021-04-21,386.6436462402344,66793000
2021-04-22,383.11236572265625,97582800
2021-04-23,387.26629638671875,73209200
2021-04-26,388.0746154785156,52182400
2021-04-27,387.9911193847656,51303100
2021-04-28,387.879638671875,51238900
2021-04-29,390.3514709472656,78544300
2021-04-30,387.7865905761719,85527000
2021-05-03,388.6230163574219,68128300
2021-05-04,386.2254333496094,101591200
2021-05-05,386.3462219238281,60162200
2021-05-06,389.43145751953125,74321400
2021-05-07,392.2657165527344,67733800
2021-05-10,388.3813781738281,81852400
2021-05-11,384.9151306152344,116888000
2021-05-12,376.7375183105469,134811000
2021-05-13,381.26312255859375,106394000
2021-05-14,387.1175231933594,82201600
2021-05-17,386.132568359375,65129200
2021-05-18,382.8057861328125,59810200
2021-05-19,381.8021240234375,106467100
2021-05-20,385.90948486328125,78022200
2021-05-21,385.5934753417969,76578700
2021-05-24,389.5244140625,51376700
2021-05-25,388.66015625,57451400
2021-05-26,389.43145751953125,43088600
2021-05-27,389.6358947753906,56707700
2021-05-28,390.3328552246094,58520200
2021-06-01,389.98907470703125,54216600
2021-06-02,390.6023254394531,49097100
2021-06-03,389.1526184082031,58138800
2021-06-04,392.71185302734375,55938800
2021-06-07,392.3307189941406,51555000
2021-06-08,392.4144592285156,47134300
2021-06-09,391.8290100097656,48436300
2021-06-10,393.6503601074219,51020100
2021-06-11,394.30078125,45570800
2021-06-14,395.1836242675781,42358500
2021-06-15,394.4588317871094,51508500
2021-06-16,392.25640869140625,80386100
2021-06-17,392.1263732910156,90949700
2021-06-18,386.83636474609375,118676300
2021-06-21,392.3743896484375,72822000
2021-06-22,394.4720458984375,57700300
2021-06-23,393.9966735839844,49445400
2021-06-24,396.327392578125,45110300
2021-06-25,397.7351989746094,58129500
2021-06-28,398.5368957519531,53159600
2021-06-29,398.7514343261719,35970500
2021-06-30,399.0870056152344,64827900
2021-07-01,401.2966003417969,53441000
2021-07-02,404.3638916015625,57697700
2021-07-06,403.62744140625,68710400
2021-07-07,405.0538635253906,63549500
2021-07-08,401.7534484863281,97595200
2021-07-09,406.0421142578125,76238600
2021-07-12,407.49652099609375,52889600
2021-07-13,406.1073913574219,52911300
2021-07-14,406.7133483886719,64130400
2021-07-15,405.32415771484375,55126400
2021-07-16,402.1449890136719,75874700
2021-07-19,396.2061767578125,147987000
2021-07-20,401.8839416503906,99608200
2021-07-21,405.1377258300781,64724400
2021-07-22,405.9861755371094,47878500
2021-07-23,410.1629638671875,63766600
2021-07-26,411.1697998046875,43719200
2021-07-27,409.2958679199219,67397100
2021-07-28,409.12811279296875,52472400
2021-07-29,410.8248291015625,47435300
2021-07-30,408.8297424316406,68951200
2021-08-02,407.9719543457031,58783300
2021-08-03,411.291015625,58053900
2021-08-04,409.2679443359375,46732200
2021-08-05,411.85968017578125,38969700
2021-08-06,412.5403137207031,46930000
2021-08-09,412.2047424316406,41222600
2021-08-10,412.71746826171875,43339300
2021-08-11,413.7430114746094,44034300
2021-08-12,414.98291015625,38909400
2021-08-13,415.7381896972656,39470300
2021-08-16,416.7170715332031,73740000
2021-08-17,413.9854736328125,92673900
2021-08-18,409.454345703125,89351900
2021-08-19,410.08831787109375,92812200
2021-08-20,413.3514709472656,72008700
2021-08-23,416.987548828125,54973000
2021-08-24,417.6493835449219,38744700
2021-08-25,418.52581787109375,40529700
2021-08-26,416.05517578125,57829600
2021-08-27,419.7751770019531,77235100
2021-08-30,421.62109375,48357400
2021-08-31,420.99639892578125,59300200
2021-09-01,421.2201843261719,48721400
2021-09-02,422.5161437988281,42501000
2021-09-03,422.4135437011719,47170500
2021-09-07,420.9031982421875,51671500
2021-09-08,420.39044189453125,56181900
2021-09-09,418.5910949707031,57970400
2021-09-10,415.2906799316406,89948200
2021-09-13,416.35345458984375,83738600
2021-09-14,414.106689453125,78197100
2021-09-15,417.5655212402344,78792200
2021-09-16,416.9035949707031,77786700
2021-09-17,412.842529296875,118425000
2021-09-20,405.9586486816406,166445500
2021-09-21,405.5752258300781,92526100
2021-09-22,409.531494140625,102350100
2021-09-23,414.5072937011719,76396000
2021-09-24,415.19012451171875,62094800
2021-09-27,414.00225830078125,61371100
2021-09-28,405.6593933105469,130436300
2021-09-29,406.3420715332031,82329200
2021-09-30,401.3757019042969,140506000
2021-10-01,406.145751953125,129240100
2021-10-04,400.9080810546875,128570000
2021-10-05,405.0794982910156,90682500
2021-10-06,406.76300048828125,113032200
2021-10-07,410.2797546386719,72437500
2021-10-08,409.531494140625,74557400
2021-10-11,406.566650390625,65233300
2021-10-12,405.5658264160156,71181200
2021-10-13,407.0248718261719,72974000
2021-10-14,413.871337890625,70236800
2021-10-15,417.0233154296875,66260200
2021-10-18,418.25787353515625,62213200
2021-10-19,421.4847106933594,46996800
2021-10-20,423.1402282714844,49571600
2021-10-21,424.24383544921875,41305400
2021-10-22,423.8042297363281,58845100
2021-10-25,426.0770568847656,45214500
2021-10-26,426.4604797363281,56075100
2021-10-27,424.57122802734375,72438000
2021-10-28,428.6678161621094,51437900
2021-10-29,429.5376281738281,70162400
2021-11-01,430.2764892578125,48433600
2021-11-02,432.01617431640625,48908400
2021-11-03,434.65380859375,52509800
2021-11-04,436.70208740234375,52847100
2021-11-05,438.2173156738281,66390600
2021-11-08,438.5914001464844,50405200
2021-11-09,437.1416320800781,51149100
2021-11-10,433.6248779296875,69429700
2021-11-11,433.7652282714844,34848500
2021-11-12,437.0387878417969,53466700
2021-11-15,437.1884765625,46980500
2021-11-16,438.91876220703125,48857500
2021-11-17,437.8524475097656,47858300
2021-11-18,439.3396301269531,50625600
2021-11-19,438.553955078125,57315600
2021-11-22,437.31939697265625,72762000
2021-11-23,437.89923095703125,73206500
2021-11-24,439.068359375,61858800
2021-11-26,429.2757568359375,112669600
2021-11-29,434.5415344238281,86268800
2021-11-30,426.0863342285156,148559600
2021-12-01,421.3537292480469,131939200
2021-12-02,427.8073425292969,127637800
2021-12-03,424.0848388671875,137331600
2021-12-06,429.10736083984375,98977500
2021-12-07,437.9834289550781,95484700
2021-12-08,439.14312744140625,72238800
2021-12-09,436.17828369140625,61272600
2021-12-10,440.2842102050781,77159800
2021-12-13,436.384033203125,87724700
2021-12-14,433.3817443847656,97264100
2021-12-15,440.1533508300781,116899300
2021-12-16,436.2718811035156,116568600
2021-12-17,431.6286926269531,135511600
2021-12-20,427.0389099121094,107134800
2021-12-21,434.6226806640625,69806300
2021-12-22,438.9683532714844,58890200
2021-12-23,441.69970703125,56439700
2021-12-27,447.9507141113281,56808600
2021-12-28,447.5846252441406,47274600
2021-12-29,448.15716552734375,54503000
2021-12-30,446.9181823730469,55329000
2021-12-31,445.7919006347656,65237400
2022-01-03,448.373046875,72668200
2022-01-04,448.222900390625,71178700
2022-01-05,439.6160888671875,104538900
2022-01-06,439.2030944824219,86858900
2022-01-07,437.4666442871094,85111600
2022-01-10,436.9222717285156,119362000
2022-01-11,440.9019470214844,74303100
2022-01-12,442.0938415527344,67605400
2022-01-13,436.00250244140625,91173100
2022-01-14,436.18084716796875,95890900
2022-01-18,428.45623779296875,109709100
2022-01-19,424.00726318359375,109357600
2022-01-20,419.3143310546875,122379700
2022-01-21,411.0829772949219,202271200
2022-01-24,412.8287048339844,251783900
2022-01-25,407.7884826660156,167997300
2022-01-26,406.7654724121094,186391100
2022-01-27,404.7568664550781,149878300
2022-01-28,414.8091735839844,164457400
2022-01-31,422.2803039550781,152251400
2022-02-01,425.13360595703125,123155400
2022-02-02,429.263427734375,117361000
2022-02-03,419.1736145019531,118024400
2022-02-04,421.14459228515625,118454400
2022-02-07,419.7930908203125,84472900
2022-02-08,423.2470703125,81012000
2022-02-09,429.4417419433594,92589900
2022-02-10,421.7265319824219,140103700
2022-02-11,413.41064453125,153214600
2022-02-14,412.0590515136719,123006300
2022-02-15,418.70428466796875,88482700
2022-02-16,419.1736145019531,84863600
2022-02-17,410.219482421875,102259100
2022-02-18,407.5632019042969,132642900
2022-02-22,403.1894226074219,124391800
2022-02-23,396.0373840332031,132578000
2022-02-24,401.9974060058594,213942900
2022-02-25,410.8670349121094,121804500
2022-02-28,409.81585693359375,145615000
2022-03-01,403.5741882324219,137785900
2022-03-02,410.99853515625,117726500
2022-03-03,408.9523620605469,105501700
2022-03-04,405.6297302246094,113978200
2022-03-07,393.672119140625,137896600
2022-03-08,390.68743896484375,164772700
2022-03-09,401.162109375,116990800
2022-03-10,399.35064697265625,93972700
2022-03-11,394.2728576660156,95636300
2022-03-14,391.3913269042969,95729200
2022-03-15,399.9982604980469,106219100
2022-03-16,408.86785888671875,144954800
2022-03-17,413.9831848144531,102676900
2022-03-18,418.51739501953125,106345500
2022-03-21,418.39508056640625,88349800
2022-03-22,423.2908630371094,74650400
2022-03-23,417.839599609375,79426100
2022-03-24,424.13824462890625,64736900
2022-03-25,426.2095642089844,77101300
2022-03-28,429.2412109375,68529800
2022-03-29,434.5512390136719,86581500
2022-03-30,431.86798095703125,79666900
2022-03-31,425.22100830078125,121699900
2022-04-01,426.4261169433594,89048800
2022-04-04,430.07916259765625,59601000
2022-04-05,424.6466979980469,74214500
2022-04-06,420.4004211425781,106898000
2022-04-07,422.518798828125,78097200
2022-04-08,421.3890686035156,79272700
2022-04-11,414.1865539550781,89770500
2022-04-12,412.6519775390625,84363600
2022-04-13,417.37823486328125,74070400
2022-04-14,412.18115234375,97869500
2022-04-18,412.3506164550781,66002500
2022-04-19,419.0071105957031,77821000
2022-04-20,418.69635009765625,65224400
2022-04-21,412.4353942871094,85417300
2022-04-22,401.1184997558594,132471800
2022-04-25,403.4439697265625,119647700
2022-04-26,391.7599182128906,103996300
2022-04-27,392.8614501953125,122030000
2022-04-28,402.7849426269531,105449100
2022-04-29,387.8996887207031,145491100
2022-05-02,390.2347106933594,158312500
2022-05-03,392.0234680175781,100028200
2022-05-04,403.9617919921875,144247900
2022-05-05,389.6039123535156,172929100
2022-05-06,387.27838134765625,151770800
2022-05-09,374.8788146972656,155586100
2022-05-10,375.744873046875,132497200
2022-05-11,369.7758483886719,142361000
2022-05-12,369.3897705078125,125090800
2022-05-13,378.2210693359375,104174400
2022-05-16,376.68646240234375,78622400
2022-05-17,384.43505859375,83029700
2022-05-18,368.9378662109375,117674500
2022-05-19,366.6781921386719,98510700
2022-05-20,366.83831787109375,131432200
2022-05-23,373.7018737792969,76414900
2022-05-24,370.84906005859375,91448800
2022-05-25,374.12554931640625,91472900
2022-05-26,381.6011047363281,82168300
2022-05-27,390.96905517578125,84768700
2022-05-31,388.7752685546875,95937000
2022-06-01,385.6307373046875,86585800
2022-06-02,392.97442626953125,79609600
2022-06-03,386.52508544921875,71874300
2022-06-06,387.7020263671875,57508900
2022-06-07,391.4209899902344,59272400
2022-06-08,387.165283203125,64350000
2022-06-09,377.9574279785156,86289800
2022-06-10,366.9983825683594,132893900
2022-06-13,353.0640563964844,170004900
2022-06-14,352.0002136230469,104011800
2022-06-15,357.0184020996094,125666800
2022-06-16,345.2025451660156,134473300
2022-06-17,345.9466552734375,111113900
2022-06-21,354.6554260253906,76811900
2022-06-22,354.012451171875,90059400
2022-06-23,357.4826965332031,79292100
2022-06-24,368.8484191894531,98050300
2022-06-27,367.4395751953125,66009600
2022-06-28,359.9316101074219,86548900
2022-06-29,359.63861083984375,65676000
2022-06-30,356.7167053222656,112508300
2022-07-01,360.4895935058594,74839700
2022-07-05,361.1703796386719,81438000
2022-07-06,362.39019775390625,70426200
2022-07-07,367.8177490234375,64525900
2022-07-08,367.5151672363281,72397800
2022-07-11,363.31689453125,58366900
2022-07-12,360.10186767578125,62219200
2022-07-13,358.21075439453125,84224600
2022-07-14,357.3408508300781,89704800
2022-07-15,364.1678466796875,79060400
2022-07-18,361.1609802246094,63203600
2022-07-19,370.9192199707031,78506000
2022-07-20,373.28314208984375,71843800
2022-07-21,377.0843811035156,64903900
2022-07-22,373.5857238769531,72197300
2022-07-25,374.0395812988281,53631500
2022-07-26,369.6143798828125,52946400
2022-07-27,379.21185302734375,82342100
2022-07-28,383.9681091308594,73966600
2022-07-29,389.56585693359375,87003700
2022-08-01,388.4122619628906,69997500
2022-08-02,385.84979248046875,63435400
2022-08-03,391.89202880859375,67820600
2022-08-04,391.62725830078125,45656600
2022-08-05,390.96539306640625,56814900
2022-08-08,390.5113830566406,53886100
2022-08-09,388.96075439453125,44931800
2022-08-10,397.1304626464844,68665700
2022-08-11,397.1304626464844,59489700
2022-08-12,403.853515625,61694500
2022-08-15,405.5176696777344,54048300
2022-08-16,406.3119812011719,59289000
2022-08-17,403.4280090332031,63563400
2022-08-18,404.6004638671875,49023200
2022-08-19,399.1634216308594,68016900
2022-08-22,390.8519287109375,77695600
2022-08-23,389.9063720703125,49105200
2022-08-24,391.1544494628906,49177800
2022-08-25,396.6766052246094,50942300
2022-08-26,383.2494812011719,103087000
2022-08-29,380.7153625488281,65370800
2022-08-30,376.5359191894531,85652400
2022-08-31,373.67083740234375,76029700
2022-09-01,374.8433837890625,78740100
2022-09-02,370.8908996582031,99632100
2022-09-06,369.491455078125,76637400
2022-09-07,376.12939453125,70964200
2022-09-08,378.5877990722656,80821700
2022-09-09,384.46929931640625,76706900
2022-09-12,388.6014404296875,69256300
2022-09-13,371.70404052734375,122947100
2022-09-14,373.12237548828125,85023700
2022-09-15,368.8861999511719,87633800
2022-09-16,366.07208251953125,103084800
2022-09-19,368.91094970703125,73278500
2022-09-20,364.6763610839844,77274900
2022-09-21,358.31500244140625,106746600
2022-09-22,355.30523681640625,89472600
2022-09-23,349.3521423339844,122346900
2022-09-26,345.89617919921875,92581200
2022-09-27,345.0131530761719,108294100
2022-09-28,351.8017272949219,110802200
2022-09-29,344.4529724121094,112952300
2022-09-30,339.12646484375,153711200
2022-10-03,348.0799560546875,89756500
2022-10-04,358.8656921386719,103602800
2022-10-05,358.0301513671875,88065700
2022-10-06,354.3368225097656,82333500
2022-10-07,344.4529724121094,107789500
2022-10-10,341.822998046875,76042800
2022-10-11,339.6581726074219,92482800
2022-10-12,338.537841796875,76991800
2022-10-13,347.4721984863281,147254500
2022-10-14,339.5538024902344,123737000
2022-10-17,348.279296875,93168200
2022-10-18,352.37139892578125,97162900
2022-10-19,349.87432861328125,79746900
2022-10-20,346.9405517578125,88283100
2022-10-21,355.37176513671875,131038400
2022-10-24,359.7201843261719,85436900
2022-10-25,365.4643859863281,78846300
2022-10-26,362.71099853515625,104087300
2022-10-27,360.7740783691406,81971800
2022-10-28,369.35711669921875,100302000
2022-10-31,366.689208984375,96631300
2022-11-01,365.0846252441406,85407600
2022-11-02,355.92236328125,126990400
2022-11-03,352.2574157714844,87100100
2022-11-04,357.3276062011719,103505200
2022-11-07,360.7456359863281,68286900
2022-11-08,362.6919860839844,84641100
2022-11-09,355.2198181152344,78495500
2022-11-10,374.74053955078125,141455800
2022-11-11,378.3675231933594,93839900
2022-11-14,375.14886474609375,71903500
2022-11-15,378.3485107421875,93194500
2022-11-16,375.4621887207031,68508500
2022-11-17,374.3133850097656,74496300
2022-11-18,376.01287841796875,92922500
2022-11-21,374.6455993652344,51243200
2022-11-22,379.68719482421875,60429000
2022-11-23,382.0798645019531,68261600
2022-11-25,381.9944152832031,30545400
2022-11-28,375.89898681640625,67881600
2022-11-29,375.2532958984375,52310000
2022-11-30,387.0739440917969,144566700
2022-12-01,386.78912353515625,76398200
2022-12-02,386.34295654296875,85342700
2022-12-05,379.3929138183594,77289800
2022-12-06,373.92401123046875,77972200
2022-12-07,373.2878112792969,65927900
2022-12-08,376.2122497558594,60737900
2022-12-09,373.40185546875,81447700
2022-12-12,378.78521728515625,75405800
2022-12-13,381.652587890625,123782500
2022-12-14,379.21246337890625,108111300
2022-12-15,369.936279296875,117705900
2022-12-16,365.5688171386719,119858000
2022-12-19,362.46893310546875,79878100
2022-12-20,362.96490478515625,74427200
2022-12-21,368.3921203613281,78167400
2022-12-22,363.1365966796875,100120900
2022-12-23,365.2254943847656,59857300
2022-12-27,363.78521728515625,51638200
2022-12-28,359.2641296386719,70911500
2022-12-29,365.73095703125,66970900
2022-12-30,364.7676086425781,84022200
2023-01-03,363.2320556640625,74850700
2023-01-04,366.0362243652344,85934100
2023-01-05,361.8585205078125,76970500
2023-01-06,370.15673828125,104189600
2023-01-09,369.9468688964844,73978100
2023-01-10,372.5411682128906,65358100
2023-01-11,377.25311279296875,68881100
2023-01-12,378.6266174316406,90157700
2023-01-13,380.095458984375,63903900
2023-01-17,379.3992004394531,62677300
2023-01-18,373.4091796875,99632300
2023-01-19,370.69085693359375,86958900
2023-01-20,377.5964660644531,91806400
2023-01-23,382.12701416015625,84178800
2023-01-24,381.7169494628906,59524900
2023-01-25,381.8599548339844,84800300
2023-01-26,386.0567932128906,72287400
2023-01-27,386.94384765625,68346200
2023-01-30,382.0888366699219,74202000
2023-01-31,387.7068786621094,86811800
2023-02-01,391.82733154296875,101459200
2023-02-02,397.5311584472656,101654500
2023-02-03,393.3058166503906,94736800
2023-02-06,390.9021301269531,60295300
2023-02-07,396.0146179199219,90990700
2023-02-08,391.68426513671875,76227500
2023-02-09,388.2886962890625,78694900
2023-02-10,389.19482421875,70769700
2023-02-13,393.7635803222656,64913500
2023-02-14,393.58245849609375,88389300
2023-02-15,394.86053466796875,61555700
2023-02-16,389.4237365722656,76431500
2023-02-17,388.450927734375,89257800
2023-02-21,380.6581726074219,82655900
2023-02-22,380.1336669921875,83742300
2023-02-23,382.1556396484375,96242400
2023-02-24,378.07342529296875,108194400
2023-02-27,379.36102294921875,80444700
2023-02-28,377.95892333984375,96438600
2023-03-01,376.509033203125,99706800
2023-03-02,379.4373474121094,85127800
2023-03-03,385.5226135253906,90120000
2023-03-06,385.78973388671875,72795900
2023-03-07,379.8760681152344,108310600
2023-03-08,380.4960632324219,74746600
2023-03-09,373.4759521484375,111945300
2023-03-10,368.08685302734375,189253000
2023-03-13,367.5622863769531,157790000
2023-03-14,373.6381530761719,149752400
2023-03-15,371.3012390136719,172996900
2023-03-16,377.8158264160156,143254200
2023-03-17,373.3981018066406,140553400
2023-03-20,376.98858642578125,93055800
2023-03-21,381.93853759765625,91524200
2023-03-22,375.42791748046875,111746600
2023-03-23,376.44287109375,119351300
2023-03-24,378.91302490234375,107682400
2023-03-27,379.6216125488281,74010400
2023-03-28,378.76947021484375,62871700
2023-03-29,384.2748107910156,77497900
2023-03-30,386.52484130859375,69840000
2023-03-31,391.9727478027344,112062600
2023-04-03,393.46636962890625,67391100
2023-04-04,391.28338623046875,66601500
2023-04-05,390.25897216796875,65200200
2023-04-06,391.7812805175781,63743300
2023-04-10,392.183349609375,63681000
2023-04-11,392.2887268066406,59297900
2023-04-12,390.6897277832031,86420400
2023-04-13,395.87921142578125,85814800
2023-04-14,394.9121398925781,78161500
2023-04-17,396.3291931152344,66436400
2023-04-18,396.58770751953125,63560000
2023-04-19,396.52069091796875,55227300
2023-04-20,394.35687255859375,75840400
2023-04-21,394.66326904296875,73457400
2023-04-24,395.074951171875,64332100
2023-04-25,388.8035888671875,97766700
2023-04-26,387.15673828125,80447000
2023-04-27,394.86431884765625,92968400
2023-04-28,398.2345275878906,89433100
2023-05-01,397.8323974609375,62122300
2023-05-02,393.36102294921875,103998500
2023-05-03,390.6610107421875,91531800
2023-05-04,387.89404296875,94901900
2023-05-05,395.074951171875,87891800
2023-05-08,395.18023681640625,50046800
2023-05-09,393.447265625,49220100
2023-05-10,395.2856140136719,96142900
2023-05-11,394.5962219238281,70157100
2023-05-12,394.0791931152344,70481500
2023-05-15,395.43878173828125,54289400
2023-05-16,392.7961730957031,57705500
2023-05-17,397.5643615722656,87287000
2023-05-18,401.39410400390625,97177200
2023-05-19,400.81005859375,103793300
2023-05-22,400.97283935546875,60745400
2023-05-23,396.4727783203125,86383500
2023-05-24,393.6004333496094,89213700
2023-05-25,397.00897216796875,90961600
2023-05-26,402.1505126953125,93830000
2023-05-30,402.3037109375,72216000
2023-05-31,400.0728454589844,110811800
2023-06-01,403.8739318847656,88865000
2023-06-02,409.7144470214844,91426200
2023-06-05,408.9292907714844,65460200
2023-06-06,409.8197326660156,64022200
2023-06-07,408.40264892578125,85373300
2023-06-08,410.87298583984375,61952800
2023-06-09,411.6101989746094,85742800
2023-06-12,415.3442077636719,76104300
2023-06-13,418.0826110839844,95899700
2023-06-14,418.5804748535156,100612100
2023-06-15,423.7698974609375,110303100
2023-06-16,422.3263854980469,114165800
2023-06-20,420.1353454589844,76160400
2023-06-21,417.9826354980469,76982300
2023-06-22,419.4914855957031,70637200
2023-06-23,416.3200988769531,92074500
2023-06-26,414.619140625,72823600
2023-06-27,419.16473388671875,72813700
2023-06-28,419.3761291503906,75636000
2023-06-29,421.0290222167969,67882300
2023-06-30,425.99749755859375,104964000
2023-07-03,426.4875793457031,32793400
2023-07-05,425.8533630371094,58418400
2023-07-06,422.5185852050781,80658300
2023-07-07,421.4518737792969,86134200
2023-07-10,422.5185852050781,62443500
2023-07-11,425.20947265625,64463800
2023-07-12,428.6306457519531,91924500
2023-07-13,432.0326232910156,72425200
2023-07-14,431.7635803222656,69815800
2023-07-17,433.2627258300781,52680200
2023-07-18,436.4820861816406,80668200
2023-07-19,437.4527587890625,65891700
2023-07-20,434.5504455566406,70591600
2023-07-21,434.5504455566406,71275600
2023-07-24,436.4917297363281,54023400
2023-07-25,437.68341064453125,55191200
2023-07-26,437.7507019042969,71052900
2023-07-27,434.848388671875,92194400
2023-07-28,439.1057434082031,80011800
2023-07-31,439.9417724609375,62040400
2023-08-01,438.6828918457031,55291500
2023-08-02,432.5804748535156,93933400
2023-08-03,431.3406982421875,64276100
2023-08-04,429.3898620605469,100128900
2023-08-07,433.1378173828125,58357500
2023-08-08,431.25421142578125,71361300
2023-08-09,428.3711853027344,78789600
2023-08-10,428.5249938964844,93005500
2023-08-11,428.275146484375,68690900
2023-08-14,430.63916015625,47867400
2023-08-15,425.62274169921875,75707500
2023-08-16,422.49945068359375,80107200
2023-08-17,419.2799987792969,95711300
2023-08-18,419.4818115234375,98852000
2023-08-21,422.21112060546875,68719000
2023-08-22,421.0675048828125,64994200
2023-08-23,425.7572326660156,68441000
2023-08-24,419.8566589355469,88517300
2023-08-25,422.8165588378906,102325100
2023-08-28,425.4977722167969,61595400
2023-08-29,431.64825439453125,83081900
2023-08-30,433.42608642578125,69053900
2023-08-31,432.79180908203125,66084600
2023-09-01,433.59912109375,58944100
2023-09-05,431.72509765625,55166200
2023-09-06,428.8228759765625,70758500
2023-09-07,427.50640869140625,70355400
2023-09-08,428.1501770019531,61659700
2023-09-11,430.9659729003906,60180100
2023-09-12,428.601806640625,67565400
2023-09-13,429.10162353515625,60199300
2023-09-14,432.80145263671875,83430800
2023-09-15,427.5869140625,111848900
2023-09-18,427.837646484375,55752200
2023-09-19,426.9504089355469,66514600
2023-09-20,423.025390625,82562600
2023-09-21,416.03338623046875,104095800
2023-09-22,415.09796142578125,100829700
2023-09-25,416.8435363769531,70874500
2023-09-26,410.7195739746094,96168400
2023-09-27,410.8834533691406,104705800
2023-09-28,413.2655334472656,92258300
2023-09-29,412.2625427246094,115111300
2023-10-02,412.0986022949219,83798600
2023-10-03,406.582275390625,103760600
2023-10-04,409.54296875,87453000
2023-10-05,409.388671875,70142700
2023-10-06,414.24932861328125,113273300
2023-10-09,416.9013977050781,80374400
2023-10-10,419.0711975097656,78607300
2023-10-11,420.7879638671875,62451700
2023-10-12,418.2225646972656,81154200
2023-10-13,416.1395263671875,95143100
2023-10-16,420.5177917480469,75433200
2023-10-17,420.49853515625,75324700
2023-10-18,414.8953552246094,93559800
2023-10-19,411.24993896484375,121323000
2023-10-20,406.19647216796875,123919900
2023-10-23,405.49249267578125,92035100
2023-10-24,408.54962158203125,78564200
2023-10-25,402.6861267089844,94223200
2023-10-26,397.8640441894531,115156800
2023-10-27,396.0606689453125,107367700
2023-10-30,400.79583740234375,86562700
2023-10-31,403.31292724609375,79665200
2023-11-01,407.61419677734375,98068100
2023-11-02,415.4258728027344,94938900
2023-11-03,419.2159118652344,100167800
2023-11-06,420.1803283691406,67831700
2023-11-07,421.3761291503906,64256100
2023-11-08,421.6847839355469,61746000
2023-11-09,418.39617919921875,83174400
2023-11-10,424.9252014160156,89462200
2023-11-13,424.5201721191406,52236100
2023-11-14,432.7561340332031,97176900
2023-11-15,433.67236328125,77327600
2023-11-16,434.2027282714844,66665800
2023-11-17,434.7427978515625,83133200
2023-11-20,438.08929443359375,69936200
2023-11-21,437.134521484375,49244600
2023-11-22,438.8222351074219,59394900
2023-11-24,439.09222412109375,29737400
2023-11-27,438.3014221191406,50506000
2023-11-28,438.7353820800781,62115000
2023-11-29,438.4267883300781,63146000
2023-11-30,440.1530456542969,79752700
2023-12-01,442.75701904296875,89183400
2023-12-04,440.4327697753906,72430900
2023-12-05,440.345947265625,69793500
2023-12-06,438.5715026855469,69124700
2023-12-07,441.9179382324219,66995400
2023-12-08,443.81781005859375,83194400
2023-12-11,445.54412841796875,65002200
2023-12-12,447.5790100097656,68327600
2023-12-13,453.751220703125,93278000
2023-12-14,455.20745849609375,119026000
2023-12-15,454.4579162597656,141553700
2023-12-18,457.0142517089844,70375300
2023-12-19,459.7933044433594,55761800
2023-12-20,453.42181396484375,102921000
2023-12-21,457.7212219238281,86667500
2023-12-22,458.6410217285156,67160400
2023-12-26,460.57763671875,55387000
2023-12-27,461.410400390625,68000300
2023-12-28,461.5846862792969,77158100
2023-12-29,460.2484130859375,122283100
2024-01-02,457.6726989746094,123623700
2024-01-03,453.93499755859375,103585900
2024-01-04,452.47283935546875,84232200
2024-01-05,453.09259033203125,86118900
2024-01-08,459.56097412109375,74879100
2024-01-09,458.8637390136719,65931400
2024-01-10,461.4587707519531,67310600
2024-01-11,461.2554626464844,77940700
2024-01-12,461.57501220703125,58026400
2024-01-16,459.88043212890625,85014900
2024-01-17,457.32415771484375,68843900
2024-01-18,461.39105224609375,91856200
2024-01-19,467.1427917480469,110834500
2024-01-22,468.1304626464844,75844900
2024-01-23,469.49578857421875,49945300
2024-01-24,470.00897216796875,81765000
2024-01-25,472.5653381347656,72525000
2024-01-26,471.9649963378906,76641600
2024-01-29,475.7026672363281,61322800
2024-01-30,475.334716796875,58618400
2024-01-31,467.57855224609375,126011100
2024-02-01,473.6982727050781,91891600
2024-02-02,478.6850891113281,99228200
2024-02-05,476.942138671875,75757100
2024-02-06,478.3268737792969,55918600
2024-02-07,482.3162841796875,70556500
2024-02-08,482.529296875,52343600
2024-02-09,485.31805419921875,63979400
2024-02-12,485.1050109863281,56502300
2024-02-13,478.4236145019531,113099200
2024-02-14,482.7713623046875,68387800
2024-02-15,486.1023864746094,61683000
2024-02-16,483.68157958984375,75532900
2024-02-20,481.01873779296875,71736700
2024-02-21,481.4544982910156,59293400
2024-02-22,491.4184265136719,76402500
2024-02-23,491.7572937011719,61321800
2024-02-26,489.95623779296875,50386700
2024-02-27,490.8664245605469,48854500
2024-02-28,490.21771240234375,56506600
2024-02-29,491.98004150390625,83924800
2024-03-01,496.5988464355469,76844800
2024-03-04,496.0662841796875,49799300
2024-03-05,491.10858154296875,72855600
2024-03-06,493.5970458984375,68382400
2024-03-07,498.49676513671875,58652100
2024-03-08,495.5047302246094,86532500
2024-03-11,495.0786437988281,62557200
2024-03-12,500.40435791015625,73114400
2024-03-13,499.6199035644531,55104100
2024-03-14,498.6322937011719,110171800
2024-03-15,495.2084045410156,107646300
2024-03-18,498.1515197753906,88893300
2024-03-19,500.91986083984375,60755300
2024-03-20,505.552978515625,69594600
2024-03-21,507.2236633300781,60256100
2024-03-22,506.2620849609375,79070800
2024-03-25,504.8633728027344,48512100
2024-03-26,503.9308166503906,65463700
2024-03-27,508.1658935546875,82999800
2024-03-28,508.0686950683594,96294900
2024-04-01,507.184814453125,62477500
2024-04-02,503.96014404296875,74230300
2024-04-03,504.51361083984375,59155800
2024-04-04,498.3554992675781,96858100
2024-04-05,503.5617370605469,74546500
2024-04-08,503.84344482421875,48401800
2024-04-09,504.4263000488281,68049200
2024-04-10,499.3753967285156,82652800
2024-04-11,503.1441345214844,70099000
2024-04-12,496.1991271972656,92561100
2024-04-15,489.9827880859375,92101400
2024-04-16,489.089111328125,73484000
2024-04-17,486.1946105957031,75910300
2024-04-18,485.1941223144531,74548100
2024-04-19,480.9591979980469,102212600
2024-04-22,485.3883972167969,67961000
2024-04-23,491.1482849121094,64633600
2024-04-24,490.9151611328125,55928100
2024-04-25,489.0502624511719,69122400
2024-04-26,493.68353271484375,64306100
2024-04-29,495.4318542480469,46415400
2024-04-30,487.58349609375,77483600
2024-05-01,486.00030517578125,80242800
2024-05-02,490.54608154296875,62550200
2024-05-03,496.6265869140625,72756700
2024-05-06,501.7550964355469,47264700
2024-05-07,502.30877685546875,52561300
2024-05-08,502.3573303222656,42047200
2024-05-09,505.2518310546875,43643700
2024-05-10,505.9027404785156,52233200
2024-05-13,505.9706726074219,36716400
2024-05-14,508.2920227050781,57535900
2024-05-15,514.5862426757812,59504900
2024-05-16,513.527587890625,50244800
2024-05-17,514.265625,59187600
2024-05-20,514.8582763671875,37764200
2024-05-21,516.1209716796875,33437000
2024-05-22,514.6349487304688,48390000
2024-05-23,510.8758544921875,57211200
2024-05-24,514.256103515625,41291100
2024-05-28,514.615478515625,36269600
2024-05-29,511.01177978515625,45190300
2024-05-30,507.6218566894531,46377600
2024-05-31,512.2455444335938,90785800
2024-06-03,512.6629638671875,46835700
2024-06-04,513.2362060546875,34632700
2024-06-05,519.3360595703125,47610400
2024-06-06,519.3262939453125,30808500
2024-06-07,518.695068359375,43224500
2024-06-10,520.2975463867188,35686100
2024-06-11,521.5504760742188,36383400
2024-06-12,525.8341674804688,63251300
2024-06-13,526.892822265625,44760900
2024-06-14,527.2134399414062,40089900
2024-06-17,531.4094848632812,55839500
2024-06-18,532.7596435546875,41376400
2024-06-20,531.3123168945312,70328200
2024-06-21,530.60009765625,64338600
2024-06-24,528.8753051757812,45528700
2024-06-25,530.9119873046875,37936200
2024-06-26,531.5745239257812,38550600
2024-06-27,532.4126586914062,35041500
2024-06-28,530.3175659179688,76144500
2024-07-01,531.408935546875,40297800
2024-07-02,534.9852294921875,40434800
2024-07-03,537.37255859375,32789900
2024-07-05,540.4713745117188,41488400
2024-07-08,541.094970703125,36110500
2024-07-09,541.6211547851562,27289700
2024-07-10,546.980712890625,38701200
2024-07-11,542.2642211914062,53054200
2024-07-12,545.6845703125,53084400
2024-07-15,547.1853637695312,40584300
2024-07-16,550.43017578125,36475300
2024-07-17,542.7125854492188,57119000
2024-07-18,538.5418701171875,56270400
2024-07-19,534.9656982421875,65509100
2024-07-22,540.4810791015625,43346700
2024-07-23,539.6332397460938,34439600
2024-07-24,527.40380859375,74515300
2024-07-25,524.6559448242188,61158300
2024-07-26,530.5319213867188,53763800
2024-07-29,530.84375,39515800
2024-07-30,528.1542358398438,46853600
2024-07-31,536.7391357421875,65663400
2024-08-01,529.138427734375,76428700
2024-08-02,519.2867431640625,82789100
2024-08-05,504.1631774902344,146267400
2024-08-06,508.8113098144531,84826300
2024-08-07,505.4103698730469,70698300
2024-08-08,517.0941772460938,63276600
2024-08-09,519.3744506835938,45619600
2024-08-12,519.6472778320312,42542100
2024-08-13,528.1932373046875,52333100
2024-08-14,529.8594970703125,42446900
2024-08-15,538.94140625,60846800
2024-08-16,540.1497192382812,44430700
2024-08-19,545.3143310546875,39121800
2024-08-20,544.4275512695312,33732300
2024-08-21,546.298583984375,41514600
2024-08-22,542.010986328125,56121500
2024-08-23,547.7699584960938,50639400
2024-08-26,546.4642333984375,35788600
2024-08-27,547.214599609375,32693900
2024-08-28,544.0377197265625,41066000
2024-08-29,544.0864868164062,38715200
2024-08-30,549.2803955078125,62700100
2024-09-03,537.9767456054688,60600100
2024-09-04,536.8756103515625,47224900
2024-09-05,535.56982421875,44264300
2024-09-06,526.5560913085938,68493800
2024-09-09,532.4515991210938,40445800
2024-09-10,534.770751953125,36394600
2024-09-11,540.2569580078125,75248600
2024-09-12,544.8076171875,51819600
2024-09-13,547.6530151367188,39310500
2024-09-16,548.4617919921875,36656100
2024-09-17,548.68603515625,49321000
2024-09-18,547.0586547851562,59044900
2024-09-19,556.3938598632812,75315500
2024-09-20,555.4320678710938,77503100
2024-09-23,556.8200073242188,44116900
2024-09-24,558.413330078125,46805700
2024-09-25,557.1817016601562,38428600
2024-09-26,559.3908081054688,48336000
2024-09-27,558.5794677734375,42100900
2024-09-30,560.8177490234375,63557400
2024-10-01,555.7938232421875,72668800
2024-10-02,556.0283203125,38097800
2024-10-03,555.0118408203125,40846500
2024-10-04,560.0553588867188,42939100
2024-10-07,554.9922485351562,49964700
2024-10-08,560.2411499023438,37398700
2024-10-09,564.12158203125,37912200
2024-10-10,563.1343383789062,44138100
2024-10-11,566.5064697265625,42268000
2024-10-14,571.1396484375,36217200
2024-10-15,566.7020263671875,54203600
2024-10-16,569.1651611328125,30725400
2024-10-17,569.214111328125,34393700
2024-10-18,571.4036254882812,37416800
2024-10-21,570.4652099609375,36439000
2024-10-22,570.1621704101562,34183800
2024-10-23,564.9523315429688,49314600
2024-10-24,566.1742553710938,34979900
2024-10-25,565.9786987304688,47268200
2024-10-28,567.728271484375,30174700
2024-10-29,568.647216796875,42899700
2024-10-30,566.9268798828125,41435800
2024-10-31,555.8133544921875,60182500
2024-11-01,558.1591186523438,45667500
2024-11-04,556.9569091796875,38217000
2024-11-05,563.6915893554688,39478300
2024-11-06,577.7080688476562,68182000
2024-11-07,582.1748657226562,47233200
2024-11-08,584.6968383789062,46444900
2024-11-11,585.2538452148438,37586800
2024-11-12,583.4359741210938,43006100
2024-11-13,583.7194213867188,47388600
2024-11-14,579.9658813476562,38904100
2024-11-15,572.537353515625,75988800
2024-11-18,574.88330078125,37001700
2024-11-19,576.9846801757812,49412000
2024-11-20,577.1802368164062,50032600
2024-11-21,580.2786254882812,46750300
2024-11-22,582.0772094726562,38226400
2024-11-25,584.0516357421875,42441400
2024-11-26,587.1012573242188,45621300
2024-11-27,585.322265625,34000200
2024-11-29,588.95849609375,30177400
2024-12-02,590.0140991210938,31746000
2024-12-03,590.28759765625,26906600
2024-12-04,593.953125,42787600
2024-12-05,592.9756469726562,28762200
2024-12-06,594.0997924804688,31241500
2024-12-09,591.0403442382812,34742700
2024-12-10,589.2027587890625,37234500
2024-12-11,593.7576293945312,28677700
2024-12-12,590.6981811523438,31543800
2024-12-13,590.5810546875,35904700
2024-12-16,593.102783203125,43695200
2024-12-17,590.6590576171875,55773500
2024-12-18,573.055419921875,108248700
2024-12-19,572.8794555664062,85919500
2024-12-20,579.7603759765625,125716700
2024-12-23,583.2320556640625,57635800
2024-12-24,589.7147216796875,33160100
2024-12-26,589.7540893554688,41219100
2024-12-27,583.5458984375,64969300
2024-12-30,576.8866577148438,56578800
2024-12-31,574.7879028320312,57052700
2025-01-02,573.3756713867188,50204000
2025-01-03,580.544921875,37888500
2025-01-06,583.88916015625,47679400
2025-01-07,577.288818359375,60393100
2025-01-08,578.1322631835938,47304700
2025-01-10,569.3056030273438,73105000
2025-01-13,570.1883544921875,47910100
2025-01-14,570.9729614257812,48420600
2025-01-15,581.35888671875,56900200
2025-01-16,580.2408447265625,43319700
2025-01-17,586.0664672851562,58070600
2025-01-21,591.4309692382812,42532900
2025-01-22,594.7557373046875,48196000
2025-01-23,598.0018920898438,41152100
2025-01-24,596.256103515625,34604700
2025-01-27,587.8218994140625,70361100
2025-01-28,592.8726806640625,44433300
2025-01-29,590.2149047851562,37177400
2025-01-30,593.3826293945312,39281300
2025-01-31,590.2246704101562,66566900
2025-02-03,586.2527465820312,65857200
2025-02-04,590.1853637695312,33457800
2025-02-05,592.5784301757812,30653100
2025-02-06,594.6380004882812,35771500
2025-02-07,589.1950073242188,50788500
2025-02-10,593.1962280273438,26048700
2025-02-11,593.6474609375,30056700
2025-02-12,591.7350463867188,45076100
2025-02-13,597.9822387695312,40921300
2025-02-14,597.9529418945312,26910400
2025-02-18,599.7083129882812,26749000
2025-02-19,601.12060546875,31011100
2025-02-20,598.619873046875,36554000
2025-02-21,588.3809204101562,76519800
2025-02-24,585.7035522460938,50737200
2025-02-25,582.7907104492188,58266500
2025-02-26,583.0849609375,43321600
2025-02-27,573.7777709960938,74196700
2025-02-28,582.7318725585938,88744100
2025-03-03,572.5224609375,74249200
2025-03-04,565.7456665039062,109648200
2025-03-05,571.826171875,71230500
2025-03-06,561.6755981445312,80094900
2025-03-07,564.82373046875,81158800
2025-03-10,549.779296875,99326600
2025-03-11,545.2091064453125,88102100
2025-03-12,548.1021728515625,69588200
2025-03-13,540.795654296875,74079400
2025-03-14,551.9662475585938,62660300
2025-03-17,556.2227783203125,49008700
2025-03-18,550.2108764648438,66041400
2025-03-19,556.2031860351562,66556000
2025-03-20,554.5946655273438,62958200
2025-03-21,554.7776489257812,83763000
2025-03-24,564.712890625,58766800
2025-03-25,566.0703735351562,38355700
2025-03-26,559.3124389648438,51848300
2025-03-27,557.8270874023438,42164200
2025-03-28,546.5933837890625,71662700
2025-03-31,550.2626342773438,95328200
2025-04-01,551.8167114257812,54609600
2025-04-02,555.3089599609375,76014500
2025-04-03,527.9427490234375,125986000
2025-04-04,497.0354309082031,217965100
2025-04-07,496.1501159667969,256611400
2025-04-08,488.3790588378906,165816600
2025-04-09,539.6683349609375,241867300
2025-04-10,516.0205688476562,162331200
2025-04-11,525.227783203125,97866300
2025-04-14,530.3233032226562,68034000
2025-04-15,528.837890625,56892900
2025-04-16,517.0828247070312,83484800
2025-04-17,517.8206176757812,79868100
2025-04-21,505.4950866699219,69368100
2025-04-22,518.64697265625,75948100
2025-04-23,526.68359375,90590700
2025-04-24,537.7698364257812,64150400
2025-04-25,541.6553955078125,61119600
2025-04-28,541.86181640625,47613800
2025-04-29,545.2752685546875,47775100
2025-04-30,545.49169921875,93101500
2025-05-01,549.3574829101562,63186100
2025-05-02,557.5122680664062,60717300
2025-05-05,554.3152465820312,38659200
2025-05-06,549.68212890625,48264700
2025-05-07,551.9938354492188,55588000
2025-05-08,555.8400268554688,65130800
2025-05-09,555.1317749023438,37603400
2025-05-12,573.4774780273438,78993600
2025-05-13,577.2647094726562,67947200
2025-05-14,578.0025024414062,66283500
2025-05-15,580.8256225585938,71268100
2025-05-16,584.5045166015625,76052100
2025-05-19,585.1439819335938,68168500
2025-05-20,583.1765747070312,60614500
2025-05-21,573.3496704101562,95197700
2025-05-22,573.5758056640625,70860400
2025-05-23,569.6608276367188,76029000
2025-05-27,581.50439453125,72588500
2025-05-28,578.14013671875,68445500
2025-05-29,580.4222412109375,69973300
2025-05-30,579.7731323242188,90601200
2025-06-02,583.0388793945312,61630500
2025-06-03,586.36376953125,63606200
2025-06-04,586.206298828125,57314200
2025-06-05,583.373291015625,92278700
2025-06-06,589.3639526367188,66588700
2025-06-09,589.8951416015625,53016400
2025-06-10,593.2396240234375,66247000
2025-06-11,591.5477294921875,73658200
2025-06-12,593.898681640625,64129000
2025-06-13,587.2588500976562,89506000
2025-06-16,592.8461303710938,79984100
2025-06-17,587.7802734375,82209400
2025-06-18,587.6917724609375,76605000
2025-06-20,586.3114624023438,94051400
2025-06-23,592.1027221679688,87426000
2025-06-24,598.6438598632812,67735300
2025-06-25,598.9793090820312,62114800
2025-06-26,603.6655883789062,78548400
2025-06-27,606.6648559570312,86258400
2025-06-30,609.5653686523438,92502500
2025-07-01,609.3681030273438,70030100
2025-07-02,612.1305541992188,66510400
2025-07-03,616.9549560546875,51065800
2025-07-07,612.357421875,74814500
2025-07-08,612.0220336914062,59024600
2025-07-09,615.692138671875,66113300
2025-07-10,617.4285278320312,57529000
2025-07-11,615.2579956054688,63670200
2025-07-14,616.4320068359375,51898500
2025-07-15,613.7979125976562,74317300
2025-07-16,615.8499755859375,88987500
2025-07-17,619.6187133789062,68885700
2025-07-18,619.1649780273438,65621600
2025-07-21,620.3389892578125,63375000
2025-07-22,620.4277954101562,60046300
2025-07-23,625.7061157226562,70511000
2025-07-24,625.9132080078125,71307100
2025-07-25,628.5572509765625,56865400
2025-07-28,628.3994140625,54917100
2025-07-29,626.741943359375,60556300
2025-07-30,625.9526977539062,80418900
2025-07-31,623.6046752929688,103385200
2025-08-01,613.3833618164062,140103600
2025-08-04,622.7067260742188,73218000
2025-08-05,619.5496215820312,68051400
2025-08-06,624.2952270507812,64357500
2025-08-07,623.7722778320312,74205800
2025-08-08,628.6361694335938,64051600
2025-08-11,627.39306640625,58742300
2025-08-12,634.0723266601562,64730800
2025-08-13,636.2428588867188,60092800
2025-08-14,636.3020629882812,59327500
2025-08-15,634.812255859375,68592500
2025-08-18,634.6741333007812,43804900
2025-08-19,631.2308959960938,69750700
2025-08-20,629.5537109375,88890300
2025-08-21,627.028076171875,54805800
2025-08-22,636.6572265625,84083200
2025-08-25,633.8551635742188,51274300
2025-08-26,636.5091552734375,51581600
2025-08-27,637.9595336914062,48341100
2025-08-28,640.21875,61519500
2025-08-29,636.400634765625,74522200
2025-09-02,631.6847534179688,81983500
2025-09-03,635.1082153320312,70820900
2025-09-04,640.4161376953125,65219200
2025-09-05,638.561279296875,85178900
2025-09-08,640.1299438476562,63133100
2025-09-09,641.60986328125,66133900
2025-09-10,643.4646606445312,78034500
2025-09-11,648.81201171875,69934400
2025-09-12,648.5949096679688,72780100
2025-09-15,652.0479736328125,63772400
2025-09-16,651.1502075195312,61169000
2025-09-17,650.3412475585938,101952200
2025-09-18,653.3799438476562,90459200
2025-09-19,656.6160278320312,97945600
2025-09-22,659.7224731445312,69452200
2025-09-23,656.1312866210938,81708900
2025-09-24,654.043701171875,68082200
2025-09-25,651.0263061523438,89622100
2025-09-26,654.756103515625,69179200
2025-09-29,656.5962524414062,73499000
2025-09-30,659.0695190429688,86288000
2025-10-01,661.3153686523438,72545400
2025-10-02,662.0769653320312,56896000
2025-10-03,662.0671997070312,70494400
2025-10-06,664.4415893554688,54623300
2025-10-07,661.9781494140625,72020100
2025-10-08,665.925537109375,60702200
2025-10-09,663.9963989257812,66501900
2025-10-10,646.0499877929688,159422600
2025-10-13,655.9630126953125,79560500
2025-10-14,655.1616821289062,88779600
2025-10-15,658.0702514648438,81702600
2025-10-16,653.5886840820312,110563300
2025-10-17,657.2986450195312,96500900
2025-10-20,664.1348266601562,60493400
2025-10-21,664.1249389648438,56249000
2025-10-22,660.6721801757812,80564000
2025-10-23,664.5899658203125,65604500
2025-10-24,670.0213623046875,74356500
2025-10-27,677.926025390625,63339800
2025-10-28,679.7266845703125,61738100
2025-10-29,680.0531616210938,85657100
2025-10-30,672.5738525390625,76335800
2025-10-31,674.780029296875,87164100
2025-11-03,676.04638671875,57315000
2025-11-04,668.0328369140625,78427000
2025-11-05,670.347900390625,74402400
2025-11-06,663.1554565429688,85035300
2025-11-07,663.808349609375,100592400
2025-11-10,674.1666259765625,75842900
2025-11-11,675.7099609375,58953400
2025-11-12,676.0859375,62312500
2025-11-13,664.866943359375,103457800
2025-11-14,664.7581787109375,96846700
2025-11-17,658.56494140625,90456100
2025-11-18,653.03466796875,114467500
2025-11-19,655.5574340820312,94703000
2025-11-20,645.5652465820312,165293500
2025-11-21,651.995849609375,123956200
2025-11-24,661.59228515625,80437900
2025-11-25,667.815185546875,81077100
2025-11-26,672.4254150390625,71879600
2025-11-28,676.0958251953125,49212000
2025-12-01,673.0091552734375,61201200
2025-12-02,674.2556762695312,62953800
2025-12-03,676.5905151367188,57238500
2025-12-04,677.085205078125,61970300
2025-12-05,678.3712158203125,79241000
2025-12-08,676.3333129882812,55231500
2025-12-09,675.74951171875,58310100
2025-12-10,680.231201171875,85671300
2025-12-11,681.8140869140625,86173700
2025-12-12,674.4832153320312,113160300
2025-12-15,673.4641723632812,90811000
2025-12-16,671.6240844726562,122030600
2025-12-17,664.2338256835938,110625200
2025-12-18,669.2495727539062,108650100
2025-12-19,675.3153686523438,103599500
2025-12-22,679.5224609375,69556700
2025-12-23,682.6282348632812,64840000
2025-12-24,685.0294799804688,39445600
2025-12-26,684.9600219726562,41613300
2025-12-29,682.51904296875,62559500
2025-12-30,681.685546875,47160700
2025-12-31,676.635009765625,74144800
2026-01-02,677.8753051757812,89377200
2026-01-05,682.3900756835938,71927200
2026-01-06,686.4483642578125,69273800
2026-01-07,684.2356567382812,75588300
2026-01-08,684.1661987304688,64019200
2026-01-09,688.6908569335938,80125500
2026-01-12,689.7723388671875,63976000
2026-01-13,688.3931884765625,78309700
2026-01-14,685.009521484375,94676700
2026-01-15,686.875,77862000
2026-01-16,686.299560546875,79289200
2026-01-20,672.3286743164062,111623300
2026-01-21,680.0880737304688,127844500
2026-01-22,683.6403198242188,77112200
2026-01-23,683.8883056640625,63059600
2026-01-26,687.3612060546875,60473800
2026-01-27,690.099853515625,55506100
2026-01-28,690.0303955078125,61172200
2026-01-29,688.6610717773438,97486200
2026-01-30,686.6071166992188,101835100
2026-02-02,690.0204467773438,79286500
2026-02-03,684.18603515625,107904600
2026-02-04,680.8718872070312,105204600
2026-02-05,672.3683471679688,113610800
2026-02-06,685.267578125,89127600
2026-02-09,688.57177734375,73885200
2026-02-10,686.7559204101562,65185700
2026-02-11,686.5972290039062,76353900
2026-02-12,675.9900512695312,118829000
2026-02-13,676.4663696289062,96267500
2026-02-17,677.5578002929688,81354700
2026-02-18,680.9711303710938,73570300
2026-02-19,679.1751098632812,58649400
2026-02-20,684.0868530273438,100034000
2026-02-23,677.1013793945312,90558100
2026-02-24,682.0228881835938,73798700
2026-02-25,687.7779541015625,56369500
2026-02-26,683.957763671875,71671000
2026-02-27,680.6734008789062,83308900
2026-03-02,681.0604858398438,87477200
2026-03-03,675.057373046875,105003100
2026-03-04,679.8201904296875,79182200
2026-03-05,676.0297241210938,106606500
2026-03-06,667.1689453125,100687000
2026-03-09,673.0133056640625,102667700
2026-03-10,671.9317016601562,81505300
2026-03-11,671.0883178710938,68441700
2026-03-12,660.8978881835938,108882200
2026-03-13,657.1571655273438,97200200
2026-03-16,663.8449096679688,82023100
2026-03-17,665.5912475585938,87128000
2026-03-18,656.3038330078125,82062600
2026-03-19,654.6864013671875,111272500
2026-03-20,645.301025390625,163617500
2026-03-23,652.07666015625,134802700
2026-03-24,649.8877563476562,96457500
2026-03-25,653.5093994140625,90653800
2026-03-26,641.8385620117188,96494400
2026-03-27,630.8939819335938,103649400
2026-03-30,628.78466796875,99275900
2026-03-31,647.0620727539062,152534100
2026-04-01,651.9373779296875,97841500
2026-04-02,652.5244140625,68358700
2026-04-06,655.6088256835938,39105800
2026-04-07,655.8972778320312,69980400
2026-04-08,672.6027221679688,93606100
2026-04-09,676.4829711914062,57134400
2026-04-10,676.0353393554688,42253500
2026-04-13,682.641845703125,54185800
2026-04-14,690.959716796875,63480500
2026-04-15,696.412109375,58240400
2026-04-16,698.1234130859375,49972400
2026-04-17,706.5607299804688,70661900
2026-04-20,705.1477661132812,43546800
2026-04-21,700.53125,58941400
2026-04-22,707.6253051757812,42518500
2026-04-23,704.8792114257812,56174000
2026-04-24,710.341552734375,45182000
2026-04-27,711.5653076171875,33135900
2026-04-28,708.1028442382812,43117400
2026-04-29,707.993408203125,41859200
2026-04-30,715.0377197265625,67240900
2026-05-01,717.0177001953125,43049800
2026-05-04,714.3909912109375,51950600
2026-05-05,720.1220092773438,36933200
2026-05-06,730.1312866210938,53288900
2026-05-07,727.8926391601562,51724600
2026-05-08,733.9021606445312,47227100
2026-05-11,735.5736694335938,44024000
2026-05-12,734.4593505859375,54185300
2026-05-13,738.5685424804688,44200200
2026-05-14,744.3989868164062,45307600
2026-05-15,735.4443969726562,60410800
2026-05-18,734.927001953125,47843900
2026-05-19,730.0317993164062,54255900
2026-05-20,737.5138549804688,45768000
2026-05-21,738.9764404296875,43332200
2026-05-22,741.8817749023438,41762000
2026-05-26,746.8068237304688,41123600
2026-05-27,746.677490234375,42106300
2026-05-28,750.7965698242188,41562600
2026-05-29,752.6671142578125,55075700
2026-06-01,754.7167358398438,43634900
2026-06-02,755.7415771484375,31581900
2026-06-03,750.4384155273438,51402500
2026-06-04,753.2740478515625,49923000
2026-06-05,733.83251953125,93989400
2026-06-08,735.4940795898438,49319100
2026-06-09,733.3350219726562,87683500
2026-06-10,721.7736206054688,60341300
2026-06-11,734.04150390625,86330500
2026-06-12,738.0113525390625,57079500
2026-06-15,751.0254516601562,60176400
2026-06-16,746.5481567382812,67093100
2026-06-17,737.225341796875,85945200
2026-06-18,744.8902587890625,80875700
2026-06-22,742.546142578125,46628100
2026-06-23,731.7628784179688,66846800
2026-06-24,731.4237060546875,57439500
2026-06-25,732.4810791015625,53934400
2026-06-26,727.1842651367188,71034000
2026-06-29,739.1644897460938,58035200
2026-06-30,744.9202270507812,55626000
2026-07-01,743.9127197265625,47100900
2026-07-02,742.9351806640625,57447800
2026-07-06,749.4190673828125,50673300
2026-07-07,745.85791015625,43721500
2026-07-08,743.5536499023438,43767400
2026-07-09,749.8480224609375,41441700
2026-07-10,753.0799560546875,42191300
2026-07-13,747.3142700195312,44013600
2026-07-14,749.9677124023438,35143100
2026-07-15,752.9403076171875,43844800
2026-07-16,748.8604125976562,46409800
2026-07-17,741.4487915039062,62651000
2026-07-20,740.2518310546875,50422300
2026-07-21,746.426513671875,34324300
2026-07-22,745.55859375,32836200
2026-07-23,736.3515014648438,55437300
2026-07-24,737.099609375,44782000
2026-07-27,737.25927734375,41461200
2026-07-28,739.0248413085938,47322200
2026-07-29,727.6531372070312,70697200
2026-07-30,739.852783203125,66811300
2026-07-31,745.1796264648438,62445900
2026-08-03,755.793212890625,59927500
2026-08-04,769.4193725585938,69154800
2026-08-05,767.8831787109375,44689100
2026-08-06,766.65625,38416900
2026-08-07,771.3446044921875,43586300
2026-08-10,771.1151733398438,39249500
2026-08-11,768.6513061523438,36740600
2026-08-12,770.5764770507812,33179100
2026-08-13,775.9531860351562,35634500
2026-08-14,774.4169921875,31367900
2026-08-17,770.7560424804688,34356600
2026-08-18,765.5490112304688,43920900
2026-08-19,767.1549682617188,40306000
2026-08-20,760.7109985351562,45520300
2026-08-21,763.8232421875,39188700
2026-08-24,761.5787963867188,32430900
2026-08-25,764.0127563476562,27422300
2026-08-26,764.182373046875,28751600
2026-08-27,769.18994140625,34557100
2026-08-28,767.4442749023438,36744300
2026-08-31,765.1499633789062,38810800
2026-09-01,759.89306640625,41126300
2026-09-02,763.2646484375,29566200
2026-09-03,771.2548217773438,43531600
2026-09-04,768.2822265625,34054200
2026-09-08,764.0626831054688,44746100
2026-09-09,760.5115356445312,32812400
2026-09-10,755.9528198242188,42740400
2026-09-11,762.3967895507812,45512700
2026-09-14,758.9952392578125,43992400
2026-09-15,755.513916015625,46195000
2026-09-16,752.1821899414062,59217700
2026-09-17,760.7109985351562,49652800
2026-09-18,761.6900024414062,65395100
2026-09-21,773.5,50484700
2026-09-22,773.3800048828125,34802300
2026-09-23,767.8099975585938,54931700
2026-09-24,767.1799926757812,43983700
2026-09-25,771.3499755859375,36666700
2026-09-28,765.6099853515625,42694500
2026-09-29,764.2000122070312,36910500
2026-09-30,762.6300048828125,62110000
2026-10-01,763.989990234375,47708100
2026-10-02,769.6400146484375,46306400
