date,close,volume
1995-11-14,2.664846181869507,10842768
1995-11-15,2.629075765609741,3170664
1995-11-16,2.646961212158203,2774304
1995-11-17,2.646961212158203,1318248
1995-11-20,2.664846181869507,946296
1995-11-21,2.718501567840576,2068632
1995-11-22,2.7900407314300537,1255176
1995-11-24,2.9331188201904297,640224
1995-11-27,3.0225439071655273,1871640
1995-11-28,3.0046582221984863,838080
1995-11-29,2.986774444580078,783000
1995-11-30,3.0046582221984863,1198584
1995-12-01,3.0046582221984863,769392
1995-12-04,3.0583133697509766,490968
1995-12-05,3.0583133697509766,694656
1995-12-06,3.1119673252105713,859032
1995-12-07,3.2550456523895264,779760
1995-12-08,3.3444716930389404,623592
1995-12-11,3.2729318141937256,635040
1995-12-12,3.2550456523895264,408888
1995-12-13,3.2550456523895264,441504
1995-12-14,3.308701753616333,351648
1995-12-15,3.4160118103027344,568512
1995-12-18,3.362356185913086,276264
1995-12-19,3.3444716930389404,405648
1995-12-20,3.3265862464904785,785376
1995-12-21,3.5412049293518066,975888
1995-12-22,3.5769741535186768,428112
1995-12-26,3.5590903759002686,334152
1995-12-27,3.5769741535186768,393552
1995-12-28,3.5948596000671387,651672
1995-12-29,3.6127443313598633,185760
1996-01-02,3.5769741535186768,557064
1996-01-03,3.7200539112091064,2187216
1996-01-04,3.809478759765625,1307880
1996-01-05,3.7737081050872803,841752
1996-01-08,3.7915942668914795,1039176
1996-01-09,3.6663994789123535,982152
1996-01-10,3.5948596000671387,1192536
1996-01-11,3.7558231353759766,1424736
1996-01-12,3.898902654647827,1704672
1996-01-15,4.059866428375244,1266624
1996-01-16,3.9704430103302,1218240
1996-01-17,3.9883265495300293,571536
1996-01-18,4.095635414123535,375840
1996-01-19,4.2565999031066895,856656
1996-01-22,4.220829010009766,231984
1996-01-23,4.149290084838867,1147392
1996-01-24,4.113520622253418,1299672
1996-01-25,4.113520622253418,1041984
1996-01-26,4.202946186065674,692496
1996-01-29,4.202946186065674,619056
1996-01-30,4.238714694976807,470232
1996-01-31,4.399678707122803,558360
1996-02-01,4.524873733520508,351000
1996-02-02,4.471218585968018,617976
1996-02-05,4.506988525390625,498096
1996-02-06,4.6679534912109375,866160
1996-02-07,4.703721046447754,542808
1996-02-08,4.614298343658447,394632
1996-02-09,4.489104270935059,438264
1996-02-12,4.506988525390625,158112
1996-02-13,4.632183074951172,523800
1996-02-14,4.685837268829346,967680
1996-02-15,4.578526496887207,627480
1996-02-16,4.614298343658447,939816
1996-02-20,4.435449123382568,496800
1996-02-21,4.489104270935059,1204416
1996-02-22,4.417563438415527,425736
1996-02-23,4.435449123382568,463104
1996-02-26,4.453332901000977,445824
1996-02-27,4.578526496887207,265464
1996-02-28,4.578526496887207,469368
1996-02-29,4.489104270935059,111672
1996-03-01,4.560642719268799,307152
1996-03-04,4.6679534912109375,126576
1996-03-05,4.632183074951172,90072
1996-03-06,4.542757511138916,223128
1996-03-07,4.435449123382568,81216
1996-03-08,4.077751159667969,497016
1996-03-11,4.149290084838867,518400
1996-03-12,4.220829010009766,488808
1996-03-13,4.274485111236572,234144
1996-03-14,4.489104270935059,488160
1996-03-15,4.471218585968018,379728
1996-03-18,4.542757511138916,552312
1996-03-19,4.542757511138916,210384
1996-03-20,4.471218585968018,224856
1996-03-21,4.471218585968018,331560
1996-03-22,4.489104270935059,427032
1996-03-25,4.453332901000977,235224
1996-03-26,4.435449123382568,37800
1996-03-27,4.471218585968018,281664
1996-03-28,4.453332901000977,127008
1996-03-29,4.417563438415527,184896
1996-04-01,4.471218585968018,282096
1996-04-02,4.6679534912109375,314928
1996-04-03,4.721607685089111,229824
1996-04-04,4.828917026519775,128520
1996-04-08,4.685837268829346,107784
1996-04-09,4.811031341552734,171720
1996-04-10,4.8468017578125,407592
1996-04-11,4.811031341552734,386640
1996-04-12,4.828917026519775,324216
1996-04-15,4.775261402130127,188784
1996-04-16,4.739491939544678,54648
1996-04-17,4.721607685089111,309744
1996-04-18,4.703721046447754,138888
1996-04-19,4.721607685089111,440640
1996-04-22,4.793147563934326,189216
1996-04-23,4.793147563934326,313632
1996-04-24,4.757376194000244,298728
1996-04-25,4.703721046447754,184464
1996-04-26,4.828917026519775,329400
1996-04-29,4.811031341552734,177120
1996-04-30,4.882570743560791,230688
1996-05-01,4.811031341552734,163944
1996-05-02,4.471218585968018,670032
1996-05-03,4.274485111236572,507600
1996-05-06,4.471218585968018,215136
1996-05-07,4.596412658691406,395712
1996-05-08,4.596412658691406,995976
1996-05-09,4.578526496887207,127224
1996-05-10,4.524873733520508,70416
1996-05-13,4.417563438415527,79056
1996-05-14,4.435449123382568,64368
1996-05-15,4.506988525390625,123768
1996-05-16,4.453332901000977,84456
1996-05-17,4.453332901000977,133056
1996-05-20,4.417563438415527,78840
1996-05-21,4.453332901000977,317304
1996-05-22,4.417563438415527,82728
1996-05-23,4.363907814025879,181656
1996-05-24,4.399678707122803,210168
1996-05-28,4.381793975830078,79272
1996-05-29,4.3907365798950195,590328
1996-05-30,4.363907814025879,158112
1996-05-31,4.363907814025879,334152
1996-06-03,4.292369365692139,467424
1996-06-04,4.113520622253418,348624
1996-06-05,4.131406307220459,266760
1996-06-06,4.095635414123535,50112
1996-06-07,4.131406307220459,412992
1996-06-10,4.2565999031066895,237384
1996-06-11,4.16717529296875,167616
1996-06-12,4.041982173919678,73008
1996-06-13,3.830345630645752,464616
1996-06-14,4.027232646942139,455760
1996-06-17,4.045131683349609,10800648
1996-06-18,4.009336471557617,173880
1996-06-19,4.045131683349609,158328
1996-06-20,4.080928802490234,46008
1996-06-21,4.045131683349609,126576
1996-06-24,4.206221580505371,205200
1996-06-25,4.1883225440979,72144
1996-06-26,4.25991678237915,162648
1996-06-27,4.25991678237915,269568
1996-06-28,4.25991678237915,58104
1996-07-01,4.224119186401367,286848
1996-07-02,4.277815818786621,150984
1996-07-03,4.277815818786621,88992
1996-07-05,4.0988287925720215,226584
1996-07-08,4.1883225440979,227880
1996-07-09,4.313612937927246,263520
1996-07-10,4.313612937927246,22248
1996-07-11,4.24201774597168,10368
1996-07-12,4.1883225440979,39096
1996-07-15,3.9556374549865723,148176
1996-07-16,4.06303071975708,161784
1996-07-17,4.0988287925720215,182520
1996-07-18,4.116726875305176,336312
1996-07-19,4.1346259117126465,105192
1996-07-22,4.0988287925720215,34776
1996-07-23,4.009336471557617,193752
1996-07-24,3.9914352893829346,201312
1996-07-25,4.045131683349609,182952
1996-07-26,3.9735376834869385,163728
1996-07-29,3.7587509155273438,238896
1996-07-30,3.794548749923706,564192
1996-07-31,3.8661441802978516,296568
1996-08-01,4.009336471557617,150984
1996-08-02,4.206221580505371,183168
1996-08-05,4.116726875305176,65232
1996-08-06,3.9735376834869385,290520
1996-08-07,3.9914352893829346,36072
1996-08-08,3.9735376834869385,84888
1996-08-09,3.9556374549865723,1944
1996-08-12,3.937739849090576,97200
1996-08-13,3.919840097427368,6480
1996-08-14,3.84824538230896,127872
1996-08-15,3.84824538230896,204768
1996-08-16,3.8661441802978516,133488
1996-08-19,3.9556374549865723,67392
1996-08-20,4.009336471557617,111024
1996-08-21,3.9914352893829346,41256
1996-08-22,4.0988287925720215,84024
1996-08-23,4.0988287925720215,92232
1996-08-26,4.116726875305176,35424
1996-08-27,4.080928802490234,23112
1996-08-28,4.080928802490234,60912
1996-08-29,4.080928802490234,191592
1996-08-30,3.9914352893829346,43416
1996-09-03,4.009336471557617,52704
1996-09-04,4.06303071975708,24408
1996-09-05,3.9556374549865723,31320
1996-09-06,4.06303071975708,71928
1996-09-09,4.080928802490234,93960
1996-09-10,3.9914352893829346,265248
1996-09-11,4.045131683349609,113616
1996-09-12,4.027232646942139,895104
1996-09-13,4.152524948120117,190080
1996-09-16,4.206221580505371,401976
1996-09-17,4.206221580505371,182304
1996-09-18,4.224119186401367,41904
1996-09-19,4.24201774597168,233280
1996-09-20,4.25991678237915,123552
1996-09-23,4.24201774597168,33912
1996-09-24,4.206221580505371,8208
1996-09-25,4.24201774597168,47304
1996-09-26,4.421006202697754,339120
1996-09-27,4.438905715942383,114048
1996-09-30,4.456803798675537,148824
1996-10-01,4.599995136260986,257040
1996-10-02,4.707387447357178,397224
1996-10-03,4.653689384460449,358992
1996-10-04,4.582094669342041,487296
1996-10-07,4.474702835083008,133272
1996-10-08,4.295716285705566,481680
1996-10-09,4.295716285705566,251640
1996-10-10,4.277815818786621,79056
1996-10-11,4.3494110107421875,77112
1996-10-14,4.3494110107421875,162000
1996-10-15,4.331513404846191,74304
1996-10-16,4.313612937927246,335880
1996-10-17,4.421006202697754,154872
1996-10-18,4.438905715942383,221832
1996-10-21,4.403107166290283,36072
1996-10-22,4.403107166290283,195264
1996-10-23,4.403107166290283,29376
1996-10-24,4.385209560394287,87696
1996-10-25,4.295716285705566,130248
1996-10-28,4.313612937927246,148392
1996-10-29,4.295716285705566,160920
1996-10-30,4.295716285705566,86616
1996-10-31,4.295716285705566,67176
1996-11-01,4.3494110107421875,84240
1996-11-04,4.438905715942383,101088
1996-11-05,4.617894649505615,193320
1996-11-06,4.689489364624023,69984
1996-11-07,4.796882152557373,156600
1996-11-08,4.850578308105469,169992
1996-11-11,4.778982639312744,201096
1996-11-12,4.653689384460449,250128
1996-11-13,4.6357927322387695,46656
1996-11-14,4.9042744636535645,211680
1996-11-15,5.208555221557617,273672
1996-11-18,4.9758687019348145,174744
1996-11-19,4.850578308105469,285120
1996-11-20,4.653689384460449,276696
1996-11-21,4.564197063446045,377352
1996-11-22,4.725287437438965,445392
1996-11-25,4.725287437438965,301320
1996-11-26,4.778982639312744,335016
1996-11-27,4.743185043334961,206064
1996-11-29,4.707387447357178,124416
1996-12-02,4.796882152557373,180792
1996-12-03,4.850578308105469,142128
1996-12-04,4.9758687019348145,78192
1996-12-05,5.22645378112793,178416
1996-12-06,5.029565334320068,186192
1996-12-09,4.9221720695495605,862272
1996-12-10,4.689489364624023,633744
1996-12-11,4.778982639312744,735696
1996-12-12,4.796882152557373,158328
1996-12-13,4.796882152557373,238896
1996-12-16,4.761084079742432,17064
1996-12-17,4.8147807121276855,104760
1996-12-18,4.9042744636535645,181440
1996-12-19,5.011668682098389,35856
1996-12-20,5.029565334320068,6696
1996-12-23,5.065362453460693,14904
1996-12-24,5.011668682098389,15120
1996-12-26,5.011668682098389,3456
1996-12-27,4.9758687019348145,12744
1996-12-30,4.993768692016602,2808
1996-12-31,4.940072059631348,51624
1997-01-02,4.9758687019348145,336312
1997-01-03,5.19065523147583,102600
1997-01-06,5.172756671905518,218160
1997-01-07,5.119059085845947,135864
1997-01-08,5.208555221557617,98712
1997-01-09,5.119059085845947,34992
1997-01-10,5.119059085845947,86184
1997-01-13,5.065362453460693,22896
1997-01-14,4.940072059631348,401328
1997-01-15,4.940072059631348,149472
1997-01-16,4.778982639312744,194400
1997-01-17,4.886375427246094,162648
1997-01-20,5.011668682098389,100656
1997-01-21,5.119059085845947,134568
1997-01-22,5.011668682098389,203472
1997-01-23,4.9221720695495605,354672
1997-01-24,4.9221720695495605,66960
1997-01-27,4.9221720695495605,37152
1997-01-28,5.047463417053223,180144
1997-01-29,5.083262920379639,93312
1997-01-30,5.119059085845947,130032
1997-01-31,5.19065523147583,51840
1997-02-03,5.101162433624268,130248
1997-02-04,4.9221720695495605,85104
1997-02-05,4.957972049713135,66960
1997-02-06,5.029565334320068,70200
1997-02-07,5.065362453460693,40392
1997-02-10,5.047463417053223,36072
1997-02-11,5.047463417053223,47304
1997-02-12,5.083262920379639,69120
1997-02-13,5.136959075927734,160056
1997-02-14,5.047463417053223,114912
1997-02-18,4.993768692016602,200664
1997-02-19,4.957972049713135,66528
1997-02-20,4.9758687019348145,11664
1997-02-21,4.886375427246094,75168
1997-02-24,4.9042744636535645,154224
1997-02-25,4.940072059631348,161136
1997-02-26,4.9758687019348145,97200
1997-02-27,4.886375427246094,29808
1997-02-28,4.9221720695495605,76464
1997-03-03,4.886375427246094,39096
1997-03-04,4.868477821350098,141912
1997-03-05,4.9042744636535645,78840
1997-03-06,4.832679748535156,90720
1997-03-07,4.9042744636535645,182952
1997-03-10,4.9221720695495605,35424
1997-03-11,4.9042744636535645,18360
1997-03-12,4.778982639312744,14688
1997-03-13,4.582094669342041,124416
1997-03-14,4.617894649505615,128520
1997-03-17,4.331513404846191,1489536
1997-03-18,4.313612937927246,321840
1997-03-19,4.474702835083008,412128
1997-03-20,4.421006202697754,239328
1997-03-21,4.277815818786621,898560
1997-03-24,4.224119186401367,187920
1997-03-25,4.403107166290283,1059696
1997-03-26,4.403107166290283,451440
1997-03-27,4.313612937927246,155520
1997-03-31,4.313612937927246,11880
1997-04-01,4.224119186401367,304992
1997-04-02,4.1704230308532715,263736
1997-04-03,4.206221580505371,319248
1997-04-04,4.206221580505371,157032
1997-04-07,4.224119186401367,167400
1997-04-08,4.25991678237915,101304
1997-04-09,4.25991678237915,94608
1997-04-10,4.24201774597168,274320
1997-04-11,4.25991678237915,14256
1997-04-14,4.25991678237915,76896
1997-04-15,4.313612937927246,304344
1997-04-16,4.277815818786621,60264
1997-04-17,4.295716285705566,185544
1997-04-18,4.295716285705566,70632
1997-04-21,4.295716285705566,266328
1997-04-22,4.295716285705566,58968
1997-04-23,4.295716285705566,54216
1997-04-24,4.277815818786621,92448
1997-04-25,4.224119186401367,34128
1997-04-28,4.152524948120117,142776
1997-04-29,4.1346259117126465,104112
1997-04-30,4.080928802490234,122040
1997-05-01,3.9735376834869385,72576
1997-05-02,4.045131683349609,170208
1997-05-05,4.206221580505371,36072
1997-05-06,4.224119186401367,183600
1997-05-07,4.295716285705566,123984
1997-05-08,4.3494110107421875,19224
1997-05-09,4.617894649505615,148176
1997-05-12,4.546298503875732,146448
1997-05-13,4.456803798675537,51192
1997-05-14,4.546298503875732,155520
1997-05-15,4.385209560394287,93744
1997-05-16,4.313612937927246,80784
1997-05-19,4.295716285705566,43848
1997-05-20,4.252223014831543,26136
1997-05-21,4.288107395172119,84672
1997-05-22,4.3239898681640625,7128
1997-05-23,4.306050777435303,96984
1997-05-27,4.557236194610596,73656
1997-05-28,4.682830333709717,468504
1997-05-29,4.736654758453369,154440
1997-05-30,4.772538185119629,190080
1997-06-02,4.862247467041016,157680
1997-06-03,4.808422088623047,776088
1997-06-04,4.700770378112793,443664
1997-06-05,4.700770378112793,358344
1997-06-06,4.682830333709717,164808
1997-06-09,4.664885997772217,12528
1997-06-10,4.557236194610596,486432
1997-06-11,4.682830333709717,271080
1997-06-12,4.700770378112793,16632
1997-06-13,4.664885997772217,6264
1997-06-16,4.736654758453369,27432
1997-06-17,4.682830333709717,77112
1997-06-18,4.736654758453369,37152
1997-06-19,4.790481090545654,336960
1997-06-20,4.700770378112793,146448
1997-06-23,4.718711853027344,84888
1997-06-24,4.664885997772217,157896
1997-06-25,4.664885997772217,176040
1997-06-26,4.575177192687988,117720
1997-06-27,4.664885997772217,246240
1997-06-30,4.664885997772217,7776
1997-07-01,4.790481090545654,84240
1997-07-02,4.772538185119629,27648
1997-07-03,4.844306468963623,17064
1997-07-07,4.844306468963623,81000
1997-07-08,4.925044059753418,136944
1997-07-09,4.880190372467041,174528
1997-07-10,4.790481090545654,56808
1997-07-11,4.637973308563232,82080
1997-07-14,4.664885997772217,107784
1997-07-15,4.629004001617432,300672
1997-07-16,4.620032787322998,125496
1997-07-17,4.611061096191406,87264
1997-07-18,4.593118190765381,52488
1997-07-21,4.288107395172119,58536
1997-07-22,4.350903511047363,73872
1997-07-23,4.449584484100342,142560
1997-07-24,4.341933727264404,16200
1997-07-25,4.3239898681640625,55296
1997-07-28,4.3239898681640625,25056
1997-07-29,4.449584484100342,143856
1997-07-30,4.458555221557617,3888
1997-07-31,4.395759105682373,55512
1997-08-01,4.377816200256348,1296
1997-08-04,4.377816200256348,9720
1997-08-05,4.395759105682373,77760
1997-08-06,4.341933727264404,1296
1997-08-07,4.225310802459717,147528
1997-08-08,4.072805404663086,48168
1997-08-11,3.8395609855651855,205200
1997-08-12,3.857503652572632,221184
1997-08-13,3.9113283157348633,222048
1997-08-14,3.785734176635742,324864
1997-08-15,3.5345494747161865,248832
1997-08-18,3.4089550971984863,394848
1997-08-19,3.552490711212158,416232
1997-08-20,3.579403877258301,283608
1997-08-21,3.6421995162963867,332208
1997-08-22,3.4448392391204834,350352
1997-08-25,3.337188959121704,230688
1997-08-26,3.3730716705322266,381024
1997-08-27,3.229536294937134,387720
1997-08-28,2.924525260925293,652752
1997-08-29,2.8168740272521973,672192
1997-09-02,2.8886420726776123,1255392
1997-09-03,3.1577696800231934,990576
1997-09-04,3.3730716705322266,1122552
1997-09-05,3.3820431232452393,342360
1997-09-08,3.552490711212158,1036584
1997-09-09,3.651170492172241,320328
1997-09-10,3.426898241043091,663768
1997-09-11,3.3013036251068115,1486728
1997-09-12,3.2923333644866943,327456
1997-09-15,3.3999855518341064,306288
1997-09-16,3.1577696800231934,404136
1997-09-17,3.0860021114349365,214704
1997-09-18,3.1577696800231934,96336
1997-09-19,3.148798704147339,176040
1997-09-22,3.1936540603637695,70848
1997-09-23,3.3999855518341064,312552
1997-09-24,3.4807240962982178,357480
1997-09-25,3.471752405166626,91800
1997-09-26,3.364100694656372,112320
1997-09-29,3.319246530532837,358776
1997-09-30,3.2115957736968994,246240
1997-10-01,3.0590884685516357,497448
1997-10-02,2.978350877761841,297648
1997-10-03,2.718193531036377,1609848
1997-10-06,2.736135244369507,823392
1997-10-07,2.870699167251587,566136
1997-10-08,2.96937894821167,833976
1997-10-09,3.0411481857299805,413856
1997-10-10,3.2564494609832764,665064
1997-10-13,3.130857467651367,334584
1997-10-14,2.96937894821167,363960
1997-10-15,2.9334967136383057,239544
1997-10-16,2.7989320755004883,195696
1997-10-17,2.7809906005859375,235008
1997-10-20,2.7809906005859375,232200
1997-10-21,2.789961576461792,483840
1997-10-22,2.6912808418273926,470664
1997-10-23,2.754077672958374,476064
1997-10-24,2.772019147872925,533520
1997-10-27,2.5028910636901855,193536
1997-10-28,2.664367914199829,729864
1997-10-29,2.5746586322784424,176472
1997-10-30,2.718193531036377,1092096
1997-10-31,2.789961576461792,405216
1997-11-03,2.9962925910949707,685368
1997-11-04,2.8886420726776123,155520
1997-11-05,2.8527581691741943,141912
1997-11-06,2.6912808418273926,173232
1997-11-07,2.5028910636901855,312120
1997-11-10,2.5208325386047363,446904
1997-11-11,2.5298030376434326,241056
1997-11-12,2.3683273792266846,97200
1997-11-13,2.4042110443115234,734184
1997-11-14,2.37729811668396,500256
1997-11-17,2.5028910636901855,179928
1997-11-18,2.3862688541412354,167400
1997-11-19,2.314502000808716,391392
1997-11-20,2.0633153915405273,1289520
1997-11-21,2.135082960128784,630720
1997-11-24,2.108170747756958,61776
1997-11-25,2.0722861289978027,786240
1997-11-26,2.0902280807495117,1077624
1997-11-28,2.099198818206787,189216
1997-12-01,2.054344415664673,113832
1997-12-02,2.0274314880371094,277560
1997-12-03,1.9736067056655884,361368
1997-12-04,2.099198818206787,736128
1997-12-05,2.242733955383301,626184
1997-12-08,2.224792242050171,419256
1997-12-09,2.036402702331543,503496
1997-12-10,1.9197804927825928,1080864
1997-12-11,1.767274260520935,475416
1997-12-12,1.3635824918746948,2278152
1997-12-15,1.2649015188217163,2378808
1997-12-16,1.273872971534729,2373840
1997-12-17,1.4084370136260986,1814616
1997-12-18,1.4622626304626465,1783296
1997-12-19,1.4622626304626465,514512
1997-12-22,1.5340301990509033,623160
1997-12-23,1.5160878896713257,411048
1997-12-24,1.4353495836257935,319464
1997-12-26,1.5609421730041504,311688
1997-12-29,1.5788850784301758,277776
1997-12-30,1.614768147468567,457920
1997-12-31,1.5878556966781616,162648
1998-01-02,1.5160878896713257,370656
1998-01-05,1.3635824918746948,1055808
1998-01-06,1.1751924753189087,2652480
1998-01-07,1.1393091678619385,2940408
1998-01-08,0.8163551688194275,17001792
1998-01-09,0.9688611030578613,9097920
1998-01-12,1.1482796669006348,6354720
1998-01-13,1.1841636896133423,6521688
1998-01-14,1.3456404209136963,5214240
1998-01-15,1.1303378343582153,5149440
1998-01-16,1.3276987075805664,7446384
1998-01-20,1.1841636896133423,6472656
1998-01-21,1.1123961210250854,5110992
1998-01-22,0.9778320789337158,10528488
1998-01-23,0.9868031144142151,6509376
1998-01-26,1.0137157440185547,4130136
1998-01-27,1.1482796669006348,5199120
1998-01-28,1.1034255027770996,4034880
1998-01-29,1.2110766172409058,5629824
1998-01-30,1.3456404209136963,8128080
1998-02-02,1.3815245628356934,6303096
1998-02-03,1.2559312582015991,5573232
1998-02-04,1.3187274932861328,6359040
1998-02-05,1.3546116352081299,3105000
1998-02-06,1.3725533485412598,3212784
1998-02-09,1.246960163116455,3358368
1998-02-10,1.3904955387115479,5613192
1998-02-11,1.2918146848678589,3016224
1998-02-12,1.1841636896133423,5717736
1998-02-13,1.1393091678619385,6129864
1998-02-17,1.1123961210250854,4261680
1998-02-18,1.1751924753189087,3046032
1998-02-19,1.229018211364746,2442096
1998-02-20,1.229018211364746,1905984
1998-02-23,1.2379895448684692,1130976
1998-02-24,1.1931346654891968,1481112
1998-02-25,1.1482796669006348,3043440
1998-02-26,1.1303378343582153,3194856
1998-02-27,1.2200473546981812,5192424
1998-03-02,1.2918146848678589,4739472
1998-03-03,1.273872971534729,2478168
1998-03-04,1.2021055221557617,2972160
1998-03-05,1.1303378343582153,5931144
1998-03-06,1.1482796669006348,4077864
1998-03-09,1.1213669776916504,3108888
1998-03-10,1.0944541692733765,3529440
1998-03-11,1.1034255027770996,2793312
1998-03-12,1.1482796669006348,2819232
1998-03-13,1.2110766172409058,4263840
1998-03-16,1.1931346654891968,1325376
1998-03-17,1.1482796669006348,1690848
1998-03-18,1.1213669776916504,1636848
1998-03-19,1.1841636896133423,2608848
1998-03-20,1.2559312582015991,6718680
1998-03-23,1.2918146848678589,4070952
1998-03-24,1.273872971534729,2846664
1998-03-25,1.2828435897827148,2370384
1998-03-26,1.4802041053771973,11485584
1998-03-27,1.4622626304626465,5281200
1998-03-30,1.4353495836257935,2188080
1998-03-31,1.4084370136260986,1587816
1998-04-01,1.3456404209136963,2852280
1998-04-02,1.3007855415344238,3901824
1998-04-03,1.2828435897827148,3104136
1998-04-06,1.3456404209136963,1368144
1998-04-07,1.3187274932861328,1103760
1998-04-08,1.3456404209136963,3193776
1998-04-09,1.3725533485412598,2127600
1998-04-13,1.4174081087112427,2374488
1998-04-14,1.3725533485412598,1236384
1998-04-15,1.3635824918746948,756216
1998-04-16,1.3007855415344238,1976616
1998-04-17,1.3007855415344238,1180872
1998-04-20,1.273872971534729,1071576
1998-04-21,1.2918146848678589,757728
1998-04-22,1.273872971534729,517752
1998-04-23,1.2379895448684692,1210248
1998-04-24,1.2379895448684692,822528
1998-04-27,1.1931346654891968,1591272
1998-04-28,1.2110766172409058,1531008
1998-04-29,1.1482796669006348,5058504
1998-04-30,1.1482796669006348,1620216
1998-05-01,1.1393091678619385,1248264
1998-05-04,1.1303378343582153,1203336
1998-05-05,1.0854830741882324,3034368
1998-05-06,0.9778320789337158,11347560
1998-05-07,1.0316574573516846,4171392
1998-05-08,1.0585705041885376,2425248
1998-05-11,1.0316574573516846,1432728
1998-05-12,0.9868031144142151,3236112
1998-05-13,0.924006462097168,6564888
1998-05-14,1.0047452449798584,8161128
1998-05-15,1.0137157440185547,7466040
1998-05-18,0.9509193897247314,4578768
1998-05-19,1.0047452449798584,6502464
1998-05-20,1.0073353052139282,2958552
1998-05-21,1.0612995624542236,6958224
1998-05-22,1.0073353052139282,3283416
1998-05-26,1.0163289308547974,3415608
1998-05-27,0.9803527593612671,3094200
1998-05-28,0.9739320874214172,1386720
1998-05-29,0.9649140238761902,1015416
1998-06-01,0.9198248386383057,1586304
1998-06-02,0.9017891883850098,2969352
1998-06-03,0.9108068943023682,1738800
1998-06-04,0.9017891883850098,1355832
1998-06-05,0.94687819480896,2185704
1998-06-08,0.9198248386383057,1025568
1998-06-09,0.8837529420852661,1264248
1998-06-10,0.8296456336975098,2417040
1998-06-11,0.7755385041236877,3916512
1998-06-12,0.7755385041236877,3655800
1998-06-15,0.7214311957359314,2130840
1998-06-16,0.7484844326972961,1739232
1998-06-17,0.8206281065940857,4011768
1998-06-18,0.7845561504364014,1555416
1998-06-19,0.7935742735862732,1079136
1998-06-22,0.7755385041236877,1939680
1998-06-23,0.7845561504364014,1207224
1998-06-24,0.7665207982063293,619704
1998-06-25,0.7935742735862732,1184112
1998-06-26,0.7935742735862732,850608
1998-06-29,0.7575028538703918,1179360
1998-06-30,0.8386636972427368,2393064
1998-07-01,0.8747353553771973,1364256
1998-07-02,0.84768146276474,747360
1998-07-06,0.8657174706459045,2291976
1998-07-07,0.856699526309967,1266192
1998-07-08,0.8116101622581482,1638360
1998-07-09,0.802591860294342,611064
1998-07-10,0.802591860294342,1339848
1998-07-13,0.8116101622581482,976968
1998-07-14,0.8747353553771973,2340360
1998-07-15,0.9649140238761902,4374432
1998-07-16,1.0100033283233643,5191128
1998-07-17,0.9829498529434204,1680912
1998-07-20,0.94687819480896,1396656
1998-07-21,0.9378603100776672,1107216
1998-07-22,0.8927708864212036,975240
1998-07-23,0.8837529420852661,1521720
1998-07-24,0.9108068943023682,698976
1998-07-27,0.9108068943023682,1823256
1998-07-28,0.9017891883850098,1285416
1998-07-29,0.9198248386383057,2729808
1998-07-30,0.9558966755867004,1399896
1998-07-31,0.94687819480896,497232
1998-08-03,0.9108068943023682,1155384
1998-08-04,0.9017891883850098,1885896
1998-08-05,0.856699526309967,1685664
1998-08-06,0.8386636972427368,840024
1998-08-07,0.84768146276474,888408
1998-08-10,0.802591860294342,1594296
1998-08-11,0.7394669651985168,5724648
1998-08-12,0.7755385041236877,1493856
1998-08-13,0.7394669651985168,1305072
1998-08-14,0.7575028538703918,1027296
1998-08-17,0.7304489612579346,2661984
1998-08-18,0.7033951282501221,1851120
1998-08-19,0.7124131917953491,5182272
1998-08-20,0.7394669651985168,1716984
1998-08-21,0.6943774223327637,1788048
1998-08-24,0.6673237681388855,1292112
1998-08-25,0.6943774223327637,1274400
1998-08-26,0.6492881178855896,646920
1998-08-27,0.5771450996398926,2153088
1998-08-28,0.5591089129447937,1125792
1998-08-31,0.4869660437107086,1929744
1998-09-01,0.5681270956993103,1827792
1998-09-02,0.5771450996398926,1023624
1998-09-03,0.5410735011100769,1149768
1998-09-04,0.5320556163787842,1716984
1998-09-08,0.5591089129447937,649944
1998-09-09,0.5230377316474915,436104
1998-09-10,0.4779483377933502,1966896
1998-09-11,0.49598386883735657,1134000
1998-09-14,0.5050016641616821,693576
1998-09-15,0.45089441537857056,1759320
1998-09-16,0.45089441537857056,1330128
1998-09-17,0.43285873532295227,751248
1998-09-18,0.43285873532295227,997704
1998-09-21,0.41482308506965637,1575936
1998-09-22,0.43285873532295227,1598832
1998-09-23,0.45089441537857056,1319328
1998-09-24,0.46893027424812317,2166048
1998-09-25,0.44187647104263306,1718496
1998-09-28,0.43285873532295227,869400
1998-09-29,0.41482308506965637,1111104
1998-09-30,0.42384079098701477,920808
1998-10-01,0.38776925206184387,1721088
1998-10-02,0.41482308506965637,1313496
1998-10-05,0.38776925206184387,677376
1998-10-06,0.4058048725128174,2450952
1998-10-07,0.41482308506965637,1869696
1998-10-08,0.5771450996398926,6551712
1998-10-09,0.5230377316474915,3403080
1998-10-12,0.586162805557251,1266192
1998-10-13,0.5771450996398926,1510056
1998-10-14,0.5771450996398926,1563840
1998-10-15,0.7033951282501221,1831680
1998-10-16,0.7665207982063293,3070440
1998-10-19,0.8386636972427368,2225448
1998-10-20,0.7755385041236877,2030400
1998-10-21,0.7845561504364014,956232
1998-10-22,0.7575028538703918,1545048
1998-10-23,0.7304489612579346,685584
1998-10-26,0.7755385041236877,540648
1998-10-27,0.802591860294342,1113696
1998-10-28,0.7665207982063293,692064
1998-10-29,0.7575028538703918,743256
1998-10-30,0.7304489612579346,969408
1998-11-02,0.802591860294342,3820176
1998-11-03,0.7575028538703918,1195344
1998-11-04,0.7755385041236877,1156896
1998-11-05,0.8837529420852661,6601392
1998-11-06,0.9198248386383057,2514240
1998-11-09,0.8837529420852661,2204280
1998-11-10,0.84768146276474,1228824
1998-11-11,0.8657174706459045,1481112
1998-11-12,0.8927708864212036,2008584
1998-11-13,0.8747353553771973,1312632
1998-11-16,0.8657174706459045,1011096
1998-11-17,0.9919677376747131,4593888
1998-11-18,0.9829498529434204,1179360
1998-11-19,1.0550931692123413,2697624
1998-11-20,1.1452720165252686,4545720
1998-11-23,1.163308024406433,4736232
1998-11-24,1.0911643505096436,2237328
1998-11-25,1.0100033283233643,2313360
1998-11-27,1.0613092184066772,503496
1998-11-30,0.9796698689460754,780840
1998-12-01,1.043166995048523,1236168
1998-12-02,1.0613092184066772,1180872
1998-12-03,1.006883144378662,888624
1998-12-04,1.0159540176391602,1138536
1998-12-07,1.0613092184066772,1001376
1998-12-08,1.1066642999649048,1746576
1998-12-09,1.1338772773742676,1924560
1998-12-10,1.0975934267044067,1000080
1998-12-11,1.079451084136963,630072
1998-12-14,1.0340958833694458,1365984
1998-12-15,1.052237868309021,1019088
1998-12-16,1.0250250101089478,416880
1998-12-17,1.0159540176391602,810216
1998-12-18,1.0250250101089478,794016
1998-12-21,1.0340958833694458,898560
1998-12-22,0.997812032699585,622728
1998-12-23,0.997812032699585,456192
1998-12-24,0.9796698689460754,193320
1998-12-28,0.9524565935134888,463536
1998-12-29,0.9161731600761414,894672
1998-12-30,0.9524565935134888,646056
1998-12-31,0.9524565935134888,496584
1999-01-04,1.006883144378662,1239408
1999-01-05,1.0613092184066772,1004184
1999-01-06,1.2245875597000122,5139072
1999-01-07,1.3062269687652588,6708744
1999-01-08,1.3062269687652588,2439072
1999-01-11,1.206445336341858,1498392
1999-01-12,1.170161247253418,1743336
1999-01-13,1.0885220766067505,2496528
1999-01-14,1.0885220766067505,1576800
1999-01-15,1.170161247253418,894888
1999-01-19,1.1429483890533447,392040
1999-01-20,1.1610901355743408,1052136
1999-01-21,1.1248064041137695,783216
1999-01-22,1.0975934267044067,1103328
1999-01-25,1.0885220766067505,2049408
1999-01-26,1.0885220766067505,1925424
1999-01-27,1.0703802108764648,682128
1999-01-28,1.0613092184066772,1007640
1999-01-29,1.0885220766067505,1105488
1999-02-01,1.079451084136963,494856
1999-02-02,1.052237868309021,617112
1999-02-03,1.052237868309021,863352
1999-02-04,1.0250250101089478,1302480
1999-02-05,0.9796698689460754,752760
1999-02-08,0.9433858394622803,2096064
1999-02-09,0.9343149065971375,1442232
1999-02-10,0.9615278840065002,1000296
1999-02-11,0.997812032699585,735480
1999-02-12,0.9524565935134888,677592
1999-02-16,0.9705988168716431,956448
1999-02-17,0.9343149065971375,504360
1999-02-18,0.9615278840065002,534816
1999-02-19,0.9433858394622803,126144
1999-02-22,0.9705988168716431,466992
1999-02-23,0.9615278840065002,357264
1999-02-24,0.9615278840065002,274536
1999-02-25,0.9252443313598633,449928
1999-02-26,0.9252443313598633,334152
1999-03-01,0.9071020483970642,340416
1999-03-02,0.9071020483970642,293328
1999-03-03,0.9252443313598633,271512
1999-03-04,0.9252443313598633,216000
1999-03-05,0.9252443313598633,419040
1999-03-08,0.9071020483970642,754704
1999-03-09,0.8980306386947632,332640
1999-03-10,0.83453369140625,1224072
1999-03-11,0.8436048626899719,1009152
1999-03-12,0.8254628777503967,438696
1999-03-15,0.9071020483970642,979344
1999-03-16,0.9524565935134888,1265976
1999-03-17,0.9524565935134888,1657800
1999-03-18,0.9705988168716431,1019304
1999-03-19,0.9524565935134888,373032
1999-03-22,0.9433858394622803,355752
1999-03-23,0.9252443313598633,468288
1999-03-24,0.9161731600761414,1967112
1999-03-25,0.9433858394622803,439560
1999-03-26,0.9343149065971375,314712
1999-03-29,0.9252443313598633,272376
1999-03-30,0.9252443313598633,215352
1999-03-31,0.9252443313598633,560952
1999-04-01,0.9343149065971375,311688
1999-04-05,0.9343149065971375,827280
1999-04-06,0.9433858394622803,681264
1999-04-07,0.9524565935134888,916704
1999-04-08,0.9796698689460754,1202472
1999-04-09,1.0885220766067505,1793880
1999-04-12,1.1066642999649048,1040688
1999-04-13,1.1066642999649048,891000
1999-04-14,1.052237868309021,1207440
1999-04-15,1.1248064041137695,1453248
1999-04-16,1.1792323589324951,2475576
1999-04-19,1.1248064041137695,1519344
1999-04-20,1.1429483890533447,1184760
1999-04-21,1.1248064041137695,796824
1999-04-22,1.1157355308532715,673488
1999-04-23,1.1157355308532715,249264
1999-04-26,1.1157355308532715,426168
1999-04-27,1.1157355308532715,757296
1999-04-28,1.1883033514022827,1331856
1999-04-29,1.2971553802490234,2898072
1999-04-30,1.2699427604675293,1095984
1999-05-03,1.4513630867004395,3468528
1999-05-04,1.3697236776351929,3342600
1999-05-05,1.4150787591934204,1063368
1999-05-06,1.4604344367980957,2130408
1999-05-07,1.487647294998169,2296728
1999-05-10,1.5148600339889526,1431648
1999-05-11,1.4513630867004395,798552
1999-05-12,1.4422917366027832,596376
1999-05-13,1.424149751663208,312120
1999-05-14,1.4422917366027832,508032
1999-05-17,1.4785760641098022,1224720
1999-05-18,1.4513630867004395,955584
1999-05-19,1.5057886838912964,1851120
1999-05-20,1.4060076475143433,1369872
1999-05-21,1.3878659009933472,382536
1999-05-24,1.4150787591934204,936360
1999-05-25,1.4695048332214355,1859112
1999-05-26,1.424149751663208,957312
1999-05-27,1.358851432800293,850608
1999-05-28,1.3680332899093628,427680
1999-06-01,1.358851432800293,1130760
1999-06-02,1.358851432800293,683208
1999-06-03,1.487391471862793,2627208
1999-06-04,1.7169277667999268,3434400
1999-06-07,1.7628345489501953,2350296
1999-06-08,1.9556444883346558,4466880
1999-06-09,1.7903791666030884,3487536
1999-06-10,1.6710205078125,1531224
1999-06-11,1.7903791666030884,1133568
1999-06-14,1.817922592163086,1551960
1999-06-15,1.8546491861343384,1619352
1999-06-16,1.9005556106567383,1063368
1999-06-17,1.9280997514724731,1866672
1999-06-18,2.019914388656616,1281744
1999-06-21,2.0290956497192383,1661904
1999-06-22,2.075002908706665,843264
1999-06-23,1.9831891059875488,910656
1999-06-24,1.9372811317443848,559440
1999-06-25,1.8271045684814453,1005264
1999-06-28,1.9005556106567383,1298808
1999-06-29,1.9556444883346558,895752
1999-06-30,1.973272681236267,752400
1999-07-01,1.9831891059875488,1214400
1999-07-02,2.022852897644043,794200
1999-07-06,2.1616759300231934,892800
1999-07-07,2.102180004119873,703000
1999-07-08,2.042684316635132,409600
1999-07-09,2.122012138366699,599400
1999-07-12,2.052600860595703,623800
1999-07-13,2.022852897644043,1282400
1999-07-14,1.9831891059875488,675000
1999-07-15,1.9137768745422363,1651400
1999-07-16,1.9236928224563599,891400
1999-07-19,1.854280948638916,801600
1999-07-20,1.8146175146102905,595600
1999-07-21,1.9137768745422363,816200
1999-07-22,1.8641971349716187,741000
1999-07-23,1.774954080581665,966800
1999-07-26,1.5766350030899048,2331200
1999-07-27,1.5766350030899048,2308800
1999-07-28,1.5766350030899048,1123600
1999-07-29,1.50722336769104,1059200
1999-07-30,1.50722336769104,819200
1999-08-02,1.50722336769104,444600
1999-08-03,1.5568032264709473,381200
1999-08-04,1.5171397924423218,187000
1999-08-05,1.4973077774047852,1065800
1999-08-06,1.4774754047393799,363200
1999-08-09,1.4179801940917969,717000
1999-08-10,1.3188204765319824,1502400
1999-08-11,1.2791565656661987,1121400
1999-08-12,1.3188204765319824,515000
1999-08-13,1.2890726327896118,1135800
1999-08-16,1.2791565656661987,722600
1999-08-17,1.2494087219238281,362400
1999-08-18,1.2097448110580444,409600
1999-08-19,1.328736424446106,1378800
1999-08-20,1.308904767036438,1400000
1999-08-23,1.3188204765319824,1299000
1999-08-24,1.3188204765319824,1652600
1999-08-25,1.3783159255981445,588200
1999-08-26,1.2890726327896118,841800
1999-08-27,1.2791565656661987,748400
1999-08-30,1.2196611166000366,1114000
1999-08-31,1.2196611166000366,556200
1999-09-01,1.1998292207717896,546400
1999-09-02,1.1700814962387085,404400
1999-09-03,1.1799973249435425,455000
1999-09-07,1.1006698608398438,2185000
1999-09-08,0.9816783666610718,4596000
1999-09-09,1.0907539129257202,4090000
1999-09-10,1.2097448110580444,3166600
1999-09-13,1.2097448110580444,2050200
1999-09-14,1.1998292207717896,564200
1999-09-15,1.1799973249435425,946600
1999-09-16,1.1799973249435425,908000
1999-09-17,1.1799973249435425,297000
1999-09-20,1.1205018758773804,756200
1999-09-21,1.1205018758773804,370400
1999-09-22,1.1205018758773804,572600
1999-09-23,1.0907539129257202,2982200
1999-09-24,1.021342158317566,2284600
1999-09-27,1.0114264488220215,879800
1999-09-28,1.021342158317566,1508000
1999-09-29,1.0610060691833496,816800
1999-09-30,1.1006698608398438,1814600
1999-10-01,1.1799973249435425,1382000
1999-10-04,1.2196611166000366,908000
1999-10-05,1.1899133920669556,845000
1999-10-06,1.298988699913025,2267800
1999-10-07,1.2494087219238281,620600
1999-10-08,1.2295771837234497,300600
1999-10-11,1.2295771837234497,793400
1999-10-12,1.1799973249435425,512600
1999-10-13,1.150249719619751,477400
1999-10-14,1.1700814962387085,679800
1999-10-15,1.1403337717056274,397600
1999-10-18,1.1799973249435425,1914000
1999-10-19,1.3882324695587158,3914400
1999-10-20,1.2692407369613647,1685600
1999-10-21,1.487391471862793,7200600
1999-10-22,1.4774754047393799,4197600
1999-10-25,1.4675599336624146,1253200
1999-10-26,1.5171397924423218,1874000
1999-10-27,1.437812089920044,1126400
1999-10-28,1.447727918624878,873200
1999-10-29,1.4576438665390015,1032200
1999-11-01,1.487391471862793,538800
1999-11-02,1.5270555019378662,815800
1999-11-03,1.5171397924423218,821800
1999-11-04,1.5667191743850708,1042000
1999-11-05,1.5468875169754028,1062600
1999-11-08,1.5568032264709473,621400
1999-11-09,1.536970853805542,749000
1999-11-10,1.5270555019378662,485200
1999-11-11,1.50722336769104,1037800
1999-11-12,1.4973077774047852,381200
1999-11-15,1.50722336769104,358400
1999-11-16,1.4973077774047852,484200
1999-11-17,1.4080642461776733,2519800
1999-11-18,1.4080642461776733,967400
1999-11-19,1.4080642461776733,400800
1999-11-22,1.3981480598449707,492200
1999-11-23,1.3684000968933105,514600
1999-11-24,1.328736424446106,895800
1999-11-26,1.348568081855774,407400
1999-11-29,1.3188204765319824,457600
1999-11-30,1.3386527299880981,749400
1999-12-01,1.3981480598449707,1171000
1999-12-02,1.4080642461776733,634200
1999-12-03,1.487391471862793,1124000
1999-12-06,1.5270555019378662,829200
1999-12-07,1.4675599336624146,944400
1999-12-08,1.4774754047393799,569200
1999-12-09,1.5171397924423218,947800
1999-12-10,1.536970853805542,388200
1999-12-13,1.5171397924423218,346200
1999-12-14,1.6956257820129395,2556400
1999-12-15,1.7452057600021362,1462400
1999-12-16,1.6857104301452637,831800
1999-12-17,1.6361310482025146,332200
1999-12-20,1.6956257820129395,355800
1999-12-21,1.7352906465530396,963400
1999-12-22,1.7055425643920898,545200
1999-12-23,1.7352906465530396,302600
1999-12-27,1.7452057600021362,572200
1999-12-28,1.7253739833831787,571800
1999-12-29,1.7154580354690552,480200
1999-12-30,1.6956257820129395,376600
1999-12-31,1.7452057600021362,392000
2000-01-03,1.8840296268463135,1605400
2000-01-04,1.854280948638916,1431200
2000-01-05,1.8245340585708618,871200
2000-01-06,1.7947852611541748,783400
2000-01-07,1.8641971349716187,1040800
2000-01-10,1.9038609266281128,895000
2000-01-11,1.8641971349716187,885400
2000-01-12,1.8641971349716187,194000
2000-01-13,1.8840296268463135,499400
2000-01-14,1.9038609266281128,617400
2000-01-18,1.8443655967712402,754200
2000-01-19,1.7055425643920898,937000
2000-01-20,1.7154580354690552,689200
2000-01-21,1.6956257820129395,275600
2000-01-24,1.6262147426605225,806400
2000-01-25,1.616298794746399,727600
2000-01-26,1.6361310482025146,181000
2000-01-27,1.6658787727355957,363800
2000-01-28,1.5964667797088623,408400
2000-01-31,1.5865508317947388,1624000
2000-02-01,1.5468875169754028,433800
2000-02-02,1.4576438665390015,1699400
2000-02-03,1.487391471862793,1120800
2000-02-04,1.5865508317947388,933200
2000-02-07,1.64604651927948,905200
2000-02-08,1.6559630632400513,422000
2000-02-09,1.7253739833831787,1481200
2000-02-10,1.7253739833831787,834000
2000-02-11,1.6559630632400513,728200
2000-02-14,1.6658787727355957,1154400
2000-02-15,1.6559630632400513,555400
2000-02-16,1.6063827276229858,362200
2000-02-17,1.5766350030899048,605000
2000-02-18,1.6262147426605225,813000
2000-02-22,1.5468875169754028,879000
2000-02-23,1.5667191743850708,374400
2000-02-24,1.4774754047393799,819400
2000-02-25,1.5171397924423218,715400
2000-02-28,1.5468875169754028,353000
2000-02-29,1.536970853805542,272200
2000-03-01,1.5270555019378662,319800
2000-03-02,1.4576438665390015,1209800
2000-03-03,1.4973077774047852,616400
2000-03-06,1.447727918624878,880400
2000-03-07,1.437812089920044,407600
2000-03-08,1.4774754047393799,559800
2000-03-09,1.5964667797088623,712600
2000-03-10,1.5766350030899048,293600
2000-03-13,1.536970853805542,645600
2000-03-14,1.5468875169754028,307600
2000-03-15,1.536970853805542,208200
2000-03-16,1.5667191743850708,420000
2000-03-17,1.5568032264709473,357400
2000-03-20,1.5270555019378662,274200
2000-03-21,1.5468875169754028,343800
2000-03-22,1.5468875169754028,254200
2000-03-23,1.5468875169754028,167000
2000-03-24,1.5468875169754028,110600
2000-03-27,1.5468875169754028,277000
2000-03-28,1.487391471862793,310800
2000-03-29,1.5270555019378662,381800
2000-03-30,1.4675599336624146,614400
2000-03-31,1.50722336769104,490200
2000-04-03,1.4278953075408936,363200
2000-04-04,1.3981480598449707,433400
2000-04-05,1.4080642461776733,229400
2000-04-06,1.437812089920044,659200
2000-04-07,1.5171397924423218,478400
2000-04-10,1.536970853805542,393800
2000-04-11,1.4973077774047852,455000
2000-04-12,1.4675599336624146,406200
2000-04-13,1.4774754047393799,418800
2000-04-14,1.3981480598449707,483200
2000-04-17,1.3684000968933105,797800
2000-04-18,1.3882324695587158,276400
2000-04-19,1.3981480598449707,155400
2000-04-20,1.3981480598449707,246000
2000-04-24,1.3584840297698975,227600
2000-04-25,1.3882324695587158,180000
2000-04-26,1.3584840297698975,222000
2000-04-27,1.348568081855774,162400
2000-04-28,1.3684000968933105,151800
2000-05-01,1.3783159255981445,139800
2000-05-02,1.3498681783676147,81400
2000-05-03,1.3498681783676147,279000
2000-05-04,1.3498681783676147,260400
2000-05-05,1.3700151443481445,327400
2000-05-08,1.4002364873886108,274600
2000-05-09,1.3498681783676147,332200
2000-05-10,1.3095736503601074,225400
2000-05-11,1.2592055797576904,642400
2000-05-12,1.2491319179534912,340200
2000-05-15,1.1584690809249878,908400
2000-05-16,1.1685429811477661,844200
2000-05-17,1.1987638473510742,771000
2000-05-18,1.1786162853240967,147600
2000-05-19,1.1282479763031006,486200
2000-05-22,1.1383216381072998,553200
2000-05-23,1.1483954191207886,127600
2000-05-24,1.1483954191207886,145800
2000-05-25,1.1383216381072998,56600
2000-05-26,1.1282479763031006,77600
2000-05-30,1.1282479763031006,466400
2000-05-31,1.0879534482955933,368600
2000-06-01,1.118174433708191,260400
2000-06-02,1.0879534482955933,913200
2000-06-05,1.0678060054779053,532600
2000-06-06,1.0375851392745972,447000
2000-06-07,1.1081006526947021,729600
2000-06-08,1.1483954191207886,555200
2000-06-09,1.1786162853240967,504800
2000-06-12,1.1081006526947021,551200
2000-06-13,1.0879534482955933,347200
2000-06-14,1.118174433708191,274600
2000-06-15,1.118174433708191,200200
2000-06-16,1.1685429811477661,365200
2000-06-19,1.1685429811477661,229400
2000-06-20,1.1483954191207886,251800
2000-06-21,1.1584690809249878,124600
2000-06-22,1.1383216381072998,223400
2000-06-23,1.1383216381072998,107400
2000-06-26,1.1483954191207886,148600
2000-06-27,1.1081006526947021,98000
2000-06-28,1.1081006526947021,298800
2000-06-29,1.1081006526947021,97000
2000-06-30,1.118174433708191,163200
2000-07-03,1.1081006526947021,87000
2000-07-05,1.0879534482955933,181200
2000-07-06,1.1081006526947021,268600
2000-07-07,1.1483954191207886,487200
2000-07-10,1.118174433708191,68200
2000-07-11,1.098026990890503,259000
2000-07-12,1.0879534482955933,292600
2000-07-13,1.0678060054779053,591800
2000-07-14,1.098026990890503,513600
2000-07-17,1.0778799057006836,175200
2000-07-18,1.1081006526947021,289200
2000-07-19,1.1584690809249878,286800
2000-07-20,1.1886900663375854,1343600
2000-07-21,1.1483954191207886,224200
2000-07-24,1.1483954191207886,338000
2000-07-25,1.098026990890503,427200
2000-07-26,1.0778799057006836,428000
2000-07-27,1.0678060054779053,327600
2000-07-28,1.1081006526947021,235200
2000-07-31,1.1383216381072998,161800
2000-08-01,1.118174433708191,1582200
2000-08-02,1.1282479763031006,430200
2000-08-03,1.1483954191207886,388200
2000-08-04,1.1483954191207886,222600
2000-08-07,1.1685429811477661,242000
2000-08-08,1.1383216381072998,495000
2000-08-09,1.1383216381072998,97200
2000-08-10,1.2189109325408936,842800
2000-08-11,1.289426326751709,1150400
2000-08-14,1.2491319179534912,172200
2000-08-15,1.2189109325408936,530200
2000-08-16,1.2088373899459839,339800
2000-08-17,1.2088373899459839,99800
2000-08-18,1.1987638473510742,217000
2000-08-21,1.2088373899459839,230800
2000-08-22,1.2289842367172241,233800
2000-08-23,1.1886900663375854,145800
2000-08-24,1.1483954191207886,487200
2000-08-25,1.1786162853240967,81800
2000-08-28,1.1786162853240967,270800
2000-08-29,1.1584690809249878,167200
2000-08-30,1.1483954191207886,176200
2000-08-31,1.1483954191207886,182800
2000-09-01,1.1282479763031006,349000
2000-09-05,1.1886900663375854,317400
2000-09-06,1.1584690809249878,192000
2000-09-07,1.1483954191207886,115600
2000-09-08,1.118174433708191,346600
2000-09-11,1.098026990890503,290800
2000-09-12,1.0678060054779053,212200
2000-09-13,1.0174381732940674,502200
2000-09-14,1.0577325820922852,382000
2000-09-15,1.0174381732940674,387200
2000-09-18,0.9469223618507385,758800
2000-09-19,1.0073643922805786,464600
2000-09-20,1.0375851392745972,263000
2000-09-21,1.0174381732940674,408800
2000-09-22,0.9972906112670898,187200
2000-09-25,1.0073643922805786,195400
2000-09-26,0.987217128276825,203200
2000-09-27,0.9771433472633362,100200
2000-09-28,1.0073643922805786,375400
2000-09-29,1.0073643922805786,117200
2000-10-02,1.0073643922805786,445600
2000-10-03,0.9972906112670898,151200
2000-10-04,1.0174381732940674,211200
2000-10-05,1.0174381732940674,212200
2000-10-06,0.9670698642730713,223000
2000-10-09,0.9469223618507385,126200
2000-10-10,0.9066282510757446,390600
2000-10-11,0.9066282510757446,668000
2000-10-12,0.8864803910255432,521800
2000-10-13,0.937671422958374,244200
2000-10-16,0.9067588448524475,173400
2000-10-17,0.9170631170272827,474800
2000-10-18,0.8964548110961914,371600
2000-10-19,0.9479755759239197,476400
2000-10-20,0.9479755759239197,704800
2000-10-23,0.9170631170272827,253800
2000-10-24,0.9273675680160522,150600
2000-10-25,0.9170631170272827,207400
2000-10-26,0.9170631170272827,383000
2000-10-27,0.8964548110961914,334200
2000-10-30,0.814022421836853,527400
2000-10-31,0.8655428290367126,150800
2000-11-01,0.8449345827102661,86600
2000-11-02,0.8861509561538696,250200
2000-11-03,0.8552385568618774,319600
2000-11-06,0.8964548110961914,274000
2000-11-07,0.8861509561538696,136800
2000-11-08,0.9273675680160522,307400
2000-11-09,0.8861509561538696,72600
2000-11-10,0.8964548110961914,135800
2000-11-13,0.8861509561538696,131600
2000-11-14,0.8552385568618774,635200
2000-11-15,0.8449345827102661,518000
2000-11-16,0.8243263959884644,217000
2000-11-17,0.83463054895401,175800
2000-11-20,0.8655428290367126,281000
2000-11-21,0.8449345827102661,148600
2000-11-22,0.83463054895401,127200
2000-11-24,0.8655428290367126,118800
2000-11-27,0.8449345827102661,335600
2000-11-28,0.8243263959884644,122000
2000-11-29,0.8243263959884644,79200
2000-11-30,0.8037183284759521,325000
2000-12-01,0.8243263959884644,198200
2000-12-04,0.8037183284759521,237000
2000-12-05,0.8655428290367126,448400
2000-12-06,0.83463054895401,207000
2000-12-07,0.814022421836853,134000
2000-12-08,0.8449345827102661,192000
2000-12-11,0.8243263959884644,385400
2000-12-12,0.793414294719696,184000
2000-12-13,0.7831099629402161,165400
2000-12-14,0.7831099629402161,279400
2000-12-15,0.762502133846283,304200
2000-12-18,0.7521979808807373,290000
2000-12-19,0.7521979808807373,153600
2000-12-20,0.7418935298919678,271600
2000-12-21,0.7006773352622986,477800
2000-12-22,0.7212858200073242,297800
2000-12-26,0.7109813690185547,397200
2000-12-27,0.6800694465637207,438400
2000-12-28,0.7006773352622986,462600
2000-12-29,0.6800694465637207,611000
2001-01-02,0.6903733611106873,119600
2001-01-03,0.6594611406326294,690400
2001-01-04,0.7212858200073242,999600
2001-01-05,0.762502133846283,551200
2001-01-08,0.762502133846283,718800
2001-01-09,0.7728059887886047,1870400
2001-01-10,0.7831099629402161,357400
2001-01-11,0.7728059887886047,442000
2001-01-12,0.7728059887886047,1225800
2001-01-16,0.8243263959884644,651400
2001-01-17,0.8758467435836792,1430800
2001-01-18,0.8655428290367126,660400
2001-01-19,0.8964548110961914,869600
2001-01-22,0.8449345827102661,283800
2001-01-23,0.8655428290367126,167200
2001-01-24,0.8552385568618774,253200
2001-01-25,0.8552385568618774,207000
2001-01-26,0.8449345827102661,231000
2001-01-29,0.8408129215240479,305000
2001-01-30,0.844110369682312,435400
2001-01-31,0.9215971827507019,1234000
2001-02-01,0.9248942136764526,1987600
2001-02-02,1.0963542461395264,3753800
2001-02-05,1.022164225578308,1118400
2001-02-06,0.9809483289718628,637600
2001-02-07,0.9891917705535889,697400
2001-02-08,0.9809483289718628,267800
2001-02-09,0.9512727856636047,584200
2001-02-12,0.9529216885566711,210600
2001-02-13,0.9232454895973206,253200
2001-02-14,0.9215971827507019,208000
2001-02-15,1.0271106958389282,905200
2001-02-16,1.0056781768798828,432800
2001-02-20,1.0435971021652222,479600
2001-02-21,1.0881106853485107,1158600
2001-02-22,1.0485432147979736,220000
2001-02-23,1.041948676109314,291000
2001-02-26,0.9908401370048523,885400
2001-02-27,0.9809483289718628,142200
2001-02-28,0.9578673243522644,571800
2001-03-01,0.9562188386917114,464800
2001-03-02,0.9512727856636047,170400
2001-03-05,0.9463268518447876,272800
2001-03-06,0.9858947992324829,73400
2001-03-07,0.9908401370048523,1053000
2001-03-08,0.9727051258087158,119000
2001-03-09,0.9051105976104736,331200
2001-03-12,0.7913533449172974,1370800
2001-03-13,0.8061913251876831,249000
2001-03-14,0.8012455105781555,287800
2001-03-15,0.8325695395469666,541800
2001-03-16,0.7748668789863586,412800
2001-03-19,0.7336503863334656,417400
2001-03-20,0.6973800659179688,768600
2001-03-21,0.7155154347419739,650000
2001-03-22,0.7089207768440247,527600
2001-03-23,0.7056235671043396,453000
2001-03-26,0.7171640992164612,302800
2001-03-27,0.7155154347419739,399400
2001-03-28,0.7221099138259888,587800
2001-03-29,0.7550830841064453,1484800
2001-03-30,0.7666236162185669,736000
2001-04-02,0.7270557880401611,134600
2001-04-03,0.7072721123695374,272000
2001-04-04,0.6891368627548218,242200
2001-04-05,0.7237586975097656,207000
2001-04-06,0.6957315802574158,358800
2001-04-09,0.6907856464385986,62200
2001-04-10,0.7320021390914917,264000
2001-04-11,0.7336503863334656,147200
2001-04-12,0.7254075407981873,11600
2001-04-16,0.7089207768440247,70000
2001-04-17,0.7072721123695374,108600
2001-04-18,0.7418935298919678,236400
2001-04-19,0.6891368627548218,500200
2001-04-20,0.6726502776145935,1044600
2001-04-23,0.636380136013031,656200
2001-04-24,0.6413260102272034,213600
2001-04-25,0.6561638712882996,261600
2001-04-26,0.6017583012580872,625200
2001-04-27,0.636380136013031,351200
2001-04-30,0.671001672744751,598400
2001-05-01,0.7089207768440247,1007200
2001-05-02,0.7303532958030701,891000
2001-05-03,0.7418935298919678,692600
2001-05-04,0.7352993488311768,267800
2001-05-07,0.7369478940963745,244000
2001-05-08,0.7352993488311768,163600
2001-05-09,0.7287047505378723,259200
2001-05-10,0.7336503863334656,334600
2001-05-11,0.7402453422546387,316200
2001-05-14,0.7303532958030701,294800
2001-05-15,0.7254075407981873,198000
2001-05-16,0.750137209892273,161200
2001-05-17,0.7534343600273132,72000
2001-05-18,0.7418935298919678,289200
2001-05-21,0.769921064376831,389800
2001-05-22,0.750137209892273,107000
2001-05-23,0.7402453422546387,113200
2001-05-24,0.750137209892273,212800
2001-05-25,0.8902725577354431,1994400
2001-05-29,0.9018132090568542,753000
2001-05-30,0.8754347562789917,604800
2001-05-31,0.8919209837913513,166000
2001-06-01,0.8721374273300171,199800
2001-06-04,0.8754663467407227,168600
2001-06-05,0.8654800653457642,97800
2001-06-06,0.8505004644393921,207200
2001-06-07,0.8521648645401001,87400
2001-06-08,0.847171425819397,128200
2001-06-11,0.8787950277328491,216200
2001-06-12,0.8987676501274109,93800
2001-06-13,0.8771306276321411,366400
2001-06-14,0.8654800653457642,494000
2001-06-15,0.8588224053382874,68800
2001-06-18,0.8754663467407227,185400
2001-06-19,0.8754663467407227,126200
2001-06-20,0.8937742114067078,129000
2001-06-21,0.9070891737937927,295800
2001-06-22,0.9320551753044128,304000
2001-06-25,0.9137470126152039,60200
2001-06-26,0.8854525089263916,492000
2001-06-27,0.9087539315223694,477400
2001-06-28,0.8937742114067078,120200
2001-06-29,0.9270622134208679,182200
2001-07-02,0.9470346570014954,143200
2001-07-03,0.9154114127159119,79600
2001-07-05,0.9370486736297607,147000
2001-07-06,0.9370486736297607,118600
2001-07-09,0.9237334132194519,57600
2001-07-10,0.9287264943122864,60800
2001-07-11,0.9220688939094543,322600
2001-07-12,0.9253978133201599,83000
2001-07-13,0.9586855173110962,481800
2001-07-16,0.9387128949165344,270600
2001-07-17,0.9387128949165344,128000
2001-07-18,0.9620145559310913,214800
2001-07-19,0.9853155016899109,302800
2001-07-20,0.9786578416824341,276400
2001-07-23,1.0502265691757202,1669000
2001-07-24,0.9986306428909302,1720200
2001-07-25,0.9819867610931396,821600
2001-07-26,0.9736649394035339,262600
2001-07-27,1.0136104822158813,345400
2001-07-30,1.0002949237823486,587800
2001-07-31,1.0152744054794312,471800
2001-08-01,0.990308403968811,79400
2001-08-02,0.9703361988067627,152200
2001-08-03,0.990308403968811,136400
2001-08-06,0.9620145559310913,267800
2001-08-07,0.9486991763114929,1290000
2001-08-08,0.9986306428909302,1522000
2001-08-09,1.0069525241851807,745800
2001-08-10,1.0219318866729736,339400
2001-08-13,1.1151374578475952,1308200
2001-08-14,1.1201307773590088,1544400
2001-08-15,1.0851786136627197,154600
2001-08-16,1.0885074138641357,371000
2001-08-17,1.0785208940505981,558400
2001-08-20,1.1034866571426392,1056600
2001-08-21,1.1650687456130981,638200
2001-08-22,1.1750552654266357,191400
2001-08-23,1.1484249830245972,181000
2001-08-24,1.1617403030395508,810800
2001-08-27,1.1617403030395508,587200
2001-08-28,1.1134729385375977,109200
2001-08-29,1.0818495750427246,131400
2001-08-30,1.0901719331741333,239400
2001-08-31,1.0935006141662598,223800
2001-09-04,1.1384389400482178,255600
2001-09-05,1.1317812204360962,237000
2001-09-06,1.1567473411560059,545600
2001-09-07,1.1301169395446777,235000
2001-09-10,1.1367746591567993,247800
2001-09-17,1.0069525241851807,446000
2001-09-18,0.9953019022941589,226400
2001-09-19,1.0119456052780151,933800
2001-09-20,1.0102816820144653,822000
2001-09-21,1.0069525241851807,676400
2001-09-24,1.0402400493621826,426600
2001-09-25,1.0285893678665161,154400
2001-09-26,0.9653430581092834,406000
2001-09-27,0.9303910136222839,279600
2001-09-28,0.9303910136222839,328400
2001-10-01,0.8904457092285156,645200
2001-10-02,0.8405140042304993,423800
2001-10-03,0.8405140042304993,355600
2001-10-04,0.8821238875389099,410800
2001-10-05,0.8688084483146667,341600
2001-10-08,0.7739386558532715,988800
2001-10-09,0.8072264790534973,368400
2001-10-10,0.8405140042304993,165400
2001-10-11,0.8738017678260803,231200
2001-10-12,0.9108800888061523,461600
2001-10-15,0.9261181354522705,526600
2001-10-16,0.9481282234191895,482800
2001-10-17,0.9515146017074585,684000
2001-10-18,0.9515146017074585,198800
2001-10-19,0.9396629929542542,145000
2001-10-22,0.9735246896743774,139400
2001-10-23,0.9718314409255981,48000
2001-10-24,0.9379698038101196,100200
2001-10-25,0.9379698038101196,184800
2001-10-26,0.9091871380805969,197600
2001-10-29,0.8905634880065918,197600
2001-10-30,0.8634738922119141,140200
2001-10-31,0.8804050087928772,290000
2001-11-01,0.8871769905090332,275400
2001-11-02,0.8787118196487427,96000
2001-11-05,0.8499293923377991,355000
2001-11-06,0.8499293923377991,79000
2001-11-07,0.8719394207000732,132200
2001-11-08,0.9515146017074585,548600
2001-11-09,0.9227316975593567,230800
2001-11-12,0.8939496278762817,82600
2001-11-13,0.9108800888061523,127000
2001-11-14,0.9244251847267151,132600
2001-11-15,0.9396629929542542,313400
2001-11-16,0.9142667055130005,84200
2001-11-19,0.9142667055130005,95000
2001-11-20,0.8973358869552612,43200
2001-11-21,0.8804050087928772,62600
2001-11-23,0.8787118196487427,36600
2001-11-26,0.8956425189971924,61200
2001-11-27,0.9108800888061523,88600
2001-11-28,0.9176526665687561,174800
2001-11-29,0.9091871380805969,113200
2001-11-30,0.9024149179458618,191400
2001-12-03,0.8956425189971924,133800
2001-12-04,0.8973358869552612,272000
2001-12-05,0.9142667055130005,388000
2001-12-06,0.9142667055130005,375200
2001-12-07,0.9430490732192993,593000
2001-12-10,0.8702463507652283,486000
2001-12-11,0.8888702392578125,445800
2001-12-12,0.912573516368866,156200
2001-12-13,0.9227316975593567,348800
2001-12-14,0.9684450030326843,360600
2001-12-17,0.9565937519073486,211600
2001-12-18,0.954900860786438,147000
2001-12-19,0.9752177596092224,537600
2001-12-20,0.9311973452568054,178400
2001-12-21,0.9515146017074585,44200
2001-12-24,0.9396629929542542,21400
2001-12-26,0.9159594178199768,89000
2001-12-27,0.9176526665687561,52000
2001-12-28,0.9650591611862183,231800
2001-12-31,0.9819900989532471,190400
2002-01-02,0.9633660316467285,68000
2002-01-03,0.9515146017074585,154200
2002-01-04,0.9633660316467285,588600
2002-01-07,0.9616729021072388,116200
2002-01-08,0.9413561224937439,85600
2002-01-09,0.9633660316467285,125600
2002-01-10,1.0141587257385254,347000
2002-01-11,1.0666441917419434,379000
2002-01-14,1.0835753679275513,392000
2002-01-15,1.1089715957641602,184400
2002-01-16,1.0920404195785522,394800
2002-01-17,1.0666441917419434,618200
2002-01-18,1.0412479639053345,194400
2002-01-22,1.0971198081970215,121200
2002-01-23,1.1259022951126099,166800
2002-01-24,1.1766952276229858,500000
2002-01-25,1.152991533279419,458600
2002-01-28,1.1377536058425903,98600
2002-01-29,1.1512985229492188,172200
2002-01-30,1.1766952276229858,204400
2002-01-31,1.2173291444778442,185600
2002-02-01,1.2037843465805054,299600
2002-02-04,1.1885464191436768,422600
2002-02-05,1.193626046180725,177400
2002-02-06,1.1902397871017456,804600
2002-02-07,1.103892207145691,558200
2002-02-08,1.1428332328796387,135000
2002-02-11,1.1512985229492188,89600
2002-02-12,1.1428332328796387,85600
2002-02-13,1.168229341506958,88400
2002-02-14,1.1377536058425903,193400
2002-02-15,1.1766952276229858,202200
2002-02-19,1.2020912170410156,976600
2002-02-20,1.212249517440796,349000
2002-02-21,1.198704719543457,99200
2002-02-22,1.2020912170410156,287400
2002-02-25,1.1800808906555176,250600
2002-02-26,1.152991533279419,229000
2002-02-27,1.2003979682922363,173600
2002-02-28,1.1851600408554077,143200
2002-03-01,1.2003979682922363,152400
2002-03-04,1.2257945537567139,228600
2002-03-05,1.2545768022537231,259600
2002-03-06,1.4086475372314453,1564800
2002-03-07,1.3239935636520386,503400
2002-03-08,1.32060706615448,169400
2002-03-11,1.349389672279358,191800
2002-03-12,1.3341519832611084,73200
2002-03-13,1.3121418952941895,310400
2002-03-14,1.3104487657546997,53000
2002-03-15,1.32060706615448,37000
2002-03-18,1.32060706615448,70200
2002-03-19,1.3121418952941895,92200
2002-03-20,1.3290725946426392,170200
2002-03-21,1.364627480506897,161000
2002-03-22,1.4086475372314453,478400
2002-03-25,1.379865050315857,71200
2002-03-26,1.4526678323745728,717400
2002-03-27,1.4560540914535522,183800
2002-03-28,1.4137271642684937,335800
2002-04-01,1.4577473402023315,156600
2002-04-02,1.4729851484298706,1106800
2002-04-03,1.5051534175872803,319800
2002-04-04,1.579649567604065,965600
2002-04-05,1.6101253032684326,1572800
2002-04-08,1.588114619255066,707800
2002-04-09,1.5915011167526245,485200
2002-04-10,1.6236698627471924,582600
2002-04-11,1.542401671409607,319000
2002-04-12,1.6067389249801636,200600
2002-04-15,1.628748893737793,534000
2002-04-16,1.630442500114441,652000
2002-04-17,1.5542532205581665,746400
2002-04-18,1.5491729974746704,474800
2002-04-19,1.5390151739120483,631400
2002-04-22,1.484836459159851,708600
2002-04-23,1.5237770080566406,298200
2002-04-24,1.5491729974746704,125400
2002-04-25,1.532243013381958,232800
2002-04-26,1.5271638631820679,126600
2002-04-29,1.4679059982299805,615200
2002-04-30,1.5102330446243286,259600
2002-05-01,1.567798137664795,254200
2002-05-02,1.532243013381958,540600
2002-05-03,1.5407087802886963,170000
2002-05-06,1.5271638631820679,306200
2002-05-07,1.5356292724609375,199600
2002-05-08,1.5694910287857056,263000
2002-05-09,1.5644114017486572,134000
2002-05-10,1.5474807024002075,132200
2002-05-13,1.532243013381958,121400
2002-05-14,1.557639479637146,98200
2002-05-15,1.48652982711792,328600
2002-05-16,1.4831434488296509,139600
2002-05-17,1.4899163246154785,58800
2002-05-20,1.4949949979782104,189600
2002-05-21,1.484836459159851,143600
2002-05-22,1.4221924543380737,241600
2002-05-23,1.4458953142166138,79800
2002-05-24,1.4323508739471436,80800
2002-05-28,1.4831434488296509,199200
2002-05-29,1.5085397958755493,270800
2002-05-30,1.5237770080566406,55200
2002-05-31,1.5542532205581665,253800
2002-06-03,1.5491729974746704,167800
2002-06-04,1.5170055627822876,122200
2002-06-05,1.5237770080566406,201200
2002-06-06,1.5017672777175903,143200
2002-06-07,1.4983816146850586,178600
2002-06-10,1.5153123140335083,75600
2002-06-11,1.5153123140335083,302400
2002-06-12,1.525470495223999,177800
2002-06-13,1.5661051273345947,468200
2002-06-14,1.6270554065704346,1827800
2002-06-17,1.6541448831558228,494000
2002-06-18,1.6422936916351318,389000
2002-06-19,1.6219768524169922,321600
2002-06-20,1.6422936916351318,446000
2002-06-21,1.6084315776824951,170600
2002-06-24,1.5390151739120483,1008800
2002-06-25,1.4695988893508911,358200
2002-06-26,1.4526678323745728,509000
2002-06-27,1.4763710498809814,651800
2002-06-28,1.4899163246154785,255600
2002-07-01,1.4188064336776733,500400
2002-07-02,1.3121418952941895,981800
2002-07-03,1.3290725946426392,185000
2002-07-05,1.4103403091430664,278800
2002-07-08,1.3612414598464966,358000
2002-07-09,1.395102858543396,255400
2002-07-10,1.3629344701766968,78200
2002-07-11,1.3375378847122192,204400
2002-07-12,1.3730930089950562,159400
2002-07-15,1.395102858543396,416000
2002-07-16,1.364627480506897,677400
2002-07-17,1.3883305788040161,369800
2002-07-18,1.4475886821746826,497200
2002-07-19,1.4425091743469238,152600
2002-07-22,1.4052621126174927,274000
2002-07-23,1.3934097290039062,151600
2002-07-24,1.3629344701766968,736200
2002-07-25,1.3381471633911133,518400
2002-07-26,1.2842624187469482,197800
2002-07-29,1.4064017534255981,79400
2002-07-30,1.436936378479004,433000
2002-07-31,1.4405293464660645,566800
2002-08-01,1.422567367553711,336800
2002-08-02,1.3956247568130493,351800
2002-08-05,1.392032265663147,143200
2002-08-06,1.4477134943008423,349000
2002-08-07,1.4656749963760376,554800
2002-08-08,1.499802589416504,157200
2002-08-09,1.499802589416504,179200
2002-08-12,1.481840968132019,76200
2002-08-13,1.489025592803955,74800
2002-08-14,1.4548981189727783,156800
2002-08-15,1.4602866172790527,76800
2002-08-16,1.4710639715194702,269000
2002-08-19,1.499802589416504,232400
2002-08-20,1.4944140911102295,190600
2002-08-21,1.5626683235168457,344200
2002-08-22,1.5447064638137817,248200
2002-08-23,1.539318561553955,75600
2002-08-26,1.5267449617385864,108000
2002-08-27,1.5087836980819702,136000
2002-08-28,1.481840968132019,68400
2002-08-29,1.4459174871444702,200200
2002-08-30,1.4189748764038086,600000
2002-09-03,1.336350917816162,547200
2002-09-04,1.302224040031433,267800
2002-09-05,1.3453315496444702,209600
2002-09-06,1.3830513954162598,53000
2002-09-09,1.4135864973068237,123400
2002-09-10,1.4333441257476807,133800
2002-09-11,1.444121241569519,37400
2002-09-12,1.397420883178711,78800
2002-09-13,1.33455491065979,168200
2002-09-16,1.3614975214004517,171000
2002-09-17,1.3704783916473389,51200
2002-09-18,1.33455491065979,164200
2002-09-19,1.2573190927505493,214200
2002-09-20,1.3130009174346924,230800
2002-09-23,1.295039176940918,258800
2002-09-24,1.3004275560379028,157000
2002-09-25,1.3291664123535156,74600
2002-09-26,1.3399436473846436,387800
2002-09-27,1.3112047910690308,179400
2002-09-30,1.33455491065979,473400
2002-10-01,1.392032265663147,150200
2002-10-02,1.3112047910690308,96600
2002-10-03,1.302224040031433,110400
2002-10-04,1.2896504402160645,199600
2002-10-07,1.2842624187469482,233200
2002-10-08,1.302224040031433,181200
2002-10-09,1.2573190927505493,145800
2002-10-10,1.2734848260879517,139800
2002-10-11,1.2591156959533691,834000
2002-10-14,1.0094482898712158,1855200
2002-10-15,1.074110507965088,2017200
2002-10-16,1.0633333921432495,625000
2002-10-17,1.1190145015716553,726800
2002-10-18,1.0920718908309937,943000
2002-10-21,1.117218017578125,566200
2002-10-22,1.0687214136123657,892600
2002-10-23,1.052556037902832,269000
2002-10-24,1.0597407817840576,215400
2002-10-25,1.0310019254684448,378000
2002-10-28,1.0597407817840576,581400
2002-10-29,1.0723137855529785,563200
2002-10-30,1.1675108671188354,276600
2002-10-31,1.198046088218689,403800
2002-11-01,1.2213962078094482,177200
2002-11-04,1.248339056968689,164600
2002-11-05,1.1908611059188843,336600
2002-11-06,1.1854726076126099,226400
2002-11-07,1.1675108671188354,140000
2002-11-08,1.1854726076126099,88200
2002-11-11,1.1854726076126099,166200
2002-11-12,1.262708067893982,517400
2002-11-13,1.2537270784378052,84400
2002-11-14,1.3381471633911133,470800
2002-11-15,1.3112047910690308,206000
2002-11-18,1.304019808769226,182400
2002-11-19,1.302224040031433,258200
2002-11-20,1.3291664123535156,100400
2002-11-21,1.352516531944275,265000
2002-11-22,1.3489247560501099,150200
2002-11-25,1.3399436473846436,87200
2002-11-26,1.332758903503418,38800
2002-11-27,1.35970139503479,121400
2002-11-29,1.3794591426849365,240600
2002-12-02,1.377663016319275,270800
2002-12-03,1.4189748764038086,267400
2002-12-04,1.4333441257476807,88800
2002-12-05,1.427955985069275,52800
2002-12-06,1.4189748764038086,122800
2002-12-09,1.392032265663147,307600
2002-12-10,1.4548981189727783,430400
2002-12-11,1.4333441257476807,302200
2002-12-12,1.436936378479004,768600
2002-12-13,1.436936378479004,524600
2002-12-16,1.5177638530731201,487600
2002-12-17,1.5123757123947144,255800
2002-12-18,1.5033948421478271,92000
2002-12-19,1.533929467201233,198200
2002-12-20,1.603980541229248,292200
2002-12-23,1.539318561553955,174600
2002-12-24,1.566260814666748,54800
2002-12-26,1.5590764284133911,68000
2002-12-27,1.5123757123947144,97000
2002-12-30,1.5015987157821655,29600
2002-12-31,1.5249491930007935,61200
2003-01-02,1.499802589416504,204800
2003-01-03,1.5105793476104736,159000
2003-01-06,1.4746558666229248,675800
2003-01-07,1.4261592626571655,635400
2003-01-08,1.436936378479004,568600
2003-01-09,1.4764524698257446,658000
2003-01-10,1.4782482385635376,476400
2003-01-13,1.4854333400726318,341400
2003-01-14,1.5087836980819702,94200
2003-01-15,1.4764524698257446,294000
2003-01-16,1.384847640991211,1296800
2003-01-17,1.4099938869476318,280600
2003-01-21,1.4189748764038086,239400
2003-01-22,1.4099938869476318,383800
2003-01-23,1.424363374710083,311200
2003-01-24,1.392032265663147,258000
2003-01-27,1.3866440057754517,764200
2003-01-28,1.4189748764038086,473200
2003-01-29,1.397420883178711,297000
2003-01-30,1.397420883178711,457200
2003-01-31,1.4010131359100342,367000
2003-02-03,1.384847640991211,154400
2003-02-04,1.3579052686691284,851000
2003-02-05,1.3489247560501099,438400
2003-02-06,1.3471280336380005,310600
2003-02-07,1.3650894165039062,221000
2003-02-10,1.397420883178711,329200
2003-02-11,1.3686821460723877,95200
2003-02-12,1.3650894165039062,85800
2003-02-13,1.3812553882598877,317400
2003-02-14,1.4351403713226318,168000
2003-02-18,1.4387329816818237,115400
2003-02-19,1.4297517538070679,258600
2003-02-20,1.4495095014572144,68200
2003-02-21,1.4566946029663086,105400
2003-02-24,1.463879108428955,91600
2003-02-25,1.4513062238693237,71200
2003-02-26,1.4297517538070679,22200
2003-02-27,1.4495095014572144,677600
2003-02-28,1.436936378479004,98400
2003-03-03,1.4351403713226318,167400
2003-03-04,1.4261592626571655,66400
2003-03-05,1.404605507850647,186000
2003-03-06,1.3812553882598877,214200
2003-03-07,1.3812553882598877,140600
2003-03-10,1.3112047910690308,163400
2003-03-11,1.3130009174346924,145800
2003-03-12,1.3686821460723877,170400
2003-03-13,1.4189748764038086,226600
2003-03-14,1.3812553882598877,139200
2003-03-17,1.352516531944275,193000
2003-03-18,1.3866440057754517,191800
2003-03-19,1.392032265663147,489800
2003-03-20,1.4405293464660645,247000
2003-03-21,1.4584908485412598,249600
2003-03-24,1.4548981189727783,314000
2003-03-25,1.499802589416504,479200
2003-03-26,1.5159683227539062,446400
2003-03-27,1.5105793476104736,67600
2003-03-28,1.5051913261413574,164600
2003-03-31,1.4620829820632935,190200
2003-04-01,1.4692680835723877,225400
2003-04-02,1.506987452507019,137600
2003-04-03,1.4764524698257446,74800
2003-04-04,1.4926179647445679,118400
2003-04-07,1.5878154039382935,555200
2003-04-08,1.6129614114761353,715400
2003-04-09,1.668642520904541,567200
2003-04-10,1.688400387763977,223400
2003-04-11,1.6919926404953003,114600
2003-04-14,1.6866048574447632,157200
2003-04-15,1.724324107170105,801600
2003-04-16,1.7027697563171387,374600
2003-04-17,1.679419994354248,513000
2003-04-21,1.6901968717575073,313400
2003-04-22,1.668642520904541,100000
2003-04-23,1.6524772644042969,350400
2003-04-24,1.611164927482605,190000
2003-04-25,1.5411146879196167,327000
2003-04-28,1.6003882884979248,195000
2003-04-29,1.641700029373169,95800
2003-04-30,1.6632540225982666,190600
2003-05-01,1.679419994354248,147400
2003-05-02,1.7063621282577515,173000
2003-05-05,1.7710243463516235,280600
2003-05-06,1.7620437145233154,116800
2003-05-07,1.7961708307266235,565800
2003-05-08,1.781801462173462,314200
2003-05-09,1.810541033744812,563800
2003-05-12,1.8536484241485596,521000
2003-05-13,1.826705813407898,221200
2003-05-14,1.7961708307266235,272600
2003-05-15,1.8231128454208374,154600
2003-05-16,1.8123364448547363,193200
2003-05-19,1.7333048582077026,291400
2003-05-20,1.8249094486236572,265800
2003-05-21,1.8680177927017212,170400
2003-05-22,1.8428713083267212,432400
2003-05-23,1.8752020597457886,322800
2003-05-27,1.961418628692627,400600
2003-05-28,2.0206918716430664,584600
2003-05-29,2.040450096130371,311400
2003-05-30,2.038653612136841,439200
2003-06-02,2.171570062637329,744600
2003-06-03,2.174262046813965,621200
2003-06-04,2.17233943939209,285800
2003-06-05,2.1338913440704346,550800
2003-06-06,2.1531155109405518,262200
2003-06-09,2.191563129425049,422000
2003-06-10,2.16849422454834,675400
2003-06-11,2.17233943939209,106800
2003-06-12,2.0473814010620117,1970600
2003-06-13,2.147348403930664,896600
2003-06-16,2.2011756896972656,385600
2003-06-17,2.1531155109405518,417400
2003-06-18,2.116589069366455,464000
2003-06-19,2.1185123920440674,212800
2003-06-20,2.0954418182373047,179000
2003-06-23,1.9935544729232788,386000
2003-06-24,2.018545389175415,161000
2003-06-25,2.049304485321045,424000
2003-06-26,2.1146669387817383,390800
2003-06-27,2.1242785453796387,239000
2003-06-30,2.1531155109405518,116800
2003-07-01,2.1531155109405518,613600
2003-07-02,2.147348403930664,946600
2003-07-03,2.0877528190612793,162400
2003-07-07,2.1627275943756104,982200
2003-07-08,2.191563129425049,523400
2003-07-09,2.220400333404541,395200
2003-07-10,2.1761844158172607,447800
2003-07-11,2.2300124168395996,173800
2003-07-14,2.239624261856079,177000
2003-07-15,2.17233943939209,535400
2003-07-16,2.1377363204956055,415600
2003-07-17,2.1319684982299805,136200
2003-07-18,2.1319684982299805,275200
2003-07-21,2.1819515228271484,183600
2003-07-22,2.1627275943756104,501400
2003-07-23,2.0281577110290527,292400
2003-07-24,2.0569939613342285,612800
2003-07-25,2.0377700328826904,155200
2003-07-28,2.062760829925537,269000
2003-07-29,1.9993209838867188,507400
2003-07-30,2.0089337825775146,177400
2003-07-31,1.9973989725112915,266800
2003-08-01,1.9704850912094116,252000
2003-08-04,1.920501708984375,335400
2003-08-05,1.8935877084732056,1586200
2003-08-06,1.9416486024856567,349800
2003-08-07,1.9762523174285889,375000
2003-08-08,1.9185792207717896,388200
2003-08-11,1.920501708984375,208800
2003-08-12,1.9320366382598877,201400
2003-08-13,1.9608731269836426,273800
2003-08-14,1.9800975322723389,667400
2003-08-15,2.0550715923309326,916000
2003-08-18,2.0877528190612793,340200
2003-08-19,2.099287986755371,515400
2003-08-20,2.093519449234009,386200
2003-08-21,2.1262011528015137,233800
2003-08-22,2.1242785453796387,431200
2003-08-25,2.1088998317718506,119400
2003-08-26,2.0954418182373047,199800
2003-08-27,2.1108217239379883,126600
2003-08-28,2.1242785453796387,216400
2003-08-29,2.1531155109405518,223600
2003-09-02,2.1857967376708984,611000
2003-09-03,2.2530813217163086,791200
2003-09-04,2.339590549468994,649600
2003-09-05,2.4549362659454346,1103800
2003-09-08,2.4991509914398193,812800
2003-09-09,2.5068411827087402,1179600
2003-09-10,2.364582061767578,842400
2003-09-11,2.2915303707122803,890000
2003-09-12,2.3049869537353516,582200
2003-09-15,2.36842679977417,319800
2003-09-16,2.4068758487701416,722000
2003-09-17,2.4107205867767334,282200
2003-09-18,2.4068758487701416,232400
2003-09-19,2.4222540855407715,280200
2003-09-22,2.395341634750366,266200
2003-09-23,2.5010743141174316,866400
2003-09-24,2.6394882202148438,1025800
2003-09-25,2.6010403633117676,465800
2003-09-26,2.5472116470336914,392000
2003-09-29,2.5933501720428467,434000
2003-09-30,2.6202645301818848,380200
2003-10-01,2.8048174381256104,805400
2003-10-02,2.904783248901367,1121000
2003-10-03,2.908628225326538,564400
2003-10-06,2.887481927871704,776600
2003-10-07,2.825963020324707,784400
2003-10-08,2.833653688430786,645600
2003-10-09,2.8932483196258545,536800
2003-10-10,2.9470772743225098,471800
2003-10-13,2.8644118309020996,555400
2003-10-14,2.8394205570220947,495400
2003-10-15,2.8067398071289062,313000
2003-10-16,2.787515640258789,616800
2003-10-17,2.835575580596924,529200
2003-10-20,2.835575580596924,286400
2003-10-21,2.8548004627227783,292000
2003-10-22,2.816351890563965,231400
2003-10-23,2.7682912349700928,631000
2003-10-24,2.758678674697876,467400
2003-10-27,2.808661937713623,602800
2003-10-28,2.816351890563965,507400
2003-10-29,2.8240413665771484,931600
2003-10-30,2.7740585803985596,712000
2003-10-31,2.7298429012298584,630600
2003-11-03,2.7202303409576416,1237000
2003-11-04,2.5529797077178955,1314800
2003-11-05,2.7682912349700928,1494200
2003-11-06,2.7509891986846924,885600
2003-11-07,2.591428279876709,1589600
2003-11-10,2.5241429805755615,982800
2003-11-11,2.5568244457244873,881200
2003-11-12,2.710618019104004,629800
2003-11-13,2.62795352935791,323400
2003-11-14,2.5760486125946045,284000
2003-11-17,2.6817822456359863,304800
2003-11-18,2.6740918159484863,229400
2003-11-19,2.6202645301818848,502200
2003-11-20,2.6529452800750732,155600
2003-11-21,2.7221529483795166,377200
2003-11-24,2.7010064125061035,293400
2003-11-25,2.706773042678833,287200
2003-11-26,2.7279202938079834,330800
2003-11-28,2.7913599014282227,334600
2003-12-01,2.793283224105835,447000
2003-12-02,2.783670663833618,162600
2003-12-03,2.814429759979248,136600
2003-12-04,2.8067398071289062,92000
2003-12-05,2.7529115676879883,141200
2003-12-08,2.6721699237823486,559600
2003-12-09,2.6221861839294434,740600
2003-12-10,2.6625571250915527,592200
2003-12-11,2.8009719848632812,409200
2003-12-12,2.8451879024505615,302600
2003-12-15,2.8432657718658447,660400
2003-12-16,2.8221192359924316,364000
2003-12-17,2.922084093093872,482200
2003-12-18,2.962456464767456,362800
2003-12-19,2.9413084983825684,217200
2003-12-22,2.958610773086548,327000
2003-12-23,2.960533380508423,157200
2003-12-24,2.943232536315918,52000
2003-12-26,2.933619499206543,44000
2003-12-29,3.1277832984924316,534400
2003-12-30,3.133552074432373,425400
2003-12-31,3.1566197872161865,319800
2004-01-02,3.2911906242370605,422400
2004-01-05,3.546872615814209,712400
2004-01-06,3.5584075450897217,616200
2004-01-07,3.3892338275909424,500800
2004-01-08,3.546872615814209,609200
2004-01-09,3.5276482105255127,343000
2004-01-12,3.4161481857299805,473200
2004-01-13,3.4449851512908936,288400
2004-01-14,3.4603633880615234,126800
2004-01-15,3.427682399749756,307200
2004-01-16,3.4872775077819824,157400
2004-01-20,3.6929771900177,636200
2004-01-21,3.73911452293396,703800
2004-01-22,3.6622190475463867,261600
2004-01-23,3.646838665008545,239600
2004-01-26,3.6353037357330322,175800
2004-01-27,3.6026225090026855,539600
2004-01-28,3.4642081260681152,366200
2004-01-29,3.456519603729248,673800
2004-01-30,3.423837900161743,321600
2004-02-02,3.433450222015381,397600
2004-02-03,3.3546302318573,405400
2004-02-04,3.304647207260132,536800
2004-02-05,3.2931127548217773,327000
2004-02-06,3.3430957794189453,240600
2004-02-09,3.4661314487457275,272600
2004-02-10,3.5007336139678955,675400
2004-02-11,3.5372612476348877,239200
2004-02-12,3.5103464126586914,506000
2004-02-13,3.446906566619873,145000
2004-02-17,3.4661314487457275,331800
2004-02-18,3.496889352798462,110400
2004-02-19,3.5084242820739746,155400
2004-02-20,3.4872775077819824,121600
2004-02-23,3.4545960426330566,124000
2004-02-24,3.3776988983154297,211800
2004-02-25,3.404613971710205,98600
2004-02-26,3.373854398727417,461400
2004-02-27,3.310415029525757,378000
2004-03-01,3.402691602706909,243600
2004-03-02,3.385389804840088,118400
2004-03-03,3.3411731719970703,235800
2004-03-04,3.3161814212799072,254800
2004-03-05,3.3257932662963867,277400
2004-03-08,3.11240553855896,780800
2004-03-09,3.170077323913574,319600
2004-03-10,3.1431636810302734,189600
2004-03-11,2.9701449871063232,843200
2004-03-12,3.0701115131378174,594400
2004-03-15,2.908628225326538,377400
2004-03-16,2.9470772743225098,314600
2004-03-17,3.1354739665985107,276800
2004-03-18,3.131629467010498,218200
2004-03-19,3.0912585258483887,285800
2004-03-22,2.9509217739105225,282000
2004-03-23,3.0182061195373535,472200
2004-03-24,3.023973226547241,279200
2004-03-25,3.1431636810302734,810000
2004-03-26,2.977834939956665,340800
2004-03-29,3.027817726135254,695000
2004-03-30,3.1431636810302734,501200
2004-03-31,3.2392847537994385,791600
2004-04-01,3.3142592906951904,865600
2004-04-02,3.3719325065612793,298000
2004-04-05,3.404613971710205,394200
2004-04-06,3.5276482105255127,805400
2004-04-07,3.585320472717285,1199600
2004-04-08,3.56225323677063,451000
2004-04-12,3.556485414505005,437800
2004-04-13,3.6141579151153564,1036200
2004-04-14,3.593010425567627,296800
2004-04-15,3.552639961242676,163400
2004-04-16,3.6429948806762695,225400
2004-04-19,3.6180031299591064,218600
2004-04-20,3.7679505348205566,463600
2004-04-21,3.7160465717315674,181600
2004-04-22,3.7083568572998047,290600
2004-04-23,3.7775635719299316,242400
2004-04-26,3.827547073364258,333600
2004-04-27,3.787175416946411,262800
2004-04-28,3.6833648681640625,445400
2004-04-29,3.556485414505005,830400
2004-04-30,3.479588508605957,612800
2004-05-03,3.5372612476348877,776000
2004-05-04,3.6814424991607666,435000
2004-05-05,3.5295708179473877,888800
2004-05-06,3.3161814212799072,740400
2004-05-07,3.200836181640625,931600
2004-05-10,2.9932143688201904,1162800
2004-05-11,3.1527764797210693,686000
2004-05-12,3.1431636810302734,332400
2004-05-13,3.173922300338745,204800
2004-05-14,3.1470084190368652,167400
2004-05-17,2.91247296333313,844600
2004-05-18,3.004749298095703,1047800
2004-05-19,3.306569814682007,1863400
2004-05-20,3.243130683898926,1082200
2004-05-21,3.258509874343872,427200
2004-05-24,3.2412078380584717,401200
2004-05-25,3.1450865268707275,1161600
2004-05-26,3.0778017044067383,830000
2004-05-27,3.1104824542999268,1031200
2004-05-28,3.10471510887146,785200
2004-06-01,3.08164644241333,702400
2004-06-02,2.9701449871063232,1394800
2004-06-03,2.839909791946411,2042800
2004-06-04,2.8379666805267334,1014600
2004-06-07,2.9021120071411133,1020200
2004-06-08,2.93904447555542,570200
2004-06-09,2.8574042320251465,562600
2004-06-10,2.8496291637420654,321000
2004-06-14,2.7466073036193848,447200
2004-06-15,2.8360226154327393,435400
2004-06-16,2.828247547149658,232000
2004-06-17,2.7815957069396973,328200
2004-06-18,2.754382371902466,512000
2004-06-21,2.76021409034729,516200
2004-06-22,2.7835395336151123,484800
2004-06-23,2.985696315765381,1497000
2004-06-24,2.9526519775390625,575600
2004-06-25,3.0226285457611084,741000
2004-06-28,2.9759774208068848,252000
2004-06-29,2.9876396656036377,159000
2004-06-30,3.0226285457611084,850800
2004-07-01,3.0809426307678223,616200
2004-07-02,3.213122844696045,669800
2004-07-06,3.3083693981170654,1208200
2004-07-07,3.3725147247314453,588800
2004-07-08,3.3044817447662354,322400
2004-07-09,3.292818546295166,426600
2004-07-12,3.269491672515869,485200
2004-07-13,3.2072906494140625,326400
2004-07-14,3.1878528594970703,372800
2004-07-15,3.178133964538574,280800
2004-07-16,3.333638906478882,422000
2004-07-19,3.3355824947357178,626800
2004-07-20,3.3841781616210938,670600
2004-07-21,3.333638906478882,779600
2004-07-22,3.2656054496765137,385600
2004-07-23,3.263662338256836,294600
2004-07-26,3.226729154586792,293000
2004-07-27,3.191739559173584,577800
2004-07-28,3.2597739696502686,2065800
2004-07-29,3.3122570514678955,187800
2004-07-30,3.306425094604492,217800
2004-08-02,3.2325596809387207,496000
2004-08-03,3.2461676597595215,330800
2004-08-04,3.226729154586792,150600
2004-08-05,3.180077075958252,158600
2004-08-06,3.158695697784424,235400
2004-08-09,3.1878528594970703,239800
2004-08-10,3.172301769256592,169200
2004-08-11,3.1859092712402344,183800
2004-08-12,3.172301769256592,67800
2004-08-13,3.1859092712402344,203600
2004-08-16,3.1839654445648193,235000
2004-08-17,3.182021379470825,180000
2004-08-18,3.2072906494140625,284200
2004-08-19,3.2714366912841797,465600
2004-08-20,3.27921199798584,113000
2004-08-23,3.128014326095581,190800
2004-08-24,3.131941795349121,250400
2004-08-25,3.1221237182617188,231200
2004-08-26,3.104452610015869,96000
2004-08-27,3.1123054027557373,166400
2004-08-30,3.1339049339294434,94000
2004-08-31,3.1928138732910156,144600
2004-09-01,3.3341927528381348,259200
2004-09-02,3.4520084857940674,233000
2004-09-03,3.4520084857940674,173000
2004-09-07,3.4853897094726562,281400
2004-09-08,3.459862470626831,108600
2004-09-09,3.4088099002838135,129400
2004-09-10,3.410773277282715,44800
2004-09-13,3.473609209060669,150000
2004-09-14,3.512880563735962,216800
2004-09-15,3.4873530864715576,51800
2004-09-16,3.5619699954986572,497000
2004-09-17,3.579643487930298,343800
2004-09-20,3.599278450012207,1297400
2004-09-21,3.642477512359619,906800
2004-09-22,3.597315549850464,717600
2004-09-23,3.4952077865600586,667400
2004-09-24,3.530552864074707,580200
2004-09-27,3.4853897094726562,634800
2004-09-28,3.4559364318847656,266200
2004-09-29,3.4225547313690186,394600
2004-09-30,3.473609209060669,890800
2004-10-01,3.5933873653411865,843400
2004-10-04,3.6915671825408936,1202200
2004-10-05,3.730839490890503,585400
2004-10-06,3.6228420734405518,1159000
2004-10-07,3.642477512359619,1131600
2004-10-08,3.6522955894470215,1000000
2004-10-11,3.7112033367156982,374800
2004-10-12,3.6719319820404053,519800
2004-10-13,3.7112033367156982,672800
2004-10-14,3.6385509967803955,472000
2004-10-15,3.726912260055542,344200
2004-10-18,3.7367303371429443,291600
2004-10-19,3.8604373931884766,1073800
2004-10-20,3.7583296298980713,508600
2004-10-21,3.7328040599823,707600
2004-10-22,3.793675422668457,587600
2004-10-25,3.7112033367156982,250200
2004-10-26,3.6522955894470215,396600
2004-10-27,3.6896040439605713,246000
2004-10-28,3.7386937141418457,129800
2004-10-29,3.744584560394287,168600
2004-11-01,3.789747953414917,372200
2004-11-02,3.931128740310669,608000
2004-11-03,4.052870273590088,493800
2004-11-04,4.009670734405518,235800
2004-11-05,4.011633396148682,352000
2004-11-08,4.153013706207275,724200
2004-11-09,4.119632244110107,255600
2004-11-10,4.109814643859863,272200
2004-11-11,4.133378028869629,136000
2004-11-12,4.172651290893555,197800
2004-11-15,4.143195629119873,95600
2004-11-16,4.133378028869629,133000
2004-11-17,4.261012077331543,284400
2004-11-18,4.182466506958008,368600
2004-11-19,4.261012077331543,941600
2004-11-22,4.292428970336914,229600
2004-11-23,4.404355049133301,322000
2004-11-24,4.408282279968262,649200
2004-11-26,4.347409248352051,120200
2004-11-29,4.365082263946533,361800
2004-11-30,4.355264663696289,161200
2004-12-01,4.463262557983398,1000400
2004-12-02,4.58107852935791,654200
2004-12-03,4.4357733726501465,850000
2004-12-06,4.4200639724731445,713400
2004-12-07,4.394537448883057,310200
2004-12-08,4.319919586181641,173000
2004-12-09,4.011633396148682,2844000
2004-12-10,3.956653356552124,1038200
2004-12-13,3.937016725540161,708000
2004-12-14,3.7995662689208984,1493400
2004-12-15,3.995924949645996,1987800
2004-12-16,4.074469566345215,1246600
2004-12-17,4.1589035987854,525400
2004-12-20,4.153013706207275,418400
2004-12-21,4.113740921020508,279600
2004-12-22,4.0862507820129395,143000
2004-12-23,4.133645534515381,262400
2004-12-27,4.145444393157959,342600
2004-12-28,4.11004638671875,305000
2004-12-29,4.076615810394287,415600
2004-12-30,4.086446762084961,310000
2004-12-31,4.133645534515381,542200
2005-01-03,4.1965742111206055,623400
2005-01-04,4.149376392364502,633600
2005-01-05,4.078582286834717,322000
2005-01-06,4.1965742111206055,407800
2005-01-07,4.304732799530029,589200
2005-01-10,4.149376392364502,186400
2005-01-11,4.051051139831543,286000
2005-01-12,4.125778675079346,471400
2005-01-13,4.257535457611084,325400
2005-01-14,4.318498134613037,151400
2005-01-18,4.257535457611084,370000
2005-01-19,4.277201175689697,450200
2005-01-20,4.218204975128174,419400
2005-01-21,4.220170974731445,819800
2005-01-24,4.129710674285889,851200
2005-01-25,4.113978862762451,269000
2005-01-26,4.1120123863220215,792600
2005-01-27,4.1159467697143555,282800
2005-01-28,4.068748950958252,446400
2005-01-31,4.080548286437988,332400
2005-02-01,4.119879245758057,484800
2005-02-02,4.074648857116699,343000
2005-02-03,3.972388744354248,436400
2005-02-04,3.992053508758545,464400
2005-02-07,3.956657886505127,458600
2005-02-08,3.925192356109619,1082000
2005-02-09,3.9291255474090576,315800
2005-02-10,3.9271583557128906,248400
2005-02-11,3.938957929611206,387800
2005-02-14,3.944857358932495,774200
2005-02-15,4.025486469268799,1396200
2005-02-16,4.009754180908203,308200
2005-02-17,3.9881203174591064,706200
2005-02-18,3.9625558853149414,777600
2005-02-22,3.933058500289917,655600
2005-02-23,3.95469069480896,682800
2005-02-24,3.8878285884857178,1968600
2005-02-25,3.7934353351593018,872400
2005-02-28,3.777703046798706,353400
2005-03-01,3.8150670528411865,675800
2005-03-02,3.8111331462860107,498200
2005-03-03,3.805234432220459,590800
2005-03-04,3.716740131378174,902000
2005-03-07,3.7344391345977783,457800
2005-03-08,3.7796685695648193,335600
2005-03-09,3.730506420135498,629000
2005-03-10,3.5790841579437256,1057800
2005-03-11,3.638079881668091,783000
2005-03-14,3.561384916305542,1014400
2005-03-15,3.6243138313293457,945600
2005-03-16,3.608581304550171,187000
2005-03-17,3.638079881668091,262800
2005-03-18,3.6872434616088867,496000
2005-03-21,3.7423059940338135,649200
2005-03-22,3.722639799118042,676200
2005-03-23,3.7973673343658447,1184800
2005-03-24,3.7403388023376465,180400
2005-03-28,3.730506420135498,277200
2005-03-29,3.6105475425720215,655200
2005-03-30,3.6892080307006836,784600
2005-03-31,3.6852760314941406,332800
2005-04-01,3.8661961555480957,711800
2005-04-04,3.8543970584869385,262600
2005-04-05,3.8504638671875,130800
2005-04-06,3.8740622997283936,239800
2005-04-07,3.8976612091064453,149600
2005-04-08,3.8858633041381836,194600
2005-04-11,3.879962205886841,280400
2005-04-12,3.895693778991699,376600
2005-04-13,3.864229917526245,235000
2005-04-14,3.8563642501831055,246600
2005-04-15,3.7265734672546387,223200
2005-04-18,3.663644313812256,411200
2005-04-19,3.661677360534668,361200
2005-04-20,3.5987484455108643,119200
2005-04-21,3.5830163955688477,222000
2005-04-22,3.539752960205078,233000
2005-04-25,3.502389430999756,573600
2005-04-26,3.4905898571014404,788200
2005-04-27,3.498455047607422,534000
2005-04-28,3.539752960205078,500600
2005-04-29,3.5436859130859375,681200
2005-05-02,3.3136017322540283,1347800
2005-05-03,3.441426992416382,898000
2005-05-04,3.588916063308716,799800
2005-05-05,3.559417963027954,120000
2005-05-06,3.667576789855957,573400
2005-05-09,3.8111331462860107,558200
2005-05-10,3.7344391345977783,703200
2005-05-11,3.6990418434143066,265000
2005-05-12,3.669543743133545,325600
2005-05-13,3.6361122131347656,395800
2005-05-16,3.608581304550171,289000
2005-05-17,3.6184146404266357,213200
2005-05-18,3.669543743133545,233200
2005-05-19,3.7423059940338135,380000
2005-05-20,3.7600045204162598,322200
2005-05-23,3.748203992843628,190200
2005-05-24,3.7718029022216797,276400
2005-05-25,3.75803804397583,286800
2005-05-26,3.834733247756958,668400
2005-05-27,3.817033529281616,205800
2005-05-31,3.8838951587677,1298000
2005-06-01,3.9153599739074707,546000
2005-06-02,3.919293165206909,965800
2005-06-03,3.9055278301239014,276600
2005-06-06,3.933058500289917,470600
2005-06-07,3.8838951587677,271400
2005-06-08,3.834733247756958,504800
2005-06-09,3.8268651962280273,254400
2005-06-10,3.9232256412506104,425600
2005-06-13,3.933058500289917,251200
2005-06-14,3.980254888534546,397800
2005-06-15,4.00188684463501,290800
2005-06-16,4.0313849449157715,519800
2005-06-17,4.247703552246094,566400
2005-06-20,4.318498134613037,1145600
2005-06-21,4.100213050842285,527600
2005-06-22,4.00188684463501,642800
2005-06-23,3.9822216033935547,1055800
2005-06-24,3.995988368988037,214200
2005-06-27,3.9763221740722656,263000
2005-06-28,4.066782474517822,357800
2005-06-29,4.119879245758057,149600
2005-06-30,4.100213050842285,335800
2005-07-01,4.188706398010254,322400
2005-07-05,4.169042110443115,366000
2005-07-06,4.005819797515869,455000
2005-07-07,3.9900882244110107,436400
2005-07-08,4.066782474517822,498400
2005-07-11,4.068748950958252,287600
2005-07-12,4.047118186950684,86200
2005-07-13,4.080548286437988,146200
2005-07-14,4.283100128173828,1074600
2005-07-15,4.147410869598389,458600
2005-07-18,4.121845245361328,151600
2005-07-19,4.182807445526123,179600
2005-07-20,4.226072788238525,239800
2005-07-21,4.4974517822265625,661400
2005-07-22,4.65280818939209,730200
2005-07-25,4.591846466064453,493600
2005-07-26,4.631176948547363,444000
2005-07-27,4.56038236618042,471600
2005-07-28,4.542682647705078,377200
2005-07-29,4.548582553863525,412400
2005-08-01,4.450255870819092,359800
2005-08-02,4.56038236618042,325000
2005-08-03,4.562348365783691,336200
2005-08-04,4.467954635620117,188200
2005-08-05,4.41092586517334,178800
2005-08-08,4.314566135406494,354000
2005-08-09,4.405025482177734,421000
2005-08-10,4.532851219177246,306600
2005-08-11,4.51908540725708,134600
2005-08-12,4.3027663230896,428800
2005-08-15,4.159209728240967,683400
2005-08-16,4.121845245361328,575600
2005-08-17,4.123811721801758,263600
2005-08-18,3.9900882244110107,728800
2005-08-19,4.009754180908203,255000
2005-08-22,4.03925085067749,203200
2005-08-23,3.944857358932495,680800
2005-08-24,3.6577444076538086,3126200
2005-08-25,3.714773654937744,1432200
2005-08-26,3.6990418434143066,733800
2005-08-29,3.559417963027954,1286000
2005-08-30,3.7324724197387695,1303600
2005-08-31,3.7757363319396973,1890000
2005-09-01,3.752138614654541,1285000
2005-09-02,3.783601760864258,380200
2005-09-06,3.8543970584869385,1285400
2005-09-07,3.938957929611206,694000
2005-09-08,4.139544486999512,1511600
2005-09-09,4.220170974731445,2273200
2005-09-12,4.198540687561035,989600
2005-09-13,4.092347145080566,524800
2005-09-14,4.013685703277588,573800
2005-09-15,3.9822216033935547,538800
2005-09-16,4.060882568359375,396000
2005-09-19,4.056950092315674,266600
2005-09-20,3.96058988571167,624400
2005-09-21,3.9291255474090576,339400
2005-09-22,3.824899196624756,476800
2005-09-23,3.848498582839966,308400
2005-09-26,3.944857358932495,300800
2005-09-27,3.952723741531372,186200
2005-09-28,3.935025453567505,190600
2005-09-29,3.968456506729126,380800
2005-09-30,4.092347145080566,665800
2005-10-03,4.157242774963379,593200
2005-10-04,4.198540687561035,566800
2005-10-05,4.188706398010254,829400
2005-10-06,4.015653133392334,1069800
2005-10-07,3.9999210834503174,710800
2005-10-10,4.0313849449157715,145400
2005-10-11,4.025486469268799,221000
2005-10-12,3.9881203174591064,517200
2005-10-13,3.952723741531372,204600
2005-10-14,4.04121732711792,425200
2005-10-17,4.10807991027832,386400
2005-10-18,4.084481716156006,300600
2005-10-19,4.100213050842285,364800
2005-10-20,3.966488838195801,366600
2005-10-21,4.009754180908203,232600
2005-10-24,4.033350944519043,166800
2005-10-25,3.992053508758545,320800
2005-10-26,3.9881203174591064,144400
2005-10-27,3.9173264503479004,161800
2005-10-28,3.895693778991699,420600
2005-10-31,4.003852844238281,663200
2005-11-01,4.013685703277588,296200
2005-11-02,4.00188684463501,345800
2005-11-03,4.045150279998779,433000
2005-11-04,3.994020700454712,246600
2005-11-07,3.98418927192688,250400
2005-11-08,3.95469069480896,191600
2005-11-09,3.9232256412506104,84200
2005-11-10,3.9979543685913086,191400
2005-11-11,3.925192356109619,428600
2005-11-14,3.8976612091064453,213800
2005-11-15,3.952723741531372,225000
2005-11-16,3.956657886505127,108600
2005-11-17,3.95469069480896,271600
2005-11-18,4.021551132202148,202200
2005-11-21,4.080548286437988,165800
2005-11-22,4.094313144683838,157000
2005-11-23,4.076615810394287,403600
2005-11-25,4.176907539367676,167600
2005-11-28,4.220170974731445,767000
2005-11-29,4.224103927612305,147600
2005-11-30,4.342097282409668,533200
2005-12-01,4.367661952972412,376800
2005-12-02,4.393226623535156,371400
2005-12-05,4.428625106811523,517800
2005-12-06,4.564314365386963,650200
2005-12-07,4.611511707305908,648800
2005-12-08,4.629210472106934,494800
2005-12-09,4.802264213562012,868400
2005-12-12,4.9104228019714355,898400
2005-12-13,5.014649868011475,1190000
2005-12-14,4.896657943725586,844400
2005-12-15,4.694106101989746,1042000
2005-12-16,4.650842189788818,573200
2005-12-19,4.875026226043701,854200
2005-12-20,4.817996501922607,271400
2005-12-21,4.737369060516357,617000
2005-12-22,4.73343563079834,528200
2005-12-23,4.73146915435791,378000
2005-12-27,4.648876190185547,153800
2005-12-28,4.688206195831299,240400
2005-12-29,4.70787239074707,189600
2005-12-30,4.692138671875,218600
2006-01-03,4.847494602203369,635400
2006-01-04,5.032347202301025,2260600
2006-01-05,4.906490802764893,1089400
2006-01-06,5.032347202301025,560600
2006-01-09,5.112975120544434,475800
2006-01-10,5.050046920776367,456200
2006-01-11,5.354859352111816,985400
2006-01-12,5.211302757263184,341200
2006-01-13,5.193603515625,388800
2006-01-17,5.034315586090088,419800
2006-01-18,4.963520050048828,488400
2006-01-19,5.221134185791016,580000
2006-01-20,5.1641058921813965,675000
2006-01-23,5.1641058921813965,364800
2006-01-24,5.152307510375977,306200
2006-01-25,5.238834857940674,309400
2006-01-26,5.268331050872803,282000
2006-01-27,5.319461345672607,556400
2006-01-30,5.457118034362793,305200
2006-01-31,5.443353176116943,1348400
2006-02-01,5.4551520347595215,326200
2006-02-02,5.478749752044678,898600
2006-02-03,5.388289928436279,338200
2006-02-06,5.506282806396484,611800
2006-02-07,5.350925922393799,439000
2006-02-08,5.187704086303711,609200
2006-02-09,5.221134185791016,486400
2006-02-10,5.215236186981201,306400
2006-02-13,5.175905704498291,234000
2006-02-14,5.142473220825195,280200
2006-02-15,5.170005798339844,242600
2006-02-16,5.258498668670654,351400
2006-02-17,5.254566669464111,140400
2006-02-21,5.193603515625,177600
2006-02-22,5.132641315460205,221000
2006-02-23,5.191636085510254,285600
2006-02-24,5.252598762512207,193200
2006-02-27,5.256532192230225,455000
2006-02-28,5.122808456420898,274400
2006-03-01,5.337160110473633,288800
2006-03-02,5.407956123352051,407600
2006-03-03,5.409921646118164,569600
2006-03-06,5.337160110473633,131400
2006-03-07,5.221134185791016,1049600
2006-03-08,5.195570468902588,344400
2006-03-09,5.209335803985596,410800
2006-03-10,5.229001045227051,406000
2006-03-13,5.187704086303711,399600
2006-03-14,5.268331050872803,439800
2006-03-15,5.280131816864014,395200
2006-03-16,5.417787551879883,871800
2006-03-17,5.803228855133057,971200
2006-03-20,5.972350120544434,521000
2006-03-21,5.83469295501709,549600
2006-03-22,5.88778829574585,448400
2006-03-23,6.196533679962158,1209600
2006-03-24,5.9979143142700195,844000
2006-03-27,6.064777374267578,719200
2006-03-28,5.919252395629883,551800
2006-03-29,5.97824764251709,297200
2006-03-30,5.848459243774414,574200
2006-03-31,5.960550308227539,602000
2006-04-03,5.990048885345459,502400
2006-04-04,6.121804714202881,399800
2006-04-05,6.009714126586914,630600
2006-04-06,6.125738620758057,336200
2006-04-07,6.151303768157959,355800
2006-04-10,6.216197490692139,334600
2006-04-11,6.131639003753662,661200
2006-04-12,6.528878211975098,832800
2006-04-13,6.375488758087158,419200
2006-04-17,6.351889610290527,234800
2006-04-18,6.60753870010376,847000
2006-04-19,6.688165664672852,257400
2006-04-20,6.7451958656311035,241600
2006-04-21,6.802225112915039,633400
2006-04-24,6.640969276428223,339600
2006-04-25,6.686197757720947,143400
2006-04-26,6.920217514038086,221000
2006-04-27,6.798292636871338,164600
2006-04-28,6.784524917602539,254600
2006-05-01,7.032308578491211,948400
2006-05-02,7.140467643737793,1535200
2006-05-03,7.0952372550964355,1219800
2006-05-04,6.943813323974609,1008800
2006-05-05,6.7274956703186035,951800
2006-05-08,7.103105545043945,1636600
2006-05-09,7.502308368682861,524200
2006-05-10,7.527872562408447,536800
2006-05-11,7.331221580505371,551200
2006-05-12,7.226994037628174,1565200
2006-05-15,6.823856353759766,1205600
2006-05-16,6.859254837036133,897000
2006-05-17,6.489546298980713,2018800
2006-05-18,6.434484958648682,530600
2006-05-19,6.546575546264648,469200
2006-05-22,5.934986591339111,2362600
2006-05-23,6.285029411315918,1860800
2006-05-24,5.6754045486450195,1894400
2006-05-25,5.9979143142700195,2020400
2006-05-26,6.235865116119385,1577400
2006-05-30,6.005781173706055,1641200
2006-05-31,6.068709373474121,628400
2006-06-01,6.292893886566162,1185000
2006-06-02,6.460048675537109,877400
2006-06-05,6.281094074249268,474600
2006-06-06,6.037245750427246,827000
2006-06-07,5.7855305671691895,1220200
2006-06-08,5.663603782653809,1310400
2006-06-09,5.645906448364258,906400
2006-06-12,5.539712429046631,418000
2006-06-13,5.4964494705200195,720200
2006-06-14,5.567244529724121,902600
2006-06-15,6.011679172515869,1205200
2006-06-16,6.198500156402588,1039400
2006-06-19,6.029379844665527,825000
2006-06-20,6.169001579284668,1303800
2006-06-21,6.320425987243652,786200
2006-06-22,6.165070056915283,522800
2006-06-23,6.098208427429199,179600
2006-06-26,6.037245750427246,620800
2006-06-27,5.931053638458252,419400
2006-06-28,5.899587631225586,758200
2006-06-29,6.332223415374756,1652200
2006-06-30,6.312558174133301,396400
2006-07-03,6.505279064178467,469800
2006-07-05,6.261427879333496,608600
2006-07-06,6.399085998535156,244200
2006-07-07,6.3066582679748535,629800
2006-07-10,6.253562927246094,435400
2006-07-11,6.316492557525635,372200
2006-07-12,6.170969486236572,199400
2006-07-13,5.97824764251709,1357800
2006-07-14,5.962517261505127,739400
2006-07-17,6.023479461669922,350000
2006-07-18,6.068709373474121,508000
2006-07-19,6.420719146728516,1125600
2006-07-20,6.167037010192871,485200
2006-07-21,6.207607269287109,419400
2006-07-24,6.491616249084473,676000
2006-07-25,6.459158897399902,547800
2006-07-26,6.5017595291137695,268600
2006-07-27,6.524075031280518,383000
2006-07-28,6.810111999511719,344000
2006-07-31,6.761424541473389,308600
2006-08-01,6.716796398162842,430200
2006-08-02,7.0920915603637695,653000
2006-08-03,6.956174373626709,746000
2006-08-04,7.065718650817871,422800
2006-08-07,7.086006164550781,285800
2006-08-08,6.917628765106201,323000
2006-08-09,7.061661720275879,245800
2006-08-10,7.0231170654296875,310200
2006-08-11,7.05963134765625,177200
2006-08-14,7.100205421447754,161000
2006-08-15,7.221923828125,322600
2006-08-16,7.309154987335205,339000
2006-08-17,7.305095672607422,257400
2006-08-18,7.29901123046875,92400
2006-08-21,7.230038166046143,475600
2006-08-22,7.191494464874268,250800
2006-08-23,6.958200931549072,457000
2006-08-24,6.917628765106201,426400
2006-08-25,6.978488445281982,288600
2006-08-28,7.006889343261719,350200
2006-08-29,7.244239807128906,476000
2006-08-30,7.161065578460693,467600
2006-08-31,7.098177433013916,132600
2006-09-01,7.130636215209961,444200
2006-09-05,7.266555309295654,310400
2006-09-06,7.154979705810547,648200
2006-09-07,7.039348125457764,291600
2006-09-08,7.10223388671875,472800
2006-09-11,6.935886859893799,458200
2006-09-12,6.917628765106201,558600
2006-09-13,7.029204368591309,408200
2006-09-14,6.988631725311279,331400
2006-09-15,7.100205421447754,492400
2006-09-18,7.27263879776001,323000
2006-09-19,7.175265789031982,723800
2006-09-20,7.27263879776001,472400
2006-09-21,7.2584404945373535,510400
2006-09-22,7.154979705810547,258800
2006-09-25,7.252353191375732,283400
2006-09-26,7.270609378814697,370000
2006-09-27,7.359869956970215,344400
2006-09-28,7.416671276092529,210400
2006-09-29,7.335525989532471,223600
2006-10-02,7.374068737030029,321600
2006-10-03,7.3010406494140625,196200
2006-10-04,7.43493127822876,820600
2006-10-05,7.5323028564453125,640800
2006-10-06,7.455215930938721,351200
2006-10-09,7.4085588455200195,101600
2006-10-10,7.414643287658691,224000
2006-10-11,7.303067684173584,594400
2006-10-12,7.303067684173584,742400
2006-10-13,7.303067684173584,353200
2006-10-16,7.303067684173584,185200
2006-10-17,7.256412029266357,188200
2006-10-18,7.365957260131836,446200
2006-10-19,7.323354721069336,487600
2006-10-20,7.2624969482421875,236000
2006-10-23,7.230038166046143,286000
2006-10-24,7.3010406494140625,208800
2006-10-25,7.359869956970215,702000
2006-10-26,7.449131011962891,431000
2006-10-27,7.317270278930664,138400
2006-10-30,7.313211917877197,338000
2006-10-31,7.416671276092529,635000
2006-11-01,7.505932331085205,1224200
2006-11-02,7.538389205932617,1347400
2006-11-03,7.662137508392334,399200
2006-11-06,7.992803573608398,727200
2006-11-07,8.09829330444336,608800
2006-11-08,8.163209915161133,407400
2006-11-09,8.228123664855957,323800
2006-11-10,8.372159004211426,892200
2006-11-13,8.293039321899414,490000
2006-11-14,8.560819625854492,683200
2006-11-15,8.526331901550293,199800
2006-11-16,8.396500587463379,432000
2006-11-17,8.38027286529541,325200
2006-11-20,8.461418151855469,190800
2006-11-21,8.560819625854492,486600
2006-11-22,8.668335914611816,220400
2006-11-24,8.773825645446777,173000
2006-11-27,8.714995384216309,491600
2006-11-28,8.560819625854492,728400
2006-11-29,8.915830612182617,576800
2006-11-30,8.91786003112793,613800
2006-12-01,8.844827651977539,675400
2006-12-04,9.029431343078613,574200
2006-12-05,9.469645500183105,732200
2006-12-06,9.364157676696777,632200
2006-12-07,9.372269630432129,540000
2006-12-08,9.27083969116211,724400
2006-12-11,8.986830711364746,1044200
2006-12-12,8.708910942077637,995000
2006-12-13,8.818455696105957,622400
2006-12-14,8.992918014526367,553800
2006-12-15,9.264755249023438,935200
2006-12-18,9.017261505126953,1468600
2006-12-19,8.925971031188965,1201000
2006-12-20,8.82251262664795,438400
2006-12-21,8.971940994262695,550400
2006-12-22,8.988249778747559,277800
2006-12-26,9.073872566223145,208800
2006-12-27,9.265501976013184,254800
2006-12-28,9.24919319152832,344000
2006-12-29,9.296080589294434,208800
2007-01-03,9.577411651611328,902600
2007-01-04,9.285889625549316,719400
2007-01-05,9.06164264678955,446800
2007-01-08,9.092219352722168,487600
2007-01-09,8.872050285339355,875800
2007-01-10,8.623340606689453,1499400
2007-01-11,8.710999488830566,463600
2007-01-12,8.708961486816406,538400
2007-01-16,8.827201843261719,429800
2007-01-17,8.790507316589355,282000
2007-01-18,8.841472625732422,257600
2007-01-19,8.990290641784668,347800
2007-01-22,9.077950477600098,468200
2007-01-23,9.016792297363281,362000
2007-01-24,9.06164264678955,327400
2007-01-25,8.549947738647461,846200
2007-01-26,8.766044616699219,691400
2007-01-29,8.684497833251953,586200
2007-01-30,8.704885482788086,691200
2007-01-31,8.554027557373047,683800
2007-02-01,8.5275239944458,449000
2007-02-02,8.592761993408203,669000
2007-02-05,8.51121711730957,551600
2007-02-06,8.53364372253418,573000
2007-02-07,8.384819984436035,439600
2007-02-08,8.286971092224121,624200
2007-02-09,8.066798210144043,585800
2007-02-12,8.056604385375977,391800
2007-02-13,8.370551109313965,1403000
2007-02-14,8.717114448547363,1208800
2007-02-15,8.67430591583252,1886200
2007-02-16,8.829239845275879,631800
2007-02-20,8.796623229980469,612600
2007-02-21,8.794585227966309,812600
2007-02-22,8.613146781921387,1079200
2007-02-23,8.397052764892578,1618800
2007-02-26,8.378705978393555,762000
2007-02-27,7.693733215332031,1158400
2007-02-28,8.244157791137695,1733800
2007-03-01,8.10757064819336,1377800
2007-03-02,8.07291316986084,949000
2007-03-05,7.726351737976074,1162800
2007-03-06,8.164652824401855,873200
2007-03-07,8.085145950317383,844000
2007-03-08,8.305316925048828,799800
2007-03-09,8.254350662231445,803400
2007-03-12,8.372589111328125,326200
2007-03-13,8.07699203491211,863800
2007-03-14,8.254350662231445,578600
2007-03-15,8.268619537353516,391600
2007-03-16,8.189114570617676,524200
2007-03-19,8.390938758850098,606600
2007-03-20,8.405206680297852,729200
2007-03-21,8.507139205932617,769200
2007-03-22,8.715076446533203,895400
2007-03-23,8.74158000946045,1014400
2007-03-26,8.878165245056152,1052600
2007-03-27,8.64168643951416,1287400
2007-03-28,8.492866516113281,647600
2007-03-29,8.77419662475586,789400
2007-03-30,8.794585227966309,522200
2007-04-02,8.976018905639648,596400
2007-04-03,9.14114761352539,992200
2007-04-04,9.289968490600586,824800
2007-04-05,9.198229789733887,427000
2007-04-09,9.24715518951416,277200
2007-04-10,9.377626419067383,932400
2007-04-11,9.218615531921387,863200
2007-04-12,9.298120498657227,959000
2007-04-13,9.406166076660156,358200
2007-04-16,9.393937110900879,542800
2007-04-17,9.345008850097656,411000
2007-04-18,9.241040229797363,309400
2007-04-19,9.149303436279297,804800
2007-04-20,9.406166076660156,1389600
2007-04-23,9.444902420043945,1109600
2007-04-24,9.481595993041992,330400
2007-04-25,9.575373649597168,433000
2007-04-26,9.520330429077148,708400
2007-04-27,9.585565567016602,469800
2007-04-30,9.363356590270996,523400
2007-05-01,9.373551368713379,556600
2007-05-02,9.365394592285156,510800
2007-05-03,9.428593635559082,603600
2007-05-04,9.28181266784668,505000
2007-05-07,9.304237365722656,172000
2007-05-08,9.010675430297852,669000
2007-05-09,9.224729537963867,344600
2007-05-10,9.020870208740234,771600
2007-05-11,9.137069702148438,738400
2007-05-14,9.067757606506348,580200
2007-05-15,8.896512985229492,484600
2007-05-16,8.971940994262695,483600
2007-05-17,8.984175682067871,325200
2007-05-18,8.959711074829102,430600
2007-05-21,8.876127243041992,418600
2007-05-22,8.969902992248535,524000
2007-05-23,9.149303436279297,465400
2007-05-24,8.784390449523926,458200
2007-05-25,9.000483512878418,204600
2007-05-29,8.74973201751709,601800
2007-05-30,8.949518203735352,352200
2007-05-31,8.959711074829102,420800
2007-06-01,9.153380393981934,816600
2007-06-04,9.012716293334961,539800
2007-06-05,8.953597068786621,400600
2007-06-06,8.780311584472656,331600
2007-06-07,8.725271224975586,536200
2007-06-08,8.743617057800293,293000
2007-06-11,8.704885482788086,899800
2007-06-12,8.745654106140137,341800
2007-06-13,8.959711074829102,1183200
2007-06-14,8.819046974182129,366200
2007-06-15,8.949518203735352,368000
2007-06-18,8.888360023498535,306400
2007-06-19,8.804774284362793,227800
2007-06-20,8.884282112121582,260800
2007-06-21,8.898553848266602,390400
2007-06-22,8.853702545166016,697000
2007-06-25,8.721192359924316,324600
2007-06-26,8.75788688659668,259800
2007-06-27,8.753813743591309,391600
2007-06-28,8.798660278320312,411600
2007-06-29,8.786428451538086,448400
2007-07-02,8.965826988220215,502200
2007-07-03,8.990290641784668,109400
2007-07-05,9.569258689880371,1166200
2007-07-06,9.546832084655762,553600
2007-07-09,9.622260093688965,813400
2007-07-10,9.544795989990234,539400
2007-07-11,9.514217376708984,1059200
2007-07-12,10.125800132751465,980600
2007-07-13,10.521289825439453,801000
2007-07-16,10.182880401611328,496000
2007-07-17,10.076872825622559,247200
2007-07-18,9.744579315185547,756400
2007-07-19,10.193074226379395,448800
2007-07-20,10.098591804504395,513200
2007-07-23,10.19453239440918,526000
2007-07-24,10.232073783874512,1081600
2007-07-25,10.146564483642578,868400
2007-07-26,9.556331634521484,1180800
2007-07-27,9.470818519592285,540000
2007-07-30,9.917142868041992,559600
2007-07-31,9.925487518310547,820000
2007-08-01,9.495849609375,622200
2007-08-02,9.821205139160156,625000
2007-08-03,9.364455223083496,400000
2007-08-06,9.349854469299316,1073400
2007-08-07,9.66686725616455,737000
2007-08-08,9.942172050476074,842000
2007-08-09,9.52087688446045,721800
2007-08-10,9.65018367767334,498000
2007-08-13,9.539648056030273,226600
2007-08-14,9.379055976867676,467600
2007-08-15,8.780479431152344,761800
2007-08-16,8.342499732971191,1599200
2007-08-17,8.986956596374512,1317600
2007-08-20,9.037010192871094,868000
2007-08-21,9.011985778808594,423600
2007-08-22,9.422852516174316,437200
2007-08-23,9.522960662841797,561600
2007-08-24,9.960939407348633,574400
2007-08-27,9.77740478515625,748600
2007-08-28,9.26642894744873,533800
2007-08-29,9.581358909606934,524800
2007-08-30,9.552160263061523,440600
2007-08-31,9.835803985595703,558400
2007-09-04,9.898374557495117,558000
2007-09-05,9.766979217529297,344600
2007-09-06,9.877517700195312,256800
2007-09-07,9.710668563842773,312400
2007-09-10,9.62307071685791,1120400
2007-09-11,9.643928527832031,403400
2007-09-12,9.627243995666504,373600
2007-09-13,9.73569393157959,314000
2007-09-14,9.625158309936523,273000
2007-09-17,9.65018367767334,357600
2007-09-18,10.019341468811035,368200
2007-09-19,10.321756362915039,851400
2007-09-20,9.93591594696045,665000
2007-09-21,9.931745529174805,990800
2007-09-24,9.798263549804688,707000
2007-09-25,9.802435874938965,395800
2007-09-26,9.86291790008545,488400
2007-09-27,9.983884811401367,283400
2007-09-28,10.18201732635498,603400
2007-10-01,10.459407806396484,1126000
2007-10-02,11.174778938293457,1236200
2007-10-03,10.816046714782715,923600
2007-10-04,11.11012077331543,661800
2007-10-05,11.577301979064941,720000
2007-10-08,11.260289192199707,322800
2007-10-09,11.18937873840332,473600
2007-10-10,11.279057502746582,508800
2007-10-11,11.59607219696045,1286400
2007-10-12,11.78377914428711,588800
2007-10-15,11.60232925415039,1032200
2007-10-16,11.502219200134277,615200
2007-10-17,11.218573570251465,1057800
2007-10-18,10.899474143981934,1557200
2007-10-19,10.325926780700684,1062200
2007-10-22,10.302986145019531,1543200
2007-10-23,10.782676696777344,685800
2007-10-24,10.444808959960938,500200
2007-10-25,10.678399085998535,445600
2007-10-26,10.816046714782715,545000
2007-10-29,10.989157676696777,372600
2007-10-30,10.344696998596191,1375600
2007-10-31,10.063138008117676,775800
2007-11-01,10.050625801086426,696600
2007-11-02,10.38223934173584,975600
2007-11-05,10.238329887390137,443400
2007-11-06,10.615829467773438,419600
2007-11-07,10.371811866760254,577200
2007-11-08,10.163249969482422,595000
2007-11-09,9.944258689880371,611800
2007-11-12,9.583443641662598,999200
2007-11-13,9.8003511428833,838800
2007-11-14,9.518790245056152,444400
2007-11-15,9.335257530212402,441000
2007-11-16,9.29562759399414,500000
2007-11-19,9.047440528869629,640000
2007-11-20,9.007810592651367,621600
2007-11-21,8.851390838623047,636800
2007-11-23,8.863903999328613,414800
2007-11-26,8.740851402282715,1040000
2007-11-27,8.870162010192871,889000
2007-11-28,9.410338401794434,1082200
2007-11-29,9.112997055053711,977600
2007-11-30,9.07947063446045,406400
2007-12-03,9.28272533416748,851600
2007-12-04,9.345588684082031,766600
2007-12-05,9.888304710388184,1097600
2007-12-06,10.095751762390137,834800
2007-12-07,9.99726676940918,607800
2007-12-10,10.053839683532715,516600
2007-12-11,9.854776382446289,766800
2007-12-12,10.028698921203613,880800
2007-12-13,9.71647834777832,683600
2007-12-14,9.452455520629883,751000
2007-12-17,8.775633811950684,1297400
2007-12-18,9.062705993652344,502000
2007-12-19,9.045943260192871,874600
2007-12-20,9.041756629943848,580400
2007-12-21,9.144426345825195,269000
2007-12-24,9.167478561401367,152800
2007-12-26,9.048040390014648,269800
2007-12-27,8.819637298583984,289200
2007-12-28,8.884598731994629,653200
2007-12-31,8.802872657775879,579200
2008-01-02,8.70229434967041,359000
2008-01-03,8.798685073852539,270600
2008-01-04,8.771444320678711,805800
2008-01-07,9.039658546447754,612000
2008-01-08,9.018701553344727,829200
2008-01-09,9.062705993652344,782200
2008-01-10,9.24500846862793,464000
2008-01-11,8.895073890686035,396400
2008-01-14,8.760966300964355,443600
2008-01-15,8.24968147277832,556800
2008-01-16,7.9521331787109375,835200
2008-01-17,7.9207024574279785,685800
2008-01-18,8.1113862991333,844200
2008-01-22,7.8578386306762695,911400
2008-01-23,7.8892693519592285,1149800
2008-01-24,8.161674499511719,689200
2008-01-25,8.327213287353516,902800
2008-01-28,8.255966186523438,650200
2008-01-29,8.109289169311523,653400
2008-01-30,8.031758308410645,722400
2008-01-31,8.457128524780273,1268200
2008-02-01,8.754679679870605,1148400
2008-02-04,8.748394012451172,560000
2008-02-05,8.582855224609375,1642600
2008-02-06,8.64781379699707,486400
2008-02-07,8.758870124816895,591600
2008-02-08,8.740013122558594,389200
2008-02-11,8.746299743652344,514400
2008-02-12,8.978889465332031,651800
2008-02-13,9.125568389892578,367600
2008-02-14,8.838496208190918,836600
2008-02-15,9.096234321594238,423600
2008-02-19,9.215673446655273,613600
2008-02-20,9.335111618041992,574600
2008-02-21,9.165382385253906,255000
2008-02-22,9.221960067749023,646000
2008-02-25,9.36025619506836,384000
2008-02-26,9.481791496276855,996400
2008-02-27,9.534178733825684,1581800
2008-02-28,9.425216674804688,600400
2008-02-29,8.939075469970703,999600
2008-03-03,8.8070650100708,657600
2008-03-04,8.689722061157227,773800
2008-03-05,8.8070650100708,797400
2008-03-06,8.649908065795898,785000
2008-03-07,8.639433860778809,634600
2008-03-10,8.379598617553711,600000
2008-03-11,8.853164672851562,584200
2008-03-12,8.763060569763184,435800
2008-03-13,8.566091537475586,627600
2008-03-14,8.350263595581055,649200
2008-03-17,8.45084285736084,1508600
2008-03-18,8.666672706604004,1520400
2008-03-19,8.570282936096191,910600
2008-03-20,8.65200424194336,952400
2008-03-24,8.991461753845215,473400
2008-03-25,9.043848991394043,638400
2008-03-26,8.903454780578613,350200
2008-03-27,8.800780296325684,386600
2008-03-28,8.796586990356445,132000
2008-03-31,8.788206100463867,370200
2008-04-01,8.980985641479492,667000
2008-04-02,8.865739822387695,912200
2008-04-03,8.746299743652344,1308400
2008-04-04,8.643622398376465,849600
2008-04-07,8.568187713623047,455600
2008-04-08,8.469701766967773,1301000
2008-04-09,8.216155052185059,1306600
2008-04-10,8.440366744995117,805400
2008-04-11,8.304163932800293,1189400
2008-04-14,8.276922225952148,795800
2008-04-15,8.32302188873291,411800
2008-04-16,8.50741958618164,656400
2008-04-17,8.352356910705566,511400
2008-04-18,8.446651458740234,496400
2008-04-21,8.343977928161621,502200
2008-04-22,8.113479614257812,912600
2008-04-23,8.058999061584473,1074600
2008-04-24,8.017090797424316,1271800
2008-04-25,8.025471687316895,1122800
2008-04-28,8.088336944580078,520600
2008-04-29,8.12605094909668,362200
2008-04-30,8.134435653686523,448000
2008-05-01,8.18891429901123,375800
2008-05-02,8.184725761413574,356600
2008-05-05,8.149102210998535,647200
2008-05-06,8.14072036743164,279400
2008-05-07,7.8578386306762695,655200
2008-05-08,7.809643268585205,933600
2008-05-09,7.847362995147705,491400
2008-05-12,7.9416584968566895,576000
2008-05-13,7.912318706512451,503400
2008-05-14,7.903939247131348,593600
2008-05-15,7.8033576011657715,627600
2008-05-16,7.759352684020996,565200
2008-05-19,7.893462657928467,780400
2008-05-20,7.778212547302246,645800
2008-05-21,7.662963390350342,694000
2008-05-22,7.818025588989258,332200
2008-05-23,7.585434436798096,1418800
2008-05-27,7.36960506439209,819600
2008-05-28,7.218735218048096,1266200
2008-05-29,7.260643482208252,838400
2008-05-30,7.325600624084473,389000
2008-06-02,7.099294185638428,645800
2008-06-03,7.042717456817627,1183000
2008-06-04,7.157965183258057,685000
2008-06-05,7.346554756164551,505200
2008-06-06,7.011286735534668,401200
2008-06-09,7.036433219909668,575200
2008-06-10,7.028052806854248,620400
2008-06-11,6.801746368408203,658800
2008-06-12,6.705354690551758,786200
2008-06-13,6.805934906005859,818800
2008-06-16,6.7703142166137695,230400
2008-06-17,6.784981727600098,1279400
2008-06-18,6.816414833068848,599200
2008-06-19,6.916993141174316,418600
2008-06-20,6.868800163269043,506200
2008-06-23,6.87508487701416,496200
2008-06-24,6.862512111663818,309800
2008-06-25,6.810127258300781,592400
2008-06-26,6.66973352432251,612200
2008-06-27,6.694878101348877,715000
2008-06-30,6.7577409744262695,705000
2008-07-01,6.8646087646484375,959200
2008-07-02,6.701165676116943,644600
2008-07-03,6.705354690551758,196800
2008-07-07,6.749359130859375,1339800
2008-07-08,6.831080913543701,481800
2008-07-09,6.734691143035889,556200
2008-07-10,6.852035045623779,409000
2008-07-11,7.047844409942627,856400
2008-07-14,6.991024494171143,456600
2008-07-15,6.798711776733398,827600
2008-07-16,6.715667247772217,1280600
2008-07-17,6.604213714599609,1174600
2008-07-18,6.547392845153809,868000
2008-07-21,6.709111213684082,759600
2008-07-22,7.366908550262451,1187800
2008-07-23,7.336314678192139,368600
2008-07-24,7.255455493927002,410400
2008-07-25,7.38220739364624,432000
2008-07-28,7.561407566070557,622200
2008-07-29,7.607303619384766,251200
2008-07-30,7.572336196899414,315800
2008-07-31,7.207376480102539,1150200
2008-08-01,7.233602523803711,846000
2008-08-04,7.430286884307861,1103000
2008-08-05,7.552666664123535,1319400
2008-08-06,7.441213130950928,989800
2008-08-07,7.364724159240723,1204000
2008-08-08,7.412802696228027,903000
2008-08-11,7.2838664054870605,522400
2008-08-12,6.993208885192871,664000
2008-08-13,6.840233325958252,997000
2008-08-14,6.912352085113525,1199200
2008-08-15,6.977913856506348,761400
2008-08-18,6.875200271606445,472000
2008-08-19,6.844604015350342,1211000
2008-08-20,6.912352085113525,526800
2008-08-21,7.03473424911499,529800
2008-08-22,7.447768688201904,672800
2008-08-25,7.3865790367126465,802400
2008-08-26,7.3297600746154785,404000
2008-08-27,7.4193596839904785,409600
2008-08-28,7.519886016845703,295800
2008-08-29,7.609487533569336,800800
2008-09-02,7.618228435516357,1416200
2008-09-03,7.355982303619385,725600
2008-09-04,7.019433975219727,665000
2008-09-05,7.152742862701416,555000
2008-09-08,7.203006267547607,640000
2008-09-09,6.851160526275635,639000
2008-09-10,6.886127471923828,474600
2008-09-11,6.577987194061279,1005800
2008-09-12,6.446865081787109,563200
2008-09-15,5.845886707305908,813800
2008-09-16,6.020717144012451,1065400
2008-09-17,6.0381999015808105,1324000
2008-09-18,6.217401504516602,1170400
2008-09-19,6.5605058670043945,498000
2008-09-22,6.22395658493042,349800
2008-09-23,6.186805725097656,497800
2008-09-24,6.363821029663086,599600
2008-09-25,6.586729049682617,577400
2008-09-26,6.558320045471191,421000
2008-09-29,6.088464260101318,534000
2008-09-30,6.508057117462158,598000
2008-10-01,6.3201141357421875,346600
2008-10-02,6.178065299987793,372600
2008-10-03,6.08409309387207,618400
2008-10-06,6.15184211730957,1504000
2008-10-07,6.228328227996826,869200
2008-10-08,5.027984619140625,2591600
2008-10-09,5.253713607788086,1967600
2008-10-10,5.53255558013916,1717400
2008-10-13,6.3978447914123535,426000
2008-10-14,6.78291130065918,1270800
2008-10-15,5.598945617675781,1311400
2008-10-16,5.7162346839904785,1607800
2008-10-17,5.581239700317383,582800
2008-10-20,6.256213188171387,714800
2008-10-21,6.072531700134277,905200
2008-10-22,5.545831680297852,904000
2008-10-23,5.76934814453125,1030600
2008-10-24,4.831026077270508,1250200
2008-10-27,4.4348955154418945,891600
2008-10-28,4.4437479972839355,1544600
2008-10-29,4.222445487976074,1323400
2008-10-30,4.634068012237549,1226400
2008-10-31,4.4348955154418945,1383400
2008-11-03,4.3862080574035645,723800
2008-11-04,4.689392566680908,1272200
2008-11-05,4.445959568023682,1291600
2008-11-06,4.492433547973633,1415800
2008-11-07,4.959381580352783,621000
2008-11-10,4.950529098510742,591600
2008-11-11,4.700456142425537,805200
2008-11-12,4.439321517944336,1352400
2008-11-13,4.530054569244385,1181000
2008-11-14,4.457025527954102,1289000
2008-11-17,4.33973503112793,686000
2008-11-18,4.156054973602295,1364200
2008-11-19,4.029911994934082,1036800
2008-11-20,3.830740451812744,1170400
2008-11-21,3.976799249649048,1004600
2008-11-24,4.220231533050537,984200
2008-11-25,3.992291212081909,834600
2008-11-26,4.251214504241943,936200
2008-11-28,4.233510494232178,216800
2008-12-01,4.071959018707275,543000
2008-12-02,4.178184986114502,1002600
2008-12-03,4.37735652923584,1173800
2008-12-04,4.266706466674805,477600
2008-12-05,4.676115036010742,695800
2008-12-08,5.065607070922852,1403200
2008-12-09,5.35993766784668,1166400
2008-12-10,5.590092658996582,700800
2008-12-11,5.247073650360107,1511400
2008-12-12,5.384282112121582,269800
2008-12-15,5.727298736572266,654400
2008-12-16,5.727298736572266,752200
2008-12-17,5.822460174560547,937800
2008-12-18,5.379855155944824,1008000
2008-12-19,5.401987075805664,850000
2008-12-22,5.561323642730713,990000
2008-12-23,5.371004104614258,717000
2008-12-24,5.344447612762451,298400
2008-12-26,5.335597038269043,490600
2008-12-29,5.337808132171631,496400
2008-12-30,5.459524631500244,446600
2008-12-31,5.534768581390381,323800
2009-01-02,5.638779163360596,430400
2009-01-05,5.853443145751953,1297200
2009-01-06,5.778200626373291,886000
2009-01-07,5.665335655212402,703600
2009-01-08,5.696317672729492,841000
2009-01-09,5.64763069152832,475600
2009-01-12,5.3643646240234375,585000
2009-01-13,5.351086616516113,575200
2009-01-14,5.109867095947266,1403600
2009-01-15,5.103227138519287,656200
2009-01-16,5.162978649139404,357200
2009-01-20,4.890776634216309,415600
2009-01-21,5.12978458404541,575400
2009-01-22,4.997002601623535,418800
2009-01-23,5.052329063415527,285400
2009-01-26,5.1120805740356445,272800
2009-01-27,5.089949607849121,403400
2009-01-28,5.176257133483887,702600
2009-01-29,4.906269073486328,422400
2009-01-30,4.848729133605957,406200
2009-02-02,4.468090057373047,790000
2009-02-03,4.507925510406494,856600
2009-02-04,4.631854057312012,772600
2009-02-05,4.8243865966796875,426200
2009-02-06,4.941677093505859,415600
2009-02-09,4.912909507751465,601000
2009-02-10,4.718161582946777,827800
2009-02-11,4.859795570373535,595200
2009-02-12,4.87528657913208,408400
2009-02-13,4.850943565368652,370800
2009-02-17,4.574315071105957,458200
2009-02-18,4.680540561676025,526400
2009-02-19,4.709310054779053,368400
2009-02-20,4.5920209884643555,575400
2009-02-23,4.605298042297363,584000
2009-02-24,4.915121555328369,436800
2009-02-25,4.835452556610107,339800
2009-02-26,4.795618534088135,424600
2009-02-27,4.713735103607178,767800
2009-03-02,4.468090057373047,314200
2009-03-03,4.536693572998047,335000
2009-03-04,4.707096576690674,911200
2009-03-05,4.572103023529053,265400
2009-03-06,4.662836074829102,332200
2009-03-09,4.549971580505371,351000
2009-03-10,4.864221096038818,441600
2009-03-11,4.815535545349121,432800
2009-03-12,4.948315620422363,854000
2009-03-13,4.935037136077881,274600
2009-03-16,4.848729133605957,273200
2009-03-17,4.877501010894775,373000
2009-03-18,4.939464569091797,347600
2009-03-19,5.036838531494141,546400
2009-03-20,5.178470134735107,364400
2009-03-23,5.793690204620361,659600
2009-03-24,5.705170631408691,1047400
2009-03-25,5.607795715332031,613600
2009-03-26,5.638779163360596,359600
2009-03-27,5.837950229644775,405800
2009-03-30,5.550258159637451,494200
2009-03-31,5.687465667724609,385000
2009-04-01,5.733939170837402,672200
2009-04-02,5.775986194610596,1694200
2009-04-03,5.7073822021484375,966800
2009-04-06,5.751643180847168,391400
2009-04-07,5.517062664031982,594200
2009-04-08,5.574602127075195,870800
2009-04-09,5.674188137054443,947800
2009-04-13,5.928685188293457,802600
2009-04-14,5.997288227081299,738400
2009-04-15,6.101300239562988,1685800
2009-04-16,6.315964698791504,1132000
2009-04-17,6.231869220733643,571800
2009-04-20,6.052615165710449,713600
2009-04-21,6.037123680114746,363400
2009-04-22,5.9950761795043945,643200
2009-04-23,5.97515869140625,593400
2009-04-24,5.990649223327637,600000
2009-04-27,5.891063690185547,785600
2009-04-28,6.214164733886719,614000
2009-04-29,6.296047210693359,408200
2009-04-30,6.360225200653076,409200
2009-05-01,6.413336277008057,346400
2009-05-04,6.729798793792725,316600
2009-05-05,6.4443182945251465,519600
2009-05-06,6.616936683654785,999000
2009-05-07,6.446532249450684,468400
2009-05-08,6.53062629699707,903200
2009-05-11,6.273914813995361,693200
2009-05-12,6.307111740112305,824800
2009-05-13,6.125643730163574,1070000
2009-05-14,5.96851921081543,783200
2009-05-15,5.919833183288574,923000
2009-05-18,6.33588171005249,2074200
2009-05-19,6.327029228210449,265600
2009-05-20,6.300472736358643,310400
2009-05-21,6.061466693878174,575800
2009-05-22,6.28719425201416,373600
2009-05-26,6.481940269470215,344200
2009-05-27,6.384566307067871,596000
2009-05-28,6.470874309539795,575800
2009-05-29,6.54611873626709,434800
2009-06-01,6.769632816314697,440200
2009-06-02,6.687751770019531,338200
2009-06-03,6.579312801361084,443000
2009-06-04,6.855941295623779,290000
2009-06-05,6.915692329406738,533000
2009-06-08,6.7784857749938965,759200
2009-06-09,6.909052848815918,162600
2009-06-10,6.824958801269531,426200
2009-06-11,6.793976306915283,507200
2009-06-12,6.840450286865234,319000
2009-06-15,6.692178249359131,296200
2009-06-16,6.625786781311035,562400
2009-06-17,6.4863667488098145,312400
2009-06-18,6.4398932456970215,599000
2009-06-19,6.47751522064209,374800
2009-06-22,6.3801422119140625,532600
2009-06-23,6.28719425201416,520200
2009-06-24,6.366862773895264,665200
2009-06-25,6.712094783782959,392600
2009-06-26,6.672260284423828,422600
2009-06-29,6.605868816375732,737400
2009-06-30,6.634637832641602,850600
2009-07-01,7.015279769897461,1196600
2009-07-02,7.026344299316406,431800
2009-07-06,7.29633092880249,579600
2009-07-07,7.353000640869141,752400
2009-07-08,7.375941753387451,1113000
2009-07-09,7.313998222351074,805400
2009-07-10,7.199287414550781,416200
2009-07-13,7.2015814781188965,431800
2009-07-14,7.288760662078857,175600
2009-07-15,7.433296203613281,313000
2009-07-16,7.226815700531006,513600
2009-07-17,7.38282585144043,378600
2009-07-20,7.479182243347168,371800
2009-07-21,7.637483596801758,590000
2009-07-22,7.4608283042907715,242200
2009-07-23,7.754489421844482,758400
2009-07-24,7.940321445465088,383800
2009-07-27,8.009147644042969,251200
2009-07-28,8.139920234680176,398600
2009-07-29,8.10321044921875,324400
2009-07-30,8.24316120147705,771200
2009-07-31,8.10321044921875,635200
2009-08-03,8.14680290222168,535800
2009-08-04,8.137626647949219,344200
2009-08-05,8.064212799072266,528000
2009-08-06,7.96326208114624,664000
2009-08-07,8.10091781616211,501200
2009-08-10,8.240867614746094,420600
2009-08-11,7.899025917053223,1054000
2009-08-12,7.830199718475342,469800
2009-08-13,7.912793159484863,593600
2009-08-14,7.899025917053223,308600
2009-08-17,7.639777660369873,293000
2009-08-18,7.665016174316406,597600
2009-08-19,7.557186126708984,546200
2009-08-20,7.570950984954834,878200
2009-08-21,7.596187591552734,834200
2009-08-24,7.648952960968018,377400
2009-08-25,7.743019104003906,839600
2009-08-26,7.754489421844482,843600
2009-08-27,7.775136947631836,2481600
2009-08-28,7.804962635040283,710200
2009-08-31,7.463123798370361,895400
2009-09-01,7.453944206237793,673400
2009-09-02,7.4608283042907715,377800
2009-09-03,7.614541053771973,802000
2009-09-04,7.623718738555908,306200
2009-09-08,7.681074619293213,603200
2009-09-09,7.694841384887695,226800
2009-09-10,7.853140354156494,366400
2009-09-11,7.7567853927612305,133000
2009-09-14,7.637483596801758,392000
2009-09-15,7.770547866821289,227400
2009-09-16,7.857729434967041,433800
2009-09-17,7.942615509033203,508200
2009-09-18,7.924262523651123,812600
2009-09-21,7.9288506507873535,316800
2009-09-22,7.999971389770508,278800
2009-09-23,7.901319980621338,345200
2009-09-24,8.123859405517578,1018800
2009-09-25,8.098623275756836,645400
2009-09-28,8.009147644042969,540600
2009-09-29,8.068799018859863,652800
2009-09-30,8.190394401550293,775000
2009-10-01,8.075682640075684,264800
2009-10-02,7.965559005737305,1087800
2009-10-05,8.07338809967041,564400
2009-10-06,8.318869590759277,785600
2009-10-07,8.316576957702637,239800
2009-10-08,8.399168014526367,527400
2009-10-09,8.362460136413574,373600
2009-10-12,8.362460136413574,235600
2009-10-13,8.474875450134277,418000
2009-10-14,8.5047025680542,390800
2009-10-15,8.484054565429688,398800
2009-10-16,8.339515686035156,327600
2009-10-19,8.447347640991211,252600
2009-10-20,8.334929466247559,786400
2009-10-21,8.367048263549805,563400
2009-10-22,8.344106674194336,308400
2009-10-23,8.279868125915527,204800
2009-10-26,8.14680290222168,578400
2009-10-27,8.066503524780273,462800
2009-10-28,7.804962635040283,643000
2009-10-29,7.853140354156494,840200
2009-10-30,7.779727935791016,684800
2009-11-02,7.933441162109375,527200
2009-11-03,8.013737678527832,402000
2009-11-04,8.14450740814209,510800
2009-11-05,8.419816017150879,601200
2009-11-06,8.484054565429688,316400
2009-11-09,8.580411911010742,262800
2009-11-10,8.557469367980957,197600
2009-11-11,8.598764419555664,271400
2009-11-12,8.541410446166992,164400
2009-11-13,8.598764419555664,107000
2009-11-16,8.706595420837402,264200
2009-11-17,8.720358848571777,203000
2009-11-18,8.855720520019531,747400
2009-11-19,8.75247859954834,1019000
2009-11-20,8.78918743133545,625000
2009-11-23,8.780010223388672,528800
2009-11-24,8.773127555847168,424000
2009-11-25,8.874073028564453,242200
2009-11-27,8.59646987915039,399000
2009-11-30,8.757064819335938,246600
2009-12-01,8.835068702697754,324200
2009-12-02,8.839659690856934,303800
2009-12-03,8.924545288085938,297800
2009-12-04,9.094317436218262,336400
2009-12-07,9.096611022949219,263800
2009-12-08,9.016314506530762,169200
2009-12-09,9.000900268554688,159400
2009-12-10,9.214876174926758,266000
2009-12-11,9.46336841583252,260000
2009-12-14,9.352930068969727,262800
2009-12-15,9.32071590423584,307800
2009-12-16,9.435758590698242,271400
2009-12-17,9.560004234313965,348800
2009-12-18,9.518588066101074,482200
2009-12-21,9.21257495880127,494200
2009-12-22,9.421953201293945,180200
2009-12-23,9.327618598937988,184000
2009-12-24,9.355229377746582,134200
2009-12-28,9.316115379333496,474800
2009-12-29,9.295408248901367,372200
2009-12-30,9.253992080688477,404200
2009-12-31,9.191868782043457,161000
2010-01-04,9.431157112121582,898000
2010-01-05,9.401246070861816,462200
2010-01-06,9.39664363861084,333000
2010-01-07,9.21947956085205,675600
2010-01-08,9.313811302185059,261400
2010-01-11,9.350627899169922,540200
2010-01-12,9.449563026428223,471400
2010-01-13,9.398944854736328,338800
2010-01-14,9.362131118774414,173200
2010-01-15,9.334521293640137,426400
2010-01-19,9.369035720825195,419400
2010-01-20,9.166561126708984,443400
2010-01-21,9.127446174621582,468400
2010-01-22,8.984793663024902,344800
2010-01-25,9.030808448791504,159200
2010-01-26,8.996297836303711,251800
2010-01-27,9.106739044189453,371600
2010-01-28,9.180363655090332,361400
2010-01-29,9.111337661743164,544600
2010-02-01,9.214876174926758,250200
2010-02-02,9.233283996582031,210400
2010-02-03,9.152754783630371,128000
2010-02-04,8.874353408813477,366200
2010-02-05,8.658073425292969,460400
2010-02-08,8.568339347839355,280600
2010-02-09,8.609753608703613,397000
2010-02-10,8.543030738830566,458800
2010-02-11,8.674179077148438,226600
2010-02-12,8.554534912109375,233200
2010-02-16,8.708690643310547,441600
2010-02-17,8.628162384033203,321000
2010-02-18,8.58444595336914,382600
2010-02-19,8.494712829589844,193600
2010-02-22,8.430291175842285,251000
2010-02-23,8.306044578552246,304800
2010-02-24,8.379671096801758,163800
2010-02-25,8.20020580291748,317000
2010-02-26,8.2692289352417,210200
2010-03-01,8.218613624572754,322600
2010-03-02,8.391176223754883,450600
2010-03-03,8.161092758178711,740600
2010-03-04,8.16799259185791,684200
2010-03-05,8.324450492858887,707000
2010-03-08,8.605155944824219,2025400
2010-03-09,8.743204116821289,1377800
2010-03-10,8.67878246307373,273200
2010-03-11,8.697189331054688,508000
2010-03-12,8.526925086975098,557000
2010-03-15,8.460200309753418,269400
2010-03-16,8.474006652832031,309800
2010-03-17,8.70409107208252,392400
2010-03-18,8.24392318725586,2507200
2010-03-19,8.193304061889648,1094000
2010-03-22,8.029945373535156,967000
2010-03-23,8.050651550292969,521000
2010-03-24,8.144986152648926,347000
2010-03-25,8.191001892089844,1055200
2010-03-26,8.094367027282715,554000
2010-03-29,8.112773895263672,453200
2010-03-30,8.144986152648926,545200
2010-03-31,8.227815628051758,478800
2010-04-01,8.294539451599121,1414200
2010-04-05,8.467103004455566,307000
2010-04-06,8.354364395141602,212800
2010-04-07,8.25772762298584,585000
2010-04-08,8.211709022521973,242200
2010-04-09,8.292240142822266,206000
2010-04-12,8.283036231994629,319800
2010-04-13,8.184100151062012,338400
2010-04-14,8.246222496032715,632800
2010-04-15,8.31985092163086,579800
2010-04-16,8.188702583312988,751600
2010-04-19,8.112773895263672,503800
2010-04-20,8.16799259185791,555600
2010-04-21,8.207106590270996,359000
2010-04-22,8.184100151062012,163800
2010-04-23,8.262328147888184,138600
2010-04-26,8.055252075195312,397000
2010-04-27,7.917200565338135,411200
2010-04-28,7.86658239364624,296000
2010-04-29,7.9747233390808105,388800
2010-04-30,7.988528728485107,353400
2010-05-03,8.188702583312988,314600
2010-05-04,7.880388259887695,815600
2010-05-05,7.666409492492676,633400
2010-05-06,7.376503944396973,746000
2010-05-07,7.530660629272461,864800
2010-05-10,7.903397083282471,699400
2010-05-11,7.8228678703308105,363200
2010-05-12,7.804460525512695,593000
2010-05-13,7.753840923309326,447600
2010-05-14,7.689419269561768,303600
2010-05-17,7.661808490753174,315200
2010-05-18,7.6572065353393555,313000
2010-05-19,7.585880756378174,283600
2010-05-20,7.374203681945801,1050000
2010-05-21,7.445529460906982,549400
2010-05-24,7.079695224761963,614400
2010-05-25,7.245354652404785,1182600
2010-05-26,7.528359889984131,2081200
2010-05-27,7.714727401733398,935200
2010-05-28,7.622693061828613,1947400
2010-06-01,7.503049373626709,962600
2010-06-02,7.919501304626465,437600
2010-06-03,8.006935119628906,1202600
2010-06-04,7.730834007263184,557600
2010-06-07,7.5927839279174805,320400
2010-06-08,7.838973522186279,461800
2010-06-09,7.832071304321289,322600
2010-06-10,7.855079174041748,368200
2010-06-11,7.947112560272217,234000
2010-06-14,7.967822074890137,235000
2010-06-15,8.105871200561523,355600
2010-06-16,8.043747901916504,122200
2010-06-17,8.064455032348633,223800
2010-06-18,8.170295715332031,279000
2010-06-21,8.011537551879883,884000
2010-06-22,8.082863807678223,309800
2010-06-23,8.163392066955566,298400
2010-06-24,8.078262329101562,159200
2010-06-25,8.085163116455078,336400
2010-06-28,8.154189109802246,219400
2010-06-29,7.926405906677246,758600
2010-06-30,7.875785827636719,480600
2010-07-01,7.935610771179199,614800
2010-07-02,7.889591217041016,595400
2010-07-06,8.03454303741455,477200
2010-07-07,8.160605430603027,412200
2010-07-08,8.19152545928955,407400
2010-07-09,8.265259742736816,168600
2010-07-12,8.284286499023438,188200
2010-07-13,8.32472038269043,910800
2010-07-14,8.346126556396484,854000
2010-07-15,8.391318321228027,380400
2010-07-16,8.374670028686523,448200
2010-07-19,8.441267013549805,550400
2010-07-20,8.562569618225098,909400
2010-07-21,8.51500129699707,517000
2010-07-22,8.712414741516113,1071600
2010-07-23,8.567328453063965,562200
2010-07-26,8.631547927856445,717800
2010-07-27,8.643439292907715,362000
2010-07-28,8.688630104064941,995200
2010-07-29,8.655329704284668,440200
2010-07-30,8.92885971069336,612400
2010-08-02,9.031131744384766,393800
2010-08-03,8.717172622680664,898800
2010-08-04,8.74571418762207,850800
2010-08-05,8.767121315002441,316200
2010-08-06,8.938372611999512,257600
2010-08-09,9.173843383789062,669200
2010-08-10,9.012106895446777,606600
2010-08-11,8.919343948364258,710200
2010-08-12,8.876532554626465,219400
2010-08-13,9.03589153289795,227200
2010-08-16,9.112003326416016,238000
2010-08-17,9.164328575134277,200000
2010-08-18,9.226168632507324,530800
2010-08-19,9.368879318237305,510600
2010-08-20,9.307036399841309,515000
2010-08-23,9.288010597229004,370200
2010-08-24,9.259467124938965,476200
2010-08-25,9.404556274414062,472000
2010-08-26,9.41882610321045,113600
2010-08-27,9.376011848449707,283600
2010-08-30,9.22378921508789,435800
2010-08-31,9.276119232177734,642000
2010-09-01,9.601970672607422,351000
2010-09-02,9.480666160583496,315800
2010-09-03,9.587700843811035,213400
2010-09-07,9.494938850402832,387000
2010-09-08,9.59483528137207,197000
2010-09-09,9.587700843811035,423000
2010-09-10,9.789871215820312,368800
2010-09-13,9.91831111907959,343800
2010-09-14,9.880254745483398,425600
2010-09-15,10.006314277648926,546400
2010-09-16,9.8136568069458,476800
2010-09-17,9.768465042114258,296400
2010-09-20,9.958745002746582,413800
2010-09-21,9.644783973693848,633400
2010-09-22,9.528236389160156,341400
2010-09-23,9.383149147033691,476000
2010-09-24,9.630513191223145,485800
2010-09-27,9.644783973693848,551000
2010-09-28,9.787493705749512,729800
2010-09-29,9.920689582824707,787600
2010-09-30,9.820793151855469,555600
2010-10-01,10.015829086303711,305800
2010-10-04,10.168050765991211,395800
2010-10-05,10.405901908874512,364800
2010-10-06,10.237028121948242,510000
2010-10-07,9.951608657836914,556600
2010-10-08,9.816034317016602,664400
2010-10-11,9.82317066192627,235400
2010-10-12,9.801764488220215,336200
2010-10-13,9.797009468078613,566600
2010-10-14,9.718517303466797,750800
2010-10-15,9.744680404663086,622200
2010-10-18,9.7351655960083,273600
2010-10-19,9.604348182678223,565800
2010-10-20,9.827929496765137,425800
2010-10-21,9.718517303466797,405000
2010-10-22,9.64240550994873,191000
2010-10-25,9.523480415344238,420400
2010-10-26,9.661434173583984,180600
2010-10-27,9.699490547180176,190600
2010-10-28,9.799385070800781,145400
2010-10-29,9.606728553771973,1090400
2010-11-01,9.359365463256836,938600
2010-11-02,8.881288528442383,1491600
2010-11-03,8.657709121704102,1309800
2010-11-04,8.800420761108398,937000
2010-11-05,8.484078407287598,2063000
2010-11-08,8.755228042602539,866600
2010-11-09,8.724308013916016,1035800
2010-11-10,9.02637767791748,1782800
2010-11-11,9.016861915588379,1317600
2010-11-12,8.838476181030273,1790400
2010-11-15,8.74571418762207,979000
2010-11-16,8.800420761108398,1661200
2010-11-17,8.78614616394043,1275000
2010-11-18,8.874154090881348,1388200
2010-11-19,8.905073165893555,494400
2010-11-22,8.985940933227539,1369600
2010-11-23,8.78614616394043,459600
2010-11-24,8.800420761108398,658800
2010-11-26,8.61014175415039,612400
2010-11-29,8.60300350189209,584000
2010-11-30,8.560193061828613,717000
2010-12-01,8.70052433013916,577800
2010-12-02,8.752849578857422,439200
2010-12-03,8.671980857849121,381400
2010-12-06,8.657709121704102,480800
2010-12-07,8.660088539123535,337800
2010-12-08,8.479326248168945,605200
2010-12-09,8.522136688232422,1052200
2010-12-10,8.46505069732666,1013200
2010-12-13,8.312828063964844,1126000
2010-12-14,8.253363609313965,803600
2010-12-15,8.231958389282227,462800
2010-12-16,8.155847549438477,615000
2010-12-17,8.308072090148926,442800
2010-12-20,8.255743980407715,153000
2010-12-21,8.34375,442800
2010-12-22,8.331575393676758,316000
2010-12-23,8.302937507629395,121200
2010-12-27,8.329191207885742,296200
2010-12-28,8.412720680236816,301000
2010-12-29,8.484317779541016,461400
2010-12-30,8.479546546936035,265800
2010-12-31,8.508187294006348,98200
2011-01-03,8.58932876586914,216200
2011-01-04,8.469999313354492,649600
2011-01-05,8.54875373840332,339000
2011-01-06,8.128718376159668,512600
2011-01-07,7.765955448150635,1011800
2011-01-10,7.734930515289307,1471200
2011-01-11,7.677651882171631,1303200
2011-01-12,8.028481483459473,906200
2011-01-13,7.873350620269775,1145000
2011-01-14,8.011775016784668,911800
2011-01-18,8.109624862670898,566400
2011-01-19,8.054733276367188,565400
2011-01-20,8.030867576599121,795800
2011-01-21,7.947336673736572,841600
2011-01-24,8.133490562438965,514600
2011-01-25,8.200315475463867,1060000
2011-01-26,8.195541381835938,892000
2011-01-27,8.114397048950195,456200
2011-01-28,7.947336673736572,876400
2011-01-31,8.02370834350586,276600
2011-02-01,8.073824882507324,253400
2011-02-02,8.138262748718262,476200
2011-02-03,8.138262748718262,123400
2011-02-04,8.214632987976074,220800
2011-02-07,8.226568222045898,290800
2011-02-08,8.30532455444336,439600
2011-02-09,8.34589672088623,393200
2011-02-10,8.154969215393066,483600
2011-02-11,8.219407081604004,343400
2011-02-14,8.069053649902344,453400
2011-02-15,8.045186042785645,615400
2011-02-16,8.02370834350586,569800
2011-02-17,8.080985069274902,582800
2011-02-18,8.121559143066406,452200
2011-02-22,7.995068550109863,745000
2011-02-23,7.978362560272217,643200
2011-02-24,7.959268569946289,657000
2011-02-25,8.090533256530762,774200
2011-02-28,8.159743309020996,370000
2011-03-01,8.0857572555542,490800
2011-03-02,8.119170188903809,557000
2011-03-03,8.09769058227539,587800
2011-03-04,7.8900580406188965,417000
2011-03-07,7.9377899169921875,207400
2011-03-08,8.069053649902344,356000
2011-03-09,8.185996055603027,533800
2011-03-10,7.940177917480469,534600
2011-03-11,8.02370834350586,382400
2011-03-14,7.95449686050415,392400
2011-03-15,7.839938640594482,291800
2011-03-16,7.555936813354492,548800
2011-03-17,7.4246745109558105,566400
2011-03-18,7.412741661071777,423400
2011-03-21,7.4199018478393555,369400
2011-03-22,7.343530178070068,730000
2011-03-23,7.467632293701172,549200
2011-03-24,7.780275821685791,598200
2011-03-25,7.794594764709473,314600
2011-03-28,7.71106481552124,377200
2011-03-29,7.720610618591309,292000
2011-03-30,7.839938640594482,459400
2011-03-31,8.014162063598633,378200
2011-04-01,8.076211929321289,377000
2011-04-04,7.990294456481934,287200
2011-04-05,7.8900580406188965,266400
2011-04-06,7.990294456481934,236600
2011-04-07,7.8876729011535645,239200
2011-04-08,7.770730018615723,667000
2011-04-11,7.785048007965088,246200
2011-04-12,7.763569355010986,157000
2011-04-13,7.763569355010986,189800
2011-04-14,7.940177917480469,289600
2011-04-15,7.949722766876221,221200
2011-04-18,7.98552131652832,277400
2011-04-19,8.302937507629395,1199800
2011-04-20,8.541598320007324,694800
2011-04-21,8.50579833984375,313600
2011-04-25,8.362603187561035,242400
2011-04-26,8.353055953979492,262000
2011-04-27,8.522505760192871,481600
2011-04-28,8.434200286865234,224600
2011-04-29,8.625125885009766,362000
2011-05-02,8.610808372497559,336000
2011-05-03,8.582168579101562,2159200
2011-05-04,8.558303833007812,697800
2011-05-05,8.400789260864258,1329800
2011-05-06,8.43897533416748,632800
2011-05-09,8.479546546936035,310000
2011-05-10,8.512956619262695,209200
2011-05-11,8.567849159240723,501600
2011-05-12,8.617969512939453,230000
2011-05-13,8.536826133728027,553200
2011-05-16,8.517729759216309,224200
2011-05-17,8.53443717956543,289200
2011-05-18,8.6466064453125,323200
2011-05-19,8.515344619750977,734200
2011-05-20,8.458067893981934,260400
2011-05-23,8.293391227722168,1165800
2011-05-24,8.481932640075684,243000
2011-05-25,8.398402214050293,747000
2011-05-26,8.469999313354492,752600
2011-05-27,8.543983459472656,842000
2011-05-31,8.586942672729492,666400
2011-06-01,8.520118713378906,1214200
2011-06-02,8.555915832519531,540800
2011-06-03,8.522505760192871,185600
2011-06-06,8.396016120910645,365600
2011-06-07,8.34589672088623,469200
2011-06-08,8.281458854675293,719000
2011-06-09,8.264755249023438,1263400
2011-06-10,8.25759220123291,973600
2011-06-13,8.326440811157227,344000
2011-06-14,8.39355182647705,498800
2011-06-15,8.338869094848633,532600
2011-06-16,8.18476676940918,483000
2011-06-17,8.040606498718262,1039200
2011-06-20,8.048065185546875,1249400
2011-06-21,8.20465087890625,959000
2011-06-22,8.251876831054688,296000
2011-06-23,8.314013481140137,278600
2011-06-24,8.304070472717285,349800
2011-06-27,8.30655574798584,235600
2011-06-28,8.430831909179688,224200
2011-06-29,8.490485191345215,172800
2011-06-30,8.574990272521973,434400
2011-07-01,8.562565803527832,359000
2011-07-05,8.445745468139648,441200
2011-07-06,8.371180534362793,940600
2011-07-07,8.398521423339844,293000
2011-07-08,8.368694305419922,340600
2011-07-11,8.227021217346191,326000
2011-07-12,8.177310943603516,1010200
2011-07-13,8.19968032836914,339400
2011-07-14,8.251876831054688,705600
2011-07-15,8.391063690185547,358600
2011-07-18,8.318984985351562,703200
2011-07-19,8.289156913757324,578400
2011-07-20,8.286672592163086,613800
2011-07-21,8.572505950927734,383000
2011-07-22,8.71169376373291,497200
2011-07-25,8.57002067565918,405600
2011-07-26,8.61475944519043,493600
2011-07-27,8.63961410522461,449000
2011-07-28,8.547650337219238,429000
2011-07-29,8.674412727355957,481000
2011-08-01,8.756433486938477,481600
2011-08-02,8.873251914978027,960400
2011-08-03,8.952789306640625,650400
2011-08-04,8.967702865600586,1022400
2011-08-05,8.681868553161621,1567400
2011-08-08,8.19968032836914,1158200
2011-08-09,8.430831909179688,837200
2011-08-10,8.14748477935791,843200
2011-08-11,8.453200340270996,685800
2011-08-12,8.371180534362793,894400
2011-08-15,8.502912521362305,1044400
2011-08-16,8.470601081848145,613600
2011-08-17,8.495455741882324,680400
2011-08-18,8.579961776733398,1079600
2011-08-19,8.57002067565918,538200
2011-08-22,8.510369300842285,413000
2011-08-23,8.71169376373291,351800
2011-08-24,8.572505950927734,602800
2011-08-25,8.259332656860352,601000
2011-08-26,8.368694305419922,349400
2011-08-29,8.47557258605957,290000
2011-08-30,8.443259239196777,616200
2011-08-31,8.50539779663086,584800
2011-09-01,8.527769088745117,508400
2011-09-02,8.435802459716797,252800
2011-09-06,8.987585067749023,1978400
2011-09-07,9.07209300994873,1661600
2011-09-08,8.80863094329834,824200
2011-09-09,8.756433486938477,969600
2011-09-12,8.644585609436035,695000
2011-09-13,8.522798538208008,395400
2011-09-14,8.403491973876953,614600
2011-09-15,8.547650337219238,947800
2011-09-16,8.376151084899902,897000
2011-09-19,8.254361152648926,352400
2011-09-20,8.217080116271973,462200
2011-09-21,8.10771656036377,490000
2011-09-22,7.575819492340088,593800
2011-09-23,7.806971549987793,390000
2011-09-26,8.000840187072754,742800
2011-09-27,8.17233943939209,526600
2011-09-28,8.09528923034668,343600
2011-09-29,8.224536895751953,369800
2011-09-30,8.219565391540527,742200
2011-10-03,7.968528747558594,711600
2011-10-04,8.20465087890625,814600
2011-10-05,8.413434028625488,454400
2011-10-06,8.363723754882812,670800
2011-10-07,8.00829792022705,486000
2011-10-10,8.246904373168945,400200
2011-10-11,8.19222354888916,236800
2011-10-12,8.276732444763184,570200
2011-10-13,8.222051620483398,960000
2011-10-14,8.072919845581055,813600
2011-10-17,8.04309368133545,563000
2011-10-18,8.18476676940918,434400
2011-10-19,8.217080116271973,434800
2011-10-20,8.040606498718262,664000
2011-10-21,8.050548553466797,414000
2011-10-24,8.299099922180176,460200
2011-10-25,8.227021217346191,302000
2011-10-26,8.351296424865723,245200
2011-10-27,8.560078620910645,736200
2011-10-28,8.433318138122559,455600
2011-10-31,8.401007652282715,299000
2011-11-01,8.182280540466309,417400
2011-11-02,8.463144302368164,521200
2011-11-03,8.497941970825195,281000
2011-11-04,8.398521423339844,223000
2011-11-07,8.458173751831055,205400
2011-11-08,8.463144302368164,325000
2011-11-09,8.279216766357422,380400
2011-11-10,8.264305114746094,441800
2011-11-11,8.321470260620117,391800
2011-11-14,8.246904373168945,201200
2011-11-15,8.314013481140137,253800
2011-11-16,8.346325874328613,380400
2011-11-17,8.26927661895752,291800
2011-11-18,8.20465087890625,151800
2011-11-21,8.01326847076416,300600
2011-11-22,8.06546401977539,427400
2011-11-23,8.072919845581055,300000
2011-11-25,7.936217308044434,275400
2011-11-28,8.010783195495605,414000
2011-11-29,7.913846492767334,513800
2011-11-30,8.14002799987793,835600
2011-12-01,8.15494155883789,777400
2011-12-02,8.120144844055176,274200
2011-12-05,8.090317726135254,456200
2011-12-06,7.998354911804199,512000
2011-12-07,7.963557243347168,493400
2011-12-08,7.911361217498779,362600
2011-12-09,7.916331768035889,420200
2011-12-12,7.876566410064697,530400
2011-12-13,7.841767311096191,224200
2011-12-14,7.710036277770996,461200
2011-12-15,7.7448344230651855,420600
2011-12-16,7.797027587890625,870600
2011-12-19,7.667780876159668,588000
2011-12-20,7.717492580413818,422000
2011-12-21,7.75229024887085,871400
2011-12-22,7.794544219970703,459800
2011-12-23,7.797027587890625,454800
2011-12-27,7.7721734046936035,305600
2011-12-28,7.6329851150512695,296600
2011-12-29,7.645411491394043,434600
2011-12-30,7.64044189453125,661800
2012-01-03,7.717492580413818,838200
2012-01-04,7.712521076202393,627400
2012-01-05,7.637956619262695,442200
2012-01-06,7.60813045501709,432600
2012-01-09,7.593216419219971,1011000
2012-01-10,7.700094223022461,543600
2012-01-11,7.595701694488525,320800
2012-01-12,7.657840728759766,449000
2012-01-13,7.642927646636963,780800
2012-01-17,7.585760593414307,720000
2012-01-18,7.710036277770996,419600
2012-01-19,7.652868270874023,480600
2012-01-20,7.707550048828125,738800
2012-01-23,7.762231349945068,419600
2012-01-24,7.769688129425049,362000
2012-01-25,7.757260799407959,526000
2012-01-26,7.677724838256836,329600
2012-01-27,7.719977855682373,221600
2012-01-30,7.600673675537109,602400
2012-01-31,7.618072509765625,862800
2012-02-01,7.541021347045898,794000
2012-02-02,7.739861965179443,864400
2012-02-03,7.719977855682373,697000
2012-02-06,7.565876483917236,644400
2012-02-07,7.60813045501709,546600
2012-02-08,7.69760799407959,549000
2012-02-09,7.53108024597168,726400
2012-02-10,7.446572780609131,749600
2012-02-13,7.476397514343262,471200
2012-02-14,7.637956619262695,508200
2012-02-15,7.5435075759887695,614000
2012-02-16,7.575819492340088,265600
2012-02-17,7.767201900482178,2006400
2012-02-21,7.767201900482178,529200
2012-02-22,7.734893321990967,1344600
2012-02-23,7.742350101470947,460200
2012-02-24,7.585760593414307,460800
2012-02-27,7.521137714385986,441400
2012-02-28,7.60813045501709,276600
2012-02-29,7.677724838256836,665600
2012-03-01,7.690151214599609,546000
2012-03-02,7.841767311096191,1008000
2012-03-05,7.667780876159668,544800
2012-03-06,7.53108024597168,538200
2012-03-07,7.558419227600098,697800
2012-03-08,7.565876483917236,776400
2012-03-09,7.575819492340088,377200
2012-03-12,7.416747093200684,1076000
2012-03-13,7.478884696960449,516400
2012-03-14,7.352122783660889,723200
2012-03-15,7.334724426269531,484400
2012-03-16,7.285013198852539,475600
2012-03-19,7.309868335723877,358400
2012-03-20,7.488825798034668,485800
2012-03-21,7.481369972229004,307000
2012-03-22,7.3819499015808105,344600
2012-03-23,7.376978397369385,426800
2012-03-26,7.483855247497559,681800
2012-03-27,7.498769760131836,889400
2012-03-28,7.459000110626221,990400
2012-03-29,7.49379825592041,1385200
2012-03-30,7.545992851257324,998400
2012-04-02,7.705065727233887,839800
2012-04-03,7.794544219970703,3327200
2012-04-04,7.874080181121826,1305400
2012-04-05,8.125115394592285,1376400
2012-04-09,8.159911155700684,752800
2012-04-10,8.125115394592285,1643000
2012-04-11,8.142513275146484,811600
2012-04-12,8.194709777832031,533200
2012-04-13,8.152456283569336,794200
2012-04-16,8.142513275146484,1095000
2012-04-17,8.22950553894043,1318200
2012-04-18,8.318984985351562,1028800
2012-04-19,8.351296424865723,845800
2012-04-20,8.415919303894043,828800
2012-04-23,8.468113899230957,700800
2012-04-24,8.542680740356445,897000
2012-04-25,8.54019546508789,1164000
2012-04-26,8.719152450561523,4214600
2012-04-27,9.042265892028809,3567400
2012-04-30,9.00001335144043,657400
2012-05-01,8.927934646606445,571600
2012-05-02,8.92296314239502,601400
2012-05-03,8.873251914978027,1077000
2012-05-04,8.927934646606445,971400
2012-05-07,8.878225326538086,2032400
2012-05-08,8.952789306640625,937400
2012-05-09,8.62967300415039,884600
2012-05-10,8.71666431427002,635800
2012-05-11,8.77383041381836,568000
2012-05-14,8.53770923614502,550400
2012-05-15,8.545165061950684,1108000
2012-05-16,8.274247169494629,970400
2012-05-17,8.301586151123047,727200
2012-05-18,8.291645050048828,485000
2012-05-21,8.403491973876953,889600
2012-05-22,8.391063690185547,928800
2012-05-23,8.30655574798584,944000
2012-05-24,7.888993740081787,1506000
2012-05-25,7.60813045501709,1649800
2012-05-29,7.908874988555908,1110800
2012-05-30,7.988412857055664,1296200
2012-05-31,8.092804908752441,1299400
2012-06-01,8.169853210449219,2252800
2012-06-04,8.06546401977539,1040200
2012-06-05,8.048471450805664,823800
2012-06-06,8.29941463470459,1072400
2012-06-07,8.328168869018555,1142200
2012-06-08,8.166101455688477,719000
2012-06-11,8.10336685180664,748400
2012-06-12,8.328168869018555,617800
2012-06-13,8.547743797302246,1096200
2012-06-14,8.508533477783203,525200
2012-06-15,8.479780197143555,880800
2012-06-18,8.54513168334961,607000
2012-06-19,8.579113006591797,527800
2012-06-20,8.73072338104248,824400
2012-06-21,8.53990364074707,456200
2012-06-22,8.571270942687988,359200
2012-06-25,8.586955070495605,354800
2012-06-26,8.667987823486328,264800
2012-06-27,8.858807563781738,528400
2012-06-28,8.877105712890625,388800
2012-06-29,9.104525566101074,895000
2012-07-02,9.130663871765137,822800
2012-07-03,9.30318832397461,300800
2012-07-05,9.20908260345459,904400
2012-07-06,9.054859161376953,1044400
2012-07-09,9.028717994689941,969400
2012-07-10,9.148962020874023,721000
2012-07-11,9.224767684936523,1018000
2012-07-12,9.196014404296875,1735400
2012-07-13,9.50707721710205,1250000
2012-07-16,9.61948013305664,685800
2012-07-17,9.907020568847656,754000
2012-07-18,9.865196228027344,475000
2012-07-19,9.946228981018066,880000
2012-07-20,9.88872241973877,975000
2012-07-23,9.862581253051758,435800
2012-07-24,9.705739974975586,728400
2012-07-25,9.857354164123535,741600
2012-07-26,10.001120567321777,630400
2012-07-27,10.097841262817383,451200
2012-07-30,10.008964538574219,662000
2012-07-31,10.15011978149414,574200
2012-08-01,10.197172164916992,468200
2012-08-02,9.982824325561523,433600
2012-08-03,10.079544067382812,428400
2012-08-06,9.956685066223145,664600
2012-08-07,9.930546760559082,488000
2012-08-08,10.178872108459473,887400
2012-08-09,10.097841262817383,649800
2012-08-10,10.205013275146484,508200
2012-08-13,9.891335487365723,584400
2012-08-14,9.878264427185059,625400
2012-08-15,10.241610527038574,552000
2012-08-16,10.395834922790527,755400
2012-08-17,10.3566255569458,197800
2012-08-20,10.309574127197266,642000
2012-08-21,10.320026397705078,571400
2012-08-22,10.374923706054688,575000
2012-08-23,10.429817199707031,738000
2012-08-24,10.299117088317871,499600
2012-08-27,10.280818939208984,239800
2012-08-28,10.165802955627441,376000
2012-08-29,10.13704776763916,320600
2012-08-30,10.063858032226562,237000
2012-08-31,10.089998245239258,684800
2012-09-04,10.39844799041748,1114000
2012-09-05,10.469027519226074,458200
2012-09-06,10.380151748657227,589200
2012-09-07,10.516080856323242,461600
2012-09-10,10.32787036895752,435200
2012-09-11,10.351396560668945,306400
2012-09-12,10.291274070739746,462800
2012-09-13,10.351396560668945,921800
2012-09-14,10.497780799865723,965000
2012-09-17,10.236381530761719,481600
2012-09-18,10.275590896606445,437400
2012-09-19,10.346168518066406,690000
2012-09-20,10.144891738891602,491400
2012-09-21,10.155345916748047,617400
2012-09-24,10.147505760192871,342600
2012-09-25,10.108295440673828,301600
2012-09-26,9.920088768005371,325400
2012-09-27,10.131820678710938,466000
2012-09-28,10.176257133483887,593000
2012-10-01,10.15796184539795,412800
2012-10-02,10.262521743774414,467200
2012-10-03,10.254680633544922,606400
2012-10-04,10.385379791259766,449000
2012-10-05,10.380151748657227,375400
2012-10-08,10.40367603302002,537200
2012-10-09,10.346168518066406,494600
2012-10-10,10.4324312210083,767000
2012-10-11,10.489938735961914,925200
2012-10-12,10.427202224731445,1012200
2012-10-15,10.424591064453125,217400
2012-10-16,10.555289268493652,790600
2012-10-17,10.542217254638672,2569200
2012-10-18,10.479482650756836,218400
2012-10-19,10.429817199707031,340400
2012-10-22,10.351396560668945,464400
2012-10-23,10.306958198547363,778400
2012-10-24,10.644164085388184,2163800
2012-10-25,10.604951858520508,495400
2012-10-26,10.518692970275879,248400
2012-10-31,10.625866889953613,1512600
2012-11-01,10.333100318908691,1679200
2012-11-02,10.25206470489502,935400
2012-11-05,10.197172164916992,452600
2012-11-06,10.184101104736328,709000
2012-11-07,10.199785232543945,602800
2012-11-08,10.103069305419922,283800
2012-11-09,10.210244178771973,666800
2012-11-12,10.223312377929688,525600
2012-11-13,10.26774787902832,390000
2012-11-14,10.129207611083984,236400
2012-11-15,10.131820678710938,230800
2012-11-16,10.176257133483887,180600
2012-11-19,10.131820678710938,220600
2012-11-20,10.152732849121094,502200
2012-11-21,10.108295440673828,424800
2012-11-23,10.121365547180176,182200
2012-11-26,10.178872108459473,174200
2012-11-27,10.097841262817383,486000
2012-11-28,10.118752479553223,274600
2012-11-29,10.05601692199707,146800
2012-11-30,9.94361400604248,536000
2012-12-03,9.56197452545166,657800
2012-12-04,9.575042724609375,430600
2012-12-05,9.496622085571289,578600
2012-12-06,9.606410026550293,325000
2012-12-07,9.938386917114258,370200
2012-12-10,9.865196228027344,278200
2012-12-11,9.896563529968262,276200
2012-12-12,9.933156967163086,515800
2012-12-13,9.859967231750488,241800
2012-12-14,9.616867065429688,365800
2012-12-17,9.802457809448242,316800
2012-12-18,9.71619701385498,456200
2012-12-19,9.541060447692871,472600
2012-12-20,9.656076431274414,453800
2012-12-21,9.62209415435791,483400
2012-12-24,9.56719970703125,270800
2012-12-26,9.61948013305664,240200
2012-12-27,9.648233413696289,248000
2012-12-28,9.71619701385498,269600
2012-12-31,9.658690452575684,196200
2013-01-02,9.823371887207031,557000
2013-01-03,9.758021354675293,481600
2013-01-04,9.854740142822266,583000
2013-01-07,9.89394760131836,437600
2013-01-08,9.79723072052002,326600
2013-01-09,9.598567962646484,562400
2013-01-10,9.501850128173828,373400
2013-01-11,9.66130256652832,255800
2013-01-14,9.734496116638184,367000
2013-01-15,10.019420623779297,488200
2013-01-16,10.0664701461792,330200
2013-01-17,10.108295440673828,365400
2013-01-18,10.270363807678223,493400
2013-01-22,10.259907722473145,179200
2013-01-23,10.207627296447754,364200
2013-01-24,10.165802955627441,315800
2013-01-25,10.210244178771973,673200
2013-01-28,10.144891738891602,316400
2013-01-29,10.299117088317871,612000
2013-01-30,10.207627296447754,447200
2013-01-31,10.364466667175293,777200
2013-02-01,10.442885398864746,701400
2013-02-04,10.36185359954834,367600
2013-02-05,10.393219947814941,326600
2013-02-06,10.471639633178711,431800
2013-02-07,10.32525634765625,235800
2013-02-08,10.44027328491211,363400
2013-02-11,10.484711647033691,452400
2013-02-12,10.424591064453125,126600
2013-02-13,10.377537727355957,129600
2013-02-14,10.476868629455566,257600
2013-02-15,10.628479957580566,1030400
2013-02-19,10.623252868652344,435000
2013-02-20,10.550060272216797,343200
2013-02-21,10.591885566711426,490200
2013-02-22,10.6598482131958,486800
2013-02-25,10.539602279663086,272000
2013-02-26,10.597111701965332,346800
2013-02-27,11.067632675170898,1253200
2013-02-28,11.621797561645508,934200
2013-03-01,11.653166770935059,303200
2013-03-04,11.48064136505127,385600
2013-03-05,11.40221881866455,823000
2013-03-06,11.587814331054688,642200
2013-03-07,11.423131942749023,610200
2013-03-08,11.632250785827637,496400
2013-03-11,11.61656665802002,347400
2013-03-12,11.530305862426758,681800
2013-03-13,11.587814331054688,574600
2013-03-14,11.561675071716309,517400
2013-03-15,11.365626335144043,667200
2013-03-18,11.245381355285645,299800
2013-03-19,11.261063575744629,497000
2013-03-20,11.485867500305176,418000
2013-03-21,11.475412368774414,238400
2013-03-22,11.4623441696167,271600
2013-03-25,11.472801208496094,284800
2013-03-26,11.514623641967773,436800
2013-03-27,11.721126556396484,446400
2013-03-28,11.783864974975586,523800
2013-04-01,11.582585334777832,323600
2013-04-02,11.579970359802246,245600
2013-04-03,11.721126556396484,368400
2013-04-04,11.60872745513916,442600
2013-04-05,11.454499244689941,262000
2013-04-08,11.331644058227539,280000
2013-04-09,11.493709564208984,326600
2013-04-10,11.540762901306152,273200
2013-04-11,11.74465274810791,423000
2013-04-12,11.987751960754395,705000
2013-04-15,11.870122909545898,357400
2013-04-16,12.392922401428223,494600
2013-04-17,12.547147750854492,606600
2013-04-18,12.155049324035645,520400
2013-04-19,12.575901985168457,453000
2013-04-22,12.80070686340332,473200
2013-04-23,12.78763484954834,301200
2013-04-24,12.71444034576416,227400
2013-04-25,12.523619651794434,310800
2013-04-26,12.241311073303223,448200
2013-04-29,12.466114044189453,195800
2013-04-30,12.513166427612305,245200
2013-05-01,12.48440933227539,296200
2013-05-02,12.547147750854492,266400
2013-05-03,12.259607315063477,266000
2013-05-06,12.36678409576416,245200
2013-05-07,12.48440933227539,618600
2013-05-08,12.730127334594727,743200
2013-05-09,12.604656219482422,200200
2013-05-10,12.690917015075684,550800
2013-05-13,12.662162780761719,530600
2013-05-14,12.646476745605469,683800
2013-05-15,12.698759078979492,906600
2013-05-16,12.643867492675781,490800
2013-05-17,12.803319931030273,299400
2013-05-20,13.075173377990723,260600
2013-05-21,13.033350944519043,246400
2013-05-22,13.041192054748535,803600
2013-05-23,12.84514045715332,474400
2013-05-24,13.004595756530762,833800
2013-05-28,12.941858291625977,625400
2013-05-29,12.801909446716309,517600
2013-05-30,12.891411781311035,685600
2013-05-31,12.259454727172852,815600
2013-06-03,12.435749053955078,358000
2013-06-04,12.381505966186523,195000
2013-06-05,12.159098625183105,296600
2013-06-06,12.167236328125,299200
2013-06-07,12.275726318359375,527800
2013-06-10,11.592233657836914,648400
2013-06-11,10.843648910522461,875200
2013-06-12,10.900606155395508,676400
2013-06-13,11.11758804321289,956600
2013-06-14,11.421361923217773,589200
2013-06-17,11.33728313446045,261600
2013-06-18,11.76582145690918,744000
2013-06-19,11.575961112976074,691000
2013-06-20,10.781266212463379,723600
2013-06-21,10.805676460266113,535400
2013-06-24,10.569709777832031,843400
2013-06-25,10.792115211486816,475600
2013-06-26,11.063343048095703,384200
2013-06-27,11.65190315246582,768000
2013-06-28,11.592233657836914,877400
2013-07-01,11.719711303710938,802800
2013-07-02,11.48103141784668,399400
2013-07-03,11.516292572021484,219400
2013-07-05,11.673603057861328,396200
2013-07-08,11.69258975982666,483400
2013-07-09,11.82548999786377,1083200
2013-07-10,11.92313289642334,966400
2013-07-11,12.549665451049805,744200
2013-07-12,12.576787948608398,657800
2013-07-15,12.685279846191406,712200
2013-07-16,12.245891571044922,696400
2013-07-17,12.243181228637695,283800
2013-07-18,12.224190711975098,231400
2013-07-19,12.24046802520752,311800
2013-07-22,12.473721504211426,527600
2013-07-23,12.606622695922852,465400
2013-07-24,12.310985565185547,251800
2013-07-25,12.324546813964844,265800
2013-07-26,12.338109970092773,231200
2013-07-29,12.03976058959961,333600
2013-07-30,12.205208778381348,386200
2013-07-31,12.37065601348877,386600
2013-08-01,12.593063354492188,1121000
2013-08-02,12.601198196411133,422000
2013-08-05,12.449313163757324,299800
2013-08-06,12.313698768615723,458200
2013-08-07,12.264877319335938,177800
2013-08-08,12.205208778381348,641000
2013-08-09,12.354382514953613,584000
2013-08-12,12.392355918884277,521600
2013-08-13,12.362519264221191,461400
2013-08-14,12.373366355895996,398800
2013-08-15,12.359807968139648,402200
2013-08-16,11.914994239807129,289000
2013-08-19,10.735158920288086,527400
2013-08-20,10.523601531982422,648800
2013-08-21,10.645652770996094,365000
2013-08-22,10.556148529052734,853000
2013-08-23,10.599543571472168,398800
2013-08-26,10.195416450500488,444200
2013-08-27,9.492939949035645,1424800
2013-08-28,9.997421264648438,555400
2013-08-29,10.187281608581543,1242200
2013-08-30,10.051668167114258,755200
2013-09-03,10.051668167114258,613200
2013-09-04,9.750605583190918,656000
2013-09-05,9.682798385620117,1294600
2013-09-06,9.433269500732422,1107800
2013-09-09,10.065228462219238,757200
2013-09-10,10.268649101257324,546400
2013-09-11,10.293060302734375,538000
2013-09-12,10.331029891967773,769400
2013-09-13,10.499191284179688,636800
2013-09-16,10.442233085632324,519600
2013-09-17,10.480205535888672,418400
2013-09-18,11.15013599395752,927600
2013-09-19,11.163698196411133,671200
2013-09-20,10.83279800415039,597800
2013-09-23,10.585984230041504,544600
2013-09-24,10.453082084655762,969600
2013-09-25,10.048954010009766,869600
2013-09-26,10.249661445617676,294800
2013-09-27,10.13032341003418,298600
2013-09-30,9.848247528076172,550400
2013-10-01,10.303909301757812,684400
2013-10-02,10.355440139770508,388600
2013-10-03,10.350017547607422,399000
2013-10-04,10.51546573638916,385200
2013-10-07,10.520892143249512,474400
2013-10-08,10.317469596862793,784000
2013-10-09,10.678201675415039,892800
2013-10-10,10.887044906616211,519200
2013-10-11,10.881620407104492,371200
2013-10-14,10.900606155395508,589600
2013-10-15,10.887044906616211,397000
2013-10-16,10.878910064697266,881800
2013-10-17,11.250489234924316,742600
2013-10-18,11.217942237854004,489200
2013-10-21,11.052495002746582,298200
2013-10-22,10.944002151489258,1051000
2013-10-23,10.767707824707031,362200
2013-10-24,10.675488471984863,375000
2013-10-25,10.678201675415039,407800
2013-10-28,10.984686851501465,403000
2013-10-29,11.071479797363281,411800
2013-10-30,11.000960350036621,328200
2013-10-31,11.055206298828125,314600
2013-11-01,10.87348461151123,219200
2013-11-04,11.071479797363281,429200
2013-11-05,10.876194953918457,392400
2013-11-06,10.84636116027832,763000
2013-11-07,10.813815116882324,754600
2013-11-08,10.797541618347168,1490400
2013-11-11,10.393412590026855,253800
2013-11-12,10.377138137817383,417600
2013-11-13,10.282209396362305,803200
2013-11-14,10.46121883392334,306400
2013-11-15,10.439522743225098,400000
2013-11-18,10.434096336364746,296000
2013-11-19,10.566999435424805,506600
2013-11-20,10.431384086608887,1096400
2013-11-21,10.360864639282227,579200
2013-11-22,10.035392761230469,550200
2013-11-25,9.964873313903809,311600
2013-11-26,9.690935134887695,1195400
2013-11-27,9.840110778808594,673200
2013-11-29,9.910629272460938,281600
2013-12-02,9.8997802734375,412800
2013-12-03,9.769591331481934,333400
2013-12-04,9.571595191955566,926000
2013-12-05,9.419707298278809,1057000
2013-12-06,9.335627555847168,1268600
2013-12-09,9.37088680267334,867600
2013-12-10,9.243412017822266,837400
2013-12-11,9.327491760253906,764600
2013-12-12,9.360038757324219,424400
2013-12-13,9.316641807556152,489600
2013-12-16,9.560745239257812,830400
2013-12-17,9.292231559753418,873000
2013-12-18,9.5092134475708,819600
2013-12-19,9.506500244140625,628400
2013-12-20,9.392585754394531,882200
2013-12-23,9.400723457336426,577400
2013-12-24,9.522774696350098,134000
2013-12-26,9.539047241210938,321400
2013-12-27,9.566171646118164,449600
2013-12-30,9.650251388549805,621800
2013-12-31,9.723481178283691,360400
2014-01-02,9.446832656860352,419600
2014-01-03,9.471240997314453,543600
2014-01-06,9.208151817321777,750200
2014-01-07,9.254260063171387,953600
2014-01-08,9.303080558776855,362000
2014-01-09,9.303080558776855,473000
2014-01-10,9.769591331481934,764600
2014-01-13,9.878080368041992,954000
2014-01-14,9.867232322692871,624400
2014-01-15,9.932327270507812,323600
2014-01-16,9.916053771972656,273200
2014-01-17,9.932327270507812,407800
2014-01-21,9.994709014892578,446200
2014-01-22,10.000134468078613,316400
2014-01-23,9.769591331481934,362600
2014-01-24,9.539047241210938,411800
2014-01-27,9.520062446594238,693200
2014-01-28,9.582444190979004,525000
2014-01-29,9.609567642211914,391000
2014-01-30,9.897068977355957,687400
2014-01-31,9.837397575378418,312000
2014-02-03,9.55532169342041,535200
2014-02-04,9.850959777832031,812200
2014-02-05,9.810274124145508,382600
2014-02-06,10.143884658813477,687000
2014-02-07,10.238814353942871,470200
2014-02-10,10.086925506591797,479200
2014-02-11,10.268649101257324,406600
2014-02-12,10.171006202697754,445200
2014-02-13,10.141170501708984,513200
2014-02-14,10.303909301757812,414400
2014-02-18,10.477495193481445,407800
2014-02-19,10.510039329528809,712200
2014-02-20,10.811101913452148,588600
2014-02-21,10.919591903686523,623800
2014-02-24,10.97655200958252,644800
2014-02-25,10.50190258026123,909000
2014-02-26,10.56157112121582,551000
2014-02-27,10.691761016845703,429200
2014-02-28,10.640229225158691,285400
2014-03-03,10.667351722717285,413400
2014-03-04,10.933155059814453,388000
2014-03-05,10.946714401245117,610400
2014-03-06,10.938578605651855,372800
2014-03-07,10.57784652709961,1054600
2014-03-10,10.339166641235352,599600
2014-03-11,10.246950149536133,491000
2014-03-12,10.255087852478027,250400
2014-03-13,10.271360397338867,270200
2014-03-14,10.735158920288086,477400
2014-03-17,10.73244571685791,587600
2014-03-18,10.637517929077148,359800
2014-03-19,10.783979415893555,471000
2014-03-20,10.637517929077148,1165600
2014-03-21,10.382563591003418,1107000
2014-03-24,10.661925315856934,714000
2014-03-25,10.57784652709961,402600
2014-03-26,10.510039329528809,524200
2014-03-27,10.46121883392334,379600
2014-03-28,10.675488471984863,336600
2014-03-31,10.678201675415039,420200
2014-04-01,10.914167404174805,384400
2014-04-02,10.892471313476562,362600
2014-04-03,10.811101913452148,333800
2014-04-04,11.011810302734375,316400
2014-04-07,11.03350830078125,356800
2014-04-08,11.245063781738281,602000
2014-04-09,10.97383975982666,694000
2014-04-10,10.838224411010742,1109200
2014-04-11,10.916882514953613,549000
2014-04-14,11.079615592956543,383600
2014-04-15,10.884333610534668,403800
2014-04-16,11.106739044189453,431200
2014-04-17,11.125724792480469,443600
2014-04-21,11.066057205200195,334200
2014-04-22,11.025369644165039,186800
2014-04-23,10.816526412963867,318200
2014-04-24,10.99282169342041,221000
2014-04-25,11.163698196411133,466800
2014-04-28,10.792115211486816,509400
2014-04-29,11.145159721374512,374200
2014-04-30,11.275814056396484,312200
2014-05-01,11.386582374572754,272400
2014-05-02,11.420663833618164,344400
2014-05-05,11.51439094543457,235600
2014-05-06,11.582559585571289,210200
2014-05-07,11.676287651062012,514200
2014-05-08,11.605280876159668,361400
2014-05-09,11.656404495239258,308800
2014-05-12,11.63652515411377,361400
2014-05-13,11.619483947753906,385000
2014-05-14,11.95179271697998,428200
2014-05-15,11.852384567260742,358400
2014-05-16,12.511322975158691,442400
2014-05-19,12.593690872192383,1001000
2014-05-20,11.974514961242676,768200
2014-05-21,12.10232925415039,415200
2014-05-22,12.392029762268066,607800
2014-05-23,12.426115989685059,368800
2014-05-27,12.426115989685059,320400
2014-05-28,12.417596817016602,439200
2014-05-29,12.508484840393066,287200
2014-05-30,12.406234741210938,470800
2014-06-02,12.244338989257812,619600
2014-06-03,12.213096618652344,732200
2014-06-04,11.9830322265625,323000
2014-06-05,12.005756378173828,854800
2014-06-06,12.017120361328125,720800
2014-06-09,11.926230430603027,241600
2014-06-10,12.02847957611084,321600
2014-06-11,11.869424819946289,284400
2014-06-12,11.6109619140625,503000
2014-06-13,11.66492748260498,5805400
2014-06-16,11.608120918273926,288000
2014-06-17,11.49167251586914,220400
2014-06-18,11.608120918273926,344000
2014-06-19,11.528594017028809,401800
2014-06-20,11.49167251586914,496000
2014-06-23,11.667764663696289,326800
2014-06-24,11.79273796081543,573600
2014-06-25,11.667764663696289,696600
2014-06-26,11.630843162536621,374800
2014-06-27,11.539955139160156,299600
2014-06-30,11.832502365112305,396000
2014-07-01,11.897828102111816,430000
2014-07-02,11.963152885437012,266200
2014-07-03,11.877944946289062,127400
2014-07-07,12.593690872192383,450000
2014-07-08,12.443155288696289,772600
2014-07-09,12.945880889892578,486400
2014-07-10,12.468718528747559,496800
2014-07-11,12.639132499694824,397600
2014-07-14,12.695939064025879,192400
2014-07-15,12.732861518859863,251000
2014-07-16,12.860672950744629,249000
2014-07-17,12.619254112243652,190200
2014-07-18,12.965764045715332,310200
2014-07-21,13.25546932220459,401200
2014-07-22,13.246947288513184,233200
2014-07-23,13.028249740600586,252600
2014-07-24,13.06517219543457,276800
2014-07-25,13.150379180908203,192400
2014-07-28,13.332157135009766,207600
2014-07-29,13.187304496765137,190600
2014-07-30,13.127657890319824,243600
2014-07-31,12.755583763122559,467800
2014-08-01,12.90895938873291,454800
2014-08-04,13.221386909484863,334800
2014-08-05,13.025409698486328,283400
2014-08-06,12.78682804107666,253200
2014-08-07,12.960083961486816,226200
2014-08-08,13.133337020874023,376600
2014-08-11,13.5281343460083,407800
2014-08-12,13.499731063842773,339000
2014-08-13,13.434405326843262,279400
2014-08-14,13.391801834106445,305400
2014-08-15,13.224226951599121,329600
2014-08-18,13.346353530883789,345600
2014-08-19,13.190142631530762,339400
2014-08-20,13.266829490661621,164400
2014-08-21,13.181623458862305,292400
2014-08-22,13.133337020874023,356400
2014-08-25,13.192984580993652,326200
2014-08-26,13.272509574890137,379000
2014-08-27,13.400321960449219,285000
2014-08-28,13.215703964233398,532800
2014-08-29,13.082215309143066,191600
2014-09-02,13.181623458862305,235600
2014-09-03,13.207186698913574,310800
2014-09-04,13.127657890319824,179200
2014-09-05,13.343517303466797,223400
2014-09-08,13.704229354858398,356200
2014-09-09,13.556535720825195,261400
2014-09-10,13.576417922973633,173400
2014-09-11,13.442926406860352,106000
2014-09-12,13.462808609008789,195000
2014-09-15,13.295232772827148,181600
2014-09-16,13.485529899597168,184400
2014-09-17,13.525291442871094,238200
2014-09-18,13.494050025939941,165800
2014-09-19,13.607660293579102,555800
2014-09-22,13.548016548156738,345200
2014-09-23,13.562216758728027,236200
2014-09-24,13.667304039001465,180400
2014-09-25,13.48269271850586,308600
2014-09-26,13.647422790527344,219400
2014-09-29,13.550853729248047,356200
2014-09-30,13.661625862121582,408400
2014-10-01,13.198665618896484,311800
2014-10-02,12.840792655944824,367200
2014-10-03,12.83227252960205,326600
2014-10-06,13.119136810302734,464200
2014-10-07,13.068012237548828,405000
2014-10-08,13.022566795349121,492800
2014-10-09,12.76126480102539,396000
2014-10-10,12.579489707946777,512200
2014-10-13,12.962922096252441,412600
2014-10-14,12.979963302612305,173600
2014-10-15,12.954401969909668,445800
2014-10-16,12.812389373779297,571000
2014-10-17,13.147540092468262,647200
2014-10-20,13.369077682495117,591800
2014-10-21,13.570735931396484,381200
2014-10-22,13.553695678710938,256400
2014-10-23,13.494050025939941,324400
2014-10-24,13.579257011413574,251400
2014-10-27,13.210022926330566,285600
2014-10-28,12.695939064025879,358000
2014-10-29,12.707298278808594,374200
2014-10-30,12.894757270812988,186600
2014-10-31,12.880555152893066,231600
2014-11-03,12.775465965270996,296400
2014-11-04,12.772626876831055,157400
2014-11-05,12.758421897888184,221000
2014-11-06,12.508484840393066,176200
2014-11-07,12.343749046325684,246400
2014-11-10,12.417596817016602,338400
2014-11-11,12.593690872192383,184800
2014-11-12,12.61073112487793,399800
2014-11-13,12.727181434631348,228600
2014-11-14,12.772626876831055,192800
2014-11-17,12.857832908630371,197000
2014-11-18,12.928841590881348,221600
2014-11-19,12.897597312927246,112600
2014-11-20,12.670377731323242,231400
2014-11-21,13.119136810302734,359600
2014-11-24,12.977126121520996,230400
2014-11-25,12.897597312927246,254200
2014-11-26,13.170260429382324,112200
2014-11-28,13.093574523925781,210400
2014-12-01,13.215703964233398,323400
2014-12-02,13.221386909484863,265600
2014-12-03,13.175941467285156,154600
2014-12-04,13.08789348602295,133400
2014-12-05,13.068012237548828,198800
2014-12-08,12.593690872192383,434000
2014-12-09,12.951560974121094,345800
2014-12-10,12.789666175842285,202600
2014-12-11,12.877717018127441,367600
2014-12-12,12.582328796386719,214800
2014-12-15,12.224456787109375,584600
2014-12-16,12.125045776367188,348800
2014-12-17,12.355110168457031,423200
2014-12-18,12.803869247436523,371000
2014-12-19,12.659015655517578,456000
2014-12-22,12.823750495910645,343000
2014-12-23,12.687417984008789,307200
2014-12-24,12.906116485595703,189400
2014-12-26,12.928841590881348,232400
2014-12-29,12.886236190795898,208200
2014-12-30,12.891915321350098,236600
2014-12-31,12.846471786499023,166200
2015-01-02,12.755583763122559,257200
2015-01-05,12.570965766906738,333200
2015-01-06,12.553927421569824,493200
2015-01-07,12.582328796386719,385200
2015-01-08,12.764105796813965,327000
2015-01-09,12.829428672790527,267000
2015-01-12,12.801025390625,269600
2015-01-13,12.789666175842285,309600
2015-01-14,12.727181434631348,325000
2015-01-15,12.781147956848145,316800
2015-01-16,13.01120662689209,403200
2015-01-20,13.139018058776855,221800
2015-01-21,13.317955017089844,445000
2015-01-22,13.312273979187012,270600
2015-01-23,13.30091381072998,251400
2015-01-26,12.732861518859863,983400
2015-01-27,12.957240104675293,483400
2015-01-28,12.809547424316406,728000
2015-01-29,12.934521675109863,189600
2015-01-30,12.525522232055664,332600
2015-02-02,12.517004013061523,376800
2015-02-03,12.633452415466309,634000
2015-02-04,12.6788969039917,329800
2015-02-05,12.707298278808594,144800
2015-02-06,12.545403480529785,217600
2015-02-09,12.803869247436523,210200
2015-02-10,12.693098068237305,149000
2015-02-11,12.639132499694824,100200
2015-02-12,12.869194030761719,446000
2015-02-13,13.096414566040039,478200
2015-02-17,12.79534912109375,211600
2015-02-18,12.718658447265625,141000
2015-02-19,12.602208137512207,419200
2015-02-20,12.769786834716797,147600
2015-02-23,12.718658447265625,223200
2015-02-24,12.778306007385254,237400
2015-02-25,12.934521675109863,280000
2015-02-26,13.005525588989258,213200
2015-02-27,12.809547424316406,290000
2015-03-02,12.840792655944824,245400
2015-03-03,12.920320510864258,247200
2015-03-04,12.752744674682617,231800
2015-03-05,12.701618194580078,195000
2015-03-06,12.880555152893066,429400
2015-03-09,12.670377731323242,215200
2015-03-10,12.602208137512207,360400
2015-03-11,12.525522232055664,181800
2015-03-12,12.53404426574707,126400
2015-03-13,12.579489707946777,167400
2015-03-16,12.806708335876465,146200
2015-03-17,12.58800983428955,142000
2015-03-18,12.900435447692871,240200
2015-03-19,12.650492668151855,291400
2015-03-20,12.64765453338623,317800
2015-03-23,12.676058769226074,243600
2015-03-24,12.670377731323242,267000
2015-03-25,12.372150421142578,327800
2015-03-26,12.136407852172852,277000
2015-03-27,12.247178077697754,183200
2015-03-30,12.454517364501953,237800
2015-03-31,12.36646842956543,432400
2015-04-01,12.289782524108887,276800
2015-04-02,12.360788345336914,129600
2015-04-06,12.45736026763916,117200
2015-04-07,12.343749046325684,139400
2015-04-08,12.528364181518555,166800
2015-04-09,12.511322975158691,237000
2015-04-10,12.548245429992676,171800
2015-04-13,12.286940574645996,359000
2015-04-14,12.400552749633789,238600
2015-04-15,12.315346717834473,135000
2015-04-16,12.36646842956543,177400
2015-04-17,12.321026802062988,220400
2015-04-20,12.335227012634277,321200
2015-04-21,12.363631248474121,236800
2015-04-22,12.400552749633789,172400
2015-04-23,12.565288543701172,242800
2015-04-24,12.735701560974121,202200
2015-04-27,12.6732177734375,259400
2015-04-28,12.724207878112793,299400
2015-04-29,12.53079605102539,418400
2015-04-30,12.126387596130371,737400
2015-05-01,12.10001277923584,259400
2015-05-04,12.524932861328125,300600
2015-05-05,12.357894897460938,828200
2015-05-06,12.401853561401367,619400
2015-05-07,12.62457275390625,299200
2015-05-08,12.812124252319336,393800
2015-05-11,12.574751853942871,243000
2015-05-12,12.375478744506836,161800
2015-05-13,12.563031196594238,150000
2015-05-14,12.62457275390625,345800
2015-05-15,12.650943756103516,324000
2015-05-18,12.548377990722656,983000
2015-05-19,12.650943756103516,3601000
2015-05-20,12.72713851928711,205400
2015-05-21,12.891244888305664,457800
2015-05-22,12.800402641296387,232400
2015-05-26,12.630431175231934,170400
2015-05-27,12.762303352355957,466800
2015-05-28,12.648015022277832,340200
2015-05-29,12.677319526672363,384800
2015-06-01,12.677319526672363,334800
2015-06-02,12.648015022277832,292000
2015-06-03,12.6216402053833,452800
2015-06-04,12.36375617980957,345800
2015-06-05,12.346174240112305,281600
2015-06-08,12.36668872833252,217400
2015-06-09,12.357894897460938,271600
2015-06-10,12.618709564208984,439600
2015-06-11,12.568891525268555,173400
2015-06-12,12.428228378295898,159200
2015-06-15,12.217231750488281,358800
2015-06-16,12.571820259094238,393400
2015-06-17,12.571820259094238,328400
2015-06-18,12.674389839172363,211800
2015-06-19,12.697833061218262,153800
2015-06-22,12.53372573852539,213200
2015-06-23,12.650943756103516,123800
2015-06-24,12.6216402053833,108600
2015-06-25,12.677319526672363,136000
2015-06-26,12.788676261901855,250000
2015-06-29,12.516140937805176,253800
2015-06-30,12.71541690826416,267000
2015-07-01,12.735928535461426,392400
2015-07-02,12.809192657470703,285600
2015-07-06,12.732999801635742,356200
2015-07-07,12.557168960571289,303000
2015-07-08,12.645084381103516,282800
2015-07-09,12.53079605102539,177800
2015-07-10,12.747652053833008,145800
2015-07-13,12.735928535461426,134600
2015-07-14,12.768165588378906,194000
2015-07-15,12.542515754699707,444400
2015-07-16,12.609917640686035,296000
2015-07-17,12.554237365722656,281600
2015-07-20,12.510278701782227,131800
2015-07-21,12.50735092163086,129600
2015-07-22,12.463393211364746,94200
2015-07-23,12.37254810333252,189600
2015-07-24,12.249467849731445,127800
2015-07-27,12.214303016662598,210200
2015-07-28,12.419435501098633,301600
2015-07-29,12.513213157653809,341400
2015-07-30,12.568891525268555,167400
2015-07-31,12.604055404663086,249600
2015-08-03,12.53079605102539,188200
2015-08-04,12.554237365722656,187400
2015-08-05,12.6421537399292,151200
2015-08-06,12.674389839172363,267600
2015-08-07,12.703692436218262,226800
2015-08-10,12.779886245727539,319000
2015-08-11,12.516140937805176,205600
2015-08-12,12.120526313781738,313000
2015-08-13,11.927111625671387,233600
2015-08-14,12.085359573364258,366000
2015-08-17,12.09122085571289,127600
2015-08-18,12.240677833557129,272000
2015-08-19,12.149829864501953,156400
2015-08-20,11.897808074951172,187200
2015-08-21,11.367389678955078,502600
2015-08-24,10.637694358825684,597600
2015-08-25,10.936606407165527,612600
2015-08-26,11.056756973266602,565000
2015-08-27,11.707326889038086,828000
2015-08-28,11.880224227905273,567000
2015-08-31,11.783516883850098,376600
2015-09-01,11.61354923248291,400400
2015-09-02,11.587176322937012,209200
2015-09-03,11.56080150604248,280600
2015-09-04,11.349804878234863,290400
2015-09-08,11.22379207611084,465400
2015-09-09,11.171045303344727,368600
2015-09-10,11.203279495239258,292600
2015-09-11,11.264822006225586,200400
2015-09-14,11.338083267211914,433000
2015-09-15,11.006938934326172,576200
2015-09-16,11.065547943115234,353200
2015-09-17,10.94246768951416,447800
2015-09-18,10.82524585723877,450000
2015-09-21,11.004007339477539,414200
2015-09-22,10.787150382995605,327600
2015-09-23,10.587878227233887,217000
2015-09-24,10.435491561889648,325600
2015-09-25,10.538058280944824,251000
2015-09-28,10.18346881866455,380600
2015-09-29,10.171746253967285,673600
2015-09-30,10.447214126586914,589600
2015-10-01,10.332923889160156,314200
2015-10-02,10.488240242004395,282600
2015-10-05,11.047965049743652,630000
2015-10-06,11.314640045166016,654800
2015-10-07,11.481679916381836,542200
2015-10-08,11.678020477294922,452400
2015-10-09,11.557869911193848,614400
2015-10-12,11.628202438354492,506600
2015-10-13,11.22379207611084,325000
2015-10-14,11.282402992248535,437800
2015-10-15,11.727838516235352,633000
2015-10-16,11.595966339111328,394600
2015-10-19,11.610621452331543,419800
2015-10-20,11.654577255249023,481600
2015-10-21,11.449441909790039,373400
2015-10-22,11.84505844116211,653200
2015-10-23,11.847991943359375,388000
2015-10-26,12.023819923400879,458000
2015-10-27,11.859711647033691,268800
2015-10-28,11.900736808776855,383200
2015-10-29,11.69560432434082,434800
2015-10-30,11.651646614074707,230400
2015-11-02,11.801102638244629,264200
2015-11-03,11.818683624267578,469000
2015-11-04,11.733699798583984,317400
2015-11-05,11.74249267578125,313800
2015-11-06,11.710257530212402,332400
2015-11-09,11.590106010437012,242200
2015-11-10,11.557869911193848,169800
2015-11-11,11.516843795776367,99000
2015-11-12,11.604757308959961,339800
2015-11-13,11.642855644226074,419200
2015-11-16,11.601828575134277,436800
2015-11-17,12.073637008666992,482600
2015-11-18,12.073637008666992,566800
2015-11-19,12.044331550598145,368600
2015-11-20,12.413575172424316,353200
2015-11-23,12.190855979919434,649600
2015-11-24,12.208440780639648,342800
2015-11-25,12.264117240905762,458400
2015-11-27,12.489768028259277,624200
2015-11-30,12.45753002166748,536400
2015-12-01,12.384269714355469,244800
2015-12-02,12.466322898864746,281200
2015-12-03,12.536656379699707,386600
2015-12-04,12.68025016784668,497200
2015-12-07,12.674389839172363,477400
2015-12-08,12.466322898864746,346600
2015-12-09,12.357894897460938,302400
2015-12-10,12.472184181213379,484600
2015-12-11,12.026748657226562,683000
2015-12-14,12.135178565979004,879800
2015-12-15,12.325660705566406,369400
2015-12-16,12.879525184631348,413800
2015-12-17,12.81505298614502,720600
2015-12-18,12.700765609741211,402600
2015-12-21,13.096379280090332,442200
2015-12-22,13.225321769714355,703600
2015-12-23,13.190154075622559,521400
2015-12-24,13.169644355773926,142600
2015-12-28,13.292724609375,419800
2015-12-29,13.198946952819824,201600
2015-12-30,13.037771224975586,133400
2015-12-31,13.011396408081055,131400
2016-01-04,13.078797340393066,391000
2016-01-05,13.527165412902832,432000
2016-01-06,13.448041915893555,555800
2016-01-07,13.198946952819824,619400
2016-01-08,12.98795223236084,488200
2016-01-11,12.891244888305664,835600
2016-01-12,13.336679458618164,602800
2016-01-13,13.322028160095215,647600
2016-01-14,13.099311828613281,555400
2016-01-15,12.630431175231934,418800
2016-01-19,13.075868606567383,982800
2016-01-20,13.090520858764648,426200
2016-01-21,13.143267631530762,323800
2016-01-22,13.714714050292969,286200
2016-01-25,13.497859954833984,201000
2016-01-26,13.843656539916992,244400
2016-01-27,13.717644691467285,195800
2016-01-28,13.732298851013184,515600
2016-01-29,14.35942268371582,379400
2016-02-01,14.464923858642578,318800
2016-02-02,13.963808059692383,391400
2016-02-03,14.221687316894531,342000
2016-02-04,14.579209327697754,371800
2016-02-05,14.731597900390625,246600
2016-02-08,14.690571784973145,240800
2016-02-09,14.464923858642578,339800
2016-02-10,14.837091445922852,476200
2016-02-11,14.922079086303711,281400
2016-02-12,14.549907684326172,530600
2016-02-16,14.517669677734375,751200
2016-02-17,14.74917984008789,460000
2016-02-18,14.579209327697754,361600
2016-02-19,13.984321594238281,675800
2016-02-22,14.048788070678711,350000
2016-02-23,13.975526809692383,268800
2016-02-24,14.013625144958496,378600
2016-02-25,14.517669677734375,389200
2016-02-26,14.467851638793945,234400
2016-02-29,14.374075889587402,492600
2016-03-01,14.886910438537598,502800
2016-03-02,14.866398811340332,305000
2016-03-03,15.045161247253418,289200
2016-03-04,15.358722686767578,625000
2016-03-07,15.276668548583984,206600
2016-03-08,15.089116096496582,192000
2016-03-09,15.218059539794922,222400
2016-03-10,14.989480018615723,389200
2016-03-11,15.426124572753906,237600
2016-03-14,15.546272277832031,251200
2016-03-15,15.171173095703125,262200
2016-03-16,15.572647094726562,191600
2016-03-17,15.704521179199219,330400
2016-03-18,15.584370613098145,320400
2016-03-21,15.41733455657959,294600
2016-03-22,15.226849555969238,273400
2016-03-23,14.822442054748535,563600
2016-03-24,14.992409706115723,435800
2016-03-28,14.664196968078613,409400
2016-03-29,14.872261047363281,580600
2016-03-30,14.878121376037598,432200
2016-03-31,14.90156364440918,526400
2016-04-01,14.957245826721191,318200
2016-04-04,15.009993553161621,167400
2016-04-05,14.933801651000977,238000
2016-04-06,15.177031517028809,193400
2016-04-07,15.024646759033203,164000
2016-04-08,15.267877578735352,204800
2016-04-11,15.097907066345215,210200
2016-04-12,15.2795991897583,196000
2016-04-13,15.185822486877441,397800
2016-04-14,15.264945030212402,304200
2016-04-15,15.660568237304688,347400
2016-04-18,16.059106826782227,335800
2016-04-19,16.390254974365234,752200
2016-04-20,15.99463939666748,176600
2016-04-21,16.070833206176758,245400
2016-04-22,16.475242614746094,359600
2016-04-25,16.536779403686523,354200
2016-04-26,16.25838279724121,331400
2016-04-27,16.668655395507812,367800
2016-04-28,15.73675537109375,473000
2016-04-29,15.640047073364258,2436800
2016-05-02,15.637120246887207,2180000
2016-05-03,15.516966819763184,731000
2016-05-04,15.746787071228027,529200
2016-05-05,15.834136962890625,612800
2016-05-06,15.782930374145508,755400
2016-05-09,16.385332107543945,624200
2016-05-10,16.752796173095703,707000
2016-05-11,16.88231086730957,889800
2016-05-12,17.038936614990234,158600
2016-05-13,16.84014320373535,370800
2016-05-16,16.987735748291016,519600
2016-05-17,16.764842987060547,419000
2016-05-18,16.719663619995117,613000
2016-05-19,16.276899337768555,828200
2016-05-20,16.427499771118164,809600
2016-05-23,16.48171615600586,293400
2016-05-24,16.71063232421875,418800
2016-05-25,16.81002426147461,305200
2016-05-26,16.846168518066406,207000
2016-05-27,16.822071075439453,360600
2016-05-31,16.55099105834961,661600
2016-06-01,16.475690841674805,368600
2016-06-02,16.94556427001953,473800
2016-06-03,17.13532066345215,385400
2016-06-06,17.36423683166504,282800
2016-06-07,17.8160343170166,369600
2016-06-08,17.3250789642334,323600
2016-06-09,17.26784896850586,438200
2016-06-10,17.041950225830078,369400
2016-06-13,16.94255256652832,267600
2016-06-14,16.951587677001953,343800
2016-06-15,17.412425994873047,541000
2016-06-16,17.686521530151367,512200
2016-06-17,17.599172592163086,436800
2016-06-20,17.599172592163086,460200
2016-06-21,17.755796432495117,451600
2016-06-22,17.608203887939453,400800
2016-06-23,17.96663475036621,252400
2016-06-24,17.192550659179688,414800
2016-06-27,17.511821746826172,673000
2016-06-28,17.8341064453125,552400
2016-06-29,18.373258590698242,562400
2016-06-30,18.511810302734375,560600
2016-07-01,18.82505989074707,786200
2016-07-05,18.752771377563477,321400
2016-07-06,18.788915634155273,424800
2016-07-07,18.674455642700195,662200
2016-07-08,18.794937133789062,438000
2016-07-11,18.843130111694336,309200
2016-07-12,18.987707138061523,184000
2016-07-13,19.252765655517578,428200
2016-07-14,19.141319274902344,243000
2016-07-15,19.300954818725586,381000
2016-07-18,19.213607788085938,216200
2016-07-19,19.183486938476562,189400
2016-07-20,19.213607788085938,356600
2016-07-21,18.89433479309082,630600
2016-07-22,19.056983947753906,518000
2016-07-25,19.228670120239258,587600
2016-07-26,19.608179092407227,587800
2016-07-27,19.837093353271484,360600
2016-07-28,19.749744415283203,210400
2016-07-29,19.879262924194336,339200
2016-08-01,20.740694046020508,522600
2016-08-02,20.26780891418457,348600
2016-08-03,19.963598251342773,340200
2016-08-04,20.090099334716797,186200
2016-08-05,19.912395477294922,166800
2016-08-08,20.008779525756836,226800
2016-08-09,20.25877571105957,170000
2016-08-10,20.168415069580078,417800
2016-08-11,19.749744415283203,918000
2016-08-12,19.517822265625,677800
2016-08-15,18.936504364013672,520800
2016-08-16,18.960599899291992,416800
2016-08-17,19.093128204345703,893000
2016-08-18,19.33709716796875,1516200
2016-08-19,18.939516067504883,265000
2016-08-22,18.939516067504883,265000
2016-08-23,18.978670120239258,164800
2016-08-24,18.97566032409668,546200
2016-08-25,19.096139907836914,352000
2016-08-26,18.89433479309082,559800
2016-08-29,18.788915634155273,346800
2016-08-30,18.68349266052246,141800
2016-08-31,18.76180648803711,330800
2016-09-01,18.704578399658203,316200
2016-09-02,19.096139907836914,293400
2016-09-06,19.32204246520996,279400
2016-09-07,19.20155906677246,261000
2016-09-08,19.171438217163086,283000
2016-09-09,18.243741989135742,413400
2016-09-12,18.51783561706543,346000
2016-09-13,18.165428161621094,297600
2016-09-14,18.180490493774414,251000
2016-09-15,18.819034576416016,695800
2016-09-16,18.788915634155273,669600
2016-09-19,19.1383056640625,584400
2016-09-20,18.809999465942383,320000
2016-09-21,19.439510345458984,755200
2016-09-22,19.439510345458984,239000
2016-09-23,19.29192352294922,362000
2016-09-26,19.300954818725586,451200
2016-09-27,19.6654109954834,484000
2016-09-28,19.701557159423828,375800
2016-09-29,19.788902282714844,584200
2016-09-30,19.90336036682129,410000
2016-10-03,20.17745018005371,595000
2016-10-04,19.752756118774414,527800
2016-10-05,19.716611862182617,390200
2016-10-06,19.526857376098633,363000
2016-10-07,19.34613609313965,378200
2016-10-10,19.319028854370117,197200
2016-10-11,19.15336799621582,510800
2016-10-12,19.219633102416992,593000
2016-10-13,19.33709716796875,650600
2016-10-14,19.502761840820312,860600
2016-10-17,19.55396270751953,343200
2016-10-18,19.4997501373291,244400
2016-10-19,19.42444610595703,253800
2016-10-20,19.39131736755371,317800
2016-10-21,19.412397384643555,255000
2016-10-24,19.529869079589844,262600
2016-10-25,19.174449920654297,280200
2016-10-26,19.33709716796875,367100
2016-10-27,19.578060150146484,354300
2016-10-28,19.300954818725586,260000
2016-10-31,19.572038650512695,240700
2016-11-01,19.144332885742188,248300
2016-11-02,19.162403106689453,408300
2016-11-03,18.873252868652344,345400
2016-11-04,18.92144203186035,369300
2016-11-07,19.397342681884766,107200
2016-11-08,19.692516326904297,288500
2016-11-09,18.788915634155273,314400
2016-11-10,18.222658157348633,1553600
2016-11-11,17.222671508789062,670700
2016-11-14,17.047971725463867,301600
2016-11-15,17.560014724731445,482300
2016-11-16,17.70458984375,1215100
2016-11-17,17.987720489501953,543900
2016-11-18,17.692543029785156,250100
2016-11-21,17.59013557434082,190400
2016-11-22,17.62025260925293,285100
2016-11-23,17.331104278564453,472200
2016-11-25,17.035924911499023,529700
2016-11-28,17.078094482421875,218000
2016-11-29,17.09014129638672,143700
2016-11-30,16.927492141723633,303900
2016-12-01,16.81303596496582,269800
2016-12-02,17.222671508789062,535000
2016-12-05,17.337127685546875,884600
2016-12-06,17.361221313476562,750500
2016-12-07,17.373271942138672,715600
2016-12-08,17.638328552246094,664200
2016-12-09,17.626279830932617,923700
2016-12-12,17.5660400390625,221500
2016-12-13,17.89735984802246,598200
2016-12-14,17.37929344177246,228600
2016-12-15,17.509464263916016,291700
2016-12-16,17.237014770507812,262900
2016-12-19,17.109872817993164,490900
2016-12-20,16.7344970703125,450700
2016-12-21,16.91613006591797,321700
2016-12-22,16.716333389282227,283000
2016-12-23,16.837421417236328,149500
2016-12-27,16.90401840209961,179200
2016-12-28,17.013002395629883,225100
2016-12-29,17.49129867553711,850400
2016-12-30,17.65477180480957,734600
2017-01-03,17.551847457885742,388000
2017-01-04,17.745586395263672,350200
2017-01-05,17.903005599975586,574600
2017-01-06,17.921165466308594,330600
2017-01-09,18.193614959716797,497200
2017-01-10,17.945384979248047,273000
2017-01-11,17.8182430267334,317900
2017-01-12,17.83640480041504,375100
2017-01-13,17.83640480041504,300300
2017-01-17,17.915115356445312,410900
2017-01-18,17.70320701599121,376400
2017-01-19,17.739534378051758,977600
2017-01-20,17.061437606811523,590300
2017-01-23,17.55790138244629,356000
2017-01-24,17.763751983642578,306300
2017-01-25,17.73348045349121,302400
2017-01-26,17.81218910217285,615700
2017-01-27,17.745586395263672,207600
2017-01-30,17.618444442749023,214400
2017-01-31,17.81218910217285,314600
2017-02-01,17.68504524230957,685000
2017-02-02,17.80007553100586,710100
2017-02-03,17.854568481445312,531300
2017-02-06,17.848512649536133,463500
2017-02-07,17.787967681884766,203100
2017-02-08,17.666879653930664,276800
2017-02-09,17.70320701599121,219400
2017-02-10,17.80007553100586,315100
2017-02-13,17.75164222717285,479800
2017-02-14,17.358102798461914,842300
2017-02-15,17.545791625976562,450100
2017-02-16,17.50341033935547,213400
2017-02-17,17.52157211303711,203000
2017-02-21,17.467084884643555,439100
2017-02-22,17.551847457885742,920000
2017-02-23,17.630552291870117,307600
2017-02-24,17.618444442749023,336000
2017-02-27,17.551847457885742,258000
2017-02-28,17.25517463684082,337800
2017-03-01,17.352046966552734,496200
2017-03-02,17.10381507873535,799300
2017-03-03,17.52157211303711,746900
2017-03-06,17.672937393188477,438900
2017-03-07,17.65477180480957,269300
2017-03-08,17.370214462280273,173600
2017-03-09,17.769807815551758,269000
2017-03-10,17.745586395263672,228500
2017-03-13,17.951440811157227,196900
2017-03-14,18.12096405029297,379500
2017-03-15,18.411575317382812,371500
2017-03-16,18.71430015563965,352000
2017-03-17,18.750627517700195,412100
2017-03-20,18.69008445739746,271200
2017-03-21,18.50239372253418,294100
2017-03-22,18.556882858276367,347500
2017-03-23,18.653757095336914,274500
2017-03-24,18.66586685180664,247700
2017-03-27,18.69008445739746,207400
2017-03-28,18.635591506958008,109800
2017-03-29,18.799062728881836,144800
2017-03-30,18.853551864624023,211800
2017-03-31,18.871715545654297,299900
2017-04-03,19.035184860229492,400700
2017-04-04,19.259199142456055,217000
2017-04-05,19.04729461669922,230100
2017-04-06,18.726409912109375,330500
2017-04-07,18.793006896972656,205800
2017-04-10,18.653757095336914,180000
2017-04-11,18.750627517700195,281300
2017-04-12,18.774845123291016,171700
2017-04-13,18.66586685180664,164100
2017-04-17,18.623483657836914,509900
2017-04-18,18.544775009155273,174200
2017-04-19,18.35103416442871,166000
2017-04-20,18.659809112548828,417400
2017-04-21,19.70722770690918,488300
2017-04-24,19.828317642211914,385800
2017-04-25,19.91913604736328,432800
2017-04-26,19.76171875,442500
2017-04-27,19.71328353881836,235900
2017-04-28,19.828317642211914,454700
2017-05-01,19.76777458190918,146800
2017-05-02,20.094715118408203,287100
2017-05-03,20.02811622619629,306700
2017-05-04,20.227781295776367,252600
2017-05-05,20.227781295776367,338100
2017-05-08,20.153141021728516,128800
2017-05-09,20.14069938659668,251800
2017-05-10,20.33974266052246,168200
2017-05-11,20.30242156982422,139800
2017-05-12,20.625865936279297,250200
2017-05-15,20.40194320678711,207100
2017-05-16,20.24022102355957,304900
2017-05-17,19.88567543029785,299300
2017-05-18,19.99141502380371,313500
2017-05-19,21.303857803344727,380500
2017-05-22,20.967973709106445,246100
2017-05-23,20.63208770751953,216500
2017-05-24,20.731609344482422,245200
2017-05-25,20.75027084350586,128000
2017-05-26,20.918212890625,130800
2017-05-30,20.513906478881836,412600
2017-05-31,20.5076847076416,372500
2017-06-01,20.56988525390625,302900
2017-06-02,20.582326889038086,282900
2017-06-05,20.489023208618164,307100
2017-06-06,20.333520889282227,342100
2017-06-07,20.277542114257812,212800
2017-06-08,20.271320343017578,265100
2017-06-09,20.209123611450195,174000
2017-06-12,20.24022102355957,147300
2017-06-13,20.426822662353516,162000
2017-06-14,20.33974266052246,176000
2017-06-15,20.43926429748535,188900
2017-06-16,20.644529342651367,523300
2017-06-19,20.737829208374023,215300
2017-06-20,20.781370162963867,191900
2017-06-21,21.02395248413086,164900
2017-06-22,21.011512756347656,185200
2017-06-23,20.98041534423828,205900
2017-06-26,21.11103630065918,190600
2017-06-27,20.943092346191406,283500
2017-06-28,21.148357391357422,153500
2017-06-29,20.930652618408203,361400
2017-06-30,20.943092346191406,241300
2017-07-03,21.621084213256836,516000
2017-07-05,21.104816436767578,612300
2017-07-06,21.37228012084961,851100
2017-07-07,21.359840393066406,462300
2017-07-10,21.278976440429688,141700
2017-07-11,21.390939712524414,153800
2017-07-12,21.7454833984375,171100
2017-07-13,21.51534652709961,191400
2017-07-14,21.6024227142334,134200
2017-07-17,21.540224075317383,194700
2017-07-18,21.540224075317383,119900
2017-07-19,21.57132339477539,197500
2017-07-20,21.56510353088379,197500
2017-07-21,21.27276039123535,161900
2017-07-24,21.56510353088379,210700
2017-07-25,21.838788986206055,333500
2017-07-26,21.726825714111328,251300
2017-07-27,21.63352394104004,191400
2017-07-28,21.807687759399414,177000
2017-07-31,21.789024353027344,244400
2017-08-01,22.323955535888672,331900
2017-08-02,22.1684513092041,259400
2017-08-03,21.876108169555664,167700
2017-08-04,21.807687759399414,128700
2017-08-07,21.801467895507812,133200
2017-08-08,21.770366668701172,181300
2017-08-09,21.838788986206055,181900
2017-08-10,21.652183532714844,292400
2017-08-11,21.96940803527832,175300
2017-08-14,22.106252670288086,190300
2017-08-15,22.044048309326172,119200
2017-08-16,22.29285430908203,136300
2017-08-17,22.037830352783203,126500
2017-08-18,22.05027198791504,283900
2017-08-21,22.249313354492188,175600
2017-08-22,22.46702003479004,173300
2017-08-23,22.386157989501953,175600
2017-08-24,22.218215942382812,175600
2017-08-25,22.211994171142578,126400
2017-08-28,22.211994171142578,113200
2017-08-29,22.11869239807129,149800
2017-08-30,22.037830352783203,145600
2017-08-31,21.96940803527832,159100
2017-09-01,22.0316104888916,152200
2017-09-05,21.67706298828125,290400
2017-09-06,22.037830352783203,206400
2017-09-07,22.025394439697266,224900
2017-09-08,22.068931579589844,169500
2017-09-11,22.218215942382812,224900
2017-09-12,22.068931579589844,182000
2017-09-13,21.900991439819336,254900
2017-09-14,21.79524803161621,259300
2017-09-15,22.081371307373047,266100
2017-09-18,21.963191986083984,101300
2017-09-19,21.93208885192871,188600
2017-09-20,21.7454833984375,193600
2017-09-21,21.770366668701172,167900
2017-09-22,21.627304077148438,174900
2017-09-25,21.658405303955078,285000
2017-09-26,21.621084213256836,527900
2017-09-27,21.54644203186035,269000
2017-09-28,21.6148681640625,203700
2017-09-29,21.334957122802734,478500
2017-10-02,21.334957122802734,504200
2017-10-03,21.422039031982422,226300
2017-10-04,21.397159576416016,295600
2017-10-05,21.41581916809082,243100
2017-10-06,21.303857803344727,224800
2017-10-09,21.266538619995117,195100
2017-10-10,20.961755752563477,266100
2017-10-11,20.134477615356445,691100
2017-10-12,20.178016662597656,320800
2017-10-13,20.24022102355957,351000
2017-10-16,20.24022102355957,346100
2017-10-17,20.090938568115234,451300
2017-10-18,19.518688201904297,838300
2017-10-19,19.47514533996582,496400
2017-10-20,19.661752700805664,304500
2017-10-23,19.431604385375977,220200
2017-10-24,19.17036247253418,431600
2017-10-25,18.666536331176758,574700
2017-10-26,18.828258514404297,324600
2017-10-27,18.703855514526367,478300
2017-10-30,18.660314559936523,403400
2017-10-31,18.68519401550293,378200
2017-11-01,18.299549102783203,515500
2017-11-02,18.59189224243164,341900
2017-11-03,18.71629524230957,203700
2017-11-06,19.120601654052734,669500
2017-11-07,18.927780151367188,648900
2017-11-08,18.67897605895996,337300
2017-11-09,18.977540969848633,399900
2017-11-10,18.865577697753906,244900
2017-11-13,18.666536331176758,379200
2017-11-14,18.573232650756836,472000
2017-11-15,18.90911865234375,287400
2017-11-16,19.077062606811523,472800
2017-11-17,19.16414451599121,429400
2017-11-20,19.058401107788086,253400
2017-11-21,19.17036247253418,379100
2017-11-22,19.32586669921875,209100
2017-11-24,19.77993392944336,235900
2017-11-27,19.425386428833008,494700
2017-11-28,19.412946701049805,373200
2017-11-29,19.126821517944336,233900
2017-11-30,19.33208465576172,334700
2017-12-01,19.058401107788086,259800
2017-12-04,19.189023971557617,168900
2017-12-05,19.26988410949707,294100
2017-12-06,19.17658233642578,159400
2017-12-07,19.213903427124023,243000
2017-12-08,19.120601654052734,268800
2017-12-11,19.157922744750977,323600
2017-12-12,19.05217933654785,170800
2017-12-13,19.406726837158203,422700
2017-12-14,19.33208465576172,267500
2017-12-15,19.356966018676758,286600
2017-12-18,19.400508880615234,173500
2017-12-19,19.14548110961914,175100
2017-12-20,19.05217933654785,171300
2017-12-21,19.307205200195312,274400
2017-12-22,19.500028610229492,188100
2017-12-26,19.580888748168945,142800
2017-12-27,19.506248474121094,171000
2017-12-28,19.922996520996094,267900
2017-12-29,20.04117774963379,265200
2018-01-02,20.190458297729492,326400
2018-01-03,19.412946701049805,399300
2018-01-04,19.350746154785156,309600
2018-01-05,19.699071884155273,231400
2018-01-08,19.755054473876953,225200
2018-01-09,19.369403839111328,304800
2018-01-10,19.28232192993164,197000
2018-01-11,19.356966018676758,342400
2018-01-12,19.493806838989258,186100
2018-01-16,19.69285011291504,237600
2018-01-17,19.74883460998535,226300
2018-01-18,19.59332847595215,379800
2018-01-19,19.444047927856445,430400
2018-01-22,19.437828063964844,396300
2018-01-23,19.182802200317383,587300
2018-01-24,18.80337905883789,1480700
2018-01-25,18.542131423950195,1902400
2018-01-26,19.506248474121094,563600
2018-01-29,18.52347183227539,494900
2018-01-30,18.542131423950195,231000
2018-01-31,18.69141387939453,206800
2018-02-01,18.759836196899414,403900
2018-02-02,18.38041114807129,254500
2018-02-05,17.988540649414062,430100
2018-02-06,18.374189376831055,456300
2018-02-07,18.175146102905273,321400
2018-02-08,17.78949737548828,466700
2018-02-09,17.93256378173828,433900
2018-02-12,18.193805694580078,385200
2018-02-13,18.51725196838379,303600
2018-02-14,18.560792922973633,510800
2018-02-15,18.722515106201172,255300
2018-02-16,18.80337905883789,302400
2018-02-20,18.703855514526367,174500
2018-02-21,18.560792922973633,312600
2018-02-22,18.4239501953125,535400
2018-02-23,18.467491149902344,393700
2018-02-26,18.51725196838379,311900
2018-02-27,18.081844329833984,349800
2018-02-28,18.05696678161621,333000
2018-03-01,18.243566513061523,485500
2018-03-02,18.318208694458008,202600
2018-03-05,18.318208694458008,198000
2018-03-06,18.280885696411133,187400
2018-03-07,18.38041114807129,236900
2018-03-08,18.703855514526367,264000
2018-03-09,18.759836196899414,242600
2018-03-12,18.759836196899414,182000
2018-03-13,18.38041114807129,348000
2018-03-14,18.25600814819336,393600
2018-03-15,17.920120239257812,398100
2018-03-16,17.503374099731445,429600
2018-03-19,17.204811096191406,444100
2018-03-20,16.489498138427734,528400
2018-03-21,16.949787139892578,489000
2018-03-22,16.53925895690918,496600
2018-03-23,16.234472274780273,315200
2018-03-26,16.445955276489258,214900
2018-03-27,16.253131866455078,347200
2018-03-28,16.321552276611328,314400
2018-03-29,16.433515548706055,329500
2018-04-02,16.40863800048828,289500
2018-04-03,16.58279800415039,217700
2018-04-04,16.68231964111328,288100
2018-04-05,16.651220321655273,949200
2018-04-06,16.50193977355957,587900
2018-04-09,16.775619506835938,1634200
2018-04-10,17.273231506347656,763900
2018-04-11,17.35409164428711,293000
2018-04-12,16.812942504882812,380000
2018-04-13,16.595239639282227,280600
2018-04-16,16.819164276123047,253900
2018-04-17,16.713422775268555,504200
2018-04-18,16.93112564086914,433200
2018-04-19,16.887584686279297,529500
2018-04-20,16.663660049438477,311300
2018-04-23,16.769399642944336,426200
2018-04-24,17.173709869384766,507600
2018-04-25,16.943567276000977,304400
2018-04-26,16.688541412353516,394800
2018-04-27,16.906246185302734,205800
2018-04-30,16.949787139892578,226800
2018-05-01,16.900026321411133,291300
2018-05-02,17.06796646118164,368900
2018-05-03,16.564138412475586,656400
2018-05-04,16.452178955078125,328600
2018-05-07,16.452178955078125,465500
2018-05-08,16.159832000732422,777700
2018-05-09,16.763179779052734,717600
2018-05-10,16.819164276123047,623500
2018-05-11,16.74300193786621,366600
2018-05-14,16.300338745117188,497900
2018-05-15,15.480113983154297,785000
2018-05-16,15.968341827392578,308600
2018-05-17,16.065988540649414,424200
2018-05-18,15.786070823669434,354000
2018-05-21,15.545209884643555,269500
2018-05-22,15.922774314880371,554800
2018-05-23,16.02042007446289,345300
2018-05-24,16.189672470092773,465800
2018-05-25,16.19618034362793,555500
2018-05-29,16.437042236328125,630900
2018-05-30,16.456571578979492,688500
2018-05-31,16.08551788330078,577300
2018-06-01,16.280807495117188,386400
2018-06-04,16.873191833496094,757500
2018-06-05,17.374441146850586,1178300
2018-06-06,17.615299224853516,1327500
2018-06-07,17.348400115966797,1332900
2018-06-08,17.055465698242188,1051000
2018-06-11,17.211698532104492,661300
2018-06-12,17.374441146850586,302700
2018-06-13,17.36793327331543,523800
2018-06-14,17.28981590270996,263400
2018-06-15,17.140092849731445,407800
2018-06-18,17.02291488647461,342400
2018-06-19,16.866683959960938,1041100
2018-06-20,17.1661319732666,788000
2018-06-21,16.573747634887695,657800
2018-06-22,16.63233184814453,313100
2018-06-25,16.749509811401367,359200
2018-06-26,16.84715461730957,261000
2018-06-27,16.638845443725586,414300
2018-06-28,16.756019592285156,403200
2018-06-29,16.931781768798828,301700
2018-07-02,16.59978485107422,536400
2018-07-03,16.71044921875,247700
2018-07-05,17.31585693359375,358000
2018-07-06,17.55671501159668,374200
2018-07-09,17.862668991088867,456600
2018-07-10,18.070981979370117,540200
2018-07-11,18.05145263671875,673600
2018-07-12,18.48760223388672,450400
2018-07-13,18.018903732299805,179300
2018-07-16,17.686906814575195,257400
2018-07-17,17.673891067504883,325000
2018-07-18,17.882200241088867,428800
2018-07-19,17.465576171875,265200
2018-07-20,17.830121994018555,362900
2018-07-23,18.044944763183594,307500
2018-07-24,18.155607223510742,211000
2018-07-25,17.758516311645508,214100
2018-07-26,17.62181282043457,266900
2018-07-27,17.84964942932129,182600
2018-07-30,17.673891067504883,232500
2018-07-31,15.961833953857422,692900
2018-08-01,15.86418628692627,391300
2018-08-02,15.460583686828613,1152800
2018-08-03,15.441054344177246,994400
2018-08-06,16.176654815673828,730000
2018-08-07,16.04646110534668,468100
2018-08-08,15.88371467590332,388300
2018-08-09,15.760031700134277,291700
2018-08-10,15.460583686828613,332600
2018-08-13,14.991884231567383,323800
2018-08-14,14.998395919799805,249400
2018-08-15,15.05698299407959,371500
2018-08-16,14.978864669799805,289000
2018-08-17,15.076512336730957,229800
2018-08-20,15.115567207336426,142200
2018-08-21,15.004902839660645,182800
2018-08-22,15.030941009521484,221900
2018-08-23,14.484127044677734,549300
2018-08-24,14.718477249145508,331200
2018-08-27,15.447566032409668,312900
2018-08-28,15.681914329528809,467900
2018-08-29,15.831639289855957,474800
2018-08-30,15.24576473236084,413500
2018-08-31,15.408507347106934,366500
2018-09-04,14.822632789611816,488200
2018-09-05,14.243266105651855,439600
2018-09-06,14.627338409423828,261200
2018-09-07,14.72498607635498,270900
2018-09-10,14.738004684448242,266700
2018-09-11,14.84216022491455,134400
2018-09-12,14.93980598449707,403600
2018-09-13,15.349919319152832,366900
2018-09-14,15.545209884643555,349700
2018-09-17,15.180665016174316,210800
2018-09-18,15.707951545715332,217400
2018-09-19,15.67540454864502,174200
2018-09-20,16.033437728881836,194400
2018-09-21,15.812108993530273,318400
2018-09-24,15.584269523620605,200000
2018-09-25,15.62332820892334,337700
2018-09-26,15.564739227294922,350000
2018-09-27,15.753521919250488,194500
2018-09-28,15.93579387664795,253900
2018-10-01,15.968341827392578,287500
2018-10-02,15.727483749389648,277400
2018-10-03,15.31737232208252,466900
2018-10-04,15.141609191894531,211300
2018-10-05,15.154627799987793,145300
2018-10-08,15.187174797058105,164400
2018-10-09,15.304351806640625,149100
2018-10-10,15.096039772033691,171200
2018-10-11,15.343408584594727,301600
2018-10-12,15.64285659790039,229700
2018-10-15,15.760031700134277,165300
2018-10-16,16.437042236328125,299800
2018-10-17,16.606294631958008,435300
2018-10-18,15.825128555297852,244600
2018-10-19,16.000890731811523,210800
2018-10-22,16.215709686279297,145500
2018-10-23,16.065988540649414,187600
2018-10-24,15.21972370147705,303400
2018-10-25,15.545209884643555,278800
2018-10-26,15.636346817016602,238200
2018-10-29,15.395486831665039,241200
2018-10-30,16.495630264282227,237900
2018-10-31,16.404495239257812,223600
2018-11-01,16.892724990844727,254000
2018-11-02,16.795076370239258,226700
2018-11-05,16.99036979675293,108600
2018-11-06,17.11405372619629,203900
2018-11-07,17.647850036621094,193000
2018-11-08,17.485109329223633,182500
2018-11-09,17.068485260009766,228500
2018-11-12,17.0489559173584,171300
2018-11-13,16.91225242614746,199000
2018-11-14,16.892724990844727,280100
2018-11-15,17.76502799987793,236900
2018-11-16,18.1816463470459,191600
2018-11-19,17.485109329223633,234900
2018-11-20,17.192169189453125,165100
2018-11-21,17.641342163085938,199100
2018-11-23,17.76502799987793,103200
2018-11-26,17.953807830810547,177600
2018-11-27,17.465576171875,244400
2018-11-28,17.0489559173584,443400
2018-11-29,16.944799423217773,169800
2018-11-30,16.860172271728516,203000
2018-12-03,16.938289642333984,220200
2018-12-04,16.78205680847168,211900
2018-12-06,16.684410095214844,198700
2018-12-07,16.38496208190918,239600
2018-12-10,16.2938289642334,251700
2018-12-11,16.215709686279297,288700
2018-12-12,16.521665573120117,254100
2018-12-13,17.459068298339844,1857000
2018-12-14,16.78205680847168,1206000
2018-12-17,16.495630264282227,716700
2018-12-18,16.938289642333984,525900
2018-12-19,16.92527198791504,326000
2018-12-20,16.78856658935547,333600
2018-12-21,16.48261070251465,340600
2018-12-24,16.2938289642334,155500
2018-12-26,16.853662490844727,195000
2018-12-27,16.899232864379883,288300
2018-12-28,17.081506729125977,193100
2018-12-31,17.061975479125977,249900
2019-01-02,17.153112411499023,291100
2019-01-03,16.814605712890625,417400
2019-01-04,17.33538246154785,355700
2019-01-07,17.59577178955078,268100
2019-01-08,17.680397033691406,275200
2019-01-09,17.380952835083008,418600
2019-01-10,17.79757308959961,430300
2019-01-11,17.93427848815918,341800
2019-01-14,17.836633682250977,260700
2019-01-15,17.98635482788086,195000
2019-01-16,18.43552589416504,379200
2019-01-17,18.324861526489258,389700
2019-01-18,18.481094360351562,235300
2019-01-22,18.201175689697266,294400
2019-01-23,18.11655044555664,278600
2019-01-24,17.973337173461914,271700
2019-01-25,17.947298049926758,236200
2019-01-28,17.608793258666992,409300
2019-01-29,17.76502799987793,210600
2019-01-30,17.999374389648438,341300
2019-01-31,18.207683563232422,208200
2019-02-01,17.882200241088867,245400
2019-02-04,17.823610305786133,151100
2019-02-05,17.908239364624023,180800
2019-02-06,17.979846954345703,201200
2019-02-07,17.927766799926758,149700
2019-02-08,17.836633682250977,209400
2019-02-11,18.305334091186523,240500
2019-02-12,17.921260833740234,250200
2019-02-13,17.452558517456055,291200
2019-02-14,17.465576171875,246000
2019-02-15,17.686906814575195,171500
2019-02-19,18.207683563232422,321200
2019-02-20,17.973337173461914,452900
2019-02-21,17.823610305786133,123800
2019-02-22,17.862668991088867,169600
2019-02-25,18.090511322021484,185300
2019-02-26,18.240234375,186600
2019-02-27,18.26627540588379,179800
2019-02-28,17.953807830810547,311800
2019-03-01,17.953807830810547,115400
2019-03-04,17.79757308959961,129700
2019-03-05,17.966825485229492,133500
2019-03-06,17.66737937927246,240100
2019-03-07,17.374441146850586,176500
2019-03-08,17.192169189453125,267300
2019-03-11,17.53067398071289,288500
2019-03-12,17.35491180419922,337600
2019-03-13,17.02942657470703,326700
2019-03-14,17.042444229125977,259100
2019-03-15,17.02291488647461,1552500
2019-03-18,17.361421585083008,337500
2019-03-19,17.28330421447754,274700
2019-03-20,17.328876495361328,290300
2019-03-21,17.47859764099121,222500
2019-03-22,17.15962028503418,201000
2019-03-25,17.400480270385742,257600
2019-03-26,17.550203323364258,201200
2019-03-27,17.459068298339844,207200
2019-03-28,17.608793258666992,246600
2019-03-29,17.875686645507812,554900
2019-04-01,18.012392044067383,175700
2019-04-02,17.85616111755371,227400
2019-04-03,17.966825485229492,257400
2019-04-04,18.272781372070312,264200
2019-04-05,18.50713348388672,232700
2019-04-08,18.123062133789062,282600
2019-04-09,18.018903732299805,228100
2019-04-10,18.07749366760254,146600
2019-04-11,17.673891067504883,155900
2019-04-12,17.75200653076172,156200
2019-04-15,17.843141555786133,118900
2019-04-16,17.888710021972656,171600
2019-04-17,18.214195251464844,250200
2019-04-18,17.960317611694336,464500
2019-04-22,17.55671501159668,645500
2019-04-23,17.895217895507812,156800
2019-04-24,17.54369354248047,310300
2019-04-25,17.47859764099121,144900
2019-04-26,17.921260833740234,259000
2019-04-29,17.59577178955078,225400
2019-04-30,17.413501739501953,425000
2019-05-01,17.23773956298828,171900
2019-05-02,17.47859764099121,265800
2019-05-03,17.563220977783203,149200
2019-05-06,17.4265193939209,193600
2019-05-07,17.446048736572266,190700
2019-05-08,17.465576171875,189500
2019-05-09,17.263778686523438,135000
2019-05-10,17.263778686523438,184900
2019-05-13,16.78205680847168,246500
2019-05-14,17.003389358520508,137700
2019-05-15,16.63233184814453,246200
2019-05-16,16.43053436279297,240400
2019-05-17,15.831639289855957,382500
2019-05-20,16.189672470092773,307600
2019-05-21,16.079010009765625,283500
2019-05-22,15.844656944274902,178100
2019-05-23,16.254772186279297,337500
2019-05-24,16.593273162841797,343000
2019-05-28,16.638845443725586,719000
2019-05-29,16.873191833496094,595200
2019-05-30,16.98386001586914,274800
2019-05-31,17.55671501159668,290000
2019-06-03,17.72596549987793,305000
2019-06-04,17.66737937927246,312700
2019-06-05,17.79757308959961,185900
2019-06-06,17.823610305786133,140200
2019-06-07,18.031923294067383,136300
2019-06-10,18.246746063232422,193000
2019-06-11,18.46182632446289,211900
2019-06-12,18.590742111206055,323400
2019-06-13,18.787504196166992,435800
2019-06-14,18.69930076599121,120200
2019-06-17,18.455041885375977,157300
2019-06-18,19.004623413085938,186200
2019-06-19,19.44564437866211,324700
2019-06-20,19.371009826660156,206000
2019-06-21,18.963912963867188,595200
2019-06-24,19.1810302734375,245800
2019-06-25,19.21495819091797,143000
2019-06-26,19.201387405395508,146500
2019-06-27,19.62883758544922,151600
2019-06-28,19.839170455932617,247500
2019-07-01,20.05628776550293,238800
2019-07-02,20.280193328857422,209800
2019-07-03,20.191986083984375,142300
2019-07-05,20.39553451538086,183900
2019-07-08,20.368392944335938,170900
2019-07-09,20.45660400390625,389400
2019-07-10,20.571945190429688,169900
2019-07-11,20.38196563720703,134100
2019-07-12,20.225910186767578,181700
2019-07-15,20.524450302124023,460500
2019-07-16,20.4973087310791,191700
2019-07-17,20.443031311035156,123900
2019-07-18,20.551589965820312,207900
2019-07-19,20.483739852905273,482900
2019-07-22,20.4973087310791,300800
2019-07-23,20.36161231994629,704200
2019-07-24,20.110567092895508,481200
2019-07-25,20.117355346679688,252300
2019-07-26,20.13770866394043,195700
2019-07-29,20.388751983642578,152700
2019-07-30,20.286977767944336,221700
2019-07-31,20.443031311035156,372600
2019-08-01,20.44981575012207,240100
2019-08-02,20.388751983642578,158900
2019-08-05,19.527063369750977,319000
2019-08-06,19.920591354370117,180900
2019-08-07,20.198772430419922,205300
2019-08-08,20.49052619934082,146700
2019-08-09,20.5448055267334,224700
2019-08-12,20.117355346679688,132200
2019-08-13,20.375181198120117,148400
2019-08-14,20.171630859375,179800
2019-08-15,20.50409507751465,213700
2019-08-16,20.680505752563477,169300
2019-08-19,20.802631378173828,134800
2019-08-20,21.046890258789062,194600
2019-08-21,20.843341827392578,185600
2019-08-22,20.972257614135742,111800
2019-08-23,20.571945190429688,139300
2019-08-26,20.73478126525879,129300
2019-08-27,20.98582649230957,130700
2019-08-28,20.95868492126465,85800
2019-08-29,21.019750595092773,144100
2019-08-30,21.318288803100586,130100
2019-09-03,20.877267837524414,317900
2019-09-04,20.822988510131836,224500
2019-09-05,20.904407501220703,161500
2019-09-06,20.314117431640625,233100
2019-09-09,20.57872772216797,123800
2019-09-10,20.626222610473633,77400
2019-09-11,20.558374404907227,122600
2019-09-12,20.50409507751465,190200
2019-09-13,20.205556869506836,158400
2019-09-16,20.38196563720703,185400
2019-09-17,20.789060592651367,201700
2019-09-18,20.510879516601562,216500
2019-09-19,20.44981575012207,328700
2019-09-20,20.612655639648438,413600
2019-09-23,20.51766586303711,121300
2019-09-24,20.205556869506836,139800
2019-09-25,20.158061981201172,294700
2019-09-26,20.748353958129883,178500
2019-09-27,20.40910530090332,142200
2019-09-30,20.429462432861328,175400
2019-10-01,20.232696533203125,162700
2019-10-02,20.097000122070312,83700
2019-10-03,20.26662254333496,87600
2019-10-04,20.36161231994629,108900
2019-10-07,19.77132225036621,163900
2019-10-08,19.567773818969727,286600
2019-10-09,19.88666343688965,320900
2019-10-10,19.90023422241211,142500
2019-10-11,20.110567092895508,110600
2019-10-14,20.022363662719727,70700
2019-10-15,19.947731018066406,168600
2019-10-16,19.934160232543945,87300
2019-10-17,19.866310119628906,69800
2019-10-18,20.04271697998047,116700
2019-10-21,20.16484832763672,83100
2019-10-22,20.18520164489746,179100
2019-10-23,20.36161231994629,213000
2019-10-24,20.700857162475586,327500
2019-10-25,20.483739852905273,391900
2019-10-28,20.56515884399414,177000
2019-10-29,20.524450302124023,280700
2019-10-30,20.39553451538086,189300
2019-10-31,19.594911575317383,305900
2019-11-01,19.791675567626953,181900
2019-11-04,20.008790969848633,224600
2019-11-05,20.144495010375977,92100
2019-11-06,19.873096466064453,95000
2019-11-07,19.866310119628906,90700
2019-11-08,19.764537811279297,102200
2019-11-11,19.791675567626953,85300
2019-11-12,20.02914810180664,155000
2019-11-13,19.82560157775879,135700
2019-11-14,19.676332473754883,180900
2019-11-15,19.764537811279297,119900
2019-11-18,19.3438720703125,403400
2019-11-19,19.37779426574707,120200
2019-11-20,19.533845901489258,129500
2019-11-21,19.33708381652832,72900
2019-11-22,19.384578704833984,96700
2019-11-25,18.99105453491211,504300
2019-11-26,18.8892822265625,476200
2019-11-27,18.651805877685547,174600
2019-11-29,18.77393341064453,103600
2019-12-02,18.828214645385742,197500
2019-12-03,18.92998695373535,367700
2019-12-04,19.296375274658203,123100
2019-12-05,19.418502807617188,184700
2019-12-06,19.608482360839844,145000
2019-12-09,19.533845901489258,156600
2019-12-10,19.418502807617188,111000
2019-12-11,19.43207359313965,144600
2019-12-12,18.977481842041016,294400
2019-12-13,19.15389060974121,188800
2019-12-16,19.10639762878418,321400
2019-12-17,19.228525161743164,155800
2019-12-18,19.262451171875,106700
2019-12-19,18.98426628112793,347600
2019-12-20,19.3438720703125,166200
2019-12-23,19.398151397705078,97000
2019-12-24,19.316730499267578,59500
2019-12-26,19.357440948486328,65100
2019-12-27,19.276020050048828,136300
2019-12-30,19.242095947265625,114600
2019-12-31,19.33708381652832,280000
2020-01-02,19.357440948486328,86200
2020-01-03,19.276020050048828,125200
2020-01-06,19.276020050048828,109900
2020-01-07,19.092824935913086,106100
2020-01-08,19.248884201049805,71100
2020-01-09,19.276020050048828,100900
2020-01-10,19.574560165405273,82200
2020-01-13,19.873096466064453,174400
2020-01-14,19.43207359313965,97200
2020-01-15,19.086042404174805,187500
2020-01-16,19.099609375,300200
2020-01-17,18.950342178344727,181000
2020-01-21,19.099609375,240200
2020-01-22,19.058900833129883,132700
2020-01-23,19.22174072265625,106000
2020-01-24,19.357440948486328,197700
2020-01-27,18.902847290039062,139900
2020-01-28,19.187816619873047,86300
2020-01-29,19.30994415283203,81700
2020-01-30,19.0521183013916,97000
2020-01-31,18.706087112426758,119000
2020-02-03,18.550031661987305,151700
2020-02-04,18.563602447509766,633200
2020-02-05,18.807859420776367,206400
2020-02-06,18.746793746948242,56600
2020-02-07,18.61787986755371,59300
2020-02-10,18.780719757080078,92700
2020-02-11,18.74001121520996,227700
2020-02-12,18.848573684692383,182100
2020-02-13,18.224355697631836,184800
2020-02-14,18.03437614440918,95700
2020-02-18,17.871536254882812,123800
2020-02-19,18.03437614440918,141700
2020-02-20,17.93938636779785,132800
2020-02-21,18.1904296875,144300
2020-02-24,17.70870018005371,171400
2020-02-25,17.35588264465332,243000
2020-02-26,17.179471969604492,185200
2020-02-27,16.62310791015625,301900
2020-02-28,16.45348358154297,196300
2020-03-02,16.684171676635742,295400
2020-03-03,17.199827194213867,208100
2020-03-04,18.054729461669922,389500
2020-03-05,17.695127487182617,482200
2020-03-06,17.49836540222168,587100
2020-03-09,15.917475700378418,271800
2020-03-10,16.582399368286133,309700
2020-03-11,15.693572044372559,193400
2020-03-12,14.451926231384277,224100
2020-03-13,15.585012435913086,284800
2020-03-16,14.207670211791992,284600
2020-03-17,13.976983070373535,332400
2020-03-18,12.396089553833008,295600
2020-03-19,11.113734245300293,473300
2020-03-20,11.683669090270996,427100
2020-03-23,11.201940536499023,349500
2020-03-24,11.493691444396973,350800
2020-03-25,11.541187286376953,363200
2020-03-26,12.701411247253418,531100
2020-03-27,12.823539733886719,373100
2020-03-30,13.427401542663574,590500
2020-03-31,13.061013221740723,280400
2020-04-01,12.518218040466309,299200
2020-04-02,13.081369400024414,405400
2020-04-03,13.061013221740723,264100
2020-04-06,13.800573348999023,325900
2020-04-07,13.603808403015137,305300
2020-04-08,13.203496932983398,311400
2020-04-09,13.502036094665527,281200
2020-04-13,13.637733459472656,167900
2020-04-14,13.963410377502441,270700
2020-04-15,13.305272102355957,152500
2020-04-16,12.918529510498047,273000
2020-04-17,13.949841499328613,312200
2020-04-20,13.366336822509766,319200
2020-04-21,12.979593276977539,401400
2020-04-22,13.624162673950195,625000
2020-04-23,13.37312126159668,178900
2020-04-24,13.359551429748535,193200
2020-04-27,13.75307846069336,202000
2020-04-28,13.61059284210205,279500
2020-04-29,14.64190673828125,405100
2020-04-30,14.716540336608887,458000
2020-05-01,14.323014259338379,330400
2020-05-04,14.465497970581055,521500
2020-05-05,14.594411849975586,321400
2020-05-06,14.14660358428955,466400
2020-05-07,14.438355445861816,324700
2020-05-08,14.451926231384277,363400
2020-05-11,14.424786567687988,370900
2020-05-12,14.078754425048828,222700
2020-05-13,14.05840015411377,254500
2020-05-14,13.99055290222168,198500
2020-05-15,14.024476051330566,163700
2020-05-18,14.852237701416016,228500
2020-05-19,14.648691177368164,441600
2020-05-20,14.261945724487305,443300
2020-05-21,14.05840015411377,227800
2020-05-22,13.976983070373535,246400
2020-05-26,14.68261432647705,333300
2020-05-27,14.458712577819824,294400
2020-05-28,14.302659034729004,174200
2020-05-29,14.485852241516113,290900
2020-06-01,14.655476570129395,183000
2020-06-02,15.272905349731445,322300
2020-06-03,15.768204689025879,309800
2020-06-04,15.646075248718262,392400
2020-06-05,15.666431427001953,324000
2020-06-08,15.713926315307617,244600
2020-06-09,14.987936973571777,312100
2020-06-10,15.02186107635498,571100
2020-06-11,14.234807968139648,201200
2020-06-12,14.485852241516113,262300
2020-06-15,14.655476570129395,270200
2020-06-16,15.015077590942383,443300
2020-06-17,15.469667434692383,1978600
2020-06-18,15.59179973602295,940100
2020-06-19,15.469667434692383,340500
2020-06-22,15.103281021118164,218900
2020-06-23,15.028647422790527,267500
2020-06-24,15.069356918334961,214000
2020-06-25,15.049001693725586,229900
2020-06-26,14.913302421569824,288400
2020-06-29,14.954011917114258,201300
2020-06-30,14.845452308654785,283300
2020-07-01,14.75046443939209,297500
2020-07-02,15.25255012512207,309800
2020-07-06,15.130419731140137,194000
2020-07-07,14.987936973571777,242000
2020-07-08,15.143989562988281,307600
2020-07-09,15.179642677307129,212700
2020-07-10,15.143989562988281,337900
2020-07-13,15.044172286987305,344300
2020-07-14,15.108342170715332,212200
2020-07-15,15.136861801147461,363000
2020-07-16,15.101210594177246,210400
2020-07-17,14.901573181152344,198600
2020-07-20,14.816015243530273,238600
2020-07-21,14.808883666992188,210900
2020-07-22,14.744714736938477,289700
2020-07-23,14.723323822021484,731600
2020-07-24,14.644896507263184,689800
2020-07-27,14.851661682128906,118700
2020-07-28,14.602115631103516,199200
2020-07-29,14.66628360748291,228800
2020-07-30,14.723323822021484,178300
2020-07-31,14.623504638671875,177500
2020-08-03,14.117280006408691,317300
2020-08-04,14.259878158569336,184100
2020-08-05,14.559335708618164,352700
2020-08-06,14.552205085754395,242400
2020-08-07,14.345438957214355,206000
2020-08-10,14.259878158569336,164800
2020-08-11,14.16006088256836,199600
2020-08-12,14.2170991897583,136500
2020-08-13,14.274138450622559,269200
2020-08-14,14.316917419433594,115400
2020-08-17,14.530816078186035,258400
2020-08-18,14.480907440185547,172400
2020-08-19,14.252748489379883,205000
2020-08-20,14.181447982788086,137100
2020-08-21,14.259878158569336,123900
2020-08-24,14.366827964782715,301700
2020-08-25,14.587855339050293,241100
2020-08-26,14.644896507263184,208000
2020-08-27,14.352566719055176,204400
2020-08-28,14.423866271972656,99800
2020-08-31,14.209969520568848,247400
2020-09-01,14.031719207763672,279800
2020-09-02,14.131540298461914,286400
2020-09-03,13.775042533874512,219700
2020-09-04,14.00320053100586,418400
2020-09-08,13.967551231384277,298400
2020-09-09,13.803563117980957,301100
2020-09-10,12.955099105834961,475400
2020-09-11,13.211779594421387,322200
2020-09-14,13.575403213500977,350700
2020-09-15,13.496975898742676,258900
2020-09-16,13.447067260742188,191100
2020-09-17,13.596793174743652,136600
2020-09-18,13.703743934631348,224200
2020-09-21,13.439935684204102,334400
2020-09-22,13.489845275878906,162800
2020-09-23,13.2046480178833,240400
2020-09-24,12.997879028320312,330500
2020-09-25,13.069178581237793,280300
2020-09-28,12.976489067077637,222400
2020-09-29,12.684163093566895,304300
2020-09-30,12.384705543518066,388600
2020-10-01,13.154738426208496,331400
2020-10-02,12.940838813781738,143000
2020-10-05,13.090568542480469,254200
2020-10-06,12.98361873626709,539100
2020-10-07,13.076309204101562,343500
2020-10-08,13.254557609558105,361100
2020-10-09,13.39002513885498,369600
2020-10-12,13.332987785339355,242000
2020-10-13,13.183259010314941,222600
2020-10-14,13.539753913879395,309700
2020-10-15,13.496975898742676,239700
2020-10-16,13.439935684204102,162000
2020-10-19,13.190387725830078,221000
2020-10-20,13.176128387451172,309100
2020-10-21,13.168997764587402,314500
2020-10-22,13.161866188049316,281500
2020-10-23,12.862411499023438,269800
2020-10-26,12.776851654052734,133200
2020-10-27,12.734071731567383,307000
2020-10-28,12.413225173950195,239300
2020-10-29,12.299145698547363,186700
2020-10-30,12.185066223144531,220400
2020-11-02,12.370445251464844,185200
2020-11-03,12.612863540649414,137800
2020-11-04,12.605732917785645,212700
2020-11-05,13.703743934631348,232300
2020-11-06,13.91763973236084,231900
2020-11-09,14.609245300292969,224500
2020-11-10,14.373957633972168,239400
2020-11-11,15.329368591308594,517200
2020-11-12,15.06556224822998,410000
2020-11-13,14.930091857910156,260400
2020-11-16,15.379278182983398,218800
2020-11-17,15.878377914428711,498900
2020-11-18,15.864116668701172,347500
2020-11-19,15.771427154541016,331600
2020-11-20,15.864116668701172,501200
2020-11-23,16.4772891998291,385700
2020-11-24,16.662668228149414,439000
2020-11-25,16.363210678100586,672000
2020-11-27,17.34001350402832,234700
2020-11-30,16.0067138671875,311600
2020-12-01,16.199222564697266,312400
2020-12-02,16.598499298095703,182900
2020-12-03,16.377470016479492,310000
2020-12-04,16.320432662963867,152700
2020-12-07,16.605628967285156,198400
2020-12-08,16.47015953063965,114100
2020-12-09,16.4772891998291,159000
2020-12-10,16.41312026977539,119600
2020-12-11,16.37034034729004,164700
2020-12-14,16.441640853881836,289400
2020-12-15,17.24019432067871,253500
2020-12-16,17.803455352783203,604700
2020-12-17,17.696510314941406,381100
2020-12-18,17.575302124023438,198200
2020-12-21,17.553913116455078,232300
2020-12-22,16.8979549407959,127900
2020-12-23,16.698318481445312,361000
2020-12-24,16.83378791809082,55300
2020-12-28,17.347143173217773,168800
2020-12-29,17.211673736572266,192600
2020-12-30,16.79813575744629,174100
2020-12-31,16.769617080688477,211400
2021-01-04,17.625207901000977,273700
2021-01-05,17.4897403717041,235900
2021-01-06,17.318622589111328,162200
2021-01-07,17.653728485107422,598000
2021-01-08,18.195606231689453,1446700
2021-01-11,17.98883628845215,1327100
2021-01-12,17.689380645751953,421700
2021-01-13,17.632341384887695,136100
2021-01-14,17.938926696777344,149800
2021-01-15,17.760679244995117,121600
2021-01-19,17.389921188354492,198200
2021-01-20,17.603822708129883,147100
2021-01-21,17.596689224243164,95100
2021-01-22,17.318622589111328,136500
2021-01-25,17.225934982299805,193500
2021-01-26,16.826656341552734,290400
2021-01-27,16.883695602416992,256100
2021-01-28,16.733966827392578,194300
2021-01-29,16.04949378967285,333300
2021-02-01,16.541460037231445,208700
2021-02-02,16.791006088256836,163400
2021-02-03,16.648406982421875,163200
2021-02-04,16.748226165771484,117300
2021-02-05,16.79813575744629,76300
2021-02-08,16.805267333984375,131400
2021-02-09,16.53432846069336,184100
2021-02-10,16.31329917907715,416100
2021-02-11,16.41312026977539,167400
2021-02-12,16.484418869018555,146400
2021-02-16,16.498682022094727,170400
2021-02-17,16.256261825561523,249100
2021-02-18,16.24913215637207,272300
2021-02-19,16.31329917907715,111300
2021-02-22,16.0067138671875,188400
2021-02-23,17.418439865112305,236300
2021-02-24,17.632341384887695,200000
2021-02-25,17.197416305541992,193300
2021-02-26,17.09759521484375,214200
2021-03-01,17.32575225830078,217700
2021-03-02,17.233062744140625,148100
2021-03-03,17.190282821655273,153200
2021-03-04,16.55571937561035,277600
2021-03-05,16.634145736694336,196900
2021-03-08,16.41312026977539,178300
2021-03-09,16.42738151550293,216600
2021-03-10,16.94073486328125,140000
2021-03-11,17.069072723388672,138500
2021-03-12,17.11898422241211,81900
2021-03-15,16.969255447387695,141800
2021-03-16,16.783878326416016,349400
2021-03-17,16.94073486328125,246000
2021-03-18,16.890827178955078,79400
2021-03-19,16.91934585571289,173200
2021-03-22,16.962125778198242,176100
2021-03-23,16.463029861450195,304000
2021-03-24,16.5485897064209,109900
2021-03-25,16.876567840576172,224400
2021-03-26,17.311492919921875,185200
2021-03-29,17.019166946411133,247200
2021-03-30,16.93360710144043,259200
2021-03-31,16.855175018310547,199500
2021-04-01,16.83378791809082,236700
2021-04-05,16.869436264038086,161000
2021-04-06,16.862306594848633,284500
2021-04-07,16.7054500579834,275600
2021-04-08,16.662668228149414,192600
2021-04-09,16.405990600585938,239200
2021-04-12,16.306171417236328,261200
2021-04-13,16.41312026977539,216300
2021-04-14,16.32756233215332,239600
2021-04-15,16.4772891998291,203900
2021-04-16,16.634145736694336,215200
2021-04-19,16.39885902404785,204400
2021-04-20,16.256261825561523,120700
2021-04-21,16.320432662963867,123100
2021-04-22,16.213481903076172,113800
2021-04-23,16.213481903076172,152300
2021-04-26,16.02810287475586,127000
2021-04-27,15.49335765838623,314600
2021-04-28,15.543268203735352,238500
2021-04-29,16.01384162902832,279200
2021-04-30,15.728645324707031,219300
2021-05-03,15.792817115783691,161900
2021-05-04,15.899764060974121,158400
2021-05-05,15.935415267944336,220000
2021-05-06,16.078012466430664,350800
2021-05-07,16.256261825561523,180900
2021-05-10,16.07088279724121,331500
2021-05-11,16.04949378967285,184100
2021-05-12,15.871245384216309,158700
2021-05-13,16.149311065673828,223100
2021-05-14,16.213481903076172,185200
2021-05-17,15.978194236755371,853700
2021-05-18,15.864116668701172,1300800
2021-05-19,15.899764060974121,1076700
2021-05-20,16.648406982421875,1025300
2021-05-21,16.28478240966797,505800
2021-05-24,16.22774314880371,396800
2021-05-25,16.463029861450195,328100
2021-05-26,16.5485897064209,145200
2021-05-27,16.791006088256836,493800
2021-05-28,16.55571937561035,298900
2021-06-01,16.95499610900879,303800
2021-06-02,17.290102005004883,209200
2021-06-03,17.347143173217773,217600
2021-06-04,18.0672664642334,2138900
2021-06-07,17.83197784423828,660900
2021-06-08,17.739288330078125,199900
2021-06-09,17.881887435913086,213000
2021-06-10,18.20986557006836,270600
2021-06-11,18.274892807006836,178700
2021-06-14,18.03571128845215,144900
2021-06-15,18.10297966003418,129900
2021-06-16,17.79652976989746,123500
2021-06-17,17.490079879760742,161500
2021-06-18,17.243425369262695,134300
2021-06-21,17.303220748901367,142600
2021-06-22,17.243425369262695,161700
2021-06-23,17.348066329956055,112800
2021-06-24,16.959402084350586,180200
2021-06-25,16.959402084350586,161800
2021-06-28,16.63800048828125,273700
2021-06-29,16.339025497436523,237500
2021-06-30,16.197010040283203,179400
2021-07-01,16.092370986938477,281600
2021-07-02,15.995200157165527,407400
2021-07-06,15.599058151245117,355000
2021-07-07,15.509366035461426,579000
2021-07-08,15.359879493713379,233700
2021-07-09,16.18206214904785,313800
2021-07-12,16.040048599243164,173000
2021-07-13,15.696227073669434,187200
2021-07-14,15.658852577209473,261600
2021-07-15,15.957830429077148,325700
2021-07-16,16.249332427978516,266000
2021-07-19,16.339025497436523,913300
2021-07-20,16.451139450073242,175400
2021-07-21,16.61557960510254,586300
2021-07-22,16.61557960510254,311300
2021-07-23,16.376394271850586,177700
2021-07-26,16.61557960510254,165300
2021-07-27,16.652950286865234,175200
2021-07-28,16.600629806518555,143900
2021-07-29,16.89960289001465,128400
2021-07-30,16.705272674560547,137900
2021-08-02,16.922027587890625,247200
2021-08-03,17.265850067138672,328600
2021-08-04,17.176156997680664,365300
2021-08-05,17.303220748901367,406100
2021-08-06,17.295747756958008,385800
2021-08-09,16.922027587890625,256200
2021-08-10,17.034143447875977,126200
2021-08-11,17.093936920166016,133700
2021-08-12,17.318172454833984,130700
2021-08-13,17.333118438720703,95200
2021-08-16,17.340593338012695,79400
2021-08-17,17.295747756958008,65400
2021-08-18,17.47513198852539,204100
2021-08-19,17.41533660888672,110000
2021-08-20,17.51997947692871,169300
2021-08-23,17.639568328857422,184600
2021-08-24,17.497556686401367,92600
2021-08-25,17.46018409729004,97700
2021-08-26,17.340593338012695,112800
2021-08-27,17.47513198852539,113900
2021-08-30,17.751686096191406,88400
2021-08-31,17.781583786010742,120100
2021-09-01,17.632095336914062,165000
2021-09-02,17.609670639038086,195900
2021-09-03,17.751686096191406,70600
2021-09-07,17.766633987426758,92400
2021-09-08,17.47513198852539,120500
2021-09-09,17.609670639038086,94700
2021-09-10,17.445236206054688,114500
2021-09-13,17.639568328857422,129700
2021-09-14,17.99833869934082,147400
2021-09-15,18.065608978271484,129100
2021-09-16,18.058135986328125,80100
2021-09-17,18.080556869506836,293100
2021-09-20,18.04318618774414,292300
2021-09-21,18.424381256103516,284000
2021-09-22,18.768203735351562,137100
2021-09-23,18.476699829101562,748400
2021-09-24,18.60376739501953,259100
2021-09-27,18.41690444946289,136900
2021-09-28,18.200149536132812,181800
2021-09-29,18.2449951171875,126000
2021-09-30,18.98495864868164,246800
2021-10-01,19.134449005126953,198600
2021-10-04,19.20171546936035,93000
2021-10-05,19.366153717041016,164500
2021-10-06,19.627758026123047,144300
2021-10-07,19.65765380859375,115600
2021-10-08,19.829566955566406,142000
2021-10-11,19.971580505371094,108200
2021-10-12,19.851987838745117,172500
2021-10-13,19.784719467163086,96900
2021-10-14,20.17338752746582,146100
2021-10-15,20.128541946411133,58400
2021-10-18,20.023900985717773,98900
2021-10-19,19.89683723449707,96600
2021-10-20,20.046323776245117,118600
2021-10-21,20.143491744995117,96900
2021-10-22,20.248132705688477,128000
2021-10-25,19.89683723449707,91000
2021-10-26,20.038846969604492,114400
2021-10-27,19.784719467163086,151300
2021-10-28,19.53059196472168,132900
2021-10-29,19.650182723999023,156000
2021-11-01,19.23908805847168,147500
2021-11-02,18.93263816833496,97200
2021-11-03,19.34372901916504,172200
2021-11-04,19.31383514404297,147600
2021-11-05,19.381103515625,133200
2021-11-08,19.48574447631836,123500
2021-11-09,19.31383514404297,125700
2021-11-10,19.23161506652832,139000
2021-11-11,19.06717872619629,135300
2021-11-12,18.87284278869629,113800
2021-11-15,18.940114974975586,91700
2021-11-16,19.216663360595703,138700
2021-11-17,18.857892990112305,111600
2021-11-18,18.9251651763916,153800
2021-11-19,20.12106704711914,972400
2021-11-22,19.709978103637695,143900
2021-11-23,19.822093963623047,98000
2021-11-24,19.874412536621094,148200
2021-11-26,20.599428176879883,178800
2021-11-29,21.24222755432129,464800
2021-11-30,20.980621337890625,254500
2021-12-01,21.30949592590332,318900
2021-12-02,21.68321418762207,156100
2021-12-03,21.122636795043945,161600
2021-12-06,21.518779754638672,201100
2021-12-07,21.451509475708008,105100
2021-12-08,21.234752655029297,148700
2021-12-09,21.272123336791992,217300
2021-12-10,21.287071228027344,166900
2021-12-13,21.04041862487793,143700
2021-12-14,21.077791213989258,120800
2021-12-15,21.24222755432129,146900
2021-12-16,21.19738006591797,168400
2021-12-17,20.9058780670166,208700
2021-12-20,21.15253257751465,146100
2021-12-21,21.339393615722656,211200
2021-12-22,21.46645736694336,108100
2021-12-23,21.556150436401367,167300
2021-12-27,21.645843505859375,186200
2021-12-28,21.840177536010742,198200
2021-12-29,22.14662742614746,327600
2021-12-30,22.04198455810547,267000
2021-12-31,21.66826629638672,198500
2022-01-03,21.8177547454834,115100
2022-01-04,22.0120906829834,106800
2022-01-05,21.219802856445312,337000
2022-01-06,21.496355056762695,103100
2022-01-07,21.66826629638672,104700
2022-01-10,21.66826629638672,130200
2022-01-11,21.690690994262695,122200
2022-01-12,21.68321418762207,79200
2022-01-13,21.870075225830078,105900
2022-01-14,22.18400001525879,385000
2022-01-18,22.04198455810547,457800
2022-01-19,22.273691177368164,361000
2022-01-20,21.98219108581543,410500
2022-01-21,22.079357147216797,162500
2022-01-24,21.952295303344727,265100
2022-01-25,22.318540573120117,279900
2022-01-26,22.423179626464844,828900
2022-01-27,22.17652702331543,446000
2022-01-28,22.28864288330078,271800
2022-01-31,22.221372604370117,236600
2022-02-01,22.049461364746094,177800
2022-02-02,21.93734359741211,177000
2022-02-03,21.877548217773438,231800
2022-02-04,21.899972915649414,190300
2022-02-07,22.154102325439453,2286800
2022-02-08,21.959768295288086,1534200
2022-02-09,22.19147491455078,199600
2022-02-10,22.639938354492188,1040300
2022-02-11,22.7595272064209,433200
2022-02-14,22.61004066467285,269300
2022-02-15,23.036081314086914,191900
2022-02-16,23.05850601196289,151700
2022-02-17,22.774477005004883,160500
2022-02-18,22.76700210571289,162300
2022-02-22,22.378334045410156,185100
2022-02-23,22.370861053466797,251900
2022-02-24,21.899972915649414,475800
2022-02-25,22.595090866088867,171000
2022-02-28,22.2064208984375,170600
2022-03-01,22.453079223632812,190000
2022-03-02,22.28864288330078,178800
2022-03-03,22.34843635559082,130400
2022-03-04,22.76700210571289,174700
2022-03-07,23.051029205322266,207600
2022-03-08,23.447174072265625,399700
2022-03-09,23.52191734313965,227400
2022-03-10,23.663928985595703,295500
2022-03-11,24.06007194519043,201900
2022-03-14,23.910585403442383,237500
2022-03-15,24.25440788269043,279900
2022-03-16,24.418840408325195,255100
2022-03-17,23.64898109436035,273900
2022-03-18,23.910585403442383,231500
2022-03-21,24.037649154663086,209400
2022-03-22,23.933008193969727,170600
2022-03-23,23.873214721679688,190900
2022-03-24,23.970380783081055,134100
2022-03-25,23.88816261291504,176500
2022-03-28,24.03017807006836,122500
2022-03-29,23.9928035736084,210400
2022-03-30,24.14976692199707,121800
2022-03-31,23.880687713623047,572000
2022-04-01,23.790992736816406,550600
2022-04-04,23.49201774597168,320000
2022-04-05,23.43222427368164,179200
2022-04-06,23.320110321044922,383900
2022-04-07,23.447174072265625,221000
2022-04-08,23.656455993652344,1009300
2022-04-11,23.611608505249023,492600
2022-04-12,23.813419342041016,536300
2022-04-13,24.418840408325195,229200
2022-04-14,24.568330764770508,165600
2022-04-18,24.56085777282715,133000
2022-04-19,24.598228454589844,217300
2022-04-20,24.25440788269043,204000
2022-04-21,23.813419342041016,181600
2022-04-22,23.48454475402832,210800
2022-04-25,23.813419342041016,300100
2022-04-26,24.291776657104492,395300
2022-04-27,24.291776657104492,226300
2022-04-28,24.179662704467773,203300
2022-04-29,23.78352165222168,198000
2022-05-02,23.37990379333496,241800
2022-05-03,23.835838317871094,264300
2022-05-04,24.63559913635254,178200
2022-05-05,24.202085494995117,183700
2022-05-06,23.716249465942383,370200
2022-05-09,21.705638885498047,302000
2022-05-10,22.04198455810547,274000
2022-05-11,22.18400001525879,279100
2022-05-12,22.14662742614746,211000
2022-05-13,21.870075225830078,181000
2022-05-16,21.989665985107422,197800
2022-05-17,21.600996017456055,248000
2022-05-18,21.204856872558594,261900
2022-05-19,21.324443817138672,279400
2022-05-20,21.174955368041992,487900
2022-05-23,21.19738006591797,327200
2022-05-24,21.451509475708008,205000
2022-05-25,21.53372573852539,141700
2022-05-26,21.60847282409668,189100
2022-05-27,21.899972915649414,230000
2022-05-31,21.944822311401367,398500
2022-06-01,21.8476505279541,131500
2022-06-02,22.363384246826172,230800
2022-06-03,22.101781845092773,175300
2022-06-06,22.0120906829834,111500
2022-06-07,21.877548217773438,175100
2022-06-08,21.62342071533203,178200
2022-06-09,21.15253257751465,192300
2022-06-10,21.353498458862305,290700
2022-06-13,20.95001792907715,225400
2022-06-14,21.15951919555664,232400
2022-06-15,21.407812118530273,220400
2022-06-16,21.10520362854004,206800
2022-06-17,21.252628326416016,223500
2022-06-21,21.32246208190918,211900
2022-06-22,21.198312759399414,207400
2022-06-23,21.570758819580078,197900
2022-06-24,21.407812118530273,220800
2022-06-27,21.407812118530273,155700
2022-06-28,21.112960815429688,194600
2022-06-29,21.260387420654297,193700
2022-06-30,20.981054306030273,206300
2022-07-01,21.143999099731445,182500
2022-07-05,20.95001792907715,225900
2022-07-06,20.70948028564453,329400
2022-07-07,20.856904983520508,180000
2022-07-08,20.569812774658203,206300
2022-07-11,20.686203002929688,146900
2022-07-12,20.593093872070312,187500
2022-07-13,20.849145889282227,418700
2022-07-14,20.686203002929688,203800
2022-07-15,21.190555572509766,273100
2022-07-18,21.089683532714844,256300
2022-07-19,21.38453483581543,243400
2022-07-20,21.42333221435547,340100
2022-07-21,21.578516006469727,326700
2022-07-22,21.67938995361328,185800
2022-07-25,21.68714714050293,205900
2022-07-26,21.826814651489258,165600
2022-07-27,22.020795822143555,234200
2022-07-28,22.15270233154297,161900
2022-07-29,22.113906860351562,188500
2022-08-01,22.300128936767578,183000
2022-08-02,22.191499710083008,343700
2022-08-03,23.184682846069336,462400
2022-08-04,23.223482131958008,277100
2022-08-05,24.20890998840332,383300
2022-08-08,24.317537307739258,229700
2022-08-09,24.077001571655273,214600
2022-08-10,23.782146453857422,202200
2022-08-11,24.007165908813477,146700
2022-08-12,24.294260025024414,128200
2022-08-15,23.828704833984375,176100
2022-08-16,23.89853858947754,208700
2022-08-17,23.820945739746094,190100
2022-08-18,23.89853858947754,273500
2022-08-19,23.789907455444336,168800
2022-08-22,24.139076232910156,199900
2022-08-23,24.11579704284668,173900
2022-08-24,24.54255485534668,951400
2022-08-25,23.595924377441406,842500
2022-08-26,23.223482131958008,224400
2022-08-29,23.47953987121582,144400
2022-08-30,23.006223678588867,217200
2022-08-31,23.332111358642578,310400
2022-09-01,23.370906829833984,342400
2022-09-02,23.510576248168945,319400
2022-09-06,23.510576248168945,178400
2022-09-07,23.355390548706055,171800
2022-09-08,23.518333435058594,194700
2022-09-09,23.619205474853516,362800
2022-09-12,23.634721755981445,202400
2022-09-13,22.951908111572266,261800
2022-09-14,23.192445755004883,189500
2022-09-15,23.122610092163086,265500
2022-09-16,22.65705680847168,188300
2022-09-19,23.11485481262207,291500
2022-09-20,22.88207244873047,314800
2022-09-21,22.525148391723633,268900
2022-09-22,22.734647750854492,262000
2022-09-23,22.276851654052734,130100
2022-09-26,22.432037353515625,379300
2022-09-27,22.377721786499023,361400
2022-09-28,22.928630828857422,320500
2022-09-29,22.385482788085938,249400
2022-09-30,22.385482788085938,268800
2022-10-03,22.65705680847168,200400
2022-10-04,22.781206130981445,199000
2022-10-05,22.55618667602539,182500
2022-10-06,22.30788803100586,210300
2022-10-07,21.95096206665039,224900
2022-10-10,22.292369842529297,191300
2022-10-11,21.656110763549805,264800
2022-10-12,21.454370498657227,351000
2022-10-13,21.539722442626953,252500
2022-10-14,21.283666610717773,246800
2022-10-17,21.68714714050293,348800
2022-10-18,21.10520362854004,419800
2022-10-19,20.91897964477539,235000
2022-10-20,21.353498458862305,332600
2022-10-21,21.493165969848633,251000
2022-10-24,21.919925689697266,258400
2022-10-25,21.74146270751953,142700
2022-10-26,21.780256271362305,138200
2022-10-27,21.725942611694336,193700
2022-10-28,21.826814651489258,274100
2022-10-31,21.58627700805664,196200
2022-11-01,21.625072479248047,297900
2022-11-02,20.593093872070312,386600
2022-11-03,20.228404998779297,324500
2022-11-04,20.8181095123291,265300
2022-11-07,20.934499740600586,250900
2022-11-08,20.825868606567383,173900
2022-11-09,20.437904357910156,250700
2022-11-10,20.81035041809082,304900
2022-11-11,20.158571243286133,391500
2022-11-14,20.049943923950195,317400
2022-11-15,20.04218101501465,257400
2022-11-16,19.894756317138672,224800
2022-11-17,19.902515411376953,271700
2022-11-18,20.003387451171875,185600
2022-11-21,19.92579460144043,206700
2022-11-22,19.778366088867188,225800
2022-11-23,19.599905014038086,202900
2022-11-25,19.82492446899414,112500
2022-11-28,19.429201126098633,231500
2022-11-29,19.483516693115234,231400
2022-11-30,19.77060890197754,281900
2022-12-01,19.69301414489746,232400
2022-12-02,19.87923812866211,376200
2022-12-05,19.142108917236328,349600
2022-12-06,18.133403778076172,397600
2022-12-07,18.187719345092773,356300
2022-12-08,18.350664138793945,302900
2022-12-09,18.08684730529785,207000
2022-12-12,18.304107666015625,293100
2022-12-13,18.420494079589844,305000
2022-12-14,18.37394142150879,586800
2022-12-15,17.993736267089844,355700
2022-12-16,17.978219985961914,371200
2022-12-19,18.296348571777344,410600
2022-12-20,18.273069381713867,356100
2022-12-21,18.513607025146484,368900
2022-12-22,18.397218704223633,295800
2022-12-23,18.64551544189453,266900
2022-12-27,18.54464340209961,267100
2022-12-28,18.17220115661621,372600
2022-12-29,18.37394142150879,688400
2022-12-30,18.505849838256836,272900
2023-01-03,18.93260955810547,414800
2023-01-04,18.89381217956543,319900
2023-01-05,18.64551544189453,312200
2023-01-06,18.699831008911133,397800
2023-01-09,18.746387481689453,317900
2023-01-10,18.94812774658203,200600
2023-01-11,19.11107063293457,312600
2023-01-12,19.460237503051758,320200
2023-01-13,19.328330993652344,371700
2023-01-17,20.026662826538086,424400
2023-01-18,19.855960845947266,351700
2023-01-19,19.84044075012207,306100
2023-01-20,20.197368621826172,202500
2023-01-23,20.321516036987305,187900
2023-01-24,20.104257583618164,177000
2023-01-25,19.964590072631836,164100
2023-01-26,20.5154972076416,281700
2023-01-27,20.476699829101562,134300
2023-01-30,20.562055587768555,139300
2023-01-31,20.18960952758789,262500
2023-02-01,20.282718658447266,188200
2023-02-02,20.313756942749023,100800
2023-02-03,19.86372184753418,148600
2023-02-06,19.72405242919922,115300
2023-02-07,19.66197967529297,156200
2023-02-08,19.755088806152344,168700
2023-02-09,19.227460861206055,237800
2023-02-10,19.530071258544922,164900
2023-02-13,19.638702392578125,243800
2023-02-14,19.700775146484375,167500
2023-02-15,19.367124557495117,157000
2023-02-16,19.29729461669922,139000
2023-02-17,19.289535522460938,156500
2023-02-21,19.46799659729004,272000
2023-02-22,19.81716537475586,297400
2023-02-23,20.065460205078125,297500
2023-02-24,20.290477752685547,325700
2023-02-27,20.127534866333008,148200
2023-02-28,19.987869262695312,340500
2023-03-01,20.080978393554688,184100
2023-03-02,19.94906997680664,252100
2023-03-03,20.18960952758789,246500
2023-03-06,19.92579460144043,376100
2023-03-07,19.66973876953125,272800
2023-03-08,19.941312789916992,247300
2023-03-09,19.91803550720215,161800
2023-03-10,20.166332244873047,170400
2023-03-13,20.243925094604492,311000
2023-03-14,20.46894073486328,184700
2023-03-15,20.205129623413086,197400
2023-03-16,20.802589416503906,526600
2023-03-17,20.484458923339844,544800
2023-03-20,20.399110794067383,293400
2023-03-21,20.693960189819336,202900
2023-03-22,20.631887435913086,143900
2023-03-23,20.957775115966797,176900
2023-03-24,20.981054306030273,146000
2023-03-27,20.926738739013672,165200
2023-03-28,21.089683532714844,177300
2023-03-29,21.260387420654297,148400
2023-03-30,21.283666610717773,127800
2023-03-31,21.15951919555664,178200
2023-04-03,21.337980270385742,160800
2023-04-04,21.37677574157715,187700
2023-04-05,21.7957763671875,249900
2023-04-06,22.013038635253906,202900
2023-04-10,22.191499710083008,207500
2023-04-11,22.385482788085938,202100
2023-04-12,22.42427635192871,242500
2023-04-13,22.944149017333984,195900
2023-04-14,22.76568603515625,161900
2023-04-17,22.323406219482422,189400
2023-04-18,22.323406219482422,143500
2023-04-19,22.098386764526367,188800
2023-04-20,22.137184143066406,128400
2023-04-21,22.059593200683594,110900
2023-04-24,22.15270233154297,135700
2023-04-25,22.0440731048584,143400
2023-04-26,22.626018524169922,301300
2023-04-27,22.742406845092773,138000
2023-04-28,22.346683502197266,121700
2023-05-01,22.121665954589844,149000
2023-05-02,22.14494514465332,205700
2023-05-03,21.89664649963379,156500
2023-05-04,21.974239349365234,117600
2023-05-05,22.191499710083008,136700
2023-05-08,21.59403419494629,277100
2023-05-09,21.570758819580078,147100
2023-05-10,21.966480255126953,172700
2023-05-11,21.48540687561035,345200
2023-05-12,20.973295211791992,652200
2023-05-15,21.058645248413086,170200
2023-05-16,20.90346336364746,117600
2023-05-17,20.90346336364746,125600
2023-05-18,20.856904983520508,103400
2023-05-19,20.639646530151367,400700
2023-05-22,21.035369873046875,157500
2023-05-23,20.96553611755371,102800
2023-05-24,21.47764778137207,195000
2023-05-25,21.198312759399414,173100
2023-05-26,21.38453483581543,150400
2023-05-30,21.37677574157715,86200
2023-05-31,21.128480911254883,218200
2023-06-01,21.112960815429688,178200
2023-06-02,21.33022117614746,116400
2023-06-05,21.493165969848633,148000
2023-06-06,21.48540687561035,104400
2023-06-07,21.663869857788086,154000
2023-06-08,21.888887405395508,157400
2023-06-09,21.90440559387207,114400
2023-06-12,21.78801727294922,282400
2023-06-13,21.671628952026367,218500
2023-06-14,21.695886611938477,168200
2023-06-15,21.898048400878906,96800
2023-06-16,21.59885025024414,191200
2023-06-20,21.615022659301758,163200
2023-06-21,21.469467163085938,234400
2023-06-22,21.3724308013916,154000
2023-06-23,21.275392532348633,106800
2023-06-26,21.35625648498535,156900
2023-06-27,21.469467163085938,106800
2023-06-28,21.38860321044922,109600
2023-06-29,21.550331115722656,128200
2023-06-30,21.566503524780273,118400
2023-07-03,21.364341735839844,100700
2023-07-05,21.35625648498535,154400
2023-07-06,21.234960556030273,123500
2023-07-07,21.16218376159668,151200
2023-07-10,20.96002197265625,134500
2023-07-11,21.089405059814453,255700
2023-07-12,21.35625648498535,181200
2023-07-13,21.178356170654297,182900
2023-07-14,21.16218376159668,262800
2023-07-17,20.927675247192383,275800
2023-07-18,20.660823822021484,227000
2023-07-19,20.782121658325195,147400
2023-07-20,20.725515365600586,193700
2023-07-21,20.741687774658203,177200
2023-07-24,20.9115047454834,150300
2023-07-25,20.725515365600586,138400
2023-07-26,20.725515365600586,148300
2023-07-27,19.836008071899414,290100
2023-07-28,19.747058868408203,172000
2023-07-31,19.836008071899414,150100
2023-08-01,19.601503372192383,317000
2023-08-02,19.41551399230957,169300
2023-08-03,19.577241897583008,234700
2023-08-04,19.45594596862793,169700
2023-08-07,19.480207443237305,171200
2023-08-08,19.593414306640625,201700
2023-08-09,19.876441955566406,196300
2023-08-10,19.86835479736328,383300
2023-08-11,19.973478317260742,396100
2023-08-14,19.941131591796875,363200
2023-08-15,19.811748504638672,316400
2023-08-16,19.6823673248291,302700
2023-08-17,19.755144119262695,220300
2023-08-18,19.714712142944336,178400
2023-08-21,19.601503372192383,157400
2023-08-22,19.601503372192383,220700
2023-08-23,19.747058868408203,159000
2023-08-24,19.690454483032227,190700
2023-08-25,19.674280166625977,114700
2023-08-28,19.69854164123535,117300
2023-08-29,19.811748504638672,147100
2023-08-30,20.264589309692383,179200
2023-08-31,19.625761032104492,250600
2023-09-01,19.544897079467773,259700
2023-09-05,19.625761032104492,187300
2023-09-06,19.876441955566406,243500
2023-09-07,19.78748893737793,158300
2023-09-08,19.561071395874023,185800
2023-09-11,19.5529842376709,184000
2023-09-12,19.593414306640625,162300
2023-09-13,19.528724670410156,300000
2023-09-14,19.407428741455078,212200
2023-09-15,19.47212028503418,304900
2023-09-18,19.45594596862793,201400
2023-09-19,19.5529842376709,166300
2023-09-20,19.714712142944336,367800
2023-09-21,19.747058868408203,210200
2023-09-22,20.13520622253418,341500
2023-09-25,19.706626892089844,222100
2023-09-26,19.480207443237305,165000
2023-09-27,19.237613677978516,196400
2023-09-28,19.294218063354492,118000
2023-09-29,19.48829460144043,244400
2023-10-02,19.326562881469727,155000
2023-10-03,19.423599243164062,196900
2023-10-04,19.609588623046875,216300
2023-10-05,19.53681182861328,340800
2023-10-06,19.650020599365234,134800
2023-10-09,19.593414306640625,219000
2023-10-10,19.666194915771484,157100
2023-10-11,19.593414306640625,225900
2023-10-12,19.593414306640625,161400
2023-10-13,19.722797393798828,134000
2023-10-16,19.609588623046875,236100
2023-10-17,19.601503372192383,192700
2023-10-18,19.116315841674805,261600
2023-10-19,19.156749725341797,241700
2023-10-20,19.027366638183594,242900
2023-10-23,18.534095764160156,296200
2023-10-24,18.744342803955078,275200
2023-10-25,18.396625518798828,314100
2023-10-26,17.798229217529297,294900
2023-10-27,17.83057403564453,303700
2023-10-30,17.579896926879883,345400
2023-10-31,17.790143966674805,328500
2023-11-01,18.534095764160156,392500
2023-11-02,18.79286003112793,248900
2023-11-03,18.703908920288086,299500
2023-11-06,18.95458984375,254900
2023-11-07,18.477489471435547,289400
2023-11-08,18.331933975219727,232600
2023-11-09,18.307674407958984,205300
2023-11-10,18.380451202392578,210200
2023-11-13,18.251068115234375,344200
2023-11-14,18.428970336914062,443900
2023-11-15,18.695823669433594,346900
2023-11-16,18.54218101501465,292500
2023-11-17,18.720081329345703,360700
2023-11-20,18.849462509155273,255400
2023-11-21,18.922243118286133,197100
2023-11-22,18.760515213012695,164300
2023-11-24,18.946502685546875,137500
2023-11-27,19.3508243560791,360800
2023-11-28,19.771316528320312,492500
2023-11-29,19.56915855407715,326800
2023-11-30,19.973478317260742,390600
2023-12-01,20.25650405883789,410900
2023-12-04,20.021995544433594,281800
2023-12-05,20.175640106201172,220800
2023-12-06,20.32119369506836,204100
2023-12-07,20.32119369506836,215800
2023-12-08,20.3454532623291,210200
2023-12-11,20.402057647705078,305600
2023-12-12,20.248416900634766,161700
2023-12-13,20.48292350769043,227100
2023-12-14,20.68508529663086,201200
2023-12-15,20.6446533203125,266500
2023-12-18,20.725515365600586,255500
2023-12-19,20.6446533203125,126800
2023-12-20,20.539527893066406,133000
2023-12-21,20.782121658325195,222800
2023-12-22,20.9115047454834,207100
2023-12-26,20.935762405395508,97600
2023-12-27,20.87915802001953,132800
2023-12-28,20.871070861816406,288000
2023-12-29,20.83064079284668,143500
2024-01-02,20.943849563598633,220700
2024-01-03,20.717430114746094,196300
2024-01-04,20.596132278442383,137200
2024-01-05,20.474838256835938,263200
2024-01-08,20.369712829589844,157700
2024-01-09,20.36162567138672,211800
2024-01-10,20.75786018371582,210000
2024-01-11,20.75786018371582,204300
2024-01-12,20.968109130859375,114400
2024-01-16,20.862985610961914,140400
2024-01-17,20.69317054748535,178900
2024-01-18,20.620391845703125,173600
2024-01-19,20.52335548400879,233200
2024-01-22,20.6446533203125,148300
2024-01-23,20.660823822021484,331700
2024-01-24,20.458663940429688,330900
2024-01-25,20.305023193359375,181200
2024-01-26,20.596132278442383,156800
2024-01-29,20.660823822021484,207000
2024-01-30,20.48292350769043,128100
2024-01-31,20.3454532623291,148400
2024-02-01,20.87915802001953,213500
2024-02-02,20.450578689575195,199300
2024-02-05,20.32119369506836,165400
2024-02-06,20.53144073486328,130200
2024-02-07,20.62847900390625,121200
2024-02-08,20.48292350769043,96900
2024-02-09,20.620391845703125,158500
2024-02-12,20.854900360107422,132300
2024-02-13,20.48292350769043,96600
2024-02-14,20.782121658325195,190200
2024-02-15,21.06514549255371,139300
2024-02-16,21.517986297607422,183400
2024-02-20,21.639284133911133,174600
2024-02-21,21.477554321289062,159300
2024-02-22,21.18644142150879,147900
2024-02-23,21.35625648498535,134800
2024-02-26,21.218788146972656,179000
2024-02-27,20.749774932861328,240200
2024-02-28,20.68508529663086,275800
2024-02-29,20.68508529663086,199600
2024-03-01,20.434406280517578,385600
2024-03-04,20.248416900634766,231800
2024-03-05,19.779403686523438,252400
2024-03-06,19.997737884521484,157300
2024-03-07,20.167552947998047,197100
2024-03-08,20.094776153564453,138900
2024-03-11,20.25650405883789,114200
2024-03-12,20.191810607910156,122600
2024-03-13,20.29693603515625,99100
2024-03-14,20.410144805908203,141300
2024-03-15,20.434406280517578,137800
2024-03-18,20.25650405883789,100200
2024-03-19,20.272676467895508,88600
2024-03-20,20.29693603515625,186500
2024-03-21,19.949220657348633,253100
2024-03-22,19.76323127746582,135200
2024-03-25,19.027366638183594,311600
2024-03-26,18.40471076965332,338100
2024-03-27,18.00847816467285,427200
2024-03-28,18.000389099121094,344900
2024-04-01,17.701190948486328,311000
2024-04-02,17.5313777923584,330000
2024-04-03,17.288782119750977,310400
2024-04-04,17.272611618041992,319400
2024-04-05,17.14322853088379,246200
2024-04-08,17.232179641723633,226100
2024-04-09,17.361562728881836,233400
2024-04-10,17.054279327392578,226300
2024-04-11,17.005760192871094,282800
2024-04-12,16.779338836669922,258200
2024-04-15,16.86020278930664,331700
2024-04-16,16.229461669921875,449300
2024-04-17,15.86557388305664,424800
2024-04-18,15.986869812011719,679700
2024-04-19,15.897918701171875,300200
2024-04-22,15.889830589294434,380100
2024-04-23,15.946435928344727,380300
2024-04-24,15.59872055053711,756100
2024-04-25,15.24291706085205,857100
2024-04-26,15.356127738952637,446900
2024-04-29,15.44507884979248,348500
2024-04-30,15.728103637695312,384000
2024-05-01,15.728103637695312,171200
2024-05-02,15.647239685058594,300800
2024-05-03,15.744275093078613,483800
2024-05-06,15.703845024108887,682800
2024-05-07,15.784708023071289,1765700
2024-05-08,15.493597984313965,314800
2024-05-09,15.5906343460083,205800
2024-05-10,15.55828857421875,208800
2024-05-13,15.509771347045898,374300
2024-05-14,15.61489200592041,254000
2024-05-15,15.841313362121582,244700
2024-05-16,15.978781700134277,535700
2024-05-17,16.1004581451416,253500
2024-05-20,15.980496406555176,179400
2024-05-21,15.757710456848145,212200
2024-05-22,15.706299781799316,292200
2024-05-23,15.646320343017578,407000
2024-05-24,15.68916130065918,166700
2024-05-28,15.552063941955566,519300
2024-05-29,14.977965354919434,561300
2024-05-30,14.909417152404785,474400
2024-05-31,15.397829055786133,381100
2024-06-03,15.552063941955566,354900
2024-06-04,15.843399047851562,543200
2024-06-05,15.98906421661377,502200
2024-06-06,16.040475845336914,415000
2024-06-07,15.911948204040527,393500
2024-06-10,15.74914264678955,266500
2024-06-11,15.295005798339844,353800
2024-06-12,15.543496131896973,555300
2024-06-13,15.080789566040039,425700
2024-06-14,14.780888557434082,739600
2024-06-17,14.780888557434082,423500
2024-06-18,14.429574012756348,2880200
2024-06-20,14.772318840026855,465700
2024-06-21,15.080789566040039,747600
2024-06-24,15.260730743408203,450800
2024-06-25,15.474946975708008,436400
2024-06-26,15.552063941955566,409600
2024-06-27,15.68916130065918,384700
2024-06-28,16.023340225219727,718400
2024-07-01,16.08332061767578,546900
2024-07-02,15.774847984313965,239900
2024-07-03,15.74914264678955,173000
2024-07-05,15.800555229187012,345400
2024-07-08,16.014772415161133,467100
2024-07-09,16.25469207763672,358000
2024-07-10,16.571733474731445,291700
2024-07-11,16.777379989624023,307700
2024-07-12,16.905908584594727,305900
2024-07-15,16.606006622314453,204900
2024-07-16,16.571733474731445,274700
2024-07-17,17.39432144165039,729500
2024-07-18,16.974458694458008,684300
2024-07-19,16.96588897705078,2059200
2024-07-22,16.623144149780273,720700
2024-07-23,16.623144149780273,183300
2024-07-24,16.263259887695312,459500
2024-07-25,16.366085052490234,308900
2024-07-26,16.434635162353516,201400
2024-07-29,16.20328140258789,326400
2024-07-30,15.175044059753418,546500
2024-07-31,15.286436080932617,555000
2024-08-01,15.072221755981445,836200
2024-08-02,15.037946701049805,359200
2024-08-05,14.592379570007324,675200
2024-08-06,14.892279624938965,608700
2024-08-07,14.875143051147461,859600
2024-08-08,15.269298553466797,497900
2024-08-09,15.295005798339844,354600
2024-08-12,15.483514785766602,323500
2024-08-13,15.594908714294434,198800
2024-08-14,15.663457870483398,293800
2024-08-15,15.766280174255371,355900
2024-08-16,16.177574157714844,787800
2024-08-19,16.44320297241211,1050100
2024-08-20,16.468908309936523,480500
2024-08-21,16.30610466003418,1289500
2024-08-22,16.091888427734375,434600
2024-08-23,16.434635162353516,375600
2024-08-26,16.588871002197266,237300
2024-08-27,16.520320892333984,292200
2024-08-28,16.58030128479004,346700
2024-08-29,16.6745548248291,291200
2024-08-30,16.794517517089844,751600
2024-09-03,16.837358474731445,337500
2024-09-04,16.9830265045166,285500
2024-09-05,16.734535217285156,323700
2024-09-06,16.803085327148438,487800
2024-09-09,16.93161392211914,690400
2024-09-10,16.76024055480957,553500
2024-09-11,17.197242736816406,1762700
2024-09-12,17.22294807434082,404700
2024-09-13,17.471437454223633,676900
2024-09-16,17.5142822265625,233500
2024-09-17,17.29149627685547,282000
2024-09-18,17.565692901611328,289700
2024-09-19,17.66851806640625,302000
2024-09-20,17.63424301147461,514400
2024-09-23,17.882732391357422,226100
2024-09-24,17.814184188842773,317200
2024-09-25,17.65138053894043,331700
2024-09-26,17.702791213989258,318400
2024-09-27,17.334339141845703,308400
2024-09-30,16.94875144958496,278100
2024-10-01,16.9830265045166,375400
2024-10-02,16.40892791748047,479300
2024-10-03,16.1004581451416,290700
2024-10-04,16.014772415161133,279200
2024-10-07,15.877674102783203,253500
2024-10-08,16.194711685180664,460900
2024-10-09,16.109024047851562,406000
2024-10-10,16.03190803527832,219600
2024-10-11,16.143299102783203,144700
2024-10-14,15.9033784866333,191200
2024-10-15,15.920516014099121,407100
2024-10-16,16.42606544494629,262300
2024-10-17,16.614574432373047,339900
2024-10-18,16.8973388671875,414400
2024-10-21,16.91447639465332,649000
2024-10-22,16.314672470092773,401400
2024-10-23,16.014772415161133,216900
2024-10-24,15.9033784866333,273600
2024-10-25,15.834829330444336,227100
2024-10-28,15.791985511779785,221200
2024-10-29,15.629182815551758,233900
2024-10-30,15.569201469421387,296900
2024-10-31,15.072221755981445,431100
2024-11-01,14.98653507232666,221700
2024-11-04,15.166476249694824,322300
2024-11-05,15.01224136352539,303600
2024-11-06,14.695201873779297,241600
2024-11-07,14.900849342346191,405100
2024-11-08,14.82373046875,388100
2024-11-11,14.446711540222168,360400
2024-11-12,13.93259334564209,585400
2024-11-13,13.872612953186035,256300
2024-11-14,13.547005653381348,479100
2024-11-15,13.564142227172852,370700
2024-11-18,13.98400592803955,594700
2024-11-19,14.600948333740234,1019800
2024-11-20,14.163947105407715,667600
2024-11-21,14.523829460144043,709900
2024-11-22,14.635221481323242,839800
2024-11-25,14.712339401245117,637300
2024-11-26,14.429574012756348,662800
2024-11-27,14.403867721557617,389900
2024-11-29,14.635221481323242,310300
2024-12-02,14.352456092834473,519900
2024-12-03,15.072221755981445,842700
2024-12-04,14.99510383605957,632700
2024-12-05,14.703770637512207,481200
2024-12-06,14.746612548828125,258900
2024-12-09,14.67806339263916,559400
2024-12-10,14.789457321166992,348300
2024-12-11,15.097928047180176,762000
2024-12-12,14.798027038574219,491700
2024-12-13,14.421005249023438,373100
2024-12-16,14.138240814208984,1726800
2024-12-17,14.026849746704102,535000
2024-12-18,13.238533973693848,822000
2024-12-19,13.307083129882812,498100
2024-12-20,13.435612678527832,438600
2024-12-23,13.812633514404297,666900
2024-12-24,14.035416603088379,511000
2024-12-26,14.06112289428711,467600
2024-12-27,14.21535873413086,419200
2024-12-30,14.07826042175293,459200
2024-12-31,14.095398902893066,311100
2025-01-02,14.20678997039795,288600
2025-01-03,14.558103561401367,355800
2025-01-06,14.378162384033203,635800
2025-01-07,13.76121997833252,728300
2025-01-08,13.966867446899414,358700
2025-01-10,13.90688705444336,759400
2025-01-13,14.112534523010254,760000
2025-01-14,14.026849746704102,416600
2025-01-15,14.06969165802002,486300
2025-01-16,13.872612953186035,1791700
2025-01-17,14.121103286743164,494500
2025-01-21,14.009712219238281,716200
2025-01-22,14.558103561401367,428700
2025-01-23,14.532397270202637,368300
2025-01-24,14.609515190124512,326300
2025-01-27,14.849437713623047,625900
2025-01-28,14.643790245056152,291400
2025-01-29,14.395298957824707,338100
2025-01-30,13.966867446899414,739800
2025-01-31,13.726946830749512,1383000
2025-02-03,13.461318969726562,1915700
2025-02-04,13.675535202026367,1669300
2025-02-05,13.606986045837402,749900
2025-02-06,13.341357231140137,419800
2025-02-07,13.444181442260742,417900
2025-02-10,12.673005104064941,969800
2025-02-11,12.458789825439453,839800
2025-02-12,13.02431869506836,739700
2025-02-13,13.03288745880127,547900
2025-02-14,13.298515319824219,384400
2025-02-18,14.06969165802002,488500
2025-02-19,13.769789695739746,523400
2025-02-20,13.838337898254395,333200
2025-02-21,13.675535202026367,322600
2025-02-24,13.675535202026367,195800
2025-02-25,13.212828636169434,679000
2025-02-26,13.349925994873047,499300
2025-02-27,13.152848243713379,603400
2025-02-28,12.441652297973633,1442400
2025-03-03,12.578750610351562,880500
2025-03-04,12.604455947875977,1068800
2025-03-05,13.229965209960938,660400
2025-03-06,12.981475830078125,1069200
2025-03-07,12.998613357543945,1072300
2025-03-10,12.681573867797852,789900
2025-03-11,12.475927352905273,788800
2025-03-12,12.861515045166016,692100
2025-03-13,12.827239990234375,507200
2025-03-14,12.818671226501465,486900
2025-03-17,13.02431869506836,1271100
2025-03-18,12.74155330657959,1095100
2025-03-19,12.690142631530762,2104300
2025-03-20,12.295985221862793,1012300
2025-03-21,12.176024436950684,3639400
2025-03-24,12.021788597106934,1125800
2025-03-25,12.064632415771484,722200
2025-03-26,12.561613082885742,602300
2025-03-27,12.77582836151123,584100
2025-03-28,12.613024711608887,403900
2025-03-31,12.655867576599121,545400
2025-04-01,12.74155330657959,649500
2025-04-02,12.690142631530762,550200
2025-04-03,12.655867576599121,721100
2025-04-04,11.90182876586914,931300
2025-04-07,11.7561616897583,755100
2025-04-08,11.344867706298828,663900
2025-04-09,12.347396850585938,1100700
2025-04-10,12.098906517028809,488800
2025-04-11,12.253142356872559,715400
2025-04-14,12.527338027954102,577700
2025-04-15,12.578750610351562,529200
2025-04-16,12.544475555419922,657500
2025-04-17,13.101436614990234,635500
2025-04-21,13.092867851257324,1460500
2025-04-22,13.298515319824219,783800
2025-04-23,13.392769813537598,466900
2025-04-24,13.606986045837402,374800
2025-04-25,13.161417007446289,619400
2025-04-28,13.127141952514648,401200
2025-04-29,13.315651893615723,301000
2025-04-30,13.392769813537598,282600
2025-05-01,13.135710716247559,379500
2025-05-02,13.726946830749512,776300
2025-05-05,13.872612953186035,489100
2025-05-06,13.864044189453125,462900
2025-05-07,13.435612678527832,372600
2025-05-08,13.332789421081543,304900
2025-05-09,13.589848518371582,258300
2025-05-12,13.804064750671387,566700
2025-05-13,13.75265121459961,324200
2025-05-14,13.547005653381348,589800
2025-05-15,14.026849746704102,532400
2025-05-16,14.20678997039795,431800
2025-05-19,14.660927772521973,606300
2025-05-20,14.266769409179688,397000
2025-05-21,14.318181037902832,257300
2025-05-22,14.618083953857422,651900
2025-05-23,14.343887329101562,410000
2025-05-27,14.746612548828125,610700
2025-05-28,14.695201873779297,621700
2025-05-29,14.729476928710938,467400
2025-05-30,14.695201873779297,500000
2025-06-02,14.686633110046387,480200
2025-06-03,14.549534797668457,651000
2025-06-04,14.84086799621582,718500
2025-06-05,14.917986869812012,466900
2025-06-06,14.866575241088867,417600
2025-06-09,15.046514511108398,466200
2025-06-10,15.42353630065918,960900
2025-06-11,15.397829055786133,824600
2025-06-12,15.542736053466797,562500
2025-06-13,15.367371559143066,1081400
2025-06-16,15.515046119689941,507600
2025-06-17,15.302763938903809,490500
2025-06-18,15.358141899108887,692000
2025-06-20,14.804364204406738,762600
2025-06-23,14.675148010253906,854800
2025-06-24,14.822821617126465,346300
2025-06-25,14.684377670288086,518600
2025-06-26,15.247386932373047,790500
2025-06-27,15.210467338562012,468700
2025-06-30,15.635032653808594,615000
2025-07-01,15.82885456085205,539300
2025-07-02,15.708869934082031,512700
2025-07-03,15.5335054397583,503700
2025-07-07,15.321224212646484,290400
2025-07-08,15.127400398254395,430600
2025-07-09,15.118170738220215,373800
2025-07-10,15.293534278869629,435500
2025-07-11,15.339683532714844,536300
2025-07-14,15.219696998596191,407900
2025-07-15,14.97972583770752,468300
2025-07-16,15.118170738220215,628100
2025-07-17,15.690409660339355,665700
2025-07-18,15.635032653808594,449100
2025-07-21,15.85654354095459,393800
2025-07-22,16.124202728271484,551000
2025-07-23,16.21649932861328,474200
2025-07-24,16.059595108032227,439600
2025-07-25,16.01344871520996,596400
2025-07-28,15.96729850769043,967200
2025-07-29,16.198040008544922,396100
2025-07-30,16.198040008544922,865300
2025-07-31,16.244190216064453,818300
2025-08-01,16.465700149536133,876800
2025-08-04,16.81642723083496,574300
2025-08-05,16.687211990356445,906200
2025-08-06,16.613374710083008,1337500
2025-08-07,16.714902877807617,729400
2025-08-08,16.982561111450195,981400
2025-08-11,16.899494171142578,626600
2025-08-12,17.822460174560547,1080500
2025-08-13,18.81926155090332,1554800
2025-08-14,18.726966857910156,1886100
2025-08-15,18.52391242980957,1267300
2025-08-18,18.486995697021484,841500
2025-08-19,18.256254196166992,1512300
2025-08-20,18.2839412689209,820400
2025-08-21,18.228565216064453,390000
2025-08-22,18.376237869262695,417500
2025-08-25,18.57929039001465,581800
2025-08-26,18.32086181640625,373700
2025-08-27,18.0255126953125,523700
2025-08-28,18.043970108032227,297300
2025-08-29,17.89629554748535,475700
2025-09-02,17.46250343322754,743900
2025-09-03,17.582487106323242,466600
2025-09-04,17.75785255432129,310200
2025-09-05,17.923986434936523,273500
2025-09-08,17.730161666870117,307900
2025-09-09,17.379436492919922,860200
2025-09-10,17.71170425415039,334200
2025-09-11,17.582487106323242,832800
2025-09-12,17.74862289428711,761900
2025-09-15,18.440845489501953,722500
2025-09-16,18.367008209228516,543500
2025-09-17,18.50545310974121,465000
2025-09-18,18.117807388305664,381200
2025-09-19,18.01628303527832,726200
2025-09-22,17.923986434936523,258800
2025-09-23,17.933216094970703,339400
2025-09-24,17.610177993774414,434200
2025-09-25,17.250221252441406,506500
2025-09-26,17.40712547302246,203100
2025-09-29,17.42558479309082,481600
2025-09-30,17.370206832885742,606400
2025-10-01,17.259450912475586,575100
2025-10-02,17.44404411315918,451000
2025-10-03,17.037939071655273,344800
2025-10-06,16.80719757080078,365100
2025-10-07,16.964101791381836,378300
2025-10-08,16.80719757080078,420600
2025-10-09,16.761049270629883,248300
2025-10-10,16.88103675842285,398700
2025-10-13,17.11177635192871,366200
2025-10-14,16.80719757080078,401600
2025-10-15,17.296369552612305,221600
2025-10-16,16.659523010253906,784000
2025-10-17,16.57645606994629,474700
2025-10-20,16.687211990356445,389400
2025-10-21,18.03474235534668,736400
2025-10-22,17.739391326904297,611800
2025-10-23,18.754653930664062,1051000
2025-10-24,18.560832977294922,425900
2025-10-27,18.551603317260742,287500
2025-10-28,18.911558151245117,364900
2025-10-29,18.440845489501953,393300
2025-10-30,18.00705337524414,644600
2025-10-31,18.080890655517578,606000
2025-11-03,18.63467025756836,529500
2025-11-04,18.95770835876465,1113200
2025-11-05,19.326892852783203,646500
2025-11-06,18.902328491210938,419700
2025-11-07,19.08692169189453,329900
2025-11-10,19.11461067199707,294500
2025-11-11,19.520715713500977,339300
2025-11-12,19.576093673706055,418100
2025-11-13,18.985395431518555,349900
2025-11-14,19.363811492919922,637100
2025-11-17,19.44687843322754,967000
2025-11-18,19.659160614013672,788600
2025-11-19,19.69607925415039,797900
2025-11-20,19.483797073364258,595100
2025-11-21,19.308433532714844,361800
2025-11-24,20.212940216064453,755400
2025-11-25,20.471370697021484,517100
2025-11-26,20.63750457763672,278900
2025-11-28,19.889902114868164,407500
2025-12-01,20.2683162689209,540900
2025-12-02,19.908361434936523,361500
2025-12-03,20.102184295654297,331100
2025-12-04,20.231399536132812,342700
2025-12-05,20.148332595825195,362600
2025-12-08,20.04680633544922,303400
2025-12-09,19.825294494628906,382200
2025-12-10,20.2683162689209,274800
2025-12-11,19.926820755004883,286700
2025-12-12,19.816064834594727,356900
2025-12-15,19.539175033569336,453900
2025-12-16,19.68684959411621,498000
2025-12-17,19.659160614013672,547300
2025-12-18,19.38227081298828,610100
2025-12-19,19.271514892578125,848400
2025-12-22,19.234596252441406,323200
2025-12-23,19.326892852783203,273500
2025-12-24,19.4653377532959,151600
2025-12-26,19.576093673706055,367400
2025-12-29,19.483797073364258,505500
2025-12-30,19.419191360473633,300200
2025-12-31,19.42841911315918,236900
2026-01-02,19.45610809326172,398100
2026-01-05,19.806835174560547,513900
2026-01-06,19.71453857421875,547500
2026-01-07,19.640701293945312,438600
2026-01-08,19.75145721435547,456000
2026-01-09,19.17922019958496,562400
2026-01-12,19.74222755432129,632100
2026-01-13,20.129873275756836,460300
2026-01-14,20.277545928955078,454000
2026-01-15,20.139102935791016,377200
2026-01-16,20.065265655517578,341000
2026-01-20,20.00065803527832,492300
2026-01-21,20.083724975585938,827700
2026-01-22,21.043607711791992,897100
2026-01-23,20.720571517944336,491100
2026-01-26,21.006690979003906,358200
2026-01-27,21.625076293945312,415300
2026-01-28,18.930017471313477,812300
2026-01-29,19.243825912475586,732100
2026-01-30,19.493026733398438,394900
2026-02-02,19.299203872680664,410900
2026-02-03,19.419191360473633,613200
2026-02-04,18.726966857910156,534100
2026-02-05,18.348548889160156,756900
2026-02-06,18.911558151245117,363300
2026-02-09,19.059232711791992,755300
2026-02-10,19.105382919311523,672800
2026-02-11,19.539175033569336,329000
2026-02-12,19.557634353637695,449400
2026-02-13,19.299203872680664,591600
2026-02-17,19.502256393432617,723800
2026-02-18,19.271514892578125,476100
2026-02-19,19.225366592407227,364100
2026-02-20,19.38227081298828,375900
2026-02-23,19.631471633911133,327100
2026-02-24,19.659160614013672,794100
2026-02-25,19.98219871520996,564600
2026-02-26,19.880672454833984,1969300
2026-02-27,19.631471633911133,816600
2026-03-02,19.16075897216797,1005300
2026-03-03,19.105382919311523,1161100
2026-03-04,18.597749710083008,1660300
2026-03-05,18.01628303527832,850600
2026-03-06,17.74862289428711,694200
2026-03-09,17.674785614013672,868000
2026-03-10,17.028709411621094,1364600
2026-03-11,16.742589950561523,1232400
2026-03-12,16.57645606994629,833200
2026-03-13,16.410324096679688,1128500
2026-03-16,16.438011169433594,1015800
2026-03-17,16.83488655090332,822600
2026-03-18,16.687211990356445,441700
2026-03-19,16.85334587097168,324500
2026-03-20,16.724132537841797,831700
2026-03-23,17.204072952270508,760800
2026-03-24,17.231761932373047,779200
2026-03-25,17.637866973876953,540500
2026-03-26,17.324058532714844,468300
2026-03-27,16.733360290527344,929800
2026-03-30,16.761049270629883,708700
2026-03-31,17.240991592407227,494700
2026-04-01,17.351747512817383,740000
2026-04-02,17.324058532714844,408100
2026-04-06,17.17638397216797,370800
2026-04-07,17.09331703186035,632100
2026-04-08,17.47173309326172,582100
2026-04-09,17.46250343322754,573400
2026-04-10,17.333288192749023,580200
2026-04-13,17.213302612304688,732900
2026-04-14,17.001020431518555,851100
2026-04-15,16.991790771484375,742200
2026-04-16,17.056398391723633,517700
2026-04-17,17.084087371826172,839700
2026-04-20,16.770278930664062,1485200
2026-04-21,16.07805633544922,932200
2026-04-22,16.31802749633789,668800
2026-04-23,15.893461227416992,1487100
2026-04-24,15.404291152954102,1302500
2026-04-27,15.542736053466797,1575500
2026-04-28,15.395061492919922,1491700
2026-04-29,15.404291152954102,861100
2026-04-30,15.607342720031738,1203300
2026-05-01,15.358141899108887,1498600
2026-05-04,15.5335054397583,742900
2026-05-05,15.46889877319336,746500
2026-05-06,15.736557006835938,887600
2026-05-07,15.681180000305176,578600
2026-05-08,15.83808422088623,468500
2026-05-11,15.764246940612793,454600
2026-05-12,15.616572380065918,673500
2026-05-13,15.644262313842773,545700
2026-05-14,15.542736053466797,514900
2026-05-15,15.293534278869629,733800
2026-05-18,15.985758781433105,696100
2026-05-19,15.930380821228027,688500
2026-05-20,16.096515655517578,745500
2026-05-21,15.83808422088623,778000
2026-05-22,15.090482711791992,1266200
2026-05-26,15.321224212646484,1008600
2026-05-27,15.367371559143066,796000
2026-05-28,15.358141899108887,1236100
2026-05-29,15.15509033203125,927100
2026-06-01,15.099712371826172,1375700
2026-06-02,15.053563117980957,843000
2026-06-03,14.453636169433594,1180900
2026-06-04,14.785903930664062,682700
2026-06-05,14.342880249023438,1139800
2026-06-08,12.98612117767334,3054100
2026-06-09,13.56758975982666,1193900
2026-06-10,14.149057388305664,1650900
2026-06-11,14.656688690185547,1469700
2026-06-12,14.638229370117188,1890800
2026-06-15,14.85051155090332,1017800
2026-06-16,14.804364204406738,771100
2026-06-17,14.628999710083008,1982800
2026-06-18,14.880000114440918,2069600
2026-06-22,14.119999885559082,1183800
2026-06-23,14.430000305175781,984600
2026-06-24,14.229999542236328,1104300
2026-06-25,14.1899995803833,907800
2026-06-26,14.079999923706055,1404200
2026-06-29,13.670000076293945,1580100
2026-06-30,13.430000305175781,1422400
2026-07-01,13.729999542236328,752700
2026-07-02,13.890000343322754,876100
2026-07-06,13.949999809265137,551300
2026-07-07,13.949999809265137,717900
2026-07-08,14.0600004196167,790000
2026-07-09,14.0600004196167,557000
2026-07-10,13.90999984741211,846100
2026-07-13,13.979999542236328,558300
2026-07-14,14.119999885559082,1040400
2026-07-15,14.140000343322754,682800
2026-07-16,14.270000457763672,612000
2026-07-17,14.619999885559082,954300
2026-07-20,14.960000038146973,970100
2026-07-21,14.949999809265137,1105200
2026-07-22,14.869999885559082,552800
2026-07-23,14.359999656677246,912300
2026-07-24,14.420000076293945,700900
2026-07-27,14.449999809265137,841600
2026-07-28,14.390000343322754,746900
2026-07-29,14.369999885559082,800900
2026-07-30,14.5600004196167,715200
2026-07-31,14.65999984741211,981200
2026-08-03,15.180000305175781,928700
2026-08-04,15.270000457763672,1039600
2026-08-05,14.800000190734863,732400
2026-08-06,14.979999542236328,686500
2026-08-07,15.100000381469727,755900
2026-08-10,14.949999809265137,589000
2026-08-11,14.630000114440918,762000
2026-08-12,14.640000343322754,629100
2026-08-13,14.6899995803833,627300
2026-08-14,14.84000015258789,372800
2026-08-17,14.829999923706055,449300
2026-08-18,14.609999656677246,577000
2026-08-19,14.739999771118164,474000
2026-08-20,14.699999809265137,575700
2026-08-21,14.989999771118164,455800
2026-08-24,15.020000457763672,428100
2026-08-25,15.199999809265137,925900
2026-08-26,14.710000038146973,555300
2026-08-27,14.539999961853027,414500
2026-08-28,14.579999923706055,436100
2026-08-31,14.579999923706055,521000
2026-09-01,14.739999771118164,382900
2026-09-02,14.729999542236328,563900
2026-09-03,14.8100004196167,520200
2026-09-04,14.850000381469727,824200
2026-09-08,15.079999923706055,418100
2026-09-09,15.0,580900
2026-09-10,14.989999771118164,505800
2026-09-11,14.9399995803833,514000
2026-09-14,15.260000228881836,481300
2026-09-15,15.029999732971191,1079800
2026-09-16,14.65999984741211,711400
2026-09-17,14.239999771118164,1162300
2026-09-18,14.170000076293945,1535700
2026-09-21,13.869999885559082,747300
2026-09-22,13.670000076293945,867400
2026-09-23,13.470000267028809,829100
2026-09-24,13.300000190734863,943300
2026-09-25,13.34000015258789,723700
2026-09-28,13.229999542236328,732200
2026-09-29,13.199999809265137,640900
2026-09-30,12.75,1447500
2026-10-01,12.420000076293945,1219100
2026-10-02,12.550000190734863,1068800
