date,close,volume
1995-11-14,8.622685432434082,10842768
1995-11-15,8.506943702697754,3170664
1995-11-16,8.564814567565918,2774304
1995-11-17,8.564814567565918,1318248
1995-11-20,8.622685432434082,946296
1995-11-21,8.796296119689941,2068632
1995-11-22,9.027777671813965,1255176
1995-11-24,9.490740776062012,640224
1995-11-27,9.7800931930542,1871640
1995-11-28,9.722222328186035,838080
1995-11-29,9.664352416992188,783000
1995-11-30,9.722222328186035,1198584
1995-12-01,9.722222328186035,769392
1995-12-04,9.895833015441895,490968
1995-12-05,9.895833015441895,694656
1995-12-06,10.069443702697754,859032
1995-12-07,10.5324068069458,779760
1995-12-08,10.821759223937988,623592
1995-12-11,10.590277671813965,635040
1995-12-12,10.5324068069458,408888
1995-12-13,10.5324068069458,441504
1995-12-14,10.706019401550293,351648
1995-12-15,11.053240776062012,568512
1995-12-18,10.879630088806152,276264
1995-12-19,10.821759223937988,405648
1995-12-20,10.76388931274414,785376
1995-12-21,11.458333015441895,975888
1995-12-22,11.574073791503906,428112
1995-12-26,11.516203880310059,334152
1995-12-27,11.574073791503906,393552
1995-12-28,11.631943702697754,651672
1995-12-29,11.689814567565918,185760
1996-01-02,11.574073791503906,557064
1996-01-03,12.037036895751953,2187216
1996-01-04,12.32638931274414,1307880
1996-01-05,12.210647583007812,841752
1996-01-08,12.268519401550293,1039176
1996-01-09,11.863426208496094,982152
1996-01-10,11.631943702697754,1192536
1996-01-11,12.152777671813965,1424736
1996-01-12,12.615740776062012,1704672
1996-01-15,13.136573791503906,1266624
1996-01-16,12.847222328186035,1218240
1996-01-17,12.9050931930542,571536
1996-01-18,13.252314567565918,375840
1996-01-19,13.773147583007812,856656
1996-01-22,13.6574068069458,231984
1996-01-23,13.425926208496094,1147392
1996-01-24,13.310185432434082,1299672
1996-01-25,13.310185432434082,1041984
1996-01-26,13.599536895751953,692496
1996-01-29,13.599536895751953,619056
1996-01-30,13.715277671813965,470232
1996-01-31,14.23611068725586,558360
1996-02-01,14.641203880310059,351000
1996-02-02,14.4675931930542,617976
1996-02-05,14.583333015441895,498096
1996-02-06,15.104166984558105,866160
1996-02-07,15.2199068069458,542808
1996-02-08,14.930556297302246,394632
1996-02-09,14.525463104248047,438264
1996-02-12,14.583333015441895,158112
1996-02-13,14.988426208496094,523800
1996-02-14,15.162036895751953,967680
1996-02-15,14.814814567565918,627480
1996-02-16,14.930556297302246,939816
1996-02-20,14.351852416992188,496800
1996-02-21,14.525463104248047,1204416
1996-02-22,14.293980598449707,425736
1996-02-23,14.351852416992188,463104
1996-02-26,14.409722328186035,445824
1996-02-27,14.814814567565918,265464
1996-02-28,14.814814567565918,469368
1996-02-29,14.525463104248047,111672
1996-03-01,14.756943702697754,307152
1996-03-04,15.104166984558105,126576
1996-03-05,14.988426208496094,90072
1996-03-06,14.699073791503906,223128
1996-03-07,14.351852416992188,81216
1996-03-08,13.194443702697754,497016
1996-03-11,13.425926208496094,518400
1996-03-12,13.6574068069458,488808
1996-03-13,13.831019401550293,234144
1996-03-14,14.525463104248047,488160
1996-03-15,14.4675931930542,379728
1996-03-18,14.699073791503906,552312
1996-03-19,14.699073791503906,210384
1996-03-20,14.4675931930542,224856
1996-03-21,14.4675931930542,331560
1996-03-22,14.525463104248047,427032
1996-03-25,14.409722328186035,235224
1996-03-26,14.351852416992188,37800
1996-03-27,14.4675931930542,281664
1996-03-28,14.409722328186035,127008
1996-03-29,14.293980598449707,184896
1996-04-01,14.4675931930542,282096
1996-04-02,15.104166984558105,314928
1996-04-03,15.277777671813965,229824
1996-04-04,15.625,128520
1996-04-08,15.162036895751953,107784
1996-04-09,15.567130088806152,171720
1996-04-10,15.682869911193848,407592
1996-04-11,15.567130088806152,386640
1996-04-12,15.625,324216
1996-04-15,15.45138931274414,188784
1996-04-16,15.335647583007812,54648
1996-04-17,15.277777671813965,309744
1996-04-18,15.2199068069458,138888
1996-04-19,15.277777671813965,440640
1996-04-22,15.509259223937988,189216
1996-04-23,15.509259223937988,313632
1996-04-24,15.393519401550293,298728
1996-04-25,15.2199068069458,184464
1996-04-26,15.625,329400
1996-04-29,15.567130088806152,177120
1996-04-30,15.79861068725586,230688
1996-05-01,15.567130088806152,163944
1996-05-02,14.4675931930542,670032
1996-05-03,13.831019401550293,507600
1996-05-06,14.4675931930542,215136
1996-05-07,14.872685432434082,395712
1996-05-08,14.872685432434082,995976
1996-05-09,14.814814567565918,127224
1996-05-10,14.641203880310059,70416
1996-05-13,14.293980598449707,79056
1996-05-14,14.351852416992188,64368
1996-05-15,14.583333015441895,123768
1996-05-16,14.409722328186035,84456
1996-05-17,14.409722328186035,133056
1996-05-20,14.293980598449707,78840
1996-05-21,14.409722328186035,317304
1996-05-22,14.293980598449707,82728
1996-05-23,14.120369911193848,181656
1996-05-24,14.23611068725586,210168
1996-05-28,14.178240776062012,79272
1996-05-29,14.207176208496094,590328
1996-05-30,14.120369911193848,158112
1996-05-31,14.120369911193848,334152
1996-06-03,13.88888931274414,467424
1996-06-04,13.310185432434082,348624
1996-06-05,13.368056297302246,266760
1996-06-06,13.252314567565918,50112
1996-06-07,13.368056297302246,412992
1996-06-10,13.773147583007812,237384
1996-06-11,13.483796119689941,167616
1996-06-12,13.078703880310059,73008
1996-06-13,12.384259223937988,464616
1996-06-14,13.020833015441895,455760
1996-06-17,13.078703880310059,10800648
1996-06-18,12.962963104248047,173880
1996-06-19,13.078703880310059,158328
1996-06-20,13.194443702697754,46008
1996-06-21,13.078703880310059,126576
1996-06-24,13.599536895751953,205200
1996-06-25,13.541666984558105,72144
1996-06-26,13.773147583007812,162648
1996-06-27,13.773147583007812,269568
1996-06-28,13.773147583007812,58104
1996-07-01,13.6574068069458,286848
1996-07-02,13.831019401550293,150984
1996-07-03,13.831019401550293,88992
1996-07-05,13.252314567565918,226584
1996-07-08,13.541666984558105,227880
1996-07-09,13.946759223937988,263520
1996-07-10,13.946759223937988,22248
1996-07-11,13.715277671813965,10368
1996-07-12,13.541666984558105,39096
1996-07-15,12.789352416992188,148176
1996-07-16,13.136573791503906,161784
1996-07-17,13.252314567565918,182520
1996-07-18,13.310185432434082,336312
1996-07-19,13.368056297302246,105192
1996-07-22,13.252314567565918,34776
1996-07-23,12.962963104248047,193752
1996-07-24,12.9050931930542,201312
1996-07-25,13.078703880310059,182952
1996-07-26,12.847222328186035,163728
1996-07-29,12.152777671813965,238896
1996-07-30,12.268519401550293,564192
1996-07-31,12.5,296568
1996-08-01,12.962963104248047,150984
1996-08-02,13.599536895751953,183168
1996-08-05,13.310185432434082,65232
1996-08-06,12.847222328186035,290520
1996-08-07,12.9050931930542,36072
1996-08-08,12.847222328186035,84888
1996-08-09,12.789352416992188,1944
1996-08-12,12.731480598449707,97200
1996-08-13,12.67361068725586,6480
1996-08-14,12.442130088806152,127872
1996-08-15,12.442130088806152,204768
1996-08-16,12.5,133488
1996-08-19,12.789352416992188,67392
1996-08-20,12.962963104248047,111024
1996-08-21,12.9050931930542,41256
1996-08-22,13.252314567565918,84024
1996-08-23,13.252314567565918,92232
1996-08-26,13.310185432434082,35424
1996-08-27,13.194443702697754,23112
1996-08-28,13.194443702697754,60912
1996-08-29,13.194443702697754,191592
1996-08-30,12.9050931930542,43416
1996-09-03,12.962963104248047,52704
1996-09-04,13.136573791503906,24408
1996-09-05,12.789352416992188,31320
1996-09-06,13.136573791503906,71928
1996-09-09,13.194443702697754,93960
1996-09-10,12.9050931930542,265248
1996-09-11,13.078703880310059,113616
1996-09-12,13.020833015441895,895104
1996-09-13,13.425926208496094,190080
1996-09-16,13.599536895751953,401976
1996-09-17,13.599536895751953,182304
1996-09-18,13.6574068069458,41904
1996-09-19,13.715277671813965,233280
1996-09-20,13.773147583007812,123552
1996-09-23,13.715277671813965,33912
1996-09-24,13.599536895751953,8208
1996-09-25,13.715277671813965,47304
1996-09-26,14.293980598449707,339120
1996-09-27,14.351852416992188,114048
1996-09-30,14.409722328186035,148824
1996-10-01,14.872685432434082,257040
1996-10-02,15.2199068069458,397224
1996-10-03,15.046296119689941,358992
1996-10-04,14.814814567565918,487296
1996-10-07,14.4675931930542,133272
1996-10-08,13.88888931274414,481680
1996-10-09,13.88888931274414,251640
1996-10-10,13.831019401550293,79056
1996-10-11,14.0625,77112
1996-10-14,14.0625,162000
1996-10-15,14.004630088806152,74304
1996-10-16,13.946759223937988,335880
1996-10-17,14.293980598449707,154872
1996-10-18,14.351852416992188,221832
1996-10-21,14.23611068725586,36072
1996-10-22,14.23611068725586,195264
1996-10-23,14.23611068725586,29376
1996-10-24,14.178240776062012,87696
1996-10-25,13.88888931274414,130248
1996-10-28,13.946759223937988,148392
1996-10-29,13.88888931274414,160920
1996-10-30,13.88888931274414,86616
1996-10-31,13.88888931274414,67176
1996-11-01,14.0625,84240
1996-11-04,14.351852416992188,101088
1996-11-05,14.930556297302246,193320
1996-11-06,15.162036895751953,69984
1996-11-07,15.509259223937988,156600
1996-11-08,15.682869911193848,169992
1996-11-11,15.45138931274414,201096
1996-11-12,15.046296119689941,250128
1996-11-13,14.988426208496094,46656
1996-11-14,15.856480598449707,211680
1996-11-15,16.84027862548828,273672
1996-11-18,16.087963104248047,174744
1996-11-19,15.682869911193848,285120
1996-11-20,15.046296119689941,276696
1996-11-21,14.756943702697754,377352
1996-11-22,15.277777671813965,445392
1996-11-25,15.277777671813965,301320
1996-11-26,15.45138931274414,335016
1996-11-27,15.335647583007812,206064
1996-11-29,15.2199068069458,124416
1996-12-02,15.509259223937988,180792
1996-12-03,15.682869911193848,142128
1996-12-04,16.087963104248047,78192
1996-12-05,16.898147583007812,178416
1996-12-06,16.261573791503906,186192
1996-12-09,15.914352416992188,862272
1996-12-10,15.162036895751953,633744
1996-12-11,15.45138931274414,735696
1996-12-12,15.509259223937988,158328
1996-12-13,15.509259223937988,238896
1996-12-16,15.393519401550293,17064
1996-12-17,15.567130088806152,104760
1996-12-18,15.856480598449707,181440
1996-12-19,16.203704833984375,35856
1996-12-20,16.261573791503906,6696
1996-12-23,16.377315521240234,14904
1996-12-24,16.203704833984375,15120
1996-12-26,16.203704833984375,3456
1996-12-27,16.087963104248047,12744
1996-12-30,16.145832061767578,2808
1996-12-31,15.972222328186035,51624
1997-01-02,16.087963104248047,336312
1997-01-03,16.782407760620117,102600
1997-01-06,16.724536895751953,218160
1997-01-07,16.550926208496094,135864
1997-01-08,16.84027862548828,98712
1997-01-09,16.550926208496094,34992
1997-01-10,16.550926208496094,86184
1997-01-13,16.377315521240234,22896
1997-01-14,15.972222328186035,401328
1997-01-15,15.972222328186035,149472
1997-01-16,15.45138931274414,194400
1997-01-17,15.79861068725586,162648
1997-01-20,16.203704833984375,100656
1997-01-21,16.550926208496094,134568
1997-01-22,16.203704833984375,203472
1997-01-23,15.914352416992188,354672
1997-01-24,15.914352416992188,66960
1997-01-27,15.914352416992188,37152
1997-01-28,16.31944465637207,180144
1997-01-29,16.435184478759766,93312
1997-01-30,16.550926208496094,130032
1997-01-31,16.782407760620117,51840
1997-02-03,16.49305534362793,130248
1997-02-04,15.914352416992188,85104
1997-02-05,16.030092239379883,66960
1997-02-06,16.261573791503906,70200
1997-02-07,16.377315521240234,40392
1997-02-10,16.31944465637207,36072
1997-02-11,16.31944465637207,47304
1997-02-12,16.435184478759766,69120
1997-02-13,16.608795166015625,160056
1997-02-14,16.31944465637207,114912
1997-02-18,16.145832061767578,200664
1997-02-19,16.030092239379883,66528
1997-02-20,16.087963104248047,11664
1997-02-21,15.79861068725586,75168
1997-02-24,15.856480598449707,154224
1997-02-25,15.972222328186035,161136
1997-02-26,16.087963104248047,97200
1997-02-27,15.79861068725586,29808
1997-02-28,15.914352416992188,76464
1997-03-03,15.79861068725586,39096
1997-03-04,15.740740776062012,141912
1997-03-05,15.856480598449707,78840
1997-03-06,15.625,90720
1997-03-07,15.856480598449707,182952
1997-03-10,15.914352416992188,35424
1997-03-11,15.856480598449707,18360
1997-03-12,15.45138931274414,14688
1997-03-13,14.814814567565918,124416
1997-03-14,14.930556297302246,128520
1997-03-17,14.004630088806152,1489536
1997-03-18,13.946759223937988,321840
1997-03-19,14.4675931930542,412128
1997-03-20,14.293980598449707,239328
1997-03-21,13.831019401550293,898560
1997-03-24,13.6574068069458,187920
1997-03-25,14.23611068725586,1059696
1997-03-26,14.23611068725586,451440
1997-03-27,13.946759223937988,155520
1997-03-31,13.946759223937988,11880
1997-04-01,13.6574068069458,304992
1997-04-02,13.483796119689941,263736
1997-04-03,13.599536895751953,319248
1997-04-04,13.599536895751953,157032
1997-04-07,13.6574068069458,167400
1997-04-08,13.773147583007812,101304
1997-04-09,13.773147583007812,94608
1997-04-10,13.715277671813965,274320
1997-04-11,13.773147583007812,14256
1997-04-14,13.773147583007812,76896
1997-04-15,13.946759223937988,304344
1997-04-16,13.831019401550293,60264
1997-04-17,13.88888931274414,185544
1997-04-18,13.88888931274414,70632
1997-04-21,13.88888931274414,266328
1997-04-22,13.88888931274414,58968
1997-04-23,13.88888931274414,54216
1997-04-24,13.831019401550293,92448
1997-04-25,13.6574068069458,34128
1997-04-28,13.425926208496094,142776
1997-04-29,13.368056297302246,104112
1997-04-30,13.194443702697754,122040
1997-05-01,12.847222328186035,72576
1997-05-02,13.078703880310059,170208
1997-05-05,13.599536895751953,36072
1997-05-06,13.6574068069458,183600
1997-05-07,13.88888931274414,123984
1997-05-08,14.0625,19224
1997-05-09,14.930556297302246,148176
1997-05-12,14.699073791503906,146448
1997-05-13,14.409722328186035,51192
1997-05-14,14.699073791503906,155520
1997-05-15,14.178240776062012,93744
1997-05-16,13.946759223937988,80784
1997-05-19,13.88888931274414,43848
1997-05-20,13.715277671813965,26136
1997-05-21,13.831019401550293,84672
1997-05-22,13.946759223937988,7128
1997-05-23,13.88888931274414,96984
1997-05-27,14.699073791503906,73656
1997-05-28,15.104166984558105,468504
1997-05-29,15.277777671813965,154440
1997-05-30,15.393519401550293,190080
1997-06-02,15.682869911193848,157680
1997-06-03,15.509259223937988,776088
1997-06-04,15.162036895751953,443664
1997-06-05,15.162036895751953,358344
1997-06-06,15.104166984558105,164808
1997-06-09,15.046296119689941,12528
1997-06-10,14.699073791503906,486432
1997-06-11,15.104166984558105,271080
1997-06-12,15.162036895751953,16632
1997-06-13,15.046296119689941,6264
1997-06-16,15.277777671813965,27432
1997-06-17,15.104166984558105,77112
1997-06-18,15.277777671813965,37152
1997-06-19,15.45138931274414,336960
1997-06-20,15.162036895751953,146448
1997-06-23,15.2199068069458,84888
1997-06-24,15.046296119689941,157896
1997-06-25,15.046296119689941,176040
1997-06-26,14.756943702697754,117720
1997-06-27,15.046296119689941,246240
1997-06-30,15.046296119689941,7776
1997-07-01,15.45138931274414,84240
1997-07-02,15.393519401550293,27648
1997-07-03,15.625,17064
1997-07-07,15.625,81000
1997-07-08,15.885416984558105,136944
1997-07-09,15.740740776062012,174528
1997-07-10,15.45138931274414,56808
1997-07-11,14.959490776062012,82080
1997-07-14,15.046296119689941,107784
1997-07-15,14.930556297302246,300672
1997-07-16,14.901619911193848,125496
1997-07-17,14.872685432434082,87264
1997-07-18,14.814814567565918,52488
1997-07-21,13.831019401550293,58536
1997-07-22,14.033564567565918,73872
1997-07-23,14.351852416992188,142560
1997-07-24,14.004630088806152,16200
1997-07-25,13.946759223937988,55296
1997-07-28,13.946759223937988,25056
1997-07-29,14.351852416992188,143856
1997-07-30,14.380786895751953,3888
1997-07-31,14.178240776062012,55512
1997-08-01,14.120369911193848,1296
1997-08-04,14.120369911193848,9720
1997-08-05,14.178240776062012,77760
1997-08-06,14.004630088806152,1296
1997-08-07,13.628472328186035,147528
1997-08-08,13.136573791503906,48168
1997-08-11,12.384259223937988,205200
1997-08-12,12.442130088806152,221184
1997-08-13,12.615740776062012,222048
1997-08-14,12.210647583007812,324864
1997-08-15,11.400463104248047,248832
1997-08-18,10.995369911193848,394848
1997-08-19,11.458333015441895,416232
1997-08-20,11.54513931274414,283608
1997-08-21,11.747685432434082,332208
1997-08-22,11.11111068725586,350352
1997-08-25,10.76388931274414,230688
1997-08-26,10.879630088806152,381024
1997-08-27,10.416666984558105,387720
1997-08-28,9.432869911193848,652752
1997-08-29,9.085647583007812,672192
1997-09-02,9.317130088806152,1255392
1997-09-03,10.185185432434082,990576
1997-09-04,10.879630088806152,1122552
1997-09-05,10.908564567565918,342360
1997-09-08,11.458333015441895,1036584
1997-09-09,11.776619911193848,320328
1997-09-10,11.053240776062012,663768
1997-09-11,10.648147583007812,1486728
1997-09-12,10.619213104248047,327456
1997-09-15,10.966435432434082,306288
1997-09-16,10.185185432434082,404136
1997-09-17,9.953703880310059,214704
1997-09-18,10.185185432434082,96336
1997-09-19,10.15625,176040
1997-09-22,10.300926208496094,70848
1997-09-23,10.966435432434082,312552
1997-09-24,11.226852416992188,357480
1997-09-25,11.197916984558105,91800
1997-09-26,10.850693702697754,112320
1997-09-29,10.706019401550293,358776
1997-09-30,10.358796119689941,246240
1997-10-01,9.866897583007812,497448
1997-10-02,9.606480598449707,297648
1997-10-03,8.76736068725586,1609848
1997-10-06,8.825230598449707,823392
1997-10-07,9.259259223937988,566136
1997-10-08,9.577546119689941,833976
1997-10-09,9.809027671813965,413856
1997-10-10,10.503472328186035,665064
1997-10-13,10.098380088806152,334584
1997-10-14,9.577546119689941,363960
1997-10-15,9.461806297302246,239544
1997-10-16,9.027777671813965,195696
1997-10-17,8.9699068069458,235008
1997-10-20,8.9699068069458,232200
1997-10-21,8.9988431930542,483840
1997-10-22,8.680556297302246,470664
1997-10-23,8.883102416992188,476064
1997-10-24,8.940972328186035,533520
1997-10-27,8.072916984558105,193536
1997-10-28,8.59375,729864
1997-10-29,8.304397583007812,176472
1997-10-30,8.76736068725586,1092096
1997-10-31,8.9988431930542,405216
1997-11-03,9.664352416992188,685368
1997-11-04,9.317130088806152,155520
1997-11-05,9.20138931274414,141912
1997-11-06,8.680556297302246,173232
1997-11-07,8.072916984558105,312120
1997-11-10,8.130786895751953,446904
1997-11-11,8.159722328186035,241056
1997-11-12,7.638888835906982,97200
1997-11-13,7.754630088806152,734184
1997-11-14,7.667823791503906,500256
1997-11-17,8.072916984558105,179928
1997-11-18,7.696759223937988,167400
1997-11-19,7.465278148651123,391392
1997-11-20,6.655093193054199,1289520
1997-11-21,6.886573791503906,630720
1997-11-24,6.799768924713135,61776
1997-11-25,6.684028148651123,786240
1997-11-26,6.741898059844971,1077624
1997-11-28,6.7708330154418945,189216
1997-12-01,6.626156806945801,113832
1997-12-02,6.539351940155029,277560
1997-12-03,6.365740776062012,361368
1997-12-04,6.7708330154418945,736128
1997-12-05,7.233796119689941,626184
1997-12-08,7.175926208496094,419256
1997-12-09,6.568286895751953,503496
1997-12-10,6.192130088806152,1080864
1997-12-11,5.700231075286865,475416
1997-12-12,4.398148059844971,2278152
1997-12-15,4.079861164093018,2378808
1997-12-16,4.108796119689941,2373840
1997-12-17,4.542823791503906,1814616
1997-12-18,4.716434955596924,1783296
1997-12-19,4.716434955596924,514512
1997-12-22,4.9479169845581055,623160
1997-12-23,4.890046119689941,411048
1997-12-24,4.629630088806152,319464
1997-12-26,5.034721851348877,311688
1997-12-29,5.092593193054199,277776
1997-12-30,5.2083330154418945,457920
1997-12-31,5.121528148651123,162648
1998-01-02,4.890046119689941,370656
1998-01-05,4.398148059844971,1055808
1998-01-06,3.790508985519409,2652480
1998-01-07,3.6747689247131348,2940408
1998-01-08,2.6331019401550293,17001792
1998-01-09,3.125,9097920
1998-01-12,3.7037041187286377,6354720
1998-01-13,3.819443941116333,6521688
1998-01-14,4.340278148651123,5214240
1998-01-15,3.6458330154418945,5149440
1998-01-16,4.282406806945801,7446384
1998-01-20,3.819443941116333,6472656
1998-01-21,3.587963104248047,5110992
1998-01-22,3.153934955596924,10528488
1998-01-23,3.1828699111938477,6509376
1998-01-26,3.2696759700775146,4130136
1998-01-27,3.7037041187286377,5199120
1998-01-28,3.559027910232544,4034880
1998-01-29,3.90625,5629824
1998-01-30,4.340278148651123,8128080
1998-02-02,4.456018924713135,6303096
1998-02-03,4.050926208496094,5573232
1998-02-04,4.253471851348877,6359040
1998-02-05,4.369213104248047,3105000
1998-02-06,4.4270830154418945,3212784
1998-02-09,4.021990776062012,3358368
1998-02-10,4.484953880310059,5613192
1998-02-11,4.1666669845581055,3016224
1998-02-12,3.819443941116333,5717736
1998-02-13,3.6747689247131348,6129864
1998-02-17,3.587963104248047,4261680
1998-02-18,3.790508985519409,3046032
1998-02-19,3.9641199111938477,2442096
1998-02-20,3.9641199111938477,1905984
1998-02-23,3.993056058883667,1130976
1998-02-24,3.8483800888061523,1481112
1998-02-25,3.7037041187286377,3043440
1998-02-26,3.6458330154418945,3194856
1998-02-27,3.935184955596924,5192424
1998-03-02,4.1666669845581055,4739472
1998-03-03,4.108796119689941,2478168
1998-03-04,3.877315044403076,2972160
1998-03-05,3.6458330154418945,5931144
1998-03-06,3.7037041187286377,4077864
1998-03-09,3.6168980598449707,3108888
1998-03-10,3.53009295463562,3529440
1998-03-11,3.559027910232544,2793312
1998-03-12,3.7037041187286377,2819232
1998-03-13,3.90625,4263840
1998-03-16,3.8483800888061523,1325376
1998-03-17,3.7037041187286377,1690848
1998-03-18,3.6168980598449707,1636848
1998-03-19,3.819443941116333,2608848
1998-03-20,4.050926208496094,6718680
1998-03-23,4.1666669845581055,4070952
1998-03-24,4.108796119689941,2846664
1998-03-25,4.137731075286865,2370384
1998-03-26,4.774305820465088,11485584
1998-03-27,4.716434955596924,5281200
1998-03-30,4.629630088806152,2188080
1998-03-31,4.542823791503906,1587816
1998-04-01,4.340278148651123,2852280
1998-04-02,4.195601940155029,3901824
1998-04-03,4.137731075286865,3104136
1998-04-06,4.340278148651123,1368144
1998-04-07,4.253471851348877,1103760
1998-04-08,4.340278148651123,3193776
1998-04-09,4.4270830154418945,2127600
1998-04-13,4.571759223937988,2374488
1998-04-14,4.4270830154418945,1236384
1998-04-15,4.398148059844971,756216
1998-04-16,4.195601940155029,1976616
1998-04-17,4.195601940155029,1180872
1998-04-20,4.108796119689941,1071576
1998-04-21,4.1666669845581055,757728
1998-04-22,4.108796119689941,517752
1998-04-23,3.993056058883667,1210248
1998-04-24,3.993056058883667,822528
1998-04-27,3.8483800888061523,1591272
1998-04-28,3.90625,1531008
1998-04-29,3.7037041187286377,5058504
1998-04-30,3.7037041187286377,1620216
1998-05-01,3.6747689247131348,1248264
1998-05-04,3.6458330154418945,1203336
1998-05-05,3.50115704536438,3034368
1998-05-06,3.153934955596924,11347560
1998-05-07,3.3275458812713623,4171392
1998-05-08,3.4143519401550293,2425248
1998-05-11,3.3275458812713623,1432728
1998-05-12,3.1828699111938477,3236112
1998-05-13,2.9803240299224854,6564888
1998-05-14,3.240741014480591,8161128
1998-05-15,3.2696759700775146,7466040
1998-05-18,3.0671300888061523,4578768
1998-05-19,3.240741014480591,6502464
1998-05-20,3.240741014480591,2958552
1998-05-21,3.4143519401550293,6958224
1998-05-22,3.240741014480591,3283416
1998-05-26,3.2696759700775146,3415608
1998-05-27,3.153934955596924,3094200
1998-05-28,3.125,1386720
1998-05-29,3.096065044403076,1015416
1998-06-01,2.9513890743255615,1586304
1998-06-02,2.8935189247131348,2969352
1998-06-03,2.9224541187286377,1738800
1998-06-04,2.8935189247131348,1355832
1998-06-05,3.038193941116333,2185704
1998-06-08,2.9513890743255615,1025568
1998-06-09,2.8356480598449707,1264248
1998-06-10,2.662036895751953,2417040
1998-06-11,2.4884259700775146,3916512
1998-06-12,2.4884259700775146,3655800
1998-06-15,2.314815044403076,2130840
1998-06-16,2.4016199111938477,1739232
1998-06-17,2.6331019401550293,4011768
1998-06-18,2.5173609256744385,1555416
1998-06-19,2.5462958812713623,1079136
1998-06-22,2.4884259700775146,1939680
1998-06-23,2.5173609256744385,1207224
1998-06-24,2.459491014480591,619704
1998-06-25,2.5462958812713623,1184112
1998-06-26,2.5462958812713623,850608
1998-06-29,2.430556058883667,1179360
1998-06-30,2.690972089767456,2393064
1998-07-01,2.806713104248047,1364256
1998-07-02,2.71990704536438,747360
1998-07-06,2.777777910232544,2291976
1998-07-07,2.74884295463562,1266192
1998-07-08,2.6041669845581055,1638360
1998-07-09,2.5752310752868652,611064
1998-07-10,2.5752310752868652,1339848
1998-07-13,2.6041669845581055,976968
1998-07-14,2.806713104248047,2340360
1998-07-15,3.096065044403076,4374432
1998-07-16,3.240741014480591,5191128
1998-07-17,3.153934955596924,1680912
1998-07-20,3.038193941116333,1396656
1998-07-21,3.009258985519409,1107216
1998-07-22,2.8645830154418945,975240
1998-07-23,2.8356480598449707,1521720
1998-07-24,2.9224541187286377,698976
1998-07-27,2.9224541187286377,1823256
1998-07-28,2.8935189247131348,1285416
1998-07-29,2.9513890743255615,2729808
1998-07-30,3.0671300888061523,1399896
1998-07-31,3.038193941116333,497232
1998-08-03,2.9224541187286377,1155384
1998-08-04,2.8935189247131348,1885896
1998-08-05,2.74884295463562,1685664
1998-08-06,2.690972089767456,840024
1998-08-07,2.71990704536438,888408
1998-08-10,2.5752310752868652,1594296
1998-08-11,2.372684955596924,5724648
1998-08-12,2.4884259700775146,1493856
1998-08-13,2.372684955596924,1305072
1998-08-14,2.430556058883667,1027296
1998-08-17,2.34375,2661984
1998-08-18,2.256943941116333,1851120
1998-08-19,2.2858800888061523,5182272
1998-08-20,2.372684955596924,1716984
1998-08-21,2.228008985519409,1788048
1998-08-24,2.1412041187286377,1292112
1998-08-25,2.228008985519409,1274400
1998-08-26,2.0833330154418945,646920
1998-08-27,1.8518520593643188,2153088
1998-08-28,1.7939809560775757,1125792
1998-08-31,1.5625,1929744
1998-09-01,1.8229169845581055,1827792
1998-09-02,1.8518520593643188,1023624
1998-09-03,1.736111044883728,1149768
1998-09-04,1.7071759700775146,1716984
1998-09-08,1.7939809560775757,649944
1998-09-09,1.6782410144805908,436104
1998-09-10,1.5335650444030762,1966896
1998-09-11,1.5914349555969238,1134000
1998-09-14,1.6203700304031372,693576
1998-09-15,1.4467589855194092,1759320
1998-09-16,1.4467589855194092,1330128
1998-09-17,1.388888955116272,751248
1998-09-18,1.388888955116272,997704
1998-09-21,1.3310190439224243,1575936
1998-09-22,1.388888955116272,1598832
1998-09-23,1.4467589855194092,1319328
1998-09-24,1.5046299695968628,2166048
1998-09-25,1.4178240299224854,1718496
1998-09-28,1.388888955116272,869400
1998-09-29,1.3310190439224243,1111104
1998-09-30,1.3599539995193481,920808
1998-10-01,1.2442129850387573,1721088
1998-10-02,1.3310190439224243,1313496
1998-10-05,1.2442129850387573,677376
1998-10-06,1.3020830154418945,2450952
1998-10-07,1.3310190439224243,1869696
1998-10-08,1.8518520593643188,6551712
1998-10-09,1.6782410144805908,3403080
1998-10-12,1.8807870149612427,1266192
1998-10-13,1.8518520593643188,1510056
1998-10-14,1.8518520593643188,1563840
1998-10-15,2.256943941116333,1831680
1998-10-16,2.459491014480591,3070440
1998-10-19,2.690972089767456,2225448
1998-10-20,2.4884259700775146,2030400
1998-10-21,2.5173609256744385,956232
1998-10-22,2.430556058883667,1545048
1998-10-23,2.34375,685584
1998-10-26,2.4884259700775146,540648
1998-10-27,2.5752310752868652,1113696
1998-10-28,2.459491014480591,692064
1998-10-29,2.430556058883667,743256
1998-10-30,2.34375,969408
1998-11-02,2.5752310752868652,3820176
1998-11-03,2.430556058883667,1195344
1998-11-04,2.4884259700775146,1156896
1998-11-05,2.8356480598449707,6601392
1998-11-06,2.9513890743255615,2514240
1998-11-09,2.8356480598449707,2204280
1998-11-10,2.71990704536438,1228824
1998-11-11,2.777777910232544,1481112
1998-11-12,2.8645830154418945,2008584
1998-11-13,2.806713104248047,1312632
1998-11-16,2.777777910232544,1011096
1998-11-17,3.1828699111938477,4593888
1998-11-18,3.153934955596924,1179360
1998-11-19,3.3854169845581055,2697624
1998-11-20,3.6747689247131348,4545720
1998-11-23,3.7326390743255615,4736232
1998-11-24,3.50115704536438,2237328
1998-11-25,3.240741014480591,2313360
1998-11-27,3.3854169845581055,503496
1998-11-30,3.125,780840
1998-12-01,3.3275458812713623,1236168
1998-12-02,3.3854169845581055,1180872
1998-12-03,3.211806058883667,888624
1998-12-04,3.240741014480591,1138536
1998-12-07,3.3854169845581055,1001376
1998-12-08,3.53009295463562,1746576
1998-12-09,3.6168980598449707,1924560
1998-12-10,3.50115704536438,1000080
1998-12-11,3.443286895751953,630072
1998-12-14,3.2986109256744385,1365984
1998-12-15,3.3564810752868652,1019088
1998-12-16,3.2696759700775146,416880
1998-12-17,3.240741014480591,810216
1998-12-18,3.2696759700775146,794016
1998-12-21,3.2986109256744385,898560
1998-12-22,3.1828699111938477,622728
1998-12-23,3.1828699111938477,456192
1998-12-24,3.125,193320
1998-12-28,3.038193941116333,463536
1998-12-29,2.9224541187286377,894672
1998-12-30,3.038193941116333,646056
1998-12-31,3.038193941116333,496584
1999-01-04,3.211806058883667,1239408
1999-01-05,3.3854169845581055,1004184
1999-01-06,3.90625,5139072
1999-01-07,4.1666669845581055,6708744
1999-01-08,4.1666669845581055,2439072
1999-01-11,3.8483800888061523,1498392
1999-01-12,3.7326390743255615,1743336
1999-01-13,3.472222089767456,2496528
1999-01-14,3.472222089767456,1576800
1999-01-15,3.7326390743255615,894888
1999-01-19,3.6458330154418945,392040
1999-01-20,3.7037041187286377,1052136
1999-01-21,3.587963104248047,783216
1999-01-22,3.50115704536438,1103328
1999-01-25,3.472222089767456,2049408
1999-01-26,3.472222089767456,1925424
1999-01-27,3.4143519401550293,682128
1999-01-28,3.3854169845581055,1007640
1999-01-29,3.472222089767456,1105488
1999-02-01,3.443286895751953,494856
1999-02-02,3.3564810752868652,617112
1999-02-03,3.3564810752868652,863352
1999-02-04,3.2696759700775146,1302480
1999-02-05,3.125,752760
1999-02-08,3.009258985519409,2096064
1999-02-09,2.9803240299224854,1442232
1999-02-10,3.0671300888061523,1000296
1999-02-11,3.1828699111938477,735480
1999-02-12,3.038193941116333,677592
1999-02-16,3.096065044403076,956448
1999-02-17,2.9803240299224854,504360
1999-02-18,3.0671300888061523,534816
1999-02-19,3.009258985519409,126144
1999-02-22,3.096065044403076,466992
1999-02-23,3.0671300888061523,357264
1999-02-24,3.0671300888061523,274536
1999-02-25,2.9513890743255615,449928
1999-02-26,2.9513890743255615,334152
1999-03-01,2.8935189247131348,340416
1999-03-02,2.8935189247131348,293328
1999-03-03,2.9513890743255615,271512
1999-03-04,2.9513890743255615,216000
1999-03-05,2.9513890743255615,419040
1999-03-08,2.8935189247131348,754704
1999-03-09,2.8645830154418945,332640
1999-03-10,2.662036895751953,1224072
1999-03-11,2.690972089767456,1009152
1999-03-12,2.6331019401550293,438696
1999-03-15,2.8935189247131348,979344
1999-03-16,3.038193941116333,1265976
1999-03-17,3.038193941116333,1657800
1999-03-18,3.096065044403076,1019304
1999-03-19,3.038193941116333,373032
1999-03-22,3.009258985519409,355752
1999-03-23,2.9513890743255615,468288
1999-03-24,2.9224541187286377,1967112
1999-03-25,3.009258985519409,439560
1999-03-26,2.9803240299224854,314712
1999-03-29,2.9513890743255615,272376
1999-03-30,2.9513890743255615,215352
1999-03-31,2.9513890743255615,560952
1999-04-01,2.9803240299224854,311688
1999-04-05,2.9803240299224854,827280
1999-04-06,3.009258985519409,681264
1999-04-07,3.038193941116333,916704
1999-04-08,3.125,1202472
1999-04-09,3.472222089767456,1793880
1999-04-12,3.53009295463562,1040688
1999-04-13,3.53009295463562,891000
1999-04-14,3.3564810752868652,1207440
1999-04-15,3.587963104248047,1453248
1999-04-16,3.7615740299224854,2475576
1999-04-19,3.587963104248047,1519344
1999-04-20,3.6458330154418945,1184760
1999-04-21,3.587963104248047,796824
1999-04-22,3.559027910232544,673488
1999-04-23,3.559027910232544,249264
1999-04-26,3.559027910232544,426168
1999-04-27,3.559027910232544,757296
1999-04-28,3.790508985519409,1331856
1999-04-29,4.137731075286865,2898072
1999-04-30,4.050926208496094,1095984
1999-05-03,4.629630088806152,3468528
1999-05-04,4.369213104248047,3342600
1999-05-05,4.513888835906982,1063368
1999-05-06,4.658565044403076,2130408
1999-05-07,4.745369911193848,2296728
1999-05-10,4.832176208496094,1431648
1999-05-11,4.629630088806152,798552
1999-05-12,4.600694179534912,596376
1999-05-13,4.542823791503906,312120
1999-05-14,4.600694179534912,508032
1999-05-17,4.716434955596924,1224720
1999-05-18,4.629630088806152,955584
1999-05-19,4.803240776062012,1851120
1999-05-20,4.484953880310059,1369872
1999-05-21,4.4270830154418945,382536
1999-05-24,4.513888835906982,936360
1999-05-25,4.6875,1859112
1999-05-26,4.542823791503906,957312
1999-05-27,4.282406806945801,850608
1999-05-28,4.311343193054199,427680
1999-06-01,4.282406806945801,1130760
1999-06-02,4.282406806945801,683208
1999-06-03,4.6875,2627208
1999-06-04,5.410880088806152,3434400
1999-06-07,5.555555820465088,2350296
1999-06-08,6.163194179534912,4466880
1999-06-09,5.642361164093018,3487536
1999-06-10,5.266203880310059,1531224
1999-06-11,5.642361164093018,1133568
1999-06-14,5.7291669845581055,1551960
1999-06-15,5.844906806945801,1619352
1999-06-16,5.9895830154418945,1063368
1999-06-17,6.076388835906982,1866672
1999-06-18,6.365740776062012,1281744
1999-06-21,6.394676208496094,1661904
1999-06-22,6.539351940155029,843264
1999-06-23,6.25,910656
1999-06-24,6.105323791503906,559440
1999-06-25,5.758101940155029,1005264
1999-06-28,5.9895830154418945,1298808
1999-06-29,6.163194179534912,895752
1999-06-30,6.21875,752400
1999-07-01,6.25,1214400
1999-07-02,6.375,794200
1999-07-06,6.8125,892800
1999-07-07,6.625,703000
1999-07-08,6.4375,409600
1999-07-09,6.6875,599400
1999-07-12,6.46875,623800
1999-07-13,6.375,1282400
1999-07-14,6.25,675000
1999-07-15,6.03125,1651400
1999-07-16,6.0625,891400
1999-07-19,5.84375,801600
1999-07-20,5.71875,595600
1999-07-21,6.03125,816200
1999-07-22,5.875,741000
1999-07-23,5.59375,966800
1999-07-26,4.96875,2331200
1999-07-27,4.96875,2308800
1999-07-28,4.96875,1123600
1999-07-29,4.75,1059200
1999-07-30,4.75,819200
1999-08-02,4.75,444600
1999-08-03,4.90625,381200
1999-08-04,4.78125,187000
1999-08-05,4.71875,1065800
1999-08-06,4.65625,363200
1999-08-09,4.46875,717000
1999-08-10,4.15625,1502400
1999-08-11,4.03125,1121400
1999-08-12,4.15625,515000
1999-08-13,4.0625,1135800
1999-08-16,4.03125,722600
1999-08-17,3.9375,362400
1999-08-18,3.8125,409600
1999-08-19,4.1875,1378800
1999-08-20,4.125,1400000
1999-08-23,4.15625,1299000
1999-08-24,4.15625,1652600
1999-08-25,4.34375,588200
1999-08-26,4.0625,841800
1999-08-27,4.03125,748400
1999-08-30,3.84375,1114000
1999-08-31,3.84375,556200
1999-09-01,3.78125,546400
1999-09-02,3.6875,404400
1999-09-03,3.71875,455000
1999-09-07,3.46875,2185000
1999-09-08,3.09375,4596000
1999-09-09,3.4375,4090000
1999-09-10,3.8125,3166600
1999-09-13,3.8125,2050200
1999-09-14,3.78125,564200
1999-09-15,3.71875,946600
1999-09-16,3.71875,908000
1999-09-17,3.71875,297000
1999-09-20,3.53125,756200
1999-09-21,3.53125,370400
1999-09-22,3.53125,572600
1999-09-23,3.4375,2982200
1999-09-24,3.21875,2284600
1999-09-27,3.1875,879800
1999-09-28,3.21875,1508000
1999-09-29,3.34375,816800
1999-09-30,3.46875,1814600
1999-10-01,3.71875,1382000
1999-10-04,3.84375,908000
1999-10-05,3.75,845000
1999-10-06,4.09375,2267800
1999-10-07,3.9375,620600
1999-10-08,3.875,300600
1999-10-11,3.875,793400
1999-10-12,3.71875,512600
1999-10-13,3.625,477400
1999-10-14,3.6875,679800
1999-10-15,3.59375,397600
1999-10-18,3.71875,1914000
1999-10-19,4.375,3914400
1999-10-20,4.0,1685600
1999-10-21,4.6875,7200600
1999-10-22,4.65625,4197600
1999-10-25,4.625,1253200
1999-10-26,4.78125,1874000
1999-10-27,4.53125,1126400
1999-10-28,4.5625,873200
1999-10-29,4.59375,1032200
1999-11-01,4.6875,538800
1999-11-02,4.8125,815800
1999-11-03,4.78125,821800
1999-11-04,4.9375,1042000
1999-11-05,4.875,1062600
1999-11-08,4.90625,621400
1999-11-09,4.84375,749000
1999-11-10,4.8125,485200
1999-11-11,4.75,1037800
1999-11-12,4.71875,381200
1999-11-15,4.75,358400
1999-11-16,4.71875,484200
1999-11-17,4.4375,2519800
1999-11-18,4.4375,967400
1999-11-19,4.4375,400800
1999-11-22,4.40625,492200
1999-11-23,4.3125,514600
1999-11-24,4.1875,895800
1999-11-26,4.25,407400
1999-11-29,4.15625,457600
1999-11-30,4.21875,749400
1999-12-01,4.40625,1171000
1999-12-02,4.4375,634200
1999-12-03,4.6875,1124000
1999-12-06,4.8125,829200
1999-12-07,4.625,944400
1999-12-08,4.65625,569200
1999-12-09,4.78125,947800
1999-12-10,4.84375,388200
1999-12-13,4.78125,346200
1999-12-14,5.34375,2556400
1999-12-15,5.5,1462400
1999-12-16,5.3125,831800
1999-12-17,5.15625,332200
1999-12-20,5.34375,355800
1999-12-21,5.46875,963400
1999-12-22,5.375,545200
1999-12-23,5.46875,302600
1999-12-27,5.5,572200
1999-12-28,5.4375,571800
1999-12-29,5.40625,480200
1999-12-30,5.34375,376600
1999-12-31,5.5,392000
2000-01-03,5.9375,1605400
2000-01-04,5.84375,1431200
2000-01-05,5.75,871200
2000-01-06,5.65625,783400
2000-01-07,5.875,1040800
2000-01-10,6.0,895000
2000-01-11,5.875,885400
2000-01-12,5.875,194000
2000-01-13,5.9375,499400
2000-01-14,6.0,617400
2000-01-18,5.8125,754200
2000-01-19,5.375,937000
2000-01-20,5.40625,689200
2000-01-21,5.34375,275600
2000-01-24,5.125,806400
2000-01-25,5.09375,727600
2000-01-26,5.15625,181000
2000-01-27,5.25,363800
2000-01-28,5.03125,408400
2000-01-31,5.0,1624000
2000-02-01,4.875,433800
2000-02-02,4.59375,1699400
2000-02-03,4.6875,1120800
2000-02-04,5.0,933200
2000-02-07,5.1875,905200
2000-02-08,5.21875,422000
2000-02-09,5.4375,1481200
2000-02-10,5.4375,834000
2000-02-11,5.21875,728200
2000-02-14,5.25,1154400
2000-02-15,5.21875,555400
2000-02-16,5.0625,362200
2000-02-17,4.96875,605000
2000-02-18,5.125,813000
2000-02-22,4.875,879000
2000-02-23,4.9375,374400
2000-02-24,4.65625,819400
2000-02-25,4.78125,715400
2000-02-28,4.875,353000
2000-02-29,4.84375,272200
2000-03-01,4.8125,319800
2000-03-02,4.59375,1209800
2000-03-03,4.71875,616400
2000-03-06,4.5625,880400
2000-03-07,4.53125,407600
2000-03-08,4.65625,559800
2000-03-09,5.03125,712600
2000-03-10,4.96875,293600
2000-03-13,4.84375,645600
2000-03-14,4.875,307600
2000-03-15,4.84375,208200
2000-03-16,4.9375,420000
2000-03-17,4.90625,357400
2000-03-20,4.8125,274200
2000-03-21,4.875,343800
2000-03-22,4.875,254200
2000-03-23,4.875,167000
2000-03-24,4.875,110600
2000-03-27,4.875,277000
2000-03-28,4.6875,310800
2000-03-29,4.8125,381800
2000-03-30,4.625,614400
2000-03-31,4.75,490200
2000-04-03,4.5,363200
2000-04-04,4.40625,433400
2000-04-05,4.4375,229400
2000-04-06,4.53125,659200
2000-04-07,4.78125,478400
2000-04-10,4.84375,393800
2000-04-11,4.71875,455000
2000-04-12,4.625,406200
2000-04-13,4.65625,418800
2000-04-14,4.40625,483200
2000-04-17,4.3125,797800
2000-04-18,4.375,276400
2000-04-19,4.40625,155400
2000-04-20,4.40625,246000
2000-04-24,4.28125,227600
2000-04-25,4.375,180000
2000-04-26,4.28125,222000
2000-04-27,4.25,162400
2000-04-28,4.3125,151800
2000-05-01,4.34375,139800
2000-05-02,4.1875,81400
2000-05-03,4.1875,279000
2000-05-04,4.1875,260400
2000-05-05,4.25,327400
2000-05-08,4.34375,274600
2000-05-09,4.1875,332200
2000-05-10,4.0625,225400
2000-05-11,3.90625,642400
2000-05-12,3.875,340200
2000-05-15,3.59375,908400
2000-05-16,3.625,844200
2000-05-17,3.71875,771000
2000-05-18,3.65625,147600
2000-05-19,3.5,486200
2000-05-22,3.53125,553200
2000-05-23,3.5625,127600
2000-05-24,3.5625,145800
2000-05-25,3.53125,56600
2000-05-26,3.5,77600
2000-05-30,3.5,466400
2000-05-31,3.375,368600
2000-06-01,3.46875,260400
2000-06-02,3.375,913200
2000-06-05,3.3125,532600
2000-06-06,3.21875,447000
2000-06-07,3.4375,729600
2000-06-08,3.5625,555200
2000-06-09,3.65625,504800
2000-06-12,3.4375,551200
2000-06-13,3.375,347200
2000-06-14,3.46875,274600
2000-06-15,3.46875,200200
2000-06-16,3.625,365200
2000-06-19,3.625,229400
2000-06-20,3.5625,251800
2000-06-21,3.59375,124600
2000-06-22,3.53125,223400
2000-06-23,3.53125,107400
2000-06-26,3.5625,148600
2000-06-27,3.4375,98000
2000-06-28,3.4375,298800
2000-06-29,3.4375,97000
2000-06-30,3.46875,163200
2000-07-03,3.4375,87000
2000-07-05,3.375,181200
2000-07-06,3.4375,268600
2000-07-07,3.5625,487200
2000-07-10,3.46875,68200
2000-07-11,3.40625,259000
2000-07-12,3.375,292600
2000-07-13,3.3125,591800
2000-07-14,3.40625,513600
2000-07-17,3.34375,175200
2000-07-18,3.4375,289200
2000-07-19,3.59375,286800
2000-07-20,3.6875,1343600
2000-07-21,3.5625,224200
2000-07-24,3.5625,338000
2000-07-25,3.40625,427200
2000-07-26,3.34375,428000
2000-07-27,3.3125,327600
2000-07-28,3.4375,235200
2000-07-31,3.53125,161800
2000-08-01,3.46875,1582200
2000-08-02,3.5,430200
2000-08-03,3.5625,388200
2000-08-04,3.5625,222600
2000-08-07,3.625,242000
2000-08-08,3.53125,495000
2000-08-09,3.53125,97200
2000-08-10,3.78125,842800
2000-08-11,4.0,1150400
2000-08-14,3.875,172200
2000-08-15,3.78125,530200
2000-08-16,3.75,339800
2000-08-17,3.75,99800
2000-08-18,3.71875,217000
2000-08-21,3.75,230800
2000-08-22,3.8125,233800
2000-08-23,3.6875,145800
2000-08-24,3.5625,487200
2000-08-25,3.65625,81800
2000-08-28,3.65625,270800
2000-08-29,3.59375,167200
2000-08-30,3.5625,176200
2000-08-31,3.5625,182800
2000-09-01,3.5,349000
2000-09-05,3.6875,317400
2000-09-06,3.59375,192000
2000-09-07,3.5625,115600
2000-09-08,3.46875,346600
2000-09-11,3.40625,290800
2000-09-12,3.3125,212200
2000-09-13,3.15625,502200
2000-09-14,3.28125,382000
2000-09-15,3.15625,387200
2000-09-18,2.9375,758800
2000-09-19,3.125,464600
2000-09-20,3.21875,263000
2000-09-21,3.15625,408800
2000-09-22,3.09375,187200
2000-09-25,3.125,195400
2000-09-26,3.0625,203200
2000-09-27,3.03125,100200
2000-09-28,3.125,375400
2000-09-29,3.125,117200
2000-10-02,3.125,445600
2000-10-03,3.09375,151200
2000-10-04,3.15625,211200
2000-10-05,3.15625,212200
2000-10-06,3.0,223000
2000-10-09,2.9375,126200
2000-10-10,2.8125,390600
2000-10-11,2.8125,668000
2000-10-12,2.75,521800
2000-10-13,2.84375,244200
2000-10-16,2.75,173400
2000-10-17,2.78125,474800
2000-10-18,2.71875,371600
2000-10-19,2.875,476400
2000-10-20,2.875,704800
2000-10-23,2.78125,253800
2000-10-24,2.8125,150600
2000-10-25,2.78125,207400
2000-10-26,2.78125,383000
2000-10-27,2.71875,334200
2000-10-30,2.46875,527400
2000-10-31,2.625,150800
2000-11-01,2.5625,86600
2000-11-02,2.6875,250200
2000-11-03,2.59375,319600
2000-11-06,2.71875,274000
2000-11-07,2.6875,136800
2000-11-08,2.8125,307400
2000-11-09,2.6875,72600
2000-11-10,2.71875,135800
2000-11-13,2.6875,131600
2000-11-14,2.59375,635200
2000-11-15,2.5625,518000
2000-11-16,2.5,217000
2000-11-17,2.53125,175800
2000-11-20,2.625,281000
2000-11-21,2.5625,148600
2000-11-22,2.53125,127200
2000-11-24,2.625,118800
2000-11-27,2.5625,335600
2000-11-28,2.5,122000
2000-11-29,2.5,79200
2000-11-30,2.4375,325000
2000-12-01,2.5,198200
2000-12-04,2.4375,237000
2000-12-05,2.625,448400
2000-12-06,2.53125,207000
2000-12-07,2.46875,134000
2000-12-08,2.5625,192000
2000-12-11,2.5,385400
2000-12-12,2.40625,184000
2000-12-13,2.375,165400
2000-12-14,2.375,279400
2000-12-15,2.3125,304200
2000-12-18,2.28125,290000
2000-12-19,2.28125,153600
2000-12-20,2.25,271600
2000-12-21,2.125,477800
2000-12-22,2.1875,297800
2000-12-26,2.15625,397200
2000-12-27,2.0625,438400
2000-12-28,2.125,462600
2000-12-29,2.0625,611000
2001-01-02,2.09375,119600
2001-01-03,2.0,690400
2001-01-04,2.1875,999600
2001-01-05,2.3125,551200
2001-01-08,2.3125,718800
2001-01-09,2.34375,1870400
2001-01-10,2.375,357400
2001-01-11,2.34375,442000
2001-01-12,2.34375,1225800
2001-01-16,2.5,651400
2001-01-17,2.65625,1430800
2001-01-18,2.625,660400
2001-01-19,2.71875,869600
2001-01-22,2.5625,283800
2001-01-23,2.625,167200
2001-01-24,2.59375,253200
2001-01-25,2.59375,207000
2001-01-26,2.5625,231000
2001-01-29,2.549999952316284,305000
2001-01-30,2.559999942779541,435400
2001-01-31,2.7950000762939453,1234000
2001-02-01,2.805000066757202,1987600
2001-02-02,3.325000047683716,3753800
2001-02-05,3.0999999046325684,1118400
2001-02-06,2.9749999046325684,637600
2001-02-07,3.0,697400
2001-02-08,2.9749999046325684,267800
2001-02-09,2.884999990463257,584200
2001-02-12,2.890000104904175,210600
2001-02-13,2.799999952316284,253200
2001-02-14,2.7950000762939453,208000
2001-02-15,3.115000009536743,905200
2001-02-16,3.049999952316284,432800
2001-02-20,3.1649999618530273,479600
2001-02-21,3.299999952316284,1158600
2001-02-22,3.180000066757202,220000
2001-02-23,3.1600000858306885,291000
2001-02-26,3.005000114440918,885400
2001-02-27,2.9749999046325684,142200
2001-02-28,2.9049999713897705,571800
2001-03-01,2.9000000953674316,464800
2001-03-02,2.884999990463257,170400
2001-03-05,2.869999885559082,272800
2001-03-06,2.990000009536743,73400
2001-03-07,3.005000114440918,1053000
2001-03-08,2.950000047683716,119000
2001-03-09,2.744999885559082,331200
2001-03-12,2.4000000953674316,1370800
2001-03-13,2.444999933242798,249000
2001-03-14,2.430000066757202,287800
2001-03-15,2.5250000953674316,541800
2001-03-16,2.3499999046325684,412800
2001-03-19,2.2249999046325684,417400
2001-03-20,2.115000009536743,768600
2001-03-21,2.1700000762939453,650000
2001-03-22,2.1500000953674316,527600
2001-03-23,2.140000104904175,453000
2001-03-26,2.174999952316284,302800
2001-03-27,2.1700000762939453,399400
2001-03-28,2.190000057220459,587800
2001-03-29,2.2899999618530273,1484800
2001-03-30,2.325000047683716,736000
2001-04-02,2.2049999237060547,134600
2001-04-03,2.1449999809265137,272000
2001-04-04,2.0899999141693115,242200
2001-04-05,2.194999933242798,207000
2001-04-06,2.109999895095825,358800
2001-04-09,2.0950000286102295,62200
2001-04-10,2.2200000286102295,264000
2001-04-11,2.2249999046325684,147200
2001-04-12,2.200000047683716,11600
2001-04-16,2.1500000953674316,70000
2001-04-17,2.1449999809265137,108600
2001-04-18,2.25,236400
2001-04-19,2.0899999141693115,500200
2001-04-20,2.0399999618530273,1044600
2001-04-23,1.9299999475479126,656200
2001-04-24,1.9450000524520874,213600
2001-04-25,1.9900000095367432,261600
2001-04-26,1.8250000476837158,625200
2001-04-27,1.9299999475479126,351200
2001-04-30,2.0350000858306885,598400
2001-05-01,2.1500000953674316,1007200
2001-05-02,2.2149999141693115,891000
2001-05-03,2.25,692600
2001-05-04,2.2300000190734863,267800
2001-05-07,2.234999895095825,244000
2001-05-08,2.2300000190734863,163600
2001-05-09,2.2100000381469727,259200
2001-05-10,2.2249999046325684,334600
2001-05-11,2.244999885559082,316200
2001-05-14,2.2149999141693115,294800
2001-05-15,2.200000047683716,198000
2001-05-16,2.2750000953674316,161200
2001-05-17,2.2850000858306885,72000
2001-05-18,2.25,289200
2001-05-21,2.3350000381469727,389800
2001-05-22,2.2750000953674316,107000
2001-05-23,2.244999885559082,113200
2001-05-24,2.2750000953674316,212800
2001-05-25,2.700000047683716,1994400
2001-05-29,2.734999895095825,753000
2001-05-30,2.6549999713897705,604800
2001-05-31,2.7049999237060547,166000
2001-06-01,2.6449999809265137,199800
2001-06-04,2.630000114440918,168600
2001-06-05,2.5999999046325684,97800
2001-06-06,2.555000066757202,207200
2001-06-07,2.559999942779541,87400
2001-06-08,2.5450000762939453,128200
2001-06-11,2.640000104904175,216200
2001-06-12,2.700000047683716,93800
2001-06-13,2.634999990463257,366400
2001-06-14,2.5999999046325684,494000
2001-06-15,2.5799999237060547,68800
2001-06-18,2.630000114440918,185400
2001-06-19,2.630000114440918,126200
2001-06-20,2.684999942779541,129000
2001-06-21,2.7249999046325684,295800
2001-06-22,2.799999952316284,304000
2001-06-25,2.744999885559082,60200
2001-06-26,2.6600000858306885,492000
2001-06-27,2.7300000190734863,477400
2001-06-28,2.684999942779541,120200
2001-06-29,2.7850000858306885,182200
2001-07-02,2.8450000286102295,143200
2001-07-03,2.75,79600
2001-07-05,2.815000057220459,147000
2001-07-06,2.815000057220459,118600
2001-07-09,2.7750000953674316,57600
2001-07-10,2.7899999618530273,60800
2001-07-11,2.7699999809265137,322600
2001-07-12,2.7799999713897705,83000
2001-07-13,2.880000114440918,481800
2001-07-16,2.819999933242798,270600
2001-07-17,2.819999933242798,128000
2001-07-18,2.890000104904175,214800
2001-07-19,2.9600000381469727,302800
2001-07-20,2.940000057220459,276400
2001-07-23,3.1549999713897705,1669000
2001-07-24,3.0,1720200
2001-07-25,2.950000047683716,821600
2001-07-26,2.924999952316284,262600
2001-07-27,3.0450000762939453,345400
2001-07-30,3.005000114440918,587800
2001-07-31,3.049999952316284,471800
2001-08-01,2.9749999046325684,79400
2001-08-02,2.9149999618530273,152200
2001-08-03,2.9749999046325684,136400
2001-08-06,2.890000104904175,267800
2001-08-07,2.8499999046325684,1290000
2001-08-08,3.0,1522000
2001-08-09,3.0250000953674316,745800
2001-08-10,3.069999933242798,339400
2001-08-13,3.3499999046325684,1308200
2001-08-14,3.365000009536743,1544400
2001-08-15,3.259999990463257,154600
2001-08-16,3.2699999809265137,371000
2001-08-17,3.240000009536743,558400
2001-08-20,3.315000057220459,1056600
2001-08-21,3.5,638200
2001-08-22,3.5299999713897705,191400
2001-08-23,3.450000047683716,181000
2001-08-24,3.490000009536743,810800
2001-08-27,3.490000009536743,587200
2001-08-28,3.3450000286102295,109200
2001-08-29,3.25,131400
2001-08-30,3.2750000953674316,239400
2001-08-31,3.2850000858306885,223800
2001-09-04,3.4200000762939453,255600
2001-09-05,3.4000000953674316,237000
2001-09-06,3.4749999046325684,545600
2001-09-07,3.3949999809265137,235000
2001-09-10,3.4149999618530273,247800
2001-09-17,3.0250000953674316,446000
2001-09-18,2.990000009536743,226400
2001-09-19,3.0399999618530273,933800
2001-09-20,3.0350000858306885,822000
2001-09-21,3.0250000953674316,676400
2001-09-24,3.125,426600
2001-09-25,3.0899999141693115,154400
2001-09-26,2.9000000953674316,406000
2001-09-27,2.7950000762939453,279600
2001-09-28,2.7950000762939453,328400
2001-10-01,2.674999952316284,645200
2001-10-02,2.5250000953674316,423800
2001-10-03,2.5250000953674316,355600
2001-10-04,2.6500000953674316,410800
2001-10-05,2.609999895095825,341600
2001-10-08,2.325000047683716,988800
2001-10-09,2.424999952316284,368400
2001-10-10,2.5250000953674316,165400
2001-10-11,2.625,231200
2001-10-12,2.690000057220459,461600
2001-10-15,2.734999895095825,526600
2001-10-16,2.799999952316284,482800
2001-10-17,2.809999942779541,684000
2001-10-18,2.809999942779541,198800
2001-10-19,2.7750000953674316,145000
2001-10-22,2.875,139400
2001-10-23,2.869999885559082,48000
2001-10-24,2.7699999809265137,100200
2001-10-25,2.7699999809265137,184800
2001-10-26,2.684999942779541,197600
2001-10-29,2.630000114440918,197600
2001-10-30,2.549999952316284,140200
2001-10-31,2.5999999046325684,290000
2001-11-01,2.619999885559082,275400
2001-11-02,2.5950000286102295,96000
2001-11-05,2.509999990463257,355000
2001-11-06,2.509999990463257,79000
2001-11-07,2.575000047683716,132200
2001-11-08,2.809999942779541,548600
2001-11-09,2.7249999046325684,230800
2001-11-12,2.640000104904175,82600
2001-11-13,2.690000057220459,127000
2001-11-14,2.7300000190734863,132600
2001-11-15,2.7750000953674316,313400
2001-11-16,2.700000047683716,84200
2001-11-19,2.700000047683716,95000
2001-11-20,2.6500000953674316,43200
2001-11-21,2.5999999046325684,62600
2001-11-23,2.5950000286102295,36600
2001-11-26,2.6449999809265137,61200
2001-11-27,2.690000057220459,88600
2001-11-28,2.7100000381469727,174800
2001-11-29,2.684999942779541,113200
2001-11-30,2.6649999618530273,191400
2001-12-03,2.6449999809265137,133800
2001-12-04,2.6500000953674316,272000
2001-12-05,2.700000047683716,388000
2001-12-06,2.700000047683716,375200
2001-12-07,2.7850000858306885,593000
2001-12-10,2.569999933242798,486000
2001-12-11,2.625,445800
2001-12-12,2.694999933242798,156200
2001-12-13,2.7249999046325684,348800
2001-12-14,2.859999895095825,360600
2001-12-17,2.825000047683716,211600
2001-12-18,2.819999933242798,147000
2001-12-19,2.880000114440918,537600
2001-12-20,2.75,178400
2001-12-21,2.809999942779541,44200
2001-12-24,2.7750000953674316,21400
2001-12-26,2.7049999237060547,89000
2001-12-27,2.7100000381469727,52000
2001-12-28,2.8499999046325684,231800
2001-12-31,2.9000000953674316,190400
2002-01-02,2.8450000286102295,68000
2002-01-03,2.809999942779541,154200
2002-01-04,2.8450000286102295,588600
2002-01-07,2.8399999141693115,116200
2002-01-08,2.7799999713897705,85600
2002-01-09,2.8450000286102295,125600
2002-01-10,2.994999885559082,347000
2002-01-11,3.1500000953674316,379000
2002-01-14,3.200000047683716,392000
2002-01-15,3.2750000953674316,184400
2002-01-16,3.2249999046325684,394800
2002-01-17,3.1500000953674316,618200
2002-01-18,3.075000047683716,194400
2002-01-22,3.240000009536743,121200
2002-01-23,3.325000047683716,166800
2002-01-24,3.4749999046325684,500000
2002-01-25,3.4049999713897705,458600
2002-01-28,3.359999895095825,98600
2002-01-29,3.4000000953674316,172200
2002-01-30,3.4749999046325684,204400
2002-01-31,3.5950000286102295,185600
2002-02-01,3.555000066757202,299600
2002-02-04,3.509999990463257,422600
2002-02-05,3.5250000953674316,177400
2002-02-06,3.515000104904175,804600
2002-02-07,3.259999990463257,558200
2002-02-08,3.375,135000
2002-02-11,3.4000000953674316,89600
2002-02-12,3.375,85600
2002-02-13,3.450000047683716,88400
2002-02-14,3.359999895095825,193400
2002-02-15,3.4749999046325684,202200
2002-02-19,3.549999952316284,976600
2002-02-20,3.5799999237060547,349000
2002-02-21,3.5399999618530273,99200
2002-02-22,3.549999952316284,287400
2002-02-25,3.484999895095825,250600
2002-02-26,3.4049999713897705,229000
2002-02-27,3.5450000762939453,173600
2002-02-28,3.5,143200
2002-03-01,3.5450000762939453,152400
2002-03-04,3.619999885559082,228600
2002-03-05,3.7049999237060547,259600
2002-03-06,4.159999847412109,1564800
2002-03-07,3.9100000858306885,503400
2002-03-08,3.9000000953674316,169400
2002-03-11,3.984999895095825,191800
2002-03-12,3.940000057220459,73200
2002-03-13,3.875,310400
2002-03-14,3.869999885559082,53000
2002-03-15,3.9000000953674316,37000
2002-03-18,3.9000000953674316,70200
2002-03-19,3.875,92200
2002-03-20,3.924999952316284,170200
2002-03-21,4.03000020980835,161000
2002-03-22,4.159999847412109,478400
2002-03-25,4.074999809265137,71200
2002-03-26,4.289999961853027,717400
2002-03-27,4.300000190734863,183800
2002-03-28,4.175000190734863,335800
2002-04-01,4.304999828338623,156600
2002-04-02,4.349999904632568,1106800
2002-04-03,4.445000171661377,319800
2002-04-04,4.664999961853027,965600
2002-04-05,4.755000114440918,1572800
2002-04-08,4.690000057220459,707800
2002-04-09,4.699999809265137,485200
2002-04-10,4.795000076293945,582600
2002-04-11,4.554999828338623,319000
2002-04-12,4.744999885559082,200600
2002-04-15,4.809999942779541,534000
2002-04-16,4.815000057220459,652000
2002-04-17,4.590000152587891,746400
2002-04-18,4.574999809265137,474800
2002-04-19,4.545000076293945,631400
2002-04-22,4.385000228881836,708600
2002-04-23,4.5,298200
2002-04-24,4.574999809265137,125400
2002-04-25,4.525000095367432,232800
2002-04-26,4.510000228881836,126600
2002-04-29,4.335000038146973,615200
2002-04-30,4.460000038146973,259600
2002-05-01,4.630000114440918,254200
2002-05-02,4.525000095367432,540600
2002-05-03,4.550000190734863,170000
2002-05-06,4.510000228881836,306200
2002-05-07,4.534999847412109,199600
2002-05-08,4.635000228881836,263000
2002-05-09,4.619999885559082,134000
2002-05-10,4.570000171661377,132200
2002-05-13,4.525000095367432,121400
2002-05-14,4.599999904632568,98200
2002-05-15,4.389999866485596,328600
2002-05-16,4.380000114440918,139600
2002-05-17,4.400000095367432,58800
2002-05-20,4.414999961853027,189600
2002-05-21,4.385000228881836,143600
2002-05-22,4.199999809265137,241600
2002-05-23,4.269999980926514,79800
2002-05-24,4.230000019073486,80800
2002-05-28,4.380000114440918,199200
2002-05-29,4.454999923706055,270800
2002-05-30,4.5,55200
2002-05-31,4.590000152587891,253800
2002-06-03,4.574999809265137,167800
2002-06-04,4.480000019073486,122200
2002-06-05,4.5,201200
2002-06-06,4.434999942779541,143200
2002-06-07,4.425000190734863,178600
2002-06-10,4.474999904632568,75600
2002-06-11,4.474999904632568,302400
2002-06-12,4.505000114440918,177800
2002-06-13,4.625,468200
2002-06-14,4.804999828338623,1827800
2002-06-17,4.885000228881836,494000
2002-06-18,4.849999904632568,389000
2002-06-19,4.789999961853027,321600
2002-06-20,4.849999904632568,446000
2002-06-21,4.75,170600
2002-06-24,4.545000076293945,1008800
2002-06-25,4.340000152587891,358200
2002-06-26,4.289999961853027,509000
2002-06-27,4.360000133514404,651800
2002-06-28,4.400000095367432,255600
2002-07-01,4.190000057220459,500400
2002-07-02,3.875,981800
2002-07-03,3.924999952316284,185000
2002-07-05,4.164999961853027,278800
2002-07-08,4.019999980926514,358000
2002-07-09,4.119999885559082,255400
2002-07-10,4.025000095367432,78200
2002-07-11,3.950000047683716,204400
2002-07-12,4.054999828338623,159400
2002-07-15,4.119999885559082,416000
2002-07-16,4.03000020980835,677400
2002-07-17,4.099999904632568,369800
2002-07-18,4.275000095367432,497200
2002-07-19,4.260000228881836,152600
2002-07-22,4.150000095367432,274000
2002-07-23,4.114999771118164,151600
2002-07-24,4.025000095367432,736200
2002-07-25,3.7249999046325684,518400
2002-07-26,3.575000047683716,197800
2002-07-29,3.9149999618530273,79400
2002-07-30,4.0,433000
2002-07-31,4.010000228881836,566800
2002-08-01,3.9600000381469727,336800
2002-08-02,3.884999990463257,351800
2002-08-05,3.875,143200
2002-08-06,4.03000020980835,349000
2002-08-07,4.079999923706055,554800
2002-08-08,4.175000190734863,157200
2002-08-09,4.175000190734863,179200
2002-08-12,4.125,76200
2002-08-13,4.144999980926514,74800
2002-08-14,4.050000190734863,156800
2002-08-15,4.065000057220459,76800
2002-08-16,4.09499979019165,269000
2002-08-19,4.175000190734863,232400
2002-08-20,4.159999847412109,190600
2002-08-21,4.349999904632568,344200
2002-08-22,4.300000190734863,248200
2002-08-23,4.284999847412109,75600
2002-08-26,4.25,108000
2002-08-27,4.199999809265137,136000
2002-08-28,4.125,68400
2002-08-29,4.025000095367432,200200
2002-08-30,3.950000047683716,600000
2002-09-03,3.7200000286102295,547200
2002-09-04,3.625,267800
2002-09-05,3.744999885559082,209600
2002-09-06,3.8499999046325684,53000
2002-09-09,3.934999942779541,123400
2002-09-10,3.990000009536743,133800
2002-09-11,4.019999980926514,37400
2002-09-12,3.890000104904175,78800
2002-09-13,3.7149999141693115,168200
2002-09-16,3.7899999618530273,171000
2002-09-17,3.815000057220459,51200
2002-09-18,3.7149999141693115,164200
2002-09-19,3.5,214200
2002-09-20,3.6549999713897705,230800
2002-09-23,3.6050000190734863,258800
2002-09-24,3.619999885559082,157000
2002-09-25,3.700000047683716,74600
2002-09-26,3.7300000190734863,387800
2002-09-27,3.6500000953674316,179400
2002-09-30,3.7149999141693115,473400
2002-10-01,3.875,150200
2002-10-02,3.6500000953674316,96600
2002-10-03,3.625,110400
2002-10-04,3.5899999141693115,199600
2002-10-07,3.575000047683716,233200
2002-10-08,3.625,181200
2002-10-09,3.5,145800
2002-10-10,3.5450000762939453,139800
2002-10-11,3.505000114440918,834000
2002-10-14,2.809999942779541,1855200
2002-10-15,2.990000009536743,2017200
2002-10-16,2.9600000381469727,625000
2002-10-17,3.115000009536743,726800
2002-10-18,3.0399999618530273,943000
2002-10-21,3.109999895095825,566200
2002-10-22,2.9749999046325684,892600
2002-10-23,2.930000066757202,269000
2002-10-24,2.950000047683716,215400
2002-10-25,2.869999885559082,378000
2002-10-28,2.950000047683716,581400
2002-10-29,2.984999895095825,563200
2002-10-30,3.25,276600
2002-10-31,3.3350000381469727,403800
2002-11-01,3.4000000953674316,177200
2002-11-04,3.4749999046325684,164600
2002-11-05,3.315000057220459,336600
2002-11-06,3.299999952316284,226400
2002-11-07,3.25,140000
2002-11-08,3.299999952316284,88200
2002-11-11,3.299999952316284,166200
2002-11-12,3.515000104904175,517400
2002-11-13,3.490000009536743,84400
2002-11-14,3.7249999046325684,470800
2002-11-15,3.6500000953674316,206000
2002-11-18,3.630000114440918,182400
2002-11-19,3.625,258200
2002-11-20,3.700000047683716,100400
2002-11-21,3.765000104904175,265000
2002-11-22,3.755000114440918,150200
2002-11-25,3.7300000190734863,87200
2002-11-26,3.7100000381469727,38800
2002-11-27,3.7850000858306885,121400
2002-11-29,3.8399999141693115,240600
2002-12-02,3.8350000381469727,270800
2002-12-03,3.950000047683716,267400
2002-12-04,3.990000009536743,88800
2002-12-05,3.9749999046325684,52800
2002-12-06,3.950000047683716,122800
2002-12-09,3.875,307600
2002-12-10,4.050000190734863,430400
2002-12-11,3.990000009536743,302200
2002-12-12,4.0,768600
2002-12-13,4.0,524600
2002-12-16,4.224999904632568,487600
2002-12-17,4.210000038146973,255800
2002-12-18,4.184999942779541,92000
2002-12-19,4.269999980926514,198200
2002-12-20,4.465000152587891,292200
2002-12-23,4.284999847412109,174600
2002-12-24,4.360000133514404,54800
2002-12-26,4.340000152587891,68000
2002-12-27,4.210000038146973,97000
2002-12-30,4.179999828338623,29600
2002-12-31,4.244999885559082,61200
2003-01-02,4.175000190734863,204800
2003-01-03,4.204999923706055,159000
2003-01-06,4.105000019073486,675800
2003-01-07,3.9700000286102295,635400
2003-01-08,4.0,568600
2003-01-09,4.110000133514404,658000
2003-01-10,4.114999771118164,476400
2003-01-13,4.135000228881836,341400
2003-01-14,4.199999809265137,94200
2003-01-15,4.110000133514404,294000
2003-01-16,3.8550000190734863,1296800
2003-01-17,3.924999952316284,280600
2003-01-21,3.950000047683716,239400
2003-01-22,3.924999952316284,383800
2003-01-23,3.9649999141693115,311200
2003-01-24,3.875,258000
2003-01-27,3.859999895095825,764200
2003-01-28,3.950000047683716,473200
2003-01-29,3.890000104904175,297000
2003-01-30,3.890000104904175,457200
2003-01-31,3.9000000953674316,367000
2003-02-03,3.8550000190734863,154400
2003-02-04,3.7799999713897705,851000
2003-02-05,3.755000114440918,438400
2003-02-06,3.75,310600
2003-02-07,3.799999952316284,221000
2003-02-10,3.890000104904175,329200
2003-02-11,3.809999942779541,95200
2003-02-12,3.799999952316284,85800
2003-02-13,3.8450000286102295,317400
2003-02-14,3.994999885559082,168000
2003-02-18,4.005000114440918,115400
2003-02-19,3.9800000190734863,258600
2003-02-20,4.034999847412109,68200
2003-02-21,4.054999828338623,105400
2003-02-24,4.074999809265137,91600
2003-02-25,4.039999961853027,71200
2003-02-26,3.9800000190734863,22200
2003-02-27,4.034999847412109,677600
2003-02-28,4.0,98400
2003-03-03,3.994999885559082,167400
2003-03-04,3.9700000286102295,66400
2003-03-05,3.9100000858306885,186000
2003-03-06,3.8450000286102295,214200
2003-03-07,3.8450000286102295,140600
2003-03-10,3.6500000953674316,163400
2003-03-11,3.6549999713897705,145800
2003-03-12,3.809999942779541,170400
2003-03-13,3.950000047683716,226600
2003-03-14,3.8450000286102295,139200
2003-03-17,3.765000104904175,193000
2003-03-18,3.859999895095825,191800
2003-03-19,3.875,489800
2003-03-20,4.010000228881836,247000
2003-03-21,4.059999942779541,249600
2003-03-24,4.050000190734863,314000
2003-03-25,4.175000190734863,479200
2003-03-26,4.21999979019165,446400
2003-03-27,4.204999923706055,67600
2003-03-28,4.190000057220459,164600
2003-03-31,4.070000171661377,190200
2003-04-01,4.090000152587891,225400
2003-04-02,4.195000171661377,137600
2003-04-03,4.110000133514404,74800
2003-04-04,4.15500020980835,118400
2003-04-07,4.420000076293945,555200
2003-04-08,4.489999771118164,715400
2003-04-09,4.644999980926514,567200
2003-04-10,4.699999809265137,223400
2003-04-11,4.710000038146973,114600
2003-04-14,4.695000171661377,157200
2003-04-15,4.800000190734863,801600
2003-04-16,4.739999771118164,374600
2003-04-17,4.675000190734863,513000
2003-04-21,4.704999923706055,313400
2003-04-22,4.644999980926514,100000
2003-04-23,4.599999904632568,350400
2003-04-24,4.485000133514404,190000
2003-04-25,4.289999961853027,327000
2003-04-28,4.454999923706055,195000
2003-04-29,4.570000171661377,95800
2003-04-30,4.630000114440918,190600
2003-05-01,4.675000190734863,147400
2003-05-02,4.75,173000
2003-05-05,4.929999828338623,280600
2003-05-06,4.90500020980835,116800
2003-05-07,5.0,565800
2003-05-08,4.960000038146973,314200
2003-05-09,5.039999961853027,563800
2003-05-12,5.159999847412109,521000
2003-05-13,5.085000038146973,221200
2003-05-14,5.0,272600
2003-05-15,5.074999809265137,154600
2003-05-16,5.045000076293945,193200
2003-05-19,4.824999809265137,291400
2003-05-20,5.079999923706055,265800
2003-05-21,5.199999809265137,170400
2003-05-22,5.130000114440918,432400
2003-05-23,5.21999979019165,322800
2003-05-27,5.460000038146973,400600
2003-05-28,5.625,584600
2003-05-29,5.679999828338623,311400
2003-05-30,5.675000190734863,439200
2003-06-02,6.045000076293945,744600
2003-06-03,5.65500020980835,621200
2003-06-04,5.650000095367432,285800
2003-06-05,5.550000190734863,550800
2003-06-06,5.599999904632568,262200
2003-06-09,5.699999809265137,422000
2003-06-10,5.639999866485596,675400
2003-06-11,5.650000095367432,106800
2003-06-12,5.324999809265137,1970600
2003-06-13,5.585000038146973,896600
2003-06-16,5.724999904632568,385600
2003-06-17,5.599999904632568,417400
2003-06-18,5.505000114440918,464000
2003-06-19,5.510000228881836,212800
2003-06-20,5.449999809265137,179000
2003-06-23,5.184999942779541,386000
2003-06-24,5.25,161000
2003-06-25,5.329999923706055,424000
2003-06-26,5.5,390800
2003-06-27,5.525000095367432,239000
2003-06-30,5.599999904632568,116800
2003-07-01,5.599999904632568,613600
2003-07-02,5.585000038146973,946600
2003-07-03,5.429999828338623,162400
2003-07-07,5.625,982200
2003-07-08,5.699999809265137,523400
2003-07-09,5.775000095367432,395200
2003-07-10,5.659999847412109,447800
2003-07-11,5.800000190734863,173800
2003-07-14,5.824999809265137,177000
2003-07-15,5.650000095367432,535400
2003-07-16,5.559999942779541,415600
2003-07-17,5.545000076293945,136200
2003-07-18,5.545000076293945,275200
2003-07-21,5.675000190734863,183600
2003-07-22,5.625,501400
2003-07-23,5.275000095367432,292400
2003-07-24,5.349999904632568,612800
2003-07-25,5.300000190734863,155200
2003-07-28,5.364999771118164,269000
2003-07-29,5.199999809265137,507400
2003-07-30,5.224999904632568,177400
2003-07-31,5.195000171661377,266800
2003-08-01,5.125,252000
2003-08-04,4.994999885559082,335400
2003-08-05,4.925000190734863,1586200
2003-08-06,5.050000190734863,349800
2003-08-07,5.139999866485596,375000
2003-08-08,4.989999771118164,388200
2003-08-11,4.994999885559082,208800
2003-08-12,5.025000095367432,201400
2003-08-13,5.099999904632568,273800
2003-08-14,5.150000095367432,667400
2003-08-15,5.34499979019165,916000
2003-08-18,5.429999828338623,340200
2003-08-19,5.460000038146973,515400
2003-08-20,5.445000171661377,386200
2003-08-21,5.53000020980835,233800
2003-08-22,5.525000095367432,431200
2003-08-25,5.485000133514404,119400
2003-08-26,5.449999809265137,199800
2003-08-27,5.489999771118164,126600
2003-08-28,5.525000095367432,216400
2003-08-29,5.599999904632568,223600
2003-09-02,5.684999942779541,611000
2003-09-03,5.860000133514404,791200
2003-09-04,6.085000038146973,649600
2003-09-05,6.385000228881836,1103800
2003-09-08,6.5,812800
2003-09-09,6.519999980926514,1179600
2003-09-10,6.150000095367432,842400
2003-09-11,5.960000038146973,890000
2003-09-12,5.994999885559082,582200
2003-09-15,6.159999847412109,319800
2003-09-16,6.260000228881836,722000
2003-09-17,6.269999980926514,282200
2003-09-18,6.260000228881836,232400
2003-09-19,6.300000190734863,280200
2003-09-22,6.230000019073486,266200
2003-09-23,6.505000114440918,866400
2003-09-24,6.864999771118164,1025800
2003-09-25,6.764999866485596,465800
2003-09-26,6.625,392000
2003-09-29,6.744999885559082,434000
2003-09-30,6.815000057220459,380200
2003-10-01,7.295000076293945,805400
2003-10-02,7.554999828338623,1121000
2003-10-03,7.565000057220459,564400
2003-10-06,7.510000228881836,776600
2003-10-07,7.349999904632568,784400
2003-10-08,7.369999885559082,645600
2003-10-09,7.525000095367432,536800
2003-10-10,7.664999961853027,471800
2003-10-13,7.449999809265137,555400
2003-10-14,7.385000228881836,495400
2003-10-15,7.300000190734863,313000
2003-10-16,7.25,616800
2003-10-17,7.375,529200
2003-10-20,7.375,286400
2003-10-21,7.425000190734863,292000
2003-10-22,7.324999809265137,231400
2003-10-23,7.199999809265137,631000
2003-10-24,7.175000190734863,467400
2003-10-27,7.304999828338623,602800
2003-10-28,7.324999809265137,507400
2003-10-29,7.34499979019165,931600
2003-10-30,7.215000152587891,712000
2003-10-31,7.099999904632568,630600
2003-11-03,7.074999809265137,1237000
2003-11-04,6.639999866485596,1314800
2003-11-05,7.199999809265137,1494200
2003-11-06,7.15500020980835,885600
2003-11-07,6.739999771118164,1589600
2003-11-10,6.565000057220459,982800
2003-11-11,6.650000095367432,881200
2003-11-12,7.050000190734863,629800
2003-11-13,6.835000038146973,323400
2003-11-14,6.699999809265137,284000
2003-11-17,6.974999904632568,304800
2003-11-18,6.954999923706055,229400
2003-11-19,6.815000057220459,502200
2003-11-20,6.900000095367432,155600
2003-11-21,7.079999923706055,377200
2003-11-24,7.025000095367432,293400
2003-11-25,7.039999961853027,287200
2003-11-26,7.09499979019165,330800
2003-11-28,7.260000228881836,334600
2003-12-01,7.264999866485596,447000
2003-12-02,7.239999771118164,162600
2003-12-03,7.320000171661377,136600
2003-12-04,7.300000190734863,92000
2003-12-05,7.159999847412109,141200
2003-12-08,6.949999809265137,559600
2003-12-09,6.820000171661377,740600
2003-12-10,6.925000190734863,592200
2003-12-11,7.284999847412109,409200
2003-12-12,7.400000095367432,302600
2003-12-15,7.394999980926514,660400
2003-12-16,7.340000152587891,364000
2003-12-17,7.599999904632568,482200
2003-12-18,7.704999923706055,362800
2003-12-19,7.650000095367432,217200
2003-12-22,7.695000171661377,327000
2003-12-23,7.699999809265137,157200
2003-12-24,7.65500020980835,52000
2003-12-26,7.630000114440918,44000
2003-12-29,8.135000228881836,534400
2003-12-30,8.149999618530273,425400
2003-12-31,8.210000038146973,319800
2004-01-02,8.5600004196167,422400
2004-01-05,9.225000381469727,712400
2004-01-06,9.255000114440918,616200
2004-01-07,8.8149995803833,500800
2004-01-08,9.225000381469727,609200
2004-01-09,9.175000190734863,343000
2004-01-12,8.885000228881836,473200
2004-01-13,8.960000038146973,288400
2004-01-14,9.0,126800
2004-01-15,8.914999961853027,307200
2004-01-16,9.069999694824219,157400
2004-01-20,9.604999542236328,636200
2004-01-21,9.725000381469727,703800
2004-01-22,9.524999618530273,261600
2004-01-23,9.484999656677246,239600
2004-01-26,9.454999923706055,175800
2004-01-27,9.369999885559082,539600
2004-01-28,9.010000228881836,366200
2004-01-29,8.989999771118164,673800
2004-01-30,8.904999732971191,321600
2004-02-02,8.930000305175781,397600
2004-02-03,8.725000381469727,405400
2004-02-04,8.595000267028809,536800
2004-02-05,8.5649995803833,327000
2004-02-06,8.694999694824219,240600
2004-02-09,9.015000343322754,272600
2004-02-10,9.104999542236328,675400
2004-02-11,9.199999809265137,239200
2004-02-12,9.130000114440918,506000
2004-02-13,8.96500015258789,145000
2004-02-17,9.015000343322754,331800
2004-02-18,9.095000267028809,110400
2004-02-19,9.125,155400
2004-02-20,9.069999694824219,121600
2004-02-23,8.984999656677246,124000
2004-02-24,8.78499984741211,211800
2004-02-25,8.854999542236328,98600
2004-02-26,8.774999618530273,461400
2004-02-27,8.609999656677246,378000
2004-03-01,8.850000381469727,243600
2004-03-02,8.805000305175781,118400
2004-03-03,8.6899995803833,235800
2004-03-04,8.625,254800
2004-03-05,8.649999618530273,277400
2004-03-08,8.095000267028809,780800
2004-03-09,8.244999885559082,319600
2004-03-10,8.175000190734863,189600
2004-03-11,7.724999904632568,843200
2004-03-12,7.985000133514404,594400
2004-03-15,7.565000057220459,377400
2004-03-16,7.664999961853027,314600
2004-03-17,8.154999732971191,276800
2004-03-18,8.145000457763672,218200
2004-03-19,8.039999961853027,285800
2004-03-22,7.675000190734863,282000
2004-03-23,7.849999904632568,472200
2004-03-24,7.864999771118164,279200
2004-03-25,8.175000190734863,810000
2004-03-26,7.744999885559082,340800
2004-03-29,7.875,695000
2004-03-30,8.175000190734863,501200
2004-03-31,8.425000190734863,791600
2004-04-01,8.619999885559082,865600
2004-04-02,8.770000457763672,298000
2004-04-05,8.854999542236328,394200
2004-04-06,9.175000190734863,805400
2004-04-07,9.324999809265137,1199600
2004-04-08,9.265000343322754,451000
2004-04-12,9.25,437800
2004-04-13,9.399999618530273,1036200
2004-04-14,9.345000267028809,296800
2004-04-15,9.239999771118164,163400
2004-04-16,9.475000381469727,225400
2004-04-19,9.40999984741211,218600
2004-04-20,9.800000190734863,463600
2004-04-21,9.664999961853027,181600
2004-04-22,9.645000457763672,290600
2004-04-23,9.824999809265137,242400
2004-04-26,9.954999923706055,333600
2004-04-27,9.850000381469727,262800
2004-04-28,9.579999923706055,445400
2004-04-29,9.25,830400
2004-04-30,9.050000190734863,612800
2004-05-03,9.199999809265137,776000
2004-05-04,9.574999809265137,435000
2004-05-05,9.180000305175781,888800
2004-05-06,8.625,740400
2004-05-07,8.324999809265137,931600
2004-05-10,7.784999847412109,1162800
2004-05-11,8.199999809265137,686000
2004-05-12,8.175000190734863,332400
2004-05-13,8.255000114440918,204800
2004-05-14,8.1850004196167,167400
2004-05-17,7.574999809265137,844600
2004-05-18,7.815000057220459,1047800
2004-05-19,8.600000381469727,1863400
2004-05-20,8.4350004196167,1082200
2004-05-21,8.475000381469727,427200
2004-05-24,8.430000305175781,401200
2004-05-25,8.180000305175781,1161600
2004-05-26,8.005000114440918,830000
2004-05-27,8.09000015258789,1031200
2004-05-28,8.074999809265137,785200
2004-06-01,8.015000343322754,702400
2004-06-02,7.724999904632568,1394800
2004-06-03,7.304999828338623,2042800
2004-06-04,7.300000190734863,1014600
2004-06-07,7.465000152587891,1020200
2004-06-08,7.559999942779541,570200
2004-06-09,7.349999904632568,562600
2004-06-10,7.329999923706055,321000
2004-06-14,7.065000057220459,447200
2004-06-15,7.295000076293945,435400
2004-06-16,7.275000095367432,232000
2004-06-17,7.15500020980835,328200
2004-06-18,7.085000038146973,512000
2004-06-21,7.099999904632568,516200
2004-06-22,7.159999847412109,484800
2004-06-23,7.679999828338623,1497000
2004-06-24,7.59499979019165,575600
2004-06-25,7.775000095367432,741000
2004-06-28,7.65500020980835,252000
2004-06-29,7.684999942779541,159000
2004-06-30,7.775000095367432,850800
2004-07-01,7.925000190734863,616200
2004-07-02,8.265000343322754,669800
2004-07-06,8.510000228881836,1208200
2004-07-07,8.675000190734863,588800
2004-07-08,8.5,322400
2004-07-09,8.470000267028809,426600
2004-07-12,8.40999984741211,485200
2004-07-13,8.25,326400
2004-07-14,8.199999809265137,372800
2004-07-15,8.175000190734863,280800
2004-07-16,8.574999809265137,422000
2004-07-19,8.579999923706055,626800
2004-07-20,8.704999923706055,670600
2004-07-21,8.574999809265137,779600
2004-07-22,8.399999618530273,385600
2004-07-23,8.395000457763672,294600
2004-07-26,8.300000190734863,293000
2004-07-27,8.210000038146973,577800
2004-07-28,8.385000228881836,2065800
2004-07-29,8.520000457763672,187800
2004-07-30,8.505000114440918,217800
2004-08-02,8.3149995803833,496000
2004-08-03,8.350000381469727,330800
2004-08-04,8.300000190734863,150600
2004-08-05,8.180000305175781,158600
2004-08-06,8.125,235400
2004-08-09,8.199999809265137,239800
2004-08-10,8.15999984741211,169200
2004-08-11,8.194999694824219,183800
2004-08-12,8.15999984741211,67800
2004-08-13,8.194999694824219,203600
2004-08-16,8.1899995803833,235000
2004-08-17,8.1850004196167,180000
2004-08-18,8.25,284200
2004-08-19,8.414999961853027,465600
2004-08-20,8.4350004196167,113000
2004-08-23,7.965000152587891,190800
2004-08-24,7.974999904632568,250400
2004-08-25,7.949999809265137,231200
2004-08-26,7.90500020980835,96000
2004-08-27,7.925000190734863,166400
2004-08-30,7.980000019073486,94000
2004-08-31,8.130000114440918,144600
2004-09-01,8.489999771118164,259200
2004-09-02,8.789999961853027,233000
2004-09-03,8.789999961853027,173000
2004-09-07,8.875,281400
2004-09-08,8.8100004196167,108600
2004-09-09,8.680000305175781,129400
2004-09-10,8.6850004196167,44800
2004-09-13,8.845000267028809,150000
2004-09-14,8.944999694824219,216800
2004-09-15,8.880000114440918,51800
2004-09-16,9.069999694824219,497000
2004-09-17,9.114999771118164,343800
2004-09-20,9.164999961853027,1297400
2004-09-21,9.274999618530273,906800
2004-09-22,9.15999984741211,717600
2004-09-23,8.899999618530273,667400
2004-09-24,8.989999771118164,580200
2004-09-27,8.875,634800
2004-09-28,8.800000190734863,266200
2004-09-29,8.71500015258789,394600
2004-09-30,8.845000267028809,890800
2004-10-01,9.149999618530273,843400
2004-10-04,9.399999618530273,1202200
2004-10-05,9.5,585400
2004-10-06,9.225000381469727,1159000
2004-10-07,9.274999618530273,1131600
2004-10-08,9.300000190734863,1000000
2004-10-11,9.449999809265137,374800
2004-10-12,9.350000381469727,519800
2004-10-13,9.449999809265137,672800
2004-10-14,9.265000343322754,472000
2004-10-15,9.489999771118164,344200
2004-10-18,9.515000343322754,291600
2004-10-19,9.829999923706055,1073800
2004-10-20,9.569999694824219,508600
2004-10-21,9.505000114440918,707600
2004-10-22,9.65999984741211,587600
2004-10-25,9.449999809265137,250200
2004-10-26,9.300000190734863,396600
2004-10-27,9.395000457763672,246000
2004-10-28,9.520000457763672,129800
2004-10-29,9.53499984741211,168600
2004-11-01,9.649999618530273,372200
2004-11-02,10.010000228881836,608000
2004-11-03,10.319999694824219,493800
2004-11-04,10.210000038146973,235800
2004-11-05,10.21500015258789,352000
2004-11-08,10.574999809265137,724200
2004-11-09,10.489999771118164,255600
2004-11-10,10.46500015258789,272200
2004-11-11,10.524999618530273,136000
2004-11-12,10.625,197800
2004-11-15,10.550000190734863,95600
2004-11-16,10.524999618530273,133000
2004-11-17,10.850000381469727,284400
2004-11-18,10.649999618530273,368600
2004-11-19,10.850000381469727,941600
2004-11-22,10.930000305175781,229600
2004-11-23,11.21500015258789,322000
2004-11-24,11.225000381469727,649200
2004-11-26,11.069999694824219,120200
2004-11-29,11.114999771118164,361800
2004-11-30,11.09000015258789,161200
2004-12-01,11.364999771118164,1000400
2004-12-02,11.664999961853027,654200
2004-12-03,11.295000076293945,850000
2004-12-06,11.255000114440918,713400
2004-12-07,11.1899995803833,310200
2004-12-08,11.0,173000
2004-12-09,10.21500015258789,2844000
2004-12-10,10.074999809265137,1038200
2004-12-13,10.024999618530273,708000
2004-12-14,9.675000190734863,1493400
2004-12-15,10.175000190734863,1987800
2004-12-16,10.375,1246600
2004-12-17,10.59000015258789,525400
2004-12-20,10.574999809265137,418400
2004-12-21,10.475000381469727,279600
2004-12-22,10.404999732971191,143000
2004-12-23,10.510000228881836,262400
2004-12-27,10.539999961853027,342600
2004-12-28,10.449999809265137,305000
2004-12-29,10.364999771118164,415600
2004-12-30,10.390000343322754,310000
2004-12-31,10.510000228881836,542200
2005-01-03,10.670000076293945,623400
2005-01-04,10.550000190734863,633600
2005-01-05,10.369999885559082,322000
2005-01-06,10.670000076293945,407800
2005-01-07,10.944999694824219,589200
2005-01-10,10.550000190734863,186400
2005-01-11,10.300000190734863,286000
2005-01-12,10.489999771118164,471400
2005-01-13,10.824999809265137,325400
2005-01-14,10.979999542236328,151400
2005-01-18,10.824999809265137,370000
2005-01-19,10.875,450200
2005-01-20,10.725000381469727,419400
2005-01-21,10.729999542236328,819800
2005-01-24,10.5,851200
2005-01-25,10.460000038146973,269000
2005-01-26,10.454999923706055,792600
2005-01-27,10.46500015258789,282800
2005-01-28,10.345000267028809,446400
2005-01-31,10.375,332400
2005-02-01,10.475000381469727,484800
2005-02-02,10.359999656677246,343000
2005-02-03,10.100000381469727,436400
2005-02-04,10.149999618530273,464400
2005-02-07,10.0600004196167,458600
2005-02-08,9.979999542236328,1082000
2005-02-09,9.989999771118164,315800
2005-02-10,9.984999656677246,248400
2005-02-11,10.015000343322754,387800
2005-02-14,10.029999732971191,774200
2005-02-15,10.234999656677246,1396200
2005-02-16,10.194999694824219,308200
2005-02-17,10.140000343322754,706200
2005-02-18,10.074999809265137,777600
2005-02-22,10.0,655600
2005-02-23,10.055000305175781,682800
2005-02-24,9.885000228881836,1968600
2005-02-25,9.645000457763672,872400
2005-02-28,9.604999542236328,353400
2005-03-01,9.699999809265137,675800
2005-03-02,9.6899995803833,498200
2005-03-03,9.675000190734863,590800
2005-03-04,9.449999809265137,902000
2005-03-07,9.494999885559082,457800
2005-03-08,9.609999656677246,335600
2005-03-09,9.484999656677246,629000
2005-03-10,9.100000381469727,1057800
2005-03-11,9.25,783000
2005-03-14,9.055000305175781,1014400
2005-03-15,9.21500015258789,945600
2005-03-16,9.175000190734863,187000
2005-03-17,9.25,262800
2005-03-18,9.375,496000
2005-03-21,9.515000343322754,649200
2005-03-22,9.46500015258789,676200
2005-03-23,9.654999732971191,1184800
2005-03-24,9.510000228881836,180400
2005-03-28,9.484999656677246,277200
2005-03-29,9.180000305175781,655200
2005-03-30,9.380000114440918,784600
2005-03-31,9.369999885559082,332800
2005-04-01,9.829999923706055,711800
2005-04-04,9.800000190734863,262600
2005-04-05,9.789999961853027,130800
2005-04-06,9.850000381469727,239800
2005-04-07,9.90999984741211,149600
2005-04-08,9.880000114440918,194600
2005-04-11,9.864999771118164,280400
2005-04-12,9.904999732971191,376600
2005-04-13,9.824999809265137,235000
2005-04-14,9.805000305175781,246600
2005-04-15,9.475000381469727,223200
2005-04-18,9.3149995803833,411200
2005-04-19,9.3100004196167,361200
2005-04-20,9.149999618530273,119200
2005-04-21,9.109999656677246,222000
2005-04-22,9.0,233000
2005-04-25,8.904999732971191,573600
2005-04-26,8.875,788200
2005-04-27,8.895000457763672,534000
2005-04-28,9.0,500600
2005-04-29,9.010000228881836,681200
2005-05-02,8.425000190734863,1347800
2005-05-03,8.75,898000
2005-05-04,9.125,799800
2005-05-05,9.050000190734863,120000
2005-05-06,9.324999809265137,573400
2005-05-09,9.6899995803833,558200
2005-05-10,9.494999885559082,703200
2005-05-11,9.404999732971191,265000
2005-05-12,9.329999923706055,325600
2005-05-13,9.244999885559082,395800
2005-05-16,9.175000190734863,289000
2005-05-17,9.199999809265137,213200
2005-05-18,9.329999923706055,233200
2005-05-19,9.515000343322754,380000
2005-05-20,9.5600004196167,322200
2005-05-23,9.529999732971191,190200
2005-05-24,9.59000015258789,276400
2005-05-25,9.555000305175781,286800
2005-05-26,9.75,668400
2005-05-27,9.704999923706055,205800
2005-05-31,9.875,1298000
2005-06-01,9.954999923706055,546000
2005-06-02,9.96500015258789,965800
2005-06-03,9.930000305175781,276600
2005-06-06,10.0,470600
2005-06-07,9.875,271400
2005-06-08,9.75,504800
2005-06-09,9.729999542236328,254400
2005-06-10,9.975000381469727,425600
2005-06-13,10.0,251200
2005-06-14,10.119999885559082,397800
2005-06-15,10.175000190734863,290800
2005-06-16,10.25,519800
2005-06-17,10.800000190734863,566400
2005-06-20,10.979999542236328,1145600
2005-06-21,10.425000190734863,527600
2005-06-22,10.175000190734863,642800
2005-06-23,10.125,1055800
2005-06-24,10.15999984741211,214200
2005-06-27,10.109999656677246,263000
2005-06-28,10.34000015258789,357800
2005-06-29,10.475000381469727,149600
2005-06-30,10.425000190734863,335800
2005-07-01,10.649999618530273,322400
2005-07-05,10.600000381469727,366000
2005-07-06,10.1850004196167,455000
2005-07-07,10.145000457763672,436400
2005-07-08,10.34000015258789,498400
2005-07-11,10.345000267028809,287600
2005-07-12,10.289999961853027,86200
2005-07-13,10.375,146200
2005-07-14,10.890000343322754,1074600
2005-07-15,10.545000076293945,458600
2005-07-18,10.479999542236328,151600
2005-07-19,10.635000228881836,179600
2005-07-20,10.744999885559082,239800
2005-07-21,11.4350004196167,661400
2005-07-22,11.829999923706055,730200
2005-07-25,11.675000190734863,493600
2005-07-26,11.774999618530273,444000
2005-07-27,11.595000267028809,471600
2005-07-28,11.550000190734863,377200
2005-07-29,11.5649995803833,412400
2005-08-01,11.3149995803833,359800
2005-08-02,11.595000267028809,325000
2005-08-03,11.600000381469727,336200
2005-08-04,11.359999656677246,188200
2005-08-05,11.21500015258789,178800
2005-08-08,10.970000267028809,354000
2005-08-09,11.199999809265137,421000
2005-08-10,11.524999618530273,306600
2005-08-11,11.489999771118164,134600
2005-08-12,10.9399995803833,428800
2005-08-15,10.574999809265137,683400
2005-08-16,10.479999542236328,575600
2005-08-17,10.484999656677246,263600
2005-08-18,10.145000457763672,728800
2005-08-19,10.194999694824219,255000
2005-08-22,10.270000457763672,203200
2005-08-23,10.029999732971191,680800
2005-08-24,9.300000190734863,3126200
2005-08-25,9.444999694824219,1432200
2005-08-26,9.404999732971191,733800
2005-08-29,9.050000190734863,1286000
2005-08-30,9.489999771118164,1303600
2005-08-31,9.600000381469727,1890000
2005-09-01,9.539999961853027,1285000
2005-09-02,9.619999885559082,380200
2005-09-06,9.800000190734863,1285400
2005-09-07,10.015000343322754,694000
2005-09-08,10.524999618530273,1511600
2005-09-09,10.729999542236328,2273200
2005-09-12,10.675000190734863,989600
2005-09-13,10.404999732971191,524800
2005-09-14,10.204999923706055,573800
2005-09-15,10.125,538800
2005-09-16,10.324999809265137,396000
2005-09-19,10.3149995803833,266600
2005-09-20,10.069999694824219,624400
2005-09-21,9.989999771118164,339400
2005-09-22,9.725000381469727,476800
2005-09-23,9.78499984741211,308400
2005-09-26,10.029999732971191,300800
2005-09-27,10.050000190734863,186200
2005-09-28,10.005000114440918,190600
2005-09-29,10.09000015258789,380800
2005-09-30,10.404999732971191,665800
2005-10-03,10.569999694824219,593200
2005-10-04,10.675000190734863,566800
2005-10-05,10.649999618530273,829400
2005-10-06,10.210000038146973,1069800
2005-10-07,10.170000076293945,710800
2005-10-10,10.25,145400
2005-10-11,10.234999656677246,221000
2005-10-12,10.140000343322754,517200
2005-10-13,10.050000190734863,204600
2005-10-14,10.274999618530273,425200
2005-10-17,10.444999694824219,386400
2005-10-18,10.385000228881836,300600
2005-10-19,10.425000190734863,364800
2005-10-20,10.085000038146973,366600
2005-10-21,10.194999694824219,232600
2005-10-24,10.255000114440918,166800
2005-10-25,10.149999618530273,320800
2005-10-26,10.140000343322754,144400
2005-10-27,9.960000038146973,161800
2005-10-28,9.904999732971191,420600
2005-10-31,10.180000305175781,663200
2005-11-01,10.204999923706055,296200
2005-11-02,10.175000190734863,345800
2005-11-03,10.28499984741211,433000
2005-11-04,10.154999732971191,246600
2005-11-07,10.130000114440918,250400
2005-11-08,10.055000305175781,191600
2005-11-09,9.975000381469727,84200
2005-11-10,10.164999961853027,191400
2005-11-11,9.979999542236328,428600
2005-11-14,9.90999984741211,213800
2005-11-15,10.050000190734863,225000
2005-11-16,10.0600004196167,108600
2005-11-17,10.055000305175781,271600
2005-11-18,10.225000381469727,202200
2005-11-21,10.375,165800
2005-11-22,10.40999984741211,157000
2005-11-23,10.364999771118164,403600
2005-11-25,10.619999885559082,167600
2005-11-28,10.729999542236328,767000
2005-11-29,10.739999771118164,147600
2005-11-30,11.039999961853027,533200
2005-12-01,11.104999542236328,376800
2005-12-02,11.170000076293945,371400
2005-12-05,11.260000228881836,517800
2005-12-06,11.604999542236328,650200
2005-12-07,11.725000381469727,648800
2005-12-08,11.770000457763672,494800
2005-12-09,12.210000038146973,868400
2005-12-12,12.484999656677246,898400
2005-12-13,12.75,1190000
2005-12-14,12.449999809265137,844400
2005-12-15,11.9350004196167,1042000
2005-12-16,11.824999809265137,573200
2005-12-19,12.395000457763672,854200
2005-12-20,12.25,271400
2005-12-21,12.045000076293945,617000
2005-12-22,12.03499984741211,528200
2005-12-23,12.029999732971191,378000
2005-12-27,11.819999694824219,153800
2005-12-28,11.920000076293945,240400
2005-12-29,11.970000267028809,189600
2005-12-30,11.930000305175781,218600
2006-01-03,12.324999809265137,635400
2006-01-04,12.795000076293945,2260600
2006-01-05,12.475000381469727,1089400
2006-01-06,12.795000076293945,560600
2006-01-09,13.0,475800
2006-01-10,12.84000015258789,456200
2006-01-11,13.614999771118164,985400
2006-01-12,13.25,341200
2006-01-13,13.204999923706055,388800
2006-01-17,12.800000190734863,419800
2006-01-18,12.619999885559082,488400
2006-01-19,13.274999618530273,580000
2006-01-20,13.130000114440918,675000
2006-01-23,13.130000114440918,364800
2006-01-24,13.100000381469727,306200
2006-01-25,13.319999694824219,309400
2006-01-26,13.395000457763672,282000
2006-01-27,13.524999618530273,556400
2006-01-30,13.875,305200
2006-01-31,13.84000015258789,1348400
2006-02-01,13.869999885559082,326200
2006-02-02,13.930000305175781,898600
2006-02-03,13.699999809265137,338200
2006-02-06,14.0,611800
2006-02-07,13.604999542236328,439000
2006-02-08,13.1899995803833,609200
2006-02-09,13.274999618530273,486400
2006-02-10,13.260000228881836,306400
2006-02-13,13.15999984741211,234000
2006-02-14,13.074999809265137,280200
2006-02-15,13.145000457763672,242600
2006-02-16,13.369999885559082,351400
2006-02-17,13.359999656677246,140400
2006-02-21,13.204999923706055,177600
2006-02-22,13.050000190734863,221000
2006-02-23,13.199999809265137,285600
2006-02-24,13.354999542236328,193200
2006-02-27,13.364999771118164,455000
2006-02-28,13.024999618530273,274400
2006-03-01,13.569999694824219,288800
2006-03-02,13.75,407600
2006-03-03,13.755000114440918,569600
2006-03-06,13.569999694824219,131400
2006-03-07,13.274999618530273,1049600
2006-03-08,13.210000038146973,344400
2006-03-09,13.244999885559082,410800
2006-03-10,13.295000076293945,406000
2006-03-13,13.1899995803833,399600
2006-03-14,13.395000457763672,439800
2006-03-15,13.425000190734863,395200
2006-03-16,13.774999618530273,871800
2006-03-17,14.755000114440918,971200
2006-03-20,15.1850004196167,521000
2006-03-21,14.835000038146973,549600
2006-03-22,14.970000267028809,448400
2006-03-23,15.755000114440918,1209600
2006-03-24,15.25,844000
2006-03-27,15.420000076293945,719200
2006-03-28,15.050000190734863,551800
2006-03-29,15.199999809265137,297200
2006-03-30,14.869999885559082,574200
2006-03-31,15.154999732971191,602000
2006-04-03,15.229999542236328,502400
2006-04-04,15.5649995803833,399800
2006-04-05,15.279999732971191,630600
2006-04-06,15.574999809265137,336200
2006-04-07,15.640000343322754,355800
2006-04-10,15.805000305175781,334600
2006-04-11,15.59000015258789,661200
2006-04-12,16.600000381469727,832800
2006-04-13,16.209999084472656,419200
2006-04-17,16.149999618530273,234800
2006-04-18,16.799999237060547,847000
2006-04-19,17.0049991607666,257400
2006-04-20,17.149999618530273,241600
2006-04-21,17.295000076293945,633400
2006-04-24,16.885000228881836,339600
2006-04-25,17.0,143400
2006-04-26,17.594999313354492,221000
2006-04-27,17.28499984741211,164600
2006-04-28,17.25,254600
2006-05-01,17.8799991607666,948400
2006-05-02,18.155000686645508,1535200
2006-05-03,18.040000915527344,1219800
2006-05-04,17.655000686645508,1008800
2006-05-05,17.104999542236328,951800
2006-05-08,18.059999465942383,1636600
2006-05-09,19.075000762939453,524200
2006-05-10,19.139999389648438,536800
2006-05-11,18.639999389648438,551200
2006-05-12,18.375,1565200
2006-05-15,17.350000381469727,1205600
2006-05-16,17.440000534057617,897000
2006-05-17,16.5,2018800
2006-05-18,16.360000610351562,530600
2006-05-19,16.645000457763672,469200
2006-05-22,15.09000015258789,2362600
2006-05-23,15.979999542236328,1860800
2006-05-24,14.430000305175781,1894400
2006-05-25,15.25,2020400
2006-05-26,15.854999542236328,1577400
2006-05-30,15.270000457763672,1641200
2006-05-31,15.430000305175781,628400
2006-06-01,16.0,1185000
2006-06-02,16.424999237060547,877400
2006-06-05,15.970000267028809,474600
2006-06-06,15.350000381469727,827000
2006-06-07,14.710000038146973,1220200
2006-06-08,14.399999618530273,1310400
2006-06-09,14.354999542236328,906400
2006-06-12,14.085000038146973,418000
2006-06-13,13.975000381469727,720200
2006-06-14,14.154999732971191,902600
2006-06-15,15.28499984741211,1205200
2006-06-16,15.760000228881836,1039400
2006-06-19,15.329999923706055,825000
2006-06-20,15.6850004196167,1303800
2006-06-21,16.06999969482422,786200
2006-06-22,15.675000190734863,522800
2006-06-23,15.505000114440918,179600
2006-06-26,15.350000381469727,620800
2006-06-27,15.079999923706055,419400
2006-06-28,15.0,758200
2006-06-29,16.100000381469727,1652200
2006-06-30,16.049999237060547,396400
2006-07-03,16.540000915527344,469800
2006-07-05,15.920000076293945,608600
2006-07-06,16.270000457763672,244200
2006-07-07,16.03499984741211,629800
2006-07-10,15.899999618530273,435400
2006-07-11,16.059999465942383,372200
2006-07-12,15.6899995803833,199400
2006-07-13,15.199999809265137,1357800
2006-07-14,15.15999984741211,739400
2006-07-17,15.3149995803833,350000
2006-07-18,15.430000305175781,508000
2006-07-19,16.325000762939453,1125600
2006-07-20,15.680000305175781,485200
2006-07-21,15.300000190734863,419400
2006-07-24,16.0,676000
2006-07-25,15.920000076293945,547800
2006-07-26,16.024999618530273,268600
2006-07-27,16.079999923706055,383000
2006-07-28,16.78499984741211,344000
2006-07-31,16.665000915527344,308600
2006-08-01,16.55500030517578,430200
2006-08-02,17.479999542236328,653000
2006-08-03,17.145000457763672,746000
2006-08-04,17.415000915527344,422800
2006-08-07,17.46500015258789,285800
2006-08-08,17.049999237060547,323000
2006-08-09,17.405000686645508,245800
2006-08-10,17.309999465942383,310200
2006-08-11,17.399999618530273,177200
2006-08-14,17.5,161000
2006-08-15,17.799999237060547,322600
2006-08-16,18.014999389648438,339000
2006-08-17,18.0049991607666,257400
2006-08-18,17.989999771118164,92400
2006-08-21,17.81999969482422,475600
2006-08-22,17.725000381469727,250800
2006-08-23,17.149999618530273,457000
2006-08-24,17.049999237060547,426400
2006-08-25,17.200000762939453,288600
2006-08-28,17.270000457763672,350200
2006-08-29,17.854999542236328,476000
2006-08-30,17.649999618530273,467600
2006-08-31,17.4950008392334,132600
2006-09-01,17.575000762939453,444200
2006-09-05,17.90999984741211,310400
2006-09-06,17.635000228881836,648200
2006-09-07,17.350000381469727,291600
2006-09-08,17.5049991607666,472800
2006-09-11,17.094999313354492,458200
2006-09-12,17.049999237060547,558600
2006-09-13,17.325000762939453,408200
2006-09-14,17.225000381469727,331400
2006-09-15,17.5,492400
2006-09-18,17.924999237060547,323000
2006-09-19,17.684999465942383,723800
2006-09-20,17.924999237060547,472400
2006-09-21,17.889999389648438,510400
2006-09-22,17.635000228881836,258800
2006-09-25,17.875,283400
2006-09-26,17.920000076293945,370000
2006-09-27,18.139999389648438,344400
2006-09-28,18.280000686645508,210400
2006-09-29,18.079999923706055,223600
2006-10-02,18.174999237060547,321600
2006-10-03,17.9950008392334,196200
2006-10-04,18.325000762939453,820600
2006-10-05,18.565000534057617,640800
2006-10-06,18.375,351200
2006-10-09,18.260000228881836,101600
2006-10-10,18.274999618530273,224000
2006-10-11,18.0,594400
2006-10-12,18.0,742400
2006-10-13,18.0,353200
2006-10-16,18.0,185200
2006-10-17,17.885000228881836,188200
2006-10-18,18.155000686645508,446200
2006-10-19,18.049999237060547,487600
2006-10-20,17.899999618530273,236000
2006-10-23,17.81999969482422,286000
2006-10-24,17.9950008392334,208800
2006-10-25,18.139999389648438,702000
2006-10-26,18.360000610351562,431000
2006-10-27,18.03499984741211,138400
2006-10-30,18.024999618530273,338000
2006-10-31,18.280000686645508,635000
2006-11-01,18.5,1224200
2006-11-02,18.579999923706055,1347400
2006-11-03,18.885000228881836,399200
2006-11-06,19.700000762939453,727200
2006-11-07,19.959999084472656,608800
2006-11-08,20.1200008392334,407400
2006-11-09,20.280000686645508,323800
2006-11-10,20.635000228881836,892200
2006-11-13,20.440000534057617,490000
2006-11-14,21.100000381469727,683200
2006-11-15,21.014999389648438,199800
2006-11-16,20.69499969482422,432000
2006-11-17,20.655000686645508,325200
2006-11-20,20.854999542236328,190800
2006-11-21,21.100000381469727,486600
2006-11-22,21.364999771118164,220400
2006-11-24,21.625,173000
2006-11-27,21.479999542236328,491600
2006-11-28,21.100000381469727,728400
2006-11-29,21.975000381469727,576800
2006-11-30,21.979999542236328,613800
2006-12-01,21.799999237060547,675400
2006-12-04,22.2549991607666,574200
2006-12-05,23.34000015258789,732200
2006-12-06,23.079999923706055,632200
2006-12-07,23.100000381469727,540000
2006-12-08,22.850000381469727,724400
2006-12-11,22.149999618530273,1044200
2006-12-12,21.46500015258789,995000
2006-12-13,21.735000610351562,622400
2006-12-14,22.165000915527344,553800
2006-12-15,22.834999084472656,935200
2006-12-18,22.225000381469727,1468600
2006-12-19,22.0,1201000
2006-12-20,21.7450008392334,438400
2006-12-21,22.0049991607666,550400
2006-12-22,22.045000076293945,277800
2006-12-26,22.2549991607666,208800
2006-12-27,22.725000381469727,254800
2006-12-28,22.684999465942383,344000
2006-12-29,22.799999237060547,208800
2007-01-03,23.489999771118164,902600
2007-01-04,22.774999618530273,719400
2007-01-05,22.225000381469727,446800
2007-01-08,22.299999237060547,487600
2007-01-09,21.760000228881836,875800
2007-01-10,21.149999618530273,1499400
2007-01-11,21.364999771118164,463600
2007-01-12,21.360000610351562,538400
2007-01-16,21.649999618530273,429800
2007-01-17,21.559999465942383,282000
2007-01-18,21.684999465942383,257600
2007-01-19,22.049999237060547,347800
2007-01-22,22.264999389648438,468200
2007-01-23,22.114999771118164,362000
2007-01-24,22.225000381469727,327400
2007-01-25,20.969999313354492,846200
2007-01-26,21.5,691400
2007-01-29,21.299999237060547,586200
2007-01-30,21.350000381469727,691200
2007-01-31,20.979999542236328,683800
2007-02-01,20.915000915527344,449000
2007-02-02,21.075000762939453,669000
2007-02-05,20.875,551600
2007-02-06,20.93000030517578,573000
2007-02-07,20.565000534057617,439600
2007-02-08,20.325000762939453,624200
2007-02-09,19.78499984741211,585800
2007-02-12,19.760000228881836,391800
2007-02-13,20.530000686645508,1403000
2007-02-14,21.3799991607666,1208800
2007-02-15,21.274999618530273,1886200
2007-02-16,21.655000686645508,631800
2007-02-20,21.575000762939453,612600
2007-02-21,21.56999969482422,812600
2007-02-22,21.125,1079200
2007-02-23,20.594999313354492,1618800
2007-02-26,20.549999237060547,762000
2007-02-27,18.8700008392334,1158400
2007-02-28,20.219999313354492,1733800
2007-03-01,19.885000228881836,1377800
2007-03-02,19.799999237060547,949000
2007-03-05,18.950000762939453,1162800
2007-03-06,20.024999618530273,873200
2007-03-07,19.829999923706055,844000
2007-03-08,20.3700008392334,799800
2007-03-09,20.2450008392334,803400
2007-03-12,20.53499984741211,326200
2007-03-13,19.809999465942383,863800
2007-03-14,20.2450008392334,578600
2007-03-15,20.280000686645508,391600
2007-03-16,20.084999084472656,524200
2007-03-19,20.579999923706055,606600
2007-03-20,20.614999771118164,729200
2007-03-21,20.864999771118164,769200
2007-03-22,21.375,895400
2007-03-23,21.440000534057617,1014400
2007-03-26,21.774999618530273,1052600
2007-03-27,21.19499969482422,1287400
2007-03-28,20.829999923706055,647600
2007-03-29,21.520000457763672,789400
2007-03-30,21.56999969482422,522200
2007-04-02,22.014999389648438,596400
2007-04-03,22.420000076293945,992200
2007-04-04,22.78499984741211,824800
2007-04-05,22.559999465942383,427000
2007-04-09,22.68000030517578,277200
2007-04-10,23.0,932400
2007-04-11,22.610000610351562,863200
2007-04-12,22.80500030517578,959000
2007-04-13,23.06999969482422,358200
2007-04-16,23.040000915527344,542800
2007-04-17,22.920000076293945,411000
2007-04-18,22.665000915527344,309400
2007-04-19,22.440000534057617,804800
2007-04-20,23.06999969482422,1389600
2007-04-23,23.165000915527344,1109600
2007-04-24,23.2549991607666,330400
2007-04-25,23.485000610351562,433000
2007-04-26,23.350000381469727,708400
2007-04-27,23.510000228881836,469800
2007-04-30,22.96500015258789,523400
2007-05-01,22.989999771118164,556600
2007-05-02,22.969999313354492,510800
2007-05-03,23.125,603600
2007-05-04,22.764999389648438,505000
2007-05-07,22.81999969482422,172000
2007-05-08,22.100000381469727,669000
2007-05-09,22.625,344600
2007-05-10,22.125,771600
2007-05-11,22.40999984741211,738400
2007-05-14,22.239999771118164,580200
2007-05-15,21.81999969482422,484600
2007-05-16,22.0049991607666,483600
2007-05-17,22.03499984741211,325200
2007-05-18,21.975000381469727,430600
2007-05-21,21.770000457763672,418600
2007-05-22,22.0,524000
2007-05-23,22.440000534057617,465400
2007-05-24,21.545000076293945,458200
2007-05-25,22.075000762939453,204600
2007-05-29,21.459999084472656,601800
2007-05-30,21.950000762939453,352200
2007-05-31,21.975000381469727,420800
2007-06-01,22.450000762939453,816600
2007-06-04,22.104999542236328,539800
2007-06-05,21.959999084472656,400600
2007-06-06,21.53499984741211,331600
2007-06-07,21.399999618530273,536200
2007-06-08,21.44499969482422,293000
2007-06-11,21.350000381469727,899800
2007-06-12,21.450000762939453,341800
2007-06-13,21.975000381469727,1183200
2007-06-14,21.6299991607666,366200
2007-06-15,21.950000762939453,368000
2007-06-18,21.799999237060547,306400
2007-06-19,21.594999313354492,227800
2007-06-20,21.790000915527344,260800
2007-06-21,21.825000762939453,390400
2007-06-22,21.71500015258789,697000
2007-06-25,21.389999389648438,324600
2007-06-26,21.479999542236328,259800
2007-06-27,21.469999313354492,391600
2007-06-28,21.579999923706055,411600
2007-06-29,21.549999237060547,448400
2007-07-02,21.989999771118164,502200
2007-07-03,22.049999237060547,109400
2007-07-05,23.469999313354492,1166200
2007-07-06,23.415000915527344,553600
2007-07-09,23.600000381469727,813400
2007-07-10,23.40999984741211,539400
2007-07-11,23.334999084472656,1059200
2007-07-12,24.834999084472656,980600
2007-07-13,25.80500030517578,801000
2007-07-16,24.975000381469727,496000
2007-07-17,24.71500015258789,247200
2007-07-18,23.899999618530273,756400
2007-07-19,25.0,448800
2007-07-20,24.209999084472656,513200
2007-07-23,24.440000534057617,526000
2007-07-24,24.530000686645508,1081600
2007-07-25,24.325000762939453,868400
2007-07-26,22.90999984741211,1180800
2007-07-27,22.704999923706055,540000
2007-07-30,23.774999618530273,559600
2007-07-31,23.795000076293945,820000
2007-08-01,22.764999389648438,622200
2007-08-02,23.545000076293945,625000
2007-08-03,22.450000762939453,400000
2007-08-06,22.415000915527344,1073400
2007-08-07,23.174999237060547,737000
2007-08-08,23.834999084472656,842000
2007-08-09,22.825000762939453,721800
2007-08-10,23.135000228881836,498000
2007-08-13,22.8700008392334,226600
2007-08-14,22.485000610351562,467600
2007-08-15,21.049999237060547,761800
2007-08-16,20.0,1599200
2007-08-17,21.545000076293945,1317600
2007-08-20,21.665000915527344,868000
2007-08-21,21.604999542236328,423600
2007-08-22,22.59000015258789,437200
2007-08-23,22.829999923706055,561600
2007-08-24,23.8799991607666,574400
2007-08-27,23.440000534057617,748600
2007-08-28,22.21500015258789,533800
2007-08-29,22.969999313354492,524800
2007-08-30,22.899999618530273,440600
2007-08-31,23.579999923706055,558400
2007-09-04,23.729999542236328,558000
2007-09-05,23.415000915527344,344600
2007-09-06,23.68000030517578,256800
2007-09-07,23.280000686645508,312400
2007-09-10,23.06999969482422,1120400
2007-09-11,23.1200008392334,403400
2007-09-12,23.079999923706055,373600
2007-09-13,23.34000015258789,314000
2007-09-14,23.075000762939453,273000
2007-09-17,23.135000228881836,357600
2007-09-18,24.020000457763672,368200
2007-09-19,24.7450008392334,851400
2007-09-20,23.81999969482422,665000
2007-09-21,23.809999465942383,990800
2007-09-24,23.489999771118164,707000
2007-09-25,23.5,395800
2007-09-26,23.645000457763672,488400
2007-09-27,23.934999465942383,283400
2007-09-28,24.40999984741211,603400
2007-10-01,25.075000762939453,1126000
2007-10-02,26.790000915527344,1236200
2007-10-03,25.93000030517578,923600
2007-10-04,26.635000228881836,661800
2007-10-05,27.7549991607666,720000
2007-10-08,26.9950008392334,322800
2007-10-09,26.825000762939453,473600
2007-10-10,27.040000915527344,508800
2007-10-11,27.799999237060547,1286400
2007-10-12,28.25,588800
2007-10-15,27.815000534057617,1032200
2007-10-16,27.575000762939453,615200
2007-10-17,26.895000457763672,1057800
2007-10-18,26.1299991607666,1557200
2007-10-19,24.7549991607666,1062200
2007-10-22,24.700000762939453,1543200
2007-10-23,25.850000381469727,685800
2007-10-24,25.040000915527344,500200
2007-10-25,25.600000381469727,445600
2007-10-26,25.93000030517578,545000
2007-10-29,26.344999313354492,372600
2007-10-30,24.799999237060547,1375600
2007-10-31,24.125,775800
2007-11-01,24.094999313354492,696600
2007-11-02,24.889999389648438,975600
2007-11-05,24.545000076293945,443400
2007-11-06,25.450000762939453,419600
2007-11-07,24.864999771118164,577200
2007-11-08,24.364999771118164,595000
2007-11-09,23.84000015258789,611800
2007-11-12,22.975000381469727,999200
2007-11-13,23.4950008392334,838800
2007-11-14,22.81999969482422,444400
2007-11-15,22.3799991607666,441000
2007-11-16,22.28499984741211,500000
2007-11-19,21.690000534057617,640000
2007-11-20,21.594999313354492,621600
2007-11-21,21.219999313354492,636800
2007-11-23,21.25,414800
2007-11-26,20.954999923706055,1040000
2007-11-27,21.264999389648438,889000
2007-11-28,22.559999465942383,1082200
2007-11-29,21.7450008392334,977600
2007-11-30,21.665000915527344,406400
2007-12-03,22.149999618530273,851600
2007-12-04,22.299999237060547,766600
2007-12-05,23.594999313354492,1097600
2007-12-06,24.09000015258789,834800
2007-12-07,23.854999542236328,607800
2007-12-10,23.989999771118164,516600
2007-12-11,23.514999389648438,766800
2007-12-12,23.93000030517578,880800
2007-12-13,23.184999465942383,683600
2007-12-14,22.55500030517578,751000
2007-12-17,20.940000534057617,1297400
2007-12-18,21.625,502000
2007-12-19,21.584999084472656,874600
2007-12-20,21.575000762939453,580400
2007-12-21,21.81999969482422,269000
2007-12-24,21.875,152800
2007-12-26,21.59000015258789,269800
2007-12-27,21.045000076293945,289200
2007-12-28,21.200000762939453,653200
2007-12-31,21.0049991607666,579200
2008-01-02,20.764999389648438,359000
2008-01-03,20.9950008392334,270600
2008-01-04,20.93000030517578,805800
2008-01-07,21.56999969482422,612000
2008-01-08,21.520000457763672,829200
2008-01-09,21.625,782200
2008-01-10,22.059999465942383,464000
2008-01-11,21.225000381469727,396400
2008-01-14,20.905000686645508,443600
2008-01-15,19.684999465942383,556800
2008-01-16,18.975000381469727,835200
2008-01-17,18.899999618530273,685800
2008-01-18,19.354999542236328,844200
2008-01-22,18.75,911400
2008-01-23,18.825000762939453,1149800
2008-01-24,19.475000381469727,689200
2008-01-25,19.8700008392334,902800
2008-01-28,19.700000762939453,650200
2008-01-29,19.350000381469727,653400
2008-01-30,19.165000915527344,722400
2008-01-31,20.18000030517578,1268200
2008-02-01,20.889999389648438,1148400
2008-02-04,20.875,560000
2008-02-05,20.479999542236328,1642600
2008-02-06,20.635000228881836,486400
2008-02-07,20.899999618530273,591600
2008-02-08,20.854999542236328,389200
2008-02-11,20.8700008392334,514400
2008-02-12,21.424999237060547,651800
2008-02-13,21.774999618530273,367600
2008-02-14,21.09000015258789,836600
2008-02-15,21.704999923706055,423600
2008-02-19,21.989999771118164,613600
2008-02-20,22.274999618530273,574600
2008-02-21,21.8700008392334,255000
2008-02-22,22.0049991607666,646000
2008-02-25,22.334999084472656,384000
2008-02-26,22.625,996400
2008-02-27,22.75,1581800
2008-02-28,22.489999771118164,600400
2008-02-29,21.329999923706055,999600
2008-03-03,21.014999389648438,657600
2008-03-04,20.735000610351562,773800
2008-03-05,21.014999389648438,797400
2008-03-06,20.639999389648438,785000
2008-03-07,20.614999771118164,634600
2008-03-10,19.9950008392334,600000
2008-03-11,21.125,584200
2008-03-12,20.90999984741211,435800
2008-03-13,20.440000534057617,627600
2008-03-14,19.924999237060547,649200
2008-03-17,20.165000915527344,1508600
2008-03-18,20.68000030517578,1520400
2008-03-19,20.450000762939453,910600
2008-03-20,20.645000457763672,952400
2008-03-24,21.454999923706055,473400
2008-03-25,21.579999923706055,638400
2008-03-26,21.2450008392334,350200
2008-03-27,21.0,386600
2008-03-28,20.989999771118164,132000
2008-03-31,20.969999313354492,370200
2008-04-01,21.43000030517578,667000
2008-04-02,21.155000686645508,912200
2008-04-03,20.8700008392334,1308400
2008-04-04,20.625,849600
2008-04-07,20.44499969482422,455600
2008-04-08,20.209999084472656,1301000
2008-04-09,19.604999542236328,1306600
2008-04-10,20.139999389648438,805400
2008-04-11,19.815000534057617,1189400
2008-04-14,19.75,795800
2008-04-15,19.860000610351562,411800
2008-04-16,20.299999237060547,656400
2008-04-17,19.93000030517578,511400
2008-04-18,20.155000686645508,496400
2008-04-21,19.90999984741211,502200
2008-04-22,19.360000610351562,912600
2008-04-23,19.229999542236328,1074600
2008-04-24,19.1299991607666,1271800
2008-04-25,19.149999618530273,1122800
2008-04-28,19.299999237060547,520600
2008-04-29,19.389999389648438,362200
2008-04-30,19.40999984741211,448000
2008-05-01,19.540000915527344,375800
2008-05-02,19.530000686645508,356600
2008-05-05,19.44499969482422,647200
2008-05-06,19.424999237060547,279400
2008-05-07,18.75,655200
2008-05-08,18.635000228881836,933600
2008-05-09,18.725000381469727,491400
2008-05-12,18.950000762939453,576000
2008-05-13,18.8799991607666,503400
2008-05-14,18.860000610351562,593600
2008-05-15,18.6200008392334,627600
2008-05-16,18.514999389648438,565200
2008-05-19,18.834999084472656,780400
2008-05-20,18.559999465942383,645800
2008-05-21,18.28499984741211,694000
2008-05-22,18.655000686645508,332200
2008-05-23,18.100000381469727,1418800
2008-05-27,17.584999084472656,819600
2008-05-28,17.225000381469727,1266200
2008-05-29,17.325000762939453,838400
2008-05-30,17.479999542236328,389000
2008-06-02,16.940000534057617,645800
2008-06-03,16.80500030517578,1183000
2008-06-04,17.079999923706055,685000
2008-06-05,17.530000686645508,505200
2008-06-06,16.729999542236328,401200
2008-06-09,16.790000915527344,575200
2008-06-10,16.770000457763672,620400
2008-06-11,16.229999542236328,658800
2008-06-12,16.0,786200
2008-06-13,16.239999771118164,818800
2008-06-16,16.155000686645508,230400
2008-06-17,16.190000534057617,1279400
2008-06-18,16.264999389648438,599200
2008-06-19,16.5049991607666,418600
2008-06-20,16.389999389648438,506200
2008-06-23,16.405000686645508,496200
2008-06-24,16.375,309800
2008-06-25,16.25,592400
2008-06-26,15.914999961853027,612200
2008-06-27,15.975000381469727,715000
2008-06-30,16.125,705000
2008-07-01,16.3799991607666,959200
2008-07-02,15.989999771118164,644600
2008-07-03,16.0,196800
2008-07-07,16.104999542236328,1339800
2008-07-08,16.299999237060547,481800
2008-07-09,16.06999969482422,556200
2008-07-10,16.350000381469727,409000
2008-07-11,16.125,856400
2008-07-14,15.994999885559082,456600
2008-07-15,15.555000305175781,827600
2008-07-16,15.364999771118164,1280600
2008-07-17,15.109999656677246,1174600
2008-07-18,14.979999542236328,868000
2008-07-21,15.350000381469727,759600
2008-07-22,16.854999542236328,1187800
2008-07-23,16.78499984741211,368600
2008-07-24,16.600000381469727,410400
2008-07-25,16.889999389648438,432000
2008-07-28,17.299999237060547,622200
2008-07-29,17.405000686645508,251200
2008-07-30,17.325000762939453,315800
2008-07-31,16.489999771118164,1150200
2008-08-01,16.549999237060547,846000
2008-08-04,17.0,1103000
2008-08-05,17.280000686645508,1319400
2008-08-06,17.024999618530273,989800
2008-08-07,16.850000381469727,1204000
2008-08-08,16.959999084472656,903000
2008-08-11,16.665000915527344,522400
2008-08-12,16.0,664000
2008-08-13,15.649999618530273,997000
2008-08-14,15.8149995803833,1199200
2008-08-15,15.96500015258789,761400
2008-08-18,15.729999542236328,472000
2008-08-19,15.65999984741211,1211000
2008-08-20,15.8149995803833,526800
2008-08-21,16.094999313354492,529800
2008-08-22,17.040000915527344,672800
2008-08-25,16.899999618530273,802400
2008-08-26,16.770000457763672,404000
2008-08-27,16.975000381469727,409600
2008-08-28,17.204999923706055,295800
2008-08-29,17.40999984741211,800800
2008-09-02,17.43000030517578,1416200
2008-09-03,16.829999923706055,725600
2008-09-04,16.059999465942383,665000
2008-09-05,16.364999771118164,555000
2008-09-08,16.479999542236328,640000
2008-09-09,15.675000190734863,639000
2008-09-10,15.755000114440918,474600
2008-09-11,15.050000190734863,1005800
2008-09-12,14.75,563200
2008-09-15,13.375,813800
2008-09-16,13.774999618530273,1065400
2008-09-17,13.8149995803833,1324000
2008-09-18,14.225000381469727,1170400
2008-09-19,15.010000228881836,498000
2008-09-22,14.239999771118164,349800
2008-09-23,14.154999732971191,497800
2008-09-24,14.5600004196167,599600
2008-09-25,15.069999694824219,577400
2008-09-26,15.005000114440918,421000
2008-09-29,13.930000305175781,534000
2008-09-30,14.890000343322754,598000
2008-10-01,14.460000038146973,346600
2008-10-02,14.135000228881836,372600
2008-10-03,13.920000076293945,618400
2008-10-06,14.074999809265137,1504000
2008-10-07,14.25,869200
2008-10-08,11.359999656677246,2591600
2008-10-09,11.869999885559082,1967600
2008-10-10,12.5,1717400
2008-10-13,14.454999923706055,426000
2008-10-14,15.324999809265137,1270800
2008-10-15,12.649999618530273,1311400
2008-10-16,12.914999961853027,1607800
2008-10-17,12.609999656677246,582800
2008-10-20,14.135000228881836,714800
2008-10-21,13.720000267028809,905200
2008-10-22,12.529999732971191,904000
2008-10-23,13.03499984741211,1030600
2008-10-24,10.914999961853027,1250200
2008-10-27,10.020000457763672,891600
2008-10-28,10.039999961853027,1544600
2008-10-29,9.539999961853027,1323400
2008-10-30,10.470000267028809,1226400
2008-10-31,10.020000457763672,1383400
2008-11-03,9.90999984741211,723800
2008-11-04,10.595000267028809,1272200
2008-11-05,10.045000076293945,1291600
2008-11-06,10.149999618530273,1415800
2008-11-07,11.204999923706055,621000
2008-11-10,11.1850004196167,591600
2008-11-11,10.619999885559082,805200
2008-11-12,10.029999732971191,1352400
2008-11-13,10.234999656677246,1181000
2008-11-14,10.069999694824219,1289000
2008-11-17,9.805000305175781,686000
2008-11-18,9.390000343322754,1364200
2008-11-19,9.104999542236328,1036800
2008-11-20,8.654999732971191,1170400
2008-11-21,8.984999656677246,1004600
2008-11-24,9.53499984741211,984200
2008-11-25,9.020000457763672,834600
2008-11-26,9.604999542236328,936200
2008-11-28,9.5649995803833,216800
2008-12-01,9.199999809265137,543000
2008-12-02,9.4399995803833,1002600
2008-12-03,9.890000343322754,1173800
2008-12-04,9.640000343322754,477600
2008-12-05,10.5649995803833,695800
2008-12-08,11.444999694824219,1403200
2008-12-09,12.109999656677246,1166400
2008-12-10,12.630000114440918,700800
2008-12-11,11.854999542236328,1511400
2008-12-12,12.164999961853027,269800
2008-12-15,12.9399995803833,654400
2008-12-16,12.9399995803833,752200
2008-12-17,13.154999732971191,937800
2008-12-18,12.154999732971191,1008000
2008-12-19,12.204999923706055,850000
2008-12-22,12.5649995803833,990000
2008-12-23,12.135000228881836,717000
2008-12-24,12.074999809265137,298400
2008-12-26,12.055000305175781,490600
2008-12-29,12.0600004196167,496400
2008-12-30,12.335000038146973,446600
2008-12-31,12.505000114440918,323800
2009-01-02,12.739999771118164,430400
2009-01-05,13.225000381469727,1297200
2009-01-06,13.055000305175781,886000
2009-01-07,12.800000190734863,703600
2009-01-08,12.869999885559082,841000
2009-01-09,12.760000228881836,475600
2009-01-12,12.119999885559082,585000
2009-01-13,12.09000015258789,575200
2009-01-14,11.545000076293945,1403600
2009-01-15,11.529999732971191,656200
2009-01-16,11.664999961853027,357200
2009-01-20,11.050000190734863,415600
2009-01-21,11.59000015258789,575400
2009-01-22,11.289999961853027,418800
2009-01-23,11.414999961853027,285400
2009-01-26,11.550000190734863,272800
2009-01-27,11.5,403400
2009-01-28,11.694999694824219,702600
2009-01-29,11.085000038146973,422400
2009-01-30,10.954999923706055,406200
2009-02-02,10.095000267028809,790000
2009-02-03,10.1850004196167,856600
2009-02-04,10.46500015258789,772600
2009-02-05,10.899999618530273,426200
2009-02-06,11.164999961853027,415600
2009-02-09,11.100000381469727,601000
2009-02-10,10.65999984741211,827800
2009-02-11,10.979999542236328,595200
2009-02-12,11.015000343322754,408400
2009-02-13,10.960000038146973,370800
2009-02-17,10.335000038146973,458200
2009-02-18,10.574999809265137,526400
2009-02-19,10.640000343322754,368400
2009-02-20,10.375,575400
2009-02-23,10.404999732971191,584000
2009-02-24,11.104999542236328,436800
2009-02-25,10.925000190734863,339800
2009-02-26,10.835000038146973,424600
2009-02-27,10.649999618530273,767800
2009-03-02,10.095000267028809,314200
2009-03-03,10.25,335000
2009-03-04,10.635000228881836,911200
2009-03-05,10.329999923706055,265400
2009-03-06,10.53499984741211,332200
2009-03-09,10.279999732971191,351000
2009-03-10,10.989999771118164,441600
2009-03-11,10.880000114440918,432800
2009-03-12,11.180000305175781,854000
2009-03-13,11.149999618530273,274600
2009-03-16,10.954999923706055,273200
2009-03-17,11.020000457763672,373000
2009-03-18,11.15999984741211,347600
2009-03-19,11.380000114440918,546400
2009-03-20,11.699999809265137,364400
2009-03-23,13.09000015258789,659600
2009-03-24,12.890000343322754,1047400
2009-03-25,12.670000076293945,613600
2009-03-26,12.739999771118164,359600
2009-03-27,13.1899995803833,405800
2009-03-30,12.539999961853027,494200
2009-03-31,12.850000381469727,385000
2009-04-01,12.954999923706055,672200
2009-04-02,13.050000190734863,1694200
2009-04-03,12.895000457763672,966800
2009-04-06,12.994999885559082,391400
2009-04-07,12.46500015258789,594200
2009-04-08,12.595000267028809,870800
2009-04-09,12.819999694824219,947800
2009-04-13,13.395000457763672,802600
2009-04-14,13.550000190734863,738400
2009-04-15,13.78499984741211,1685800
2009-04-16,14.270000457763672,1132000
2009-04-17,14.079999923706055,571800
2009-04-20,13.675000190734863,713600
2009-04-21,13.640000343322754,363400
2009-04-22,13.545000076293945,643200
2009-04-23,13.5,593400
2009-04-24,13.53499984741211,600000
2009-04-27,13.3100004196167,785600
2009-04-28,14.039999961853027,614000
2009-04-29,14.225000381469727,408200
2009-04-30,14.369999885559082,409200
2009-05-01,14.489999771118164,346400
2009-05-04,15.204999923706055,316600
2009-05-05,14.5600004196167,519600
2009-05-06,14.949999809265137,999000
2009-05-07,14.5649995803833,468400
2009-05-08,14.755000114440918,903200
2009-05-11,14.175000190734863,693200
2009-05-12,14.25,824800
2009-05-13,13.84000015258789,1070000
2009-05-14,13.484999656677246,783200
2009-05-15,13.375,923000
2009-05-18,14.3149995803833,2074200
2009-05-19,14.295000076293945,265600
2009-05-20,14.234999656677246,310400
2009-05-21,13.694999694824219,575800
2009-05-22,14.204999923706055,373600
2009-05-26,14.645000457763672,344200
2009-05-27,14.425000190734863,596000
2009-05-28,14.619999885559082,575800
2009-05-29,14.789999961853027,434800
2009-06-01,15.295000076293945,440200
2009-06-02,15.109999656677246,338200
2009-06-03,14.864999771118164,443000
2009-06-04,15.489999771118164,290000
2009-06-05,15.625,533000
2009-06-08,15.3149995803833,759200
2009-06-09,15.609999656677246,162600
2009-06-10,15.420000076293945,426200
2009-06-11,15.350000381469727,507200
2009-06-12,15.454999923706055,319000
2009-06-15,15.119999885559082,296200
2009-06-16,14.970000267028809,562400
2009-06-17,14.654999732971191,312400
2009-06-18,14.550000190734863,599000
2009-06-19,14.635000228881836,374800
2009-06-22,14.414999961853027,532600
2009-06-23,14.204999923706055,520200
2009-06-24,14.385000228881836,665200
2009-06-25,15.164999961853027,392600
2009-06-26,15.074999809265137,422600
2009-06-29,14.925000190734863,737400
2009-06-30,14.989999771118164,850600
2009-07-01,15.850000381469727,1196600
2009-07-02,15.875,431800
2009-07-06,16.485000610351562,579600
2009-07-07,16.024999618530273,752400
2009-07-08,16.075000762939453,1113000
2009-07-09,15.9399995803833,805400
2009-07-10,15.6899995803833,416200
2009-07-13,15.694999694824219,431800
2009-07-14,15.885000228881836,175600
2009-07-15,16.200000762939453,313000
2009-07-16,15.75,513600
2009-07-17,16.09000015258789,378600
2009-07-20,16.299999237060547,371800
2009-07-21,16.645000457763672,590000
2009-07-22,16.260000228881836,242200
2009-07-23,16.899999618530273,758400
2009-07-24,17.30500030517578,383800
2009-07-27,17.454999923706055,251200
2009-07-28,17.739999771118164,398600
2009-07-29,17.65999984741211,324400
2009-07-30,17.96500015258789,771200
2009-07-31,17.65999984741211,635200
2009-08-03,17.7549991607666,535800
2009-08-04,17.735000610351562,344200
2009-08-05,17.575000762939453,528000
2009-08-06,17.354999542236328,664000
2009-08-07,17.655000686645508,501200
2009-08-10,17.959999084472656,420600
2009-08-11,17.21500015258789,1054000
2009-08-12,17.065000534057617,469800
2009-08-13,17.2450008392334,593600
2009-08-14,17.21500015258789,308600
2009-08-17,16.649999618530273,293000
2009-08-18,16.704999923706055,597600
2009-08-19,16.469999313354492,546200
2009-08-20,16.5,878200
2009-08-21,16.55500030517578,834200
2009-08-24,16.670000076293945,377400
2009-08-25,16.875,839600
2009-08-26,16.899999618530273,843600
2009-08-27,16.94499969482422,2481600
2009-08-28,17.010000228881836,710200
2009-08-31,16.264999389648438,895400
2009-09-01,16.2450008392334,673400
2009-09-02,16.260000228881836,377800
2009-09-03,16.594999313354492,802000
2009-09-04,16.614999771118164,306200
2009-09-08,16.739999771118164,603200
2009-09-09,16.770000457763672,226800
2009-09-10,17.114999771118164,366400
2009-09-11,16.905000686645508,133000
2009-09-14,16.645000457763672,392000
2009-09-15,16.934999465942383,227400
2009-09-16,17.125,433800
2009-09-17,17.309999465942383,508200
2009-09-18,17.270000457763672,812600
2009-09-21,17.280000686645508,316800
2009-09-22,17.434999465942383,278800
2009-09-23,17.219999313354492,345200
2009-09-24,17.704999923706055,1018800
2009-09-25,17.649999618530273,645400
2009-09-28,17.454999923706055,540600
2009-09-29,17.584999084472656,652800
2009-09-30,17.850000381469727,775000
2009-10-01,17.600000381469727,264800
2009-10-02,17.360000610351562,1087800
2009-10-05,17.594999313354492,564400
2009-10-06,18.1299991607666,785600
2009-10-07,18.125,239800
2009-10-08,18.30500030517578,527400
2009-10-09,18.225000381469727,373600
2009-10-12,18.225000381469727,235600
2009-10-13,18.469999313354492,418000
2009-10-14,18.53499984741211,390800
2009-10-15,18.489999771118164,398800
2009-10-16,18.174999237060547,327600
2009-10-19,18.40999984741211,252600
2009-10-20,18.165000915527344,786400
2009-10-21,18.235000610351562,563400
2009-10-22,18.184999465942383,308400
2009-10-23,18.045000076293945,204800
2009-10-26,17.7549991607666,578400
2009-10-27,17.579999923706055,462800
2009-10-28,17.010000228881836,643000
2009-10-29,17.114999771118164,840200
2009-10-30,16.954999923706055,684800
2009-11-02,17.290000915527344,527200
2009-11-03,17.46500015258789,402000
2009-11-04,17.75,510800
2009-11-05,18.350000381469727,601200
2009-11-06,18.489999771118164,316400
2009-11-09,18.700000762939453,262800
2009-11-10,18.649999618530273,197600
2009-11-11,18.739999771118164,271400
2009-11-12,18.614999771118164,164400
2009-11-13,18.739999771118164,107000
2009-11-16,18.975000381469727,264200
2009-11-17,19.0049991607666,203000
2009-11-18,19.299999237060547,747400
2009-11-19,19.075000762939453,1019000
2009-11-20,19.155000686645508,625000
2009-11-23,19.135000228881836,528800
2009-11-24,19.1200008392334,424000
2009-11-25,19.34000015258789,242200
2009-11-27,18.735000610351562,399000
2009-11-30,19.084999084472656,246600
2009-12-01,19.2549991607666,324200
2009-12-02,19.264999389648438,303800
2009-12-03,19.450000762939453,297800
2009-12-04,19.81999969482422,336400
2009-12-07,19.825000762939453,263800
2009-12-08,19.649999618530273,169200
2009-12-09,19.559999465942383,159400
2009-12-10,20.024999618530273,266000
2009-12-11,20.565000534057617,260000
2009-12-14,20.325000762939453,262800
2009-12-15,20.2549991607666,307800
2009-12-16,20.5049991607666,271400
2009-12-17,20.774999618530273,348800
2009-12-18,20.684999465942383,482200
2009-12-21,20.020000457763672,494200
2009-12-22,20.475000381469727,180200
2009-12-23,20.270000457763672,184000
2009-12-24,20.329999923706055,134200
2009-12-28,20.2450008392334,474800
2009-12-29,20.200000762939453,372200
2009-12-30,20.110000610351562,404200
2009-12-31,19.975000381469727,161000
2010-01-04,20.4950008392334,898000
2010-01-05,20.43000030517578,462200
2010-01-06,20.420000076293945,333000
2010-01-07,20.03499984741211,675600
2010-01-08,20.239999771118164,261400
2010-01-11,20.31999969482422,540200
2010-01-12,20.53499984741211,471400
2010-01-13,20.424999237060547,338800
2010-01-14,20.344999313354492,173200
2010-01-15,20.28499984741211,426400
2010-01-19,20.360000610351562,419400
2010-01-20,19.920000076293945,443400
2010-01-21,19.834999084472656,468400
2010-01-22,19.524999618530273,344800
2010-01-25,19.625,159200
2010-01-26,19.549999237060547,251800
2010-01-27,19.790000915527344,371600
2010-01-28,19.950000762939453,361400
2010-01-29,19.799999237060547,544600
2010-02-01,20.024999618530273,250200
2010-02-02,20.065000534057617,210400
2010-02-03,19.889999389648438,128000
2010-02-04,19.28499984741211,366200
2010-02-05,18.815000534057617,460400
2010-02-08,18.6200008392334,280600
2010-02-09,18.709999084472656,397000
2010-02-10,18.565000534057617,458800
2010-02-11,18.850000381469727,226600
2010-02-12,18.59000015258789,233200
2010-02-16,18.924999237060547,441600
2010-02-17,18.75,321000
2010-02-18,18.655000686645508,382600
2010-02-19,18.459999084472656,193600
2010-02-22,18.31999969482422,251000
2010-02-23,18.049999237060547,304800
2010-02-24,18.209999084472656,163800
2010-02-25,17.81999969482422,317000
2010-02-26,17.969999313354492,210200
2010-03-01,17.860000610351562,322600
2010-03-02,18.235000610351562,450600
2010-03-03,17.735000610351562,740600
2010-03-04,17.75,684200
2010-03-05,18.09000015258789,707000
2010-03-08,18.700000762939453,2025400
2010-03-09,19.0,1377800
2010-03-10,18.860000610351562,273200
2010-03-11,18.899999618530273,508000
2010-03-12,18.530000686645508,557000
2010-03-15,18.385000228881836,269400
2010-03-16,18.415000915527344,309800
2010-03-17,18.915000915527344,392400
2010-03-18,17.915000915527344,2507200
2010-03-19,17.80500030517578,1094000
2010-03-22,17.450000762939453,967000
2010-03-23,17.4950008392334,521000
2010-03-24,17.700000762939453,347000
2010-03-25,17.799999237060547,1055200
2010-03-26,17.59000015258789,554000
2010-03-29,17.6299991607666,453200
2010-03-30,17.700000762939453,545200
2010-03-31,17.8799991607666,478800
2010-04-01,18.024999618530273,1414200
2010-04-05,18.399999618530273,307000
2010-04-06,18.155000686645508,212800
2010-04-07,17.94499969482422,585000
2010-04-08,17.844999313354492,242200
2010-04-09,18.020000457763672,206000
2010-04-12,18.0,319800
2010-04-13,17.78499984741211,338400
2010-04-14,17.920000076293945,632800
2010-04-15,18.079999923706055,579800
2010-04-16,17.795000076293945,751600
2010-04-19,17.6299991607666,503800
2010-04-20,17.75,555600
2010-04-21,17.834999084472656,359000
2010-04-22,17.78499984741211,163800
2010-04-23,17.954999923706055,138600
2010-04-26,17.5049991607666,397000
2010-04-27,17.204999923706055,411200
2010-04-28,17.094999313354492,296000
2010-04-29,17.329999923706055,388800
2010-04-30,17.360000610351562,353400
2010-05-03,17.795000076293945,314600
2010-05-04,17.125,815600
2010-05-05,16.65999984741211,633400
2010-05-06,16.030000686645508,746000
2010-05-07,16.364999771118164,864800
2010-05-10,17.174999237060547,699400
2010-05-11,17.0,363200
2010-05-12,16.959999084472656,593000
2010-05-13,16.850000381469727,447600
2010-05-14,16.709999084472656,303600
2010-05-17,16.649999618530273,315200
2010-05-18,16.639999389648438,313000
2010-05-19,16.485000610351562,283600
2010-05-20,16.024999618530273,1050000
2010-05-21,16.18000030517578,549400
2010-05-24,15.385000228881836,614400
2010-05-25,15.744999885559082,1182600
2010-05-26,16.360000610351562,2081200
2010-05-27,16.764999389648438,935200
2010-05-28,16.565000534057617,1947400
2010-06-01,16.30500030517578,962600
2010-06-02,17.209999084472656,437600
2010-06-03,17.399999618530273,1202600
2010-06-04,16.799999237060547,557600
2010-06-07,16.5,320400
2010-06-08,17.03499984741211,461800
2010-06-09,17.020000457763672,322600
2010-06-10,17.06999969482422,368200
2010-06-11,17.270000457763672,234000
2010-06-14,17.315000534057617,235000
2010-06-15,17.614999771118164,355600
2010-06-16,17.479999542236328,122200
2010-06-17,17.524999618530273,223800
2010-06-18,17.7549991607666,279000
2010-06-21,17.40999984741211,884000
2010-06-22,17.565000534057617,309800
2010-06-23,17.739999771118164,298400
2010-06-24,17.55500030517578,159200
2010-06-25,17.56999969482422,336400
2010-06-28,17.719999313354492,219400
2010-06-29,17.225000381469727,758600
2010-06-30,17.114999771118164,480600
2010-07-01,17.2450008392334,614800
2010-07-02,17.145000457763672,595400
2010-07-06,17.459999084472656,477200
2010-07-07,17.155000686645508,412200
2010-07-08,17.219999313354492,407400
2010-07-09,17.375,168600
2010-07-12,17.415000915527344,188200
2010-07-13,17.5,910800
2010-07-14,17.545000076293945,854000
2010-07-15,17.639999389648438,380400
2010-07-16,17.604999542236328,448200
2010-07-19,17.7450008392334,550400
2010-07-20,18.0,909400
2010-07-21,17.899999618530273,517000
2010-07-22,18.315000534057617,1071600
2010-07-23,18.010000228881836,562200
2010-07-26,18.145000457763672,717800
2010-07-27,18.170000076293945,362000
2010-07-28,18.264999389648438,995200
2010-07-29,18.19499969482422,440200
2010-07-30,18.770000457763672,612400
2010-08-02,18.985000610351562,393800
2010-08-03,18.325000762939453,898800
2010-08-04,18.385000228881836,850800
2010-08-05,18.43000030517578,316200
2010-08-06,18.790000915527344,257600
2010-08-09,19.28499984741211,669200
2010-08-10,18.94499969482422,606600
2010-08-11,18.75,710200
2010-08-12,18.65999984741211,219400
2010-08-13,18.9950008392334,227200
2010-08-16,19.155000686645508,238000
2010-08-17,19.264999389648438,200000
2010-08-18,19.395000457763672,530800
2010-08-19,19.69499969482422,510600
2010-08-20,19.565000534057617,515000
2010-08-23,19.524999618530273,370200
2010-08-24,19.46500015258789,476200
2010-08-25,19.770000457763672,472000
2010-08-26,19.799999237060547,113600
2010-08-27,19.709999084472656,283600
2010-08-30,19.389999389648438,435800
2010-08-31,19.5,642000
2010-09-01,20.184999465942383,351000
2010-09-02,19.93000030517578,315800
2010-09-03,20.155000686645508,213400
2010-09-07,19.959999084472656,387000
2010-09-08,20.170000076293945,197000
2010-09-09,20.155000686645508,423000
2010-09-10,20.579999923706055,368800
2010-09-13,20.850000381469727,343800
2010-09-14,20.770000457763672,425600
2010-09-15,21.03499984741211,546400
2010-09-16,20.6299991607666,476800
2010-09-17,20.53499984741211,296400
2010-09-20,20.934999465942383,413800
2010-09-21,20.274999618530273,633400
2010-09-22,20.030000686645508,341400
2010-09-23,19.725000381469727,476000
2010-09-24,20.2450008392334,485800
2010-09-27,20.274999618530273,551000
2010-09-28,20.575000762939453,729800
2010-09-29,20.854999542236328,787600
2010-09-30,20.645000457763672,555600
2010-10-01,21.05500030517578,305800
2010-10-04,21.375,395800
2010-10-05,21.875,364800
2010-10-06,21.520000457763672,510000
2010-10-07,20.920000076293945,556600
2010-10-08,20.635000228881836,664400
2010-10-11,20.649999618530273,235400
2010-10-12,20.604999542236328,336200
2010-10-13,20.594999313354492,566600
2010-10-14,20.43000030517578,750800
2010-10-15,20.485000610351562,622200
2010-10-18,20.46500015258789,273600
2010-10-19,20.190000534057617,565800
2010-10-20,20.65999984741211,425800
2010-10-21,20.43000030517578,405000
2010-10-22,20.270000457763672,191000
2010-10-25,20.020000457763672,420400
2010-10-26,20.309999465942383,180600
2010-10-27,20.389999389648438,190600
2010-10-28,20.600000381469727,145400
2010-10-29,20.19499969482422,1090400
2010-11-01,19.674999237060547,938600
2010-11-02,18.670000076293945,1491600
2010-11-03,18.200000762939453,1309800
2010-11-04,18.5,937000
2010-11-05,17.834999084472656,2063000
2010-11-08,18.405000686645508,866600
2010-11-09,18.34000015258789,1035800
2010-11-10,18.975000381469727,1782800
2010-11-11,18.954999923706055,1317600
2010-11-12,18.579999923706055,1790400
2010-11-15,18.385000228881836,979000
2010-11-16,18.5,1661200
2010-11-17,18.469999313354492,1275000
2010-11-18,18.655000686645508,1388200
2010-11-19,18.719999313354492,494400
2010-11-22,18.889999389648438,1369600
2010-11-23,18.469999313354492,459600
2010-11-24,18.5,658800
2010-11-26,18.100000381469727,612400
2010-11-29,18.084999084472656,584000
2010-11-30,17.9950008392334,717000
2010-12-01,18.290000915527344,577800
2010-12-02,18.399999618530273,439200
2010-12-03,18.229999542236328,381400
2010-12-06,18.200000762939453,480800
2010-12-07,18.204999923706055,337800
2010-12-08,17.825000762939453,605200
2010-12-09,17.915000915527344,1052200
2010-12-10,17.795000076293945,1013200
2010-12-13,17.475000381469727,1126000
2010-12-14,17.350000381469727,803600
2010-12-15,17.30500030517578,462800
2010-12-16,17.145000457763672,615000
2010-12-17,17.46500015258789,442800
2010-12-20,17.354999542236328,153000
2010-12-21,17.540000915527344,442800
2010-12-22,17.454999923706055,316000
2010-12-23,17.395000457763672,121200
2010-12-27,17.450000762939453,296200
2010-12-28,17.625,301000
2010-12-29,17.774999618530273,461400
2010-12-30,17.764999389648438,265800
2010-12-31,17.825000762939453,98200
2011-01-03,17.9950008392334,216200
2011-01-04,17.7450008392334,649600
2011-01-05,17.90999984741211,339000
2011-01-06,17.030000686645508,512600
2011-01-07,16.270000457763672,1011800
2011-01-10,16.204999923706055,1471200
2011-01-11,16.084999084472656,1303200
2011-01-12,16.81999969482422,906200
2011-01-13,16.4950008392334,1145000
2011-01-14,16.78499984741211,911800
2011-01-18,16.989999771118164,566400
2011-01-19,16.875,565400
2011-01-20,16.825000762939453,795800
2011-01-21,16.649999618530273,841600
2011-01-24,17.040000915527344,514600
2011-01-25,17.18000030517578,1060000
2011-01-26,17.170000076293945,892000
2011-01-27,17.0,456200
2011-01-28,16.649999618530273,876400
2011-01-31,16.809999465942383,276600
2011-02-01,16.915000915527344,253400
2011-02-02,17.049999237060547,476200
2011-02-03,17.049999237060547,123400
2011-02-04,17.209999084472656,220800
2011-02-07,17.235000610351562,290800
2011-02-08,17.399999618530273,439600
2011-02-09,17.485000610351562,393200
2011-02-10,17.084999084472656,483600
2011-02-11,17.219999313354492,343400
2011-02-14,16.905000686645508,453400
2011-02-15,16.854999542236328,615400
2011-02-16,16.809999465942383,569800
2011-02-17,16.93000030517578,582800
2011-02-18,17.014999389648438,452200
2011-02-22,16.75,745000
2011-02-23,16.71500015258789,643200
2011-02-24,16.674999237060547,657000
2011-02-25,16.950000762939453,774200
2011-02-28,17.094999313354492,370000
2011-03-01,16.940000534057617,490800
2011-03-02,17.010000228881836,557000
2011-03-03,16.96500015258789,587800
2011-03-04,16.530000686645508,417000
2011-03-07,16.6299991607666,207400
2011-03-08,16.905000686645508,356000
2011-03-09,17.149999618530273,533800
2011-03-10,16.635000228881836,534600
2011-03-11,16.809999465942383,382400
2011-03-14,16.665000915527344,392400
2011-03-15,16.424999237060547,291800
2011-03-16,15.829999923706055,548800
2011-03-17,15.555000305175781,566400
2011-03-18,15.529999732971191,423400
2011-03-21,15.545000076293945,369400
2011-03-22,15.385000228881836,730000
2011-03-23,15.645000457763672,549200
2011-03-24,16.299999237060547,598200
2011-03-25,16.329999923706055,314600
2011-03-28,16.155000686645508,377200
2011-03-29,16.174999237060547,292000
2011-03-30,16.424999237060547,459400
2011-03-31,16.790000915527344,378200
2011-04-01,16.920000076293945,377000
2011-04-04,16.739999771118164,287200
2011-04-05,16.530000686645508,266400
2011-04-06,16.739999771118164,236600
2011-04-07,16.524999618530273,239200
2011-04-08,16.280000686645508,667000
2011-04-11,16.309999465942383,246200
2011-04-12,16.264999389648438,157000
2011-04-13,16.264999389648438,189800
2011-04-14,16.635000228881836,289600
2011-04-15,16.655000686645508,221200
2011-04-18,16.729999542236328,277400
2011-04-19,17.395000457763672,1199800
2011-04-20,17.895000457763672,694800
2011-04-21,17.81999969482422,313600
2011-04-25,17.520000457763672,242400
2011-04-26,17.5,262000
2011-04-27,17.854999542236328,481600
2011-04-28,17.670000076293945,224600
2011-04-29,18.06999969482422,362000
2011-05-02,18.040000915527344,336000
2011-05-03,17.979999542236328,2159200
2011-05-04,17.93000030517578,697800
2011-05-05,17.600000381469727,1329800
2011-05-06,17.68000030517578,632800
2011-05-09,17.764999389648438,310000
2011-05-10,17.834999084472656,209200
2011-05-11,17.950000762939453,501600
2011-05-12,18.05500030517578,230000
2011-05-13,17.885000228881836,553200
2011-05-16,17.844999313354492,224200
2011-05-17,17.8799991607666,289200
2011-05-18,18.114999771118164,323200
2011-05-19,17.84000015258789,734200
2011-05-20,17.719999313354492,260400
2011-05-23,17.375,1165800
2011-05-24,17.770000457763672,243000
2011-05-25,17.594999313354492,747000
2011-05-26,17.7450008392334,752600
2011-05-27,17.899999618530273,842000
2011-05-31,17.989999771118164,666400
2011-06-01,17.850000381469727,1214200
2011-06-02,17.924999237060547,540800
2011-06-03,17.854999542236328,185600
2011-06-06,17.59000015258789,365600
2011-06-07,17.485000610351562,469200
2011-06-08,17.350000381469727,719000
2011-06-09,17.315000534057617,1263400
2011-06-10,17.299999237060547,973600
2011-06-13,16.75,344000
2011-06-14,16.885000228881836,498800
2011-06-15,16.774999618530273,532600
2011-06-16,16.46500015258789,483000
2011-06-17,16.174999237060547,1039200
2011-06-20,16.190000534057617,1249400
2011-06-21,16.5049991607666,959000
2011-06-22,16.600000381469727,296000
2011-06-23,16.725000381469727,278600
2011-06-24,16.704999923706055,349800
2011-06-27,16.709999084472656,235600
2011-06-28,16.959999084472656,224200
2011-06-29,17.079999923706055,172800
2011-06-30,17.25,434400
2011-07-01,17.225000381469727,359000
2011-07-05,16.989999771118164,441200
2011-07-06,16.84000015258789,940600
2011-07-07,16.895000457763672,293000
2011-07-08,16.834999084472656,340600
2011-07-11,16.549999237060547,326000
2011-07-12,16.450000762939453,1010200
2011-07-13,16.4950008392334,339400
2011-07-14,16.600000381469727,705600
2011-07-15,16.8799991607666,358600
2011-07-18,16.735000610351562,703200
2011-07-19,16.674999237060547,578400
2011-07-20,16.670000076293945,613800
2011-07-21,17.2450008392334,383000
2011-07-22,17.524999618530273,497200
2011-07-25,17.239999771118164,405600
2011-07-26,17.329999923706055,493600
2011-07-27,17.3799991607666,449000
2011-07-28,17.19499969482422,429000
2011-07-29,17.450000762939453,481000
2011-08-01,17.614999771118164,481600
2011-08-02,17.850000381469727,960400
2011-08-03,18.010000228881836,650400
2011-08-04,18.040000915527344,1022400
2011-08-05,17.46500015258789,1567400
2011-08-08,16.4950008392334,1158200
2011-08-09,16.959999084472656,837200
2011-08-10,16.389999389648438,843200
2011-08-11,17.0049991607666,685800
2011-08-12,16.84000015258789,894400
2011-08-15,17.104999542236328,1044400
2011-08-16,17.040000915527344,613600
2011-08-17,17.09000015258789,680400
2011-08-18,17.260000228881836,1079600
2011-08-19,17.239999771118164,538200
2011-08-22,17.1200008392334,413000
2011-08-23,17.524999618530273,351800
2011-08-24,17.2450008392334,602800
2011-08-25,16.614999771118164,601000
2011-08-26,16.834999084472656,349400
2011-08-29,17.049999237060547,290000
2011-08-30,16.985000610351562,616200
2011-08-31,17.110000610351562,584800
2011-09-01,17.155000686645508,508400
2011-09-02,16.969999313354492,252800
2011-09-06,18.079999923706055,1978400
2011-09-07,18.25,1661600
2011-09-08,17.719999313354492,824200
2011-09-09,17.614999771118164,969600
2011-09-12,17.389999389648438,695000
2011-09-13,17.145000457763672,395400
2011-09-14,16.905000686645508,614600
2011-09-15,17.19499969482422,947800
2011-09-16,16.850000381469727,897000
2011-09-19,16.604999542236328,352400
2011-09-20,16.530000686645508,462200
2011-09-21,16.309999465942383,490000
2011-09-22,15.239999771118164,593800
2011-09-23,15.704999923706055,390000
2011-09-26,16.094999313354492,742800
2011-09-27,16.440000534057617,526600
2011-09-28,16.28499984741211,343600
2011-09-29,16.545000076293945,369800
2011-09-30,16.53499984741211,742200
2011-10-03,16.030000686645508,711600
2011-10-04,16.5049991607666,814600
2011-10-05,16.924999237060547,454400
2011-10-06,16.825000762939453,670800
2011-10-07,16.110000610351562,486000
2011-10-10,16.59000015258789,400200
2011-10-11,16.479999542236328,236800
2011-10-12,16.649999618530273,570200
2011-10-13,16.540000915527344,960000
2011-10-14,16.239999771118164,813600
2011-10-17,16.18000030517578,563000
2011-10-18,16.46500015258789,434400
2011-10-19,16.530000686645508,434800
2011-10-20,16.174999237060547,664000
2011-10-21,16.19499969482422,414000
2011-10-24,16.69499969482422,460200
2011-10-25,16.549999237060547,302000
2011-10-26,16.799999237060547,245200
2011-10-27,17.219999313354492,736200
2011-10-28,16.96500015258789,455600
2011-10-31,16.899999618530273,299000
2011-11-01,16.459999084472656,417400
2011-11-02,17.024999618530273,521200
2011-11-03,17.094999313354492,281000
2011-11-04,16.895000457763672,223000
2011-11-07,17.014999389648438,205400
2011-11-08,17.024999618530273,325000
2011-11-09,16.655000686645508,380400
2011-11-10,16.625,441800
2011-11-11,16.739999771118164,391800
2011-11-14,16.59000015258789,201200
2011-11-15,16.725000381469727,253800
2011-11-16,16.790000915527344,380400
2011-11-17,16.635000228881836,291800
2011-11-18,16.5049991607666,151800
2011-11-21,16.1200008392334,300600
2011-11-22,16.225000381469727,427400
2011-11-23,16.239999771118164,300000
2011-11-25,15.96500015258789,275400
2011-11-28,16.114999771118164,414000
2011-11-29,15.920000076293945,513800
2011-11-30,16.375,835600
2011-12-01,16.405000686645508,777400
2011-12-02,16.334999084472656,274200
2011-12-05,16.274999618530273,456200
2011-12-06,16.09000015258789,512000
2011-12-07,16.020000457763672,493400
2011-12-08,15.914999961853027,362600
2011-12-09,15.925000190734863,420200
2011-12-12,15.845000267028809,530400
2011-12-13,15.774999618530273,224200
2011-12-14,15.510000228881836,461200
2011-12-15,15.579999923706055,420600
2011-12-16,15.6850004196167,870600
2011-12-19,15.425000190734863,588000
2011-12-20,15.524999618530273,422000
2011-12-21,15.595000267028809,871400
2011-12-22,15.680000305175781,459800
2011-12-23,15.6850004196167,454800
2011-12-27,15.635000228881836,305600
2011-12-28,15.354999542236328,296600
2011-12-29,15.380000114440918,434600
2011-12-30,15.369999885559082,661800
2012-01-03,15.524999618530273,838200
2012-01-04,15.515000343322754,627400
2012-01-05,15.364999771118164,442200
2012-01-06,15.305000305175781,432600
2012-01-09,15.274999618530273,1011000
2012-01-10,15.489999771118164,543600
2012-01-11,15.279999732971191,320800
2012-01-12,15.404999732971191,449000
2012-01-13,15.375,780800
2012-01-17,15.260000228881836,720000
2012-01-18,15.510000228881836,419600
2012-01-19,15.395000457763672,480600
2012-01-20,15.505000114440918,738800
2012-01-23,15.614999771118164,419600
2012-01-24,15.630000114440918,362000
2012-01-25,15.604999542236328,526000
2012-01-26,15.444999694824219,329600
2012-01-27,15.529999732971191,221600
2012-01-30,15.289999961853027,602400
2012-01-31,15.324999809265137,862800
2012-02-01,15.170000076293945,794000
2012-02-02,15.569999694824219,864400
2012-02-03,15.529999732971191,697000
2012-02-06,15.220000267028809,644400
2012-02-07,15.305000305175781,546600
2012-02-08,15.484999656677246,549000
2012-02-09,15.149999618530273,726400
2012-02-10,14.979999542236328,749600
2012-02-13,15.039999961853027,471200
2012-02-14,15.364999771118164,508200
2012-02-15,15.175000190734863,614000
2012-02-16,15.239999771118164,265600
2012-02-17,15.625,2006400
2012-02-21,15.625,529200
2012-02-22,15.5600004196167,1344600
2012-02-23,15.574999809265137,460200
2012-02-24,15.260000228881836,460800
2012-02-27,15.130000114440918,441400
2012-02-28,15.305000305175781,276600
2012-02-29,15.444999694824219,665600
2012-03-01,15.470000267028809,546000
2012-03-02,15.774999618530273,1008000
2012-03-05,15.425000190734863,544800
2012-03-06,15.149999618530273,538200
2012-03-07,15.204999923706055,697800
2012-03-08,15.220000267028809,776400
2012-03-09,15.239999771118164,377200
2012-03-12,14.920000076293945,1076000
2012-03-13,15.045000076293945,516400
2012-03-14,14.789999961853027,723200
2012-03-15,14.755000114440918,484400
2012-03-16,14.654999732971191,475600
2012-03-19,14.704999923706055,358400
2012-03-20,15.0649995803833,485800
2012-03-21,15.050000190734863,307000
2012-03-22,14.850000381469727,344600
2012-03-23,14.84000015258789,426800
2012-03-26,15.055000305175781,681800
2012-03-27,15.085000038146973,889400
2012-03-28,15.005000114440918,990400
2012-03-29,15.074999809265137,1385200
2012-03-30,15.180000305175781,998400
2012-04-02,15.5,839800
2012-04-03,15.680000305175781,3327200
2012-04-04,15.84000015258789,1305400
2012-04-05,16.344999313354492,1376400
2012-04-09,16.415000915527344,752800
2012-04-10,16.344999313354492,1643000
2012-04-11,16.3799991607666,811600
2012-04-12,16.485000610351562,533200
2012-04-13,16.399999618530273,794200
2012-04-16,16.3799991607666,1095000
2012-04-17,16.55500030517578,1318200
2012-04-18,16.735000610351562,1028800
2012-04-19,16.799999237060547,845800
2012-04-20,16.93000030517578,828800
2012-04-23,17.03499984741211,700800
2012-04-24,17.184999465942383,897000
2012-04-25,17.18000030517578,1164000
2012-04-26,17.540000915527344,4214600
2012-04-27,18.190000534057617,3567400
2012-04-30,18.104999542236328,657400
2012-05-01,17.959999084472656,571600
2012-05-02,17.950000762939453,601400
2012-05-03,17.850000381469727,1077000
2012-05-04,17.959999084472656,971400
2012-05-07,17.860000610351562,2032400
2012-05-08,18.010000228881836,937400
2012-05-09,17.360000610351562,884600
2012-05-10,17.53499984741211,635800
2012-05-11,17.649999618530273,568000
2012-05-14,17.174999237060547,550400
2012-05-15,17.190000534057617,1108000
2012-05-16,16.645000457763672,970400
2012-05-17,16.700000762939453,727200
2012-05-18,16.68000030517578,485000
2012-05-21,16.905000686645508,889600
2012-05-22,16.8799991607666,928800
2012-05-23,16.709999084472656,944000
2012-05-24,15.869999885559082,1506000
2012-05-25,15.305000305175781,1649800
2012-05-29,15.90999984741211,1110800
2012-05-30,16.06999969482422,1296200
2012-05-31,16.280000686645508,1299400
2012-06-01,16.434999465942383,2252800
2012-06-04,16.225000381469727,1040200
2012-06-05,15.395000457763672,823800
2012-06-06,15.875,1072400
2012-06-07,15.930000305175781,1142200
2012-06-08,15.619999885559082,719000
2012-06-11,15.5,748400
2012-06-12,15.930000305175781,617800
2012-06-13,16.350000381469727,1096200
2012-06-14,16.274999618530273,525200
2012-06-15,16.219999313354492,880800
2012-06-18,16.344999313354492,607000
2012-06-19,16.40999984741211,527800
2012-06-20,16.700000762939453,824400
2012-06-21,16.334999084472656,456200
2012-06-22,16.395000457763672,359200
2012-06-25,16.424999237060547,354800
2012-06-26,16.579999923706055,264800
2012-06-27,16.94499969482422,528400
2012-06-28,16.979999542236328,388800
2012-06-29,17.415000915527344,895000
2012-07-02,17.46500015258789,822800
2012-07-03,17.795000076293945,300800
2012-07-05,17.614999771118164,904400
2012-07-06,17.31999969482422,1044400
2012-07-09,17.270000457763672,969400
2012-07-10,17.5,721000
2012-07-11,17.645000457763672,1018000
2012-07-12,17.59000015258789,1735400
2012-07-13,18.184999465942383,1250000
2012-07-16,18.399999618530273,685800
2012-07-17,18.950000762939453,754000
2012-07-18,18.8700008392334,475000
2012-07-19,19.024999618530273,880000
2012-07-20,18.915000915527344,975000
2012-07-23,18.864999771118164,435800
2012-07-24,18.565000534057617,728400
2012-07-25,18.854999542236328,741600
2012-07-26,19.1299991607666,630400
2012-07-27,19.315000534057617,451200
2012-07-30,19.145000457763672,662000
2012-07-31,19.415000915527344,574200
2012-08-01,19.5049991607666,468200
2012-08-02,19.094999313354492,433600
2012-08-03,19.280000686645508,428400
2012-08-06,19.045000076293945,664600
2012-08-07,18.9950008392334,488000
2012-08-08,19.469999313354492,887400
2012-08-09,19.315000534057617,649800
2012-08-10,19.520000457763672,508200
2012-08-13,18.920000076293945,584400
2012-08-14,18.895000457763672,625400
2012-08-15,19.59000015258789,552000
2012-08-16,19.885000228881836,755400
2012-08-17,19.809999465942383,197800
2012-08-20,19.719999313354492,642000
2012-08-21,19.739999771118164,571400
2012-08-22,19.844999313354492,575000
2012-08-23,19.950000762939453,738000
2012-08-24,19.700000762939453,499600
2012-08-27,19.665000915527344,239800
2012-08-28,19.44499969482422,376000
2012-08-29,19.389999389648438,320600
2012-08-30,19.25,237000
2012-08-31,19.299999237060547,684800
2012-09-04,19.889999389648438,1114000
2012-09-05,20.024999618530273,458200
2012-09-06,19.854999542236328,589200
2012-09-07,20.114999771118164,461600
2012-09-10,19.7549991607666,435200
2012-09-11,19.799999237060547,306400
2012-09-12,19.684999465942383,462800
2012-09-13,19.799999237060547,921800
2012-09-14,20.079999923706055,965000
2012-09-17,19.579999923706055,481600
2012-09-18,19.655000686645508,437400
2012-09-19,19.790000915527344,690000
2012-09-20,19.405000686645508,491400
2012-09-21,19.424999237060547,617400
2012-09-24,19.40999984741211,342600
2012-09-25,19.334999084472656,301600
2012-09-26,18.975000381469727,325400
2012-09-27,19.3799991607666,466000
2012-09-28,19.46500015258789,593000
2012-10-01,19.43000030517578,412800
2012-10-02,19.6299991607666,467200
2012-10-03,19.614999771118164,606400
2012-10-04,19.864999771118164,449000
2012-10-05,19.854999542236328,375400
2012-10-08,19.899999618530273,537200
2012-10-09,19.790000915527344,494600
2012-10-10,19.954999923706055,767000
2012-10-11,20.065000534057617,925200
2012-10-12,19.94499969482422,1012200
2012-10-15,19.940000534057617,217400
2012-10-16,20.190000534057617,790600
2012-10-17,20.165000915527344,2569200
2012-10-18,20.045000076293945,218400
2012-10-19,19.950000762939453,340400
2012-10-22,19.799999237060547,464400
2012-10-23,19.71500015258789,778400
2012-10-24,20.360000610351562,2163800
2012-10-25,20.28499984741211,495400
2012-10-26,20.1200008392334,248400
2012-10-31,20.325000762939453,1512600
2012-11-01,19.764999389648438,1679200
2012-11-02,19.610000610351562,935400
2012-11-05,19.5049991607666,452600
2012-11-06,19.479999542236328,709000
2012-11-07,19.510000228881836,602800
2012-11-08,19.325000762939453,283800
2012-11-09,19.530000686645508,666800
2012-11-12,19.55500030517578,525600
2012-11-13,19.639999389648438,390000
2012-11-14,19.375,236400
2012-11-15,19.3799991607666,230800
2012-11-16,19.46500015258789,180600
2012-11-19,19.3799991607666,220600
2012-11-20,19.420000076293945,502200
2012-11-21,19.334999084472656,424800
2012-11-23,19.360000610351562,182200
2012-11-26,19.469999313354492,174200
2012-11-27,19.315000534057617,486000
2012-11-28,19.354999542236328,274600
2012-11-29,19.235000610351562,146800
2012-11-30,19.020000457763672,536000
2012-12-03,18.290000915527344,657800
2012-12-04,18.315000534057617,430600
2012-12-05,18.165000915527344,578600
2012-12-06,18.375,325000
2012-12-07,19.010000228881836,370200
2012-12-10,18.8700008392334,278200
2012-12-11,18.93000030517578,276200
2012-12-12,19.0,515800
2012-12-13,18.860000610351562,241800
2012-12-14,18.395000457763672,365800
2012-12-17,18.75,316800
2012-12-18,18.584999084472656,456200
2012-12-19,18.25,472600
2012-12-20,18.469999313354492,453800
2012-12-21,18.405000686645508,483400
2012-12-24,18.299999237060547,270800
2012-12-26,18.399999618530273,240200
2012-12-27,18.454999923706055,248000
2012-12-28,18.584999084472656,269600
2012-12-31,18.475000381469727,196200
2013-01-02,18.790000915527344,557000
2013-01-03,18.665000915527344,481600
2013-01-04,18.850000381469727,583000
2013-01-07,18.924999237060547,437600
2013-01-08,18.739999771118164,326600
2013-01-09,18.360000610351562,562400
2013-01-10,18.174999237060547,373400
2013-01-11,18.479999542236328,255800
2013-01-14,18.6200008392334,367000
2013-01-15,19.165000915527344,488200
2013-01-16,19.2549991607666,330200
2013-01-17,19.334999084472656,365400
2013-01-18,19.645000457763672,493400
2013-01-22,19.625,179200
2013-01-23,19.524999618530273,364200
2013-01-24,19.44499969482422,315800
2013-01-25,19.530000686645508,673200
2013-01-28,19.405000686645508,316400
2013-01-29,19.700000762939453,612000
2013-01-30,19.524999618530273,447200
2013-01-31,19.825000762939453,777200
2013-02-01,19.975000381469727,701400
2013-02-04,19.81999969482422,367600
2013-02-05,19.8799991607666,326600
2013-02-06,20.030000686645508,431800
2013-02-07,19.75,235800
2013-02-08,19.969999313354492,363400
2013-02-11,20.05500030517578,452400
2013-02-12,19.940000534057617,126600
2013-02-13,19.850000381469727,129600
2013-02-14,20.040000915527344,257600
2013-02-15,20.329999923706055,1030400
2013-02-19,20.31999969482422,435000
2013-02-20,20.18000030517578,343200
2013-02-21,20.260000228881836,490200
2013-02-22,20.389999389648438,486800
2013-02-25,20.15999984741211,272000
2013-02-26,20.270000457763672,346800
2013-02-27,21.170000076293945,1253200
2013-02-28,22.229999542236328,934200
2013-03-01,22.290000915527344,303200
2013-03-04,21.959999084472656,385600
2013-03-05,21.809999465942383,823000
2013-03-06,22.165000915527344,642200
2013-03-07,21.850000381469727,610200
2013-03-08,22.25,496400
2013-03-11,22.219999313354492,347400
2013-03-12,22.05500030517578,681800
2013-03-13,22.165000915527344,574600
2013-03-14,22.114999771118164,517400
2013-03-15,21.739999771118164,667200
2013-03-18,21.510000228881836,299800
2013-03-19,21.540000915527344,497000
2013-03-20,21.969999313354492,418000
2013-03-21,21.950000762939453,238400
2013-03-22,21.924999237060547,271600
2013-03-25,21.94499969482422,284800
2013-03-26,22.024999618530273,436800
2013-03-27,22.420000076293945,446400
2013-03-28,22.540000915527344,523800
2013-04-01,22.155000686645508,323600
2013-04-02,22.149999618530273,245600
2013-04-03,22.420000076293945,368400
2013-04-04,22.204999923706055,442600
2013-04-05,21.90999984741211,262000
2013-04-08,21.674999237060547,280000
2013-04-09,21.985000610351562,326600
2013-04-10,22.075000762939453,273200
2013-04-11,22.46500015258789,423000
2013-04-12,22.93000030517578,705000
2013-04-15,22.704999923706055,357400
2013-04-16,23.704999923706055,494600
2013-04-17,24.0,606600
2013-04-18,23.25,520400
2013-04-19,24.05500030517578,453000
2013-04-22,24.485000610351562,473200
2013-04-23,24.459999084472656,301200
2013-04-24,24.31999969482422,227400
2013-04-25,23.954999923706055,310800
2013-04-26,23.415000915527344,448200
2013-04-29,23.844999313354492,195800
2013-04-30,23.934999465942383,245200
2013-05-01,23.8799991607666,296200
2013-05-02,24.0,266400
2013-05-03,23.450000762939453,266000
2013-05-06,23.655000686645508,245200
2013-05-07,23.8799991607666,618600
2013-05-08,24.350000381469727,743200
2013-05-09,24.110000610351562,200200
2013-05-10,24.274999618530273,550800
2013-05-13,24.219999313354492,530600
2013-05-14,24.190000534057617,683800
2013-05-15,24.290000915527344,906600
2013-05-16,24.184999465942383,490800
2013-05-17,24.489999771118164,299400
2013-05-20,25.010000228881836,260600
2013-05-21,24.93000030517578,246400
2013-05-22,24.94499969482422,803600
2013-05-23,24.56999969482422,474400
2013-05-24,24.875,833800
2013-05-28,24.7549991607666,625400
2013-05-29,23.600000381469727,517600
2013-05-30,23.764999389648438,685600
2013-05-31,22.600000381469727,815600
2013-06-03,22.924999237060547,358000
2013-06-04,22.825000762939453,195000
2013-06-05,22.415000915527344,296600
2013-06-06,22.43000030517578,299200
2013-06-07,22.6299991607666,527800
2013-06-10,21.3700008392334,648400
2013-06-11,19.989999771118164,875200
2013-06-12,20.094999313354492,676400
2013-06-13,20.4950008392334,956600
2013-06-14,21.05500030517578,589200
2013-06-17,20.899999618530273,261600
2013-06-18,21.690000534057617,744000
2013-06-19,21.34000015258789,691000
2013-06-20,19.875,723600
2013-06-21,19.920000076293945,535400
2013-06-24,19.485000610351562,843400
2013-06-25,19.895000457763672,475600
2013-06-26,20.395000457763672,384200
2013-06-27,21.479999542236328,768000
2013-06-28,21.3700008392334,877400
2013-07-01,21.604999542236328,802800
2013-07-02,21.165000915527344,399400
2013-07-03,21.229999542236328,219400
2013-07-05,21.520000457763672,396200
2013-07-08,21.55500030517578,483400
2013-07-09,21.799999237060547,1083200
2013-07-10,21.979999542236328,966400
2013-07-11,23.135000228881836,744200
2013-07-12,23.184999465942383,657800
2013-07-15,23.385000228881836,712200
2013-07-16,22.575000762939453,696400
2013-07-17,22.56999969482422,283800
2013-07-18,22.53499984741211,231400
2013-07-19,22.565000534057617,311800
2013-07-22,22.9950008392334,527600
2013-07-23,23.239999771118164,465400
2013-07-24,22.69499969482422,251800
2013-07-25,22.719999313354492,265800
2013-07-26,22.7450008392334,231200
2013-07-29,22.19499969482422,333600
2013-07-30,22.5,386200
2013-07-31,22.80500030517578,386600
2013-08-01,23.21500015258789,1121000
2013-08-02,23.229999542236328,422000
2013-08-05,22.950000762939453,299800
2013-08-06,22.700000762939453,458200
2013-08-07,22.610000610351562,177800
2013-08-08,22.5,641000
2013-08-09,22.774999618530273,584000
2013-08-12,22.844999313354492,521600
2013-08-13,22.790000915527344,461400
2013-08-14,22.809999465942383,398800
2013-08-15,22.78499984741211,402200
2013-08-16,21.96500015258789,289000
2013-08-19,19.790000915527344,527400
2013-08-20,19.399999618530273,648800
2013-08-21,19.625,365000
2013-08-22,19.459999084472656,853000
2013-08-23,19.540000915527344,398800
2013-08-26,18.795000076293945,444200
2013-08-27,17.5,1424800
2013-08-28,18.43000030517578,555400
2013-08-29,18.780000686645508,1242200
2013-08-30,18.530000686645508,755200
2013-09-03,18.530000686645508,613200
2013-09-04,17.975000381469727,656000
2013-09-05,17.850000381469727,1294600
2013-09-06,17.389999389648438,1107800
2013-09-09,18.55500030517578,757200
2013-09-10,18.93000030517578,546400
2013-09-11,18.975000381469727,538000
2013-09-12,19.045000076293945,769400
2013-09-13,19.354999542236328,636800
2013-09-16,19.25,519600
2013-09-17,19.31999969482422,418400
2013-09-18,20.55500030517578,927600
2013-09-19,20.579999923706055,671200
2013-09-20,19.969999313354492,597800
2013-09-23,19.514999389648438,544600
2013-09-24,19.270000457763672,969600
2013-09-25,18.524999618530273,869600
2013-09-26,18.895000457763672,294800
2013-09-27,18.674999237060547,298600
2013-09-30,18.155000686645508,550400
2013-10-01,18.9950008392334,684400
2013-10-02,19.09000015258789,388600
2013-10-03,19.079999923706055,399000
2013-10-04,19.385000228881836,385200
2013-10-07,19.395000457763672,474400
2013-10-08,19.020000457763672,784000
2013-10-09,19.684999465942383,892800
2013-10-10,20.06999969482422,519200
2013-10-11,20.059999465942383,371200
2013-10-14,20.094999313354492,589600
2013-10-15,20.06999969482422,397000
2013-10-16,20.05500030517578,881800
2013-10-17,20.739999771118164,742600
2013-10-18,20.68000030517578,489200
2013-10-21,20.375,298200
2013-10-22,20.174999237060547,1051000
2013-10-23,19.850000381469727,362200
2013-10-24,19.68000030517578,375000
2013-10-25,19.684999465942383,407800
2013-10-28,20.25,403000
2013-10-29,20.40999984741211,411800
2013-10-30,20.280000686645508,328200
2013-10-31,20.3799991607666,314600
2013-11-01,20.045000076293945,219200
2013-11-04,20.40999984741211,429200
2013-11-05,20.049999237060547,392400
2013-11-06,19.9950008392334,763000
2013-11-07,19.934999465942383,754600
2013-11-08,19.905000686645508,1490400
2013-11-11,19.15999984741211,253800
2013-11-12,19.1299991607666,417600
2013-11-13,18.954999923706055,803200
2013-11-14,19.28499984741211,306400
2013-11-15,19.2450008392334,400000
2013-11-18,19.235000610351562,296000
2013-11-19,19.479999542236328,506600
2013-11-20,19.229999542236328,1096400
2013-11-21,19.100000381469727,579200
2013-11-22,18.5,550200
2013-11-25,18.3700008392334,311600
2013-11-26,17.864999771118164,1195400
2013-11-27,18.139999389648438,673200
2013-11-29,18.270000457763672,281600
2013-12-02,18.25,412800
2013-12-03,18.010000228881836,333400
2013-12-04,17.645000457763672,926000
2013-12-05,17.364999771118164,1057000
2013-12-06,17.209999084472656,1268600
2013-12-09,17.274999618530273,867600
2013-12-10,17.040000915527344,837400
2013-12-11,17.19499969482422,764600
2013-12-12,17.2549991607666,424400
2013-12-13,17.174999237060547,489600
2013-12-16,17.625,830400
2013-12-17,17.1299991607666,873000
2013-12-18,17.530000686645508,819600
2013-12-19,17.524999618530273,628400
2013-12-20,17.315000534057617,882200
2013-12-23,17.329999923706055,577400
2013-12-24,17.55500030517578,134000
2013-12-26,17.584999084472656,321400
2013-12-27,17.635000228881836,449600
2013-12-30,17.790000915527344,621800
2013-12-31,17.924999237060547,360400
2014-01-02,17.415000915527344,419600
2014-01-03,17.459999084472656,543600
2014-01-06,16.975000381469727,750200
2014-01-07,17.059999465942383,953600
2014-01-08,17.149999618530273,362000
2014-01-09,17.149999618530273,473000
2014-01-10,18.010000228881836,764600
2014-01-13,18.209999084472656,954000
2014-01-14,18.190000534057617,624400
2014-01-15,18.309999465942383,323600
2014-01-16,18.280000686645508,273200
2014-01-17,18.309999465942383,407800
2014-01-21,18.424999237060547,446200
2014-01-22,18.434999465942383,316400
2014-01-23,18.010000228881836,362600
2014-01-24,17.584999084472656,411800
2014-01-27,17.549999237060547,693200
2014-01-28,17.665000915527344,525000
2014-01-29,17.71500015258789,391000
2014-01-30,18.2450008392334,687400
2014-01-31,18.135000228881836,312000
2014-02-03,17.614999771118164,535200
2014-02-04,18.15999984741211,812200
2014-02-05,18.084999084472656,382600
2014-02-06,18.700000762939453,687000
2014-02-07,18.875,470200
2014-02-10,18.594999313354492,479200
2014-02-11,18.93000030517578,406600
2014-02-12,18.75,445200
2014-02-13,18.69499969482422,513200
2014-02-14,18.9950008392334,414400
2014-02-18,19.315000534057617,407800
2014-02-19,19.375,712200
2014-02-20,19.93000030517578,588600
2014-02-21,20.1299991607666,623800
2014-02-24,20.235000610351562,644800
2014-02-25,19.360000610351562,909000
2014-02-26,19.469999313354492,551000
2014-02-27,19.709999084472656,429200
2014-02-28,19.614999771118164,285400
2014-03-03,19.665000915527344,413400
2014-03-04,20.155000686645508,388000
2014-03-05,20.18000030517578,610400
2014-03-06,20.165000915527344,372800
2014-03-07,19.5,1054600
2014-03-10,19.059999465942383,599600
2014-03-11,18.889999389648438,491000
2014-03-12,18.905000686645508,250400
2014-03-13,18.934999465942383,270200
2014-03-14,19.790000915527344,477400
2014-03-17,19.78499984741211,587600
2014-03-18,19.610000610351562,359800
2014-03-19,19.8799991607666,471000
2014-03-20,19.610000610351562,1165600
2014-03-21,19.139999389648438,1107000
2014-03-24,19.655000686645508,714000
2014-03-25,19.5,402600
2014-03-26,19.375,524200
2014-03-27,19.28499984741211,379600
2014-03-28,19.68000030517578,336600
2014-03-31,19.684999465942383,420200
2014-04-01,20.1200008392334,384400
2014-04-02,20.079999923706055,362600
2014-04-03,19.93000030517578,333800
2014-04-04,20.299999237060547,316400
2014-04-07,20.34000015258789,356800
2014-04-08,20.729999542236328,602000
2014-04-09,20.229999542236328,694000
2014-04-10,19.979999542236328,1109200
2014-04-11,20.125,549000
2014-04-14,20.424999237060547,383600
2014-04-15,20.065000534057617,403800
2014-04-16,20.475000381469727,431200
2014-04-17,20.510000228881836,443600
2014-04-21,20.399999618530273,334200
2014-04-22,20.325000762939453,186800
2014-04-23,19.940000534057617,318200
2014-04-24,20.264999389648438,221000
2014-04-25,20.579999923706055,466800
2014-04-28,19.895000457763672,509400
2014-04-29,19.6200008392334,374200
2014-04-30,19.850000381469727,312200
2014-05-01,20.045000076293945,272400
2014-05-02,20.104999542236328,344400
2014-05-05,20.270000457763672,235600
2014-05-06,20.389999389648438,210200
2014-05-07,20.55500030517578,514200
2014-05-08,20.43000030517578,361400
2014-05-09,20.520000457763672,308800
2014-05-12,20.485000610351562,361400
2014-05-13,20.454999923706055,385000
2014-05-14,21.040000915527344,428200
2014-05-15,20.864999771118164,358400
2014-05-16,22.024999618530273,442400
2014-05-19,22.170000076293945,1001000
2014-05-20,21.079999923706055,768200
2014-05-21,21.30500030517578,415200
2014-05-22,21.815000534057617,607800
2014-05-23,21.875,368800
2014-05-27,21.875,320400
2014-05-28,21.860000610351562,439200
2014-05-29,22.020000457763672,287200
2014-05-30,21.84000015258789,470800
2014-06-02,21.55500030517578,619600
2014-06-03,21.5,732200
2014-06-04,21.094999313354492,323000
2014-06-05,21.135000228881836,854800
2014-06-06,21.155000686645508,720800
2014-06-09,20.9950008392334,241600
2014-06-10,21.174999237060547,321600
2014-06-11,20.895000457763672,284400
2014-06-12,20.440000534057617,503000
2014-06-13,20.53499984741211,5805400
2014-06-16,20.434999465942383,288000
2014-06-17,20.229999542236328,220400
2014-06-18,20.434999465942383,344000
2014-06-19,20.295000076293945,401800
2014-06-20,20.229999542236328,496000
2014-06-23,20.540000915527344,326800
2014-06-24,20.760000228881836,573600
2014-06-25,20.540000915527344,696600
2014-06-26,20.475000381469727,374800
2014-06-27,20.315000534057617,299600
2014-06-30,20.829999923706055,396000
2014-07-01,20.94499969482422,430000
2014-07-02,21.059999465942383,266200
2014-07-03,20.90999984741211,127400
2014-07-07,22.170000076293945,450000
2014-07-08,21.905000686645508,772600
2014-07-09,22.790000915527344,486400
2014-07-10,21.950000762939453,496800
2014-07-11,22.25,397600
2014-07-14,22.350000381469727,192400
2014-07-15,22.415000915527344,251000
2014-07-16,22.639999389648438,249000
2014-07-17,22.21500015258789,190200
2014-07-18,22.825000762939453,310200
2014-07-21,23.334999084472656,401200
2014-07-22,23.31999969482422,233200
2014-07-23,22.934999465942383,252600
2014-07-24,23.0,276800
2014-07-25,23.149999618530273,192400
2014-07-28,23.469999313354492,207600
2014-07-29,23.21500015258789,190600
2014-07-30,23.110000610351562,243600
2014-07-31,22.454999923706055,467800
2014-08-01,22.725000381469727,454800
2014-08-04,23.274999618530273,334800
2014-08-05,22.93000030517578,283400
2014-08-06,22.510000228881836,253200
2014-08-07,22.815000534057617,226200
2014-08-08,23.1200008392334,376600
2014-08-11,23.815000534057617,407800
2014-08-12,23.764999389648438,339000
2014-08-13,23.649999618530273,279400
2014-08-14,23.575000762939453,305400
2014-08-15,23.280000686645508,329600
2014-08-18,23.4950008392334,345600
2014-08-19,23.219999313354492,339400
2014-08-20,23.354999542236328,164400
2014-08-21,23.204999923706055,292400
2014-08-22,23.1200008392334,356400
2014-08-25,23.225000381469727,326200
2014-08-26,23.364999771118164,379000
2014-08-27,23.59000015258789,285000
2014-08-28,23.264999389648438,532800
2014-08-29,23.030000686645508,191600
2014-09-02,23.204999923706055,235600
2014-09-03,23.25,310800
2014-09-04,23.110000610351562,179200
2014-09-05,23.489999771118164,223400
2014-09-08,24.125,356200
2014-09-09,23.864999771118164,261400
2014-09-10,23.899999618530273,173400
2014-09-11,23.665000915527344,106000
2014-09-12,23.700000762939453,195000
2014-09-15,23.405000686645508,181600
2014-09-16,23.739999771118164,184400
2014-09-17,23.809999465942383,238200
2014-09-18,23.7549991607666,165800
2014-09-19,23.954999923706055,555800
2014-09-22,23.850000381469727,345200
2014-09-23,23.875,236200
2014-09-24,24.059999465942383,180400
2014-09-25,23.735000610351562,308600
2014-09-26,24.024999618530273,219400
2014-09-29,23.854999542236328,356200
2014-09-30,24.049999237060547,408400
2014-10-01,23.235000610351562,311800
2014-10-02,22.604999542236328,367200
2014-10-03,22.59000015258789,326600
2014-10-06,23.094999313354492,464200
2014-10-07,23.0049991607666,405000
2014-10-08,22.924999237060547,492800
2014-10-09,22.46500015258789,396000
2014-10-10,22.145000457763672,512200
2014-10-13,22.81999969482422,412600
2014-10-14,22.850000381469727,173600
2014-10-15,22.80500030517578,445800
2014-10-16,22.55500030517578,571000
2014-10-17,23.145000457763672,647200
2014-10-20,23.53499984741211,591800
2014-10-21,23.889999389648438,381200
2014-10-22,23.860000610351562,256400
2014-10-23,23.7549991607666,324400
2014-10-24,23.905000686645508,251400
2014-10-27,23.2549991607666,285600
2014-10-28,22.350000381469727,358000
2014-10-29,22.3700008392334,374200
2014-10-30,22.700000762939453,186600
2014-10-31,22.674999237060547,231600
2014-11-03,22.489999771118164,296400
2014-11-04,22.485000610351562,157400
2014-11-05,22.459999084472656,221000
2014-11-06,22.020000457763672,176200
2014-11-07,21.729999542236328,246400
2014-11-10,21.860000610351562,338400
2014-11-11,22.170000076293945,184800
2014-11-12,22.200000762939453,399800
2014-11-13,22.405000686645508,228600
2014-11-14,22.485000610351562,192800
2014-11-17,22.635000228881836,197000
2014-11-18,22.760000228881836,221600
2014-11-19,22.704999923706055,112600
2014-11-20,22.30500030517578,231400
2014-11-21,23.094999313354492,359600
2014-11-24,22.844999313354492,230400
2014-11-25,22.704999923706055,254200
2014-11-26,23.184999465942383,112200
2014-11-28,23.049999237060547,210400
2014-12-01,23.264999389648438,323400
2014-12-02,23.274999618530273,265600
2014-12-03,23.19499969482422,154600
2014-12-04,23.040000915527344,133400
2014-12-05,23.0049991607666,198800
2014-12-08,22.170000076293945,434000
2014-12-09,22.799999237060547,345800
2014-12-10,22.514999389648438,202600
2014-12-11,22.670000076293945,367600
2014-12-12,22.149999618530273,214800
2014-12-15,21.520000457763672,584600
2014-12-16,21.344999313354492,348800
2014-12-17,21.75,423200
2014-12-18,22.540000915527344,371000
2014-12-19,22.28499984741211,456000
2014-12-22,22.575000762939453,343000
2014-12-23,22.334999084472656,307200
2014-12-24,22.719999313354492,189400
2014-12-26,22.760000228881836,232400
2014-12-29,22.684999465942383,208200
2014-12-30,22.69499969482422,236600
2014-12-31,22.614999771118164,166200
2015-01-02,22.454999923706055,257200
2015-01-05,22.1299991607666,333200
2015-01-06,22.100000381469727,493200
2015-01-07,22.149999618530273,385200
2015-01-08,22.469999313354492,327000
2015-01-09,22.584999084472656,267000
2015-01-12,22.53499984741211,269600
2015-01-13,22.514999389648438,309600
2015-01-14,22.405000686645508,325000
2015-01-15,22.5,316800
2015-01-16,22.905000686645508,403200
2015-01-20,23.1299991607666,221800
2015-01-21,23.44499969482422,445000
2015-01-22,23.434999465942383,270600
2015-01-23,23.415000915527344,251400
2015-01-26,22.415000915527344,983400
2015-01-27,22.809999465942383,483400
2015-01-28,22.549999237060547,728000
2015-01-29,22.770000457763672,189600
2015-01-30,22.049999237060547,332600
2015-02-02,22.03499984741211,376800
2015-02-03,22.239999771118164,634000
2015-02-04,22.31999969482422,329800
2015-02-05,22.3700008392334,144800
2015-02-06,22.084999084472656,217600
2015-02-09,22.540000915527344,210200
2015-02-10,22.344999313354492,149000
2015-02-11,22.25,100200
2015-02-12,22.655000686645508,446000
2015-02-13,23.05500030517578,478200
2015-02-17,22.524999618530273,211600
2015-02-18,22.389999389648438,141000
2015-02-19,22.184999465942383,419200
2015-02-20,22.479999542236328,147600
2015-02-23,22.389999389648438,223200
2015-02-24,22.4950008392334,237400
2015-02-25,22.770000457763672,280000
2015-02-26,22.895000457763672,213200
2015-02-27,22.549999237060547,290000
2015-03-02,22.604999542236328,245400
2015-03-03,22.7450008392334,247200
2015-03-04,22.450000762939453,231800
2015-03-05,22.360000610351562,195000
2015-03-06,22.674999237060547,429400
2015-03-09,22.30500030517578,215200
2015-03-10,22.184999465942383,360400
2015-03-11,22.049999237060547,181800
2015-03-12,22.065000534057617,126400
2015-03-13,22.145000457763672,167400
2015-03-16,22.545000076293945,146200
2015-03-17,22.15999984741211,142000
2015-03-18,22.709999084472656,240200
2015-03-19,22.270000457763672,291400
2015-03-20,22.264999389648438,317800
2015-03-23,22.315000534057617,243600
2015-03-24,22.30500030517578,267000
2015-03-25,21.780000686645508,327800
2015-03-26,21.364999771118164,277000
2015-03-27,21.559999465942383,183200
2015-03-30,21.924999237060547,237800
2015-03-31,21.770000457763672,432400
2015-04-01,21.635000228881836,276800
2015-04-02,21.760000228881836,129600
2015-04-06,21.93000030517578,117200
2015-04-07,21.729999542236328,139400
2015-04-08,22.05500030517578,166800
2015-04-09,22.024999618530273,237000
2015-04-10,22.09000015258789,171800
2015-04-13,21.6299991607666,359000
2015-04-14,21.829999923706055,238600
2015-04-15,21.68000030517578,135000
2015-04-16,21.770000457763672,177400
2015-04-17,21.690000534057617,220400
2015-04-20,21.71500015258789,321200
2015-04-21,21.764999389648438,236800
2015-04-22,21.829999923706055,172400
2015-04-23,22.1200008392334,242800
2015-04-24,22.420000076293945,202200
2015-04-27,22.309999465942383,259400
2015-04-28,21.709999084472656,299400
2015-04-29,21.3799991607666,418400
2015-04-30,20.690000534057617,737400
2015-05-01,20.645000457763672,259400
2015-05-04,21.3700008392334,300600
2015-05-05,21.084999084472656,828200
2015-05-06,21.15999984741211,619400
2015-05-07,21.540000915527344,299200
2015-05-08,21.860000610351562,393800
2015-05-11,21.454999923706055,243000
2015-05-12,21.114999771118164,161800
2015-05-13,21.434999465942383,150000
2015-05-14,21.540000915527344,345800
2015-05-15,21.584999084472656,324000
2015-05-18,21.40999984741211,983000
2015-05-19,21.584999084472656,3601000
2015-05-20,21.71500015258789,205400
2015-05-21,21.9950008392334,457800
2015-05-22,21.84000015258789,232400
2015-05-26,21.549999237060547,170400
2015-05-27,21.774999618530273,466800
2015-05-28,21.579999923706055,340200
2015-05-29,21.6299991607666,384800
2015-06-01,21.6299991607666,334800
2015-06-02,21.579999923706055,292000
2015-06-03,21.53499984741211,452800
2015-06-04,21.094999313354492,345800
2015-06-05,21.065000534057617,281600
2015-06-08,21.100000381469727,217400
2015-06-09,21.084999084472656,271600
2015-06-10,21.530000686645508,439600
2015-06-11,21.44499969482422,173400
2015-06-12,21.204999923706055,159200
2015-06-15,20.844999313354492,358800
2015-06-16,21.450000762939453,393400
2015-06-17,21.450000762939453,328400
2015-06-18,21.625,211800
2015-06-19,21.665000915527344,153800
2015-06-22,21.385000228881836,213200
2015-06-23,21.584999084472656,123800
2015-06-24,21.53499984741211,108600
2015-06-25,21.6299991607666,136000
2015-06-26,21.81999969482422,250000
2015-06-29,21.354999542236328,253800
2015-06-30,21.69499969482422,267000
2015-07-01,21.729999542236328,392400
2015-07-02,21.854999542236328,285600
2015-07-06,21.725000381469727,356200
2015-07-07,21.424999237060547,303000
2015-07-08,21.575000762939453,282800
2015-07-09,21.3799991607666,177800
2015-07-10,21.75,145800
2015-07-13,21.729999542236328,134600
2015-07-14,21.78499984741211,194000
2015-07-15,21.399999618530273,444400
2015-07-16,21.514999389648438,296000
2015-07-17,21.420000076293945,281600
2015-07-20,21.344999313354492,131800
2015-07-21,21.34000015258789,129600
2015-07-22,21.264999389648438,94200
2015-07-23,21.110000610351562,189600
2015-07-24,20.899999618530273,127800
2015-07-27,20.84000015258789,210200
2015-07-28,21.190000534057617,301600
2015-07-29,21.350000381469727,341400
2015-07-30,21.44499969482422,167400
2015-07-31,21.5049991607666,249600
2015-08-03,21.3799991607666,188200
2015-08-04,21.420000076293945,187400
2015-08-05,21.56999969482422,151200
2015-08-06,21.625,267600
2015-08-07,21.674999237060547,226800
2015-08-10,21.80500030517578,319000
2015-08-11,21.354999542236328,205600
2015-08-12,20.68000030517578,313000
2015-08-13,20.350000381469727,233600
2015-08-14,20.6200008392334,366000
2015-08-17,20.6299991607666,127600
2015-08-18,20.885000228881836,272000
2015-08-19,20.729999542236328,156400
2015-08-20,20.299999237060547,187200
2015-08-21,19.395000457763672,502600
2015-08-24,18.149999618530273,597600
2015-08-25,18.65999984741211,612600
2015-08-26,18.864999771118164,565000
2015-08-27,19.975000381469727,828000
2015-08-28,20.270000457763672,567000
2015-08-31,20.104999542236328,376600
2015-09-01,19.815000534057617,400400
2015-09-02,19.770000457763672,209200
2015-09-03,19.725000381469727,280600
2015-09-04,19.364999771118164,290400
2015-09-08,19.149999618530273,465400
2015-09-09,19.059999465942383,368600
2015-09-10,19.114999771118164,292600
2015-09-11,19.219999313354492,200400
2015-09-14,19.344999313354492,433000
2015-09-15,18.780000686645508,576200
2015-09-16,18.8799991607666,353200
2015-09-17,18.670000076293945,447800
2015-09-18,18.469999313354492,450000
2015-09-21,18.774999618530273,414200
2015-09-22,18.405000686645508,327600
2015-09-23,18.065000534057617,217000
2015-09-24,17.80500030517578,325600
2015-09-25,17.979999542236328,251000
2015-09-28,17.375,380600
2015-09-29,17.354999542236328,673600
2015-09-30,17.825000762939453,589600
2015-10-01,17.6299991607666,314200
2015-10-02,17.895000457763672,282600
2015-10-05,18.850000381469727,630000
2015-10-06,19.30500030517578,654800
2015-10-07,19.59000015258789,542200
2015-10-08,19.924999237060547,452400
2015-10-09,19.719999313354492,614400
2015-10-12,19.84000015258789,506600
2015-10-13,19.149999618530273,325000
2015-10-14,19.25,437800
2015-10-15,20.010000228881836,633000
2015-10-16,19.78499984741211,394600
2015-10-19,19.809999465942383,419800
2015-10-20,19.885000228881836,481600
2015-10-21,19.53499984741211,373400
2015-10-22,20.209999084472656,653200
2015-10-23,20.21500015258789,388000
2015-10-26,20.514999389648438,458000
2015-10-27,20.235000610351562,268800
2015-10-28,20.30500030517578,383200
2015-10-29,19.954999923706055,434800
2015-10-30,19.8799991607666,230400
2015-11-02,20.135000228881836,264200
2015-11-03,20.165000915527344,469000
2015-11-04,20.020000457763672,317400
2015-11-05,20.03499984741211,313800
2015-11-06,19.979999542236328,332400
2015-11-09,19.774999618530273,242200
2015-11-10,19.719999313354492,169800
2015-11-11,19.649999618530273,99000
2015-11-12,19.799999237060547,339800
2015-11-13,19.864999771118164,419200
2015-11-16,19.795000076293945,436800
2015-11-17,20.600000381469727,482600
2015-11-18,20.600000381469727,566800
2015-11-19,20.549999237060547,368600
2015-11-20,21.18000030517578,353200
2015-11-23,20.799999237060547,649600
2015-11-24,20.829999923706055,342800
2015-11-25,20.924999237060547,458400
2015-11-27,21.309999465942383,624200
2015-11-30,21.2549991607666,536400
2015-12-01,21.1299991607666,244800
2015-12-02,21.270000457763672,281200
2015-12-03,21.389999389648438,386600
2015-12-04,21.635000228881836,497200
2015-12-07,21.625,477400
2015-12-08,21.270000457763672,346600
2015-12-09,21.084999084472656,302400
2015-12-10,21.280000686645508,484600
2015-12-11,20.520000457763672,683000
2015-12-14,20.704999923706055,879800
2015-12-15,21.030000686645508,369400
2015-12-16,21.975000381469727,413800
2015-12-17,21.864999771118164,720600
2015-12-18,21.670000076293945,402600
2015-12-21,22.344999313354492,442200
2015-12-22,22.565000534057617,703600
2015-12-23,22.5049991607666,521400
2015-12-24,22.469999313354492,142600
2015-12-28,22.68000030517578,419800
2015-12-29,22.520000457763672,201600
2015-12-30,22.2450008392334,133400
2015-12-31,22.200000762939453,131400
2016-01-04,22.315000534057617,391000
2016-01-05,23.079999923706055,432000
2016-01-06,22.94499969482422,555800
2016-01-07,22.520000457763672,619400
2016-01-08,22.15999984741211,488200
2016-01-11,21.9950008392334,835600
2016-01-12,22.7549991607666,602800
2016-01-13,22.729999542236328,647600
2016-01-14,22.350000381469727,555400
2016-01-15,21.549999237060547,418800
2016-01-19,22.309999465942383,982800
2016-01-20,22.334999084472656,426200
2016-01-21,22.424999237060547,323800
2016-01-22,23.399999618530273,286200
2016-01-25,23.030000686645508,201000
2016-01-26,23.6200008392334,244400
2016-01-27,23.405000686645508,195800
2016-01-28,23.43000030517578,515600
2016-01-29,24.5,379400
2016-02-01,24.68000030517578,318800
2016-02-02,23.825000762939453,391400
2016-02-03,24.264999389648438,342000
2016-02-04,24.875,371800
2016-02-05,25.135000228881836,246600
2016-02-08,25.065000534057617,240800
2016-02-09,24.68000030517578,339800
2016-02-10,25.315000534057617,476200
2016-02-11,25.459999084472656,281400
2016-02-12,24.825000762939453,530600
2016-02-16,24.770000457763672,751200
2016-02-17,25.165000915527344,460000
2016-02-18,24.875,361600
2016-02-19,23.860000610351562,675800
2016-02-22,23.969999313354492,350000
2016-02-23,23.844999313354492,268800
2016-02-24,23.90999984741211,378600
2016-02-25,24.770000457763672,389200
2016-02-26,24.684999465942383,234400
2016-02-29,24.524999618530273,492600
2016-03-01,25.399999618530273,502800
2016-03-02,25.364999771118164,305000
2016-03-03,25.670000076293945,289200
2016-03-04,26.204999923706055,625000
2016-03-07,26.065000534057617,206600
2016-03-08,25.7450008392334,192000
2016-03-09,25.96500015258789,222400
2016-03-10,25.575000762939453,389200
2016-03-11,26.31999969482422,237600
2016-03-14,26.524999618530273,251200
2016-03-15,25.885000228881836,262200
2016-03-16,26.56999969482422,191600
2016-03-17,26.795000076293945,330400
2016-03-18,26.59000015258789,320400
2016-03-21,26.30500030517578,294600
2016-03-22,25.979999542236328,273400
2016-03-23,25.290000915527344,563600
2016-03-24,25.579999923706055,435800
2016-03-28,25.020000457763672,409400
2016-03-29,25.375,580600
2016-03-30,25.385000228881836,432200
2016-03-31,25.424999237060547,526400
2016-04-01,25.520000457763672,318200
2016-04-04,25.610000610351562,167400
2016-04-05,25.479999542236328,238000
2016-04-06,25.895000457763672,193400
2016-04-07,25.635000228881836,164000
2016-04-08,26.049999237060547,204800
2016-04-11,25.760000228881836,210200
2016-04-12,26.06999969482422,196000
2016-04-13,25.90999984741211,397800
2016-04-14,26.045000076293945,304200
2016-04-15,26.719999313354492,347400
2016-04-18,27.399999618530273,335800
2016-04-19,27.96500015258789,752200
2016-04-20,27.290000915527344,176600
2016-04-21,27.420000076293945,245400
2016-04-22,28.110000610351562,359600
2016-04-25,28.21500015258789,354200
2016-04-26,27.739999771118164,331400
2016-04-27,28.440000534057617,367800
2016-04-28,26.850000381469727,473000
2016-04-29,26.684999465942383,2436800
2016-05-02,26.68000030517578,2180000
2016-05-03,26.475000381469727,731000
2016-05-04,26.139999389648438,529200
2016-05-05,26.28499984741211,612800
2016-05-06,26.200000762939453,755400
2016-05-09,27.200000762939453,624200
2016-05-10,27.809999465942383,707000
2016-05-11,28.024999618530273,889800
2016-05-12,28.28499984741211,158600
2016-05-13,27.954999923706055,370800
2016-05-16,28.200000762939453,519600
2016-05-17,27.829999923706055,419000
2016-05-18,27.7549991607666,613000
2016-05-19,27.020000457763672,828200
2016-05-20,27.270000457763672,809600
2016-05-23,27.360000610351562,293400
2016-05-24,27.739999771118164,418800
2016-05-25,27.905000686645508,305200
2016-05-26,27.96500015258789,207000
2016-05-27,27.924999237060547,360600
2016-05-31,27.475000381469727,661600
2016-06-01,27.350000381469727,368600
2016-06-02,28.1299991607666,473800
2016-06-03,28.44499969482422,385400
2016-06-06,28.825000762939453,282800
2016-06-07,29.575000762939453,369600
2016-06-08,28.760000228881836,323600
2016-06-09,28.665000915527344,438200
2016-06-10,28.290000915527344,369400
2016-06-13,28.125,267600
2016-06-14,28.139999389648438,343800
2016-06-15,28.905000686645508,541000
2016-06-16,29.360000610351562,512200
2016-06-17,29.21500015258789,436800
2016-06-20,29.21500015258789,460200
2016-06-21,29.475000381469727,451600
2016-06-22,29.229999542236328,400800
2016-06-23,29.825000762939453,252400
2016-06-24,28.540000915527344,414800
2016-06-27,29.06999969482422,673000
2016-06-28,29.604999542236328,552400
2016-06-29,30.5,562400
2016-06-30,30.729999542236328,560600
2016-07-01,31.25,786200
2016-07-05,31.1299991607666,321400
2016-07-06,31.190000534057617,424800
2016-07-07,31.0,662200
2016-07-08,31.200000762939453,438000
2016-07-11,31.280000686645508,309200
2016-07-12,31.520000457763672,184000
2016-07-13,31.959999084472656,428200
2016-07-14,31.774999618530273,243000
2016-07-15,32.040000915527344,381000
2016-07-18,31.895000457763672,216200
2016-07-19,31.844999313354492,189400
2016-07-20,31.895000457763672,356600
2016-07-21,31.364999771118164,630600
2016-07-22,31.635000228881836,518000
2016-07-25,31.920000076293945,587600
2016-07-26,32.54999923706055,587800
2016-07-27,32.93000030517578,360600
2016-07-28,32.78499984741211,210400
2016-07-29,33.0,339200
2016-08-01,34.43000030517578,522600
2016-08-02,33.64500045776367,348600
2016-08-03,33.13999938964844,340200
2016-08-04,33.349998474121094,186200
2016-08-05,33.05500030517578,166800
2016-08-08,33.21500015258789,226800
2016-08-09,33.630001068115234,170000
2016-08-10,33.47999954223633,417800
2016-08-11,32.78499984741211,918000
2016-08-12,32.400001525878906,677800
2016-08-15,31.434999465942383,520800
2016-08-16,31.475000381469727,416800
2016-08-17,31.69499969482422,893000
2016-08-18,32.099998474121094,1516200
2016-08-19,31.440000534057617,265000
2016-08-22,31.440000534057617,265000
2016-08-23,31.5049991607666,164800
2016-08-24,31.5,546200
2016-08-25,31.700000762939453,352000
2016-08-26,31.364999771118164,559800
2016-08-29,31.190000534057617,346800
2016-08-30,31.014999389648438,141800
2016-08-31,31.145000457763672,330800
2016-09-01,31.049999237060547,316200
2016-09-02,31.700000762939453,293400
2016-09-06,32.07500076293945,279400
2016-09-07,31.875,261000
2016-09-08,31.825000762939453,283000
2016-09-09,30.28499984741211,413400
2016-09-12,30.739999771118164,346000
2016-09-13,30.155000686645508,297600
2016-09-14,30.18000030517578,251000
2016-09-15,31.239999771118164,695800
2016-09-16,31.190000534057617,669600
2016-09-19,31.770000457763672,584400
2016-09-20,31.225000381469727,320000
2016-09-21,32.27000045776367,755200
2016-09-22,32.27000045776367,239000
2016-09-23,32.025001525878906,362000
2016-09-26,32.040000915527344,451200
2016-09-27,32.64500045776367,484000
2016-09-28,32.70500183105469,375800
2016-09-29,32.849998474121094,584200
2016-09-30,33.040000915527344,410000
2016-10-03,33.494998931884766,595000
2016-10-04,32.790000915527344,527800
2016-10-05,32.72999954223633,390200
2016-10-06,32.415000915527344,363000
2016-10-07,32.1150016784668,378200
2016-10-10,32.06999969482422,197200
2016-10-11,31.795000076293945,510800
2016-10-12,31.905000686645508,593000
2016-10-13,32.099998474121094,650600
2016-10-14,32.375,860600
2016-10-17,32.459999084472656,343200
2016-10-18,32.369998931884766,244400
2016-10-19,32.244998931884766,253800
2016-10-20,32.189998626708984,317800
2016-10-21,32.224998474121094,255000
2016-10-24,32.41999816894531,262600
2016-10-25,31.829999923706055,280200
2016-10-26,32.099998474121094,367100
2016-10-27,32.5,354300
2016-10-28,32.040000915527344,260000
2016-10-31,32.4900016784668,240700
2016-11-01,31.780000686645508,248300
2016-11-02,31.809999465942383,408300
2016-11-03,31.329999923706055,345400
2016-11-04,31.40999984741211,369300
2016-11-07,32.20000076293945,107200
2016-11-08,32.689998626708984,288500
2016-11-09,31.190000534057617,314400
2016-11-10,30.25,1553600
2016-11-11,28.59000015258789,670700
2016-11-14,28.299999237060547,301600
2016-11-15,29.149999618530273,482300
2016-11-16,29.389999389648438,1215100
2016-11-17,29.860000610351562,543900
2016-11-18,29.3700008392334,250100
2016-11-21,29.200000762939453,190400
2016-11-22,29.25,285100
2016-11-23,28.770000457763672,472200
2016-11-25,28.280000686645508,529700
2016-11-28,28.350000381469727,218000
2016-11-29,28.3700008392334,143700
2016-11-30,28.100000381469727,303900
2016-12-01,27.90999984741211,269800
2016-12-02,28.59000015258789,535000
2016-12-05,28.780000686645508,884600
2016-12-06,28.81999969482422,750500
2016-12-07,28.84000015258789,715600
2016-12-08,29.280000686645508,664200
2016-12-09,29.260000228881836,923700
2016-12-12,29.15999984741211,221500
2016-12-13,29.709999084472656,598200
2016-12-14,28.850000381469727,228600
2016-12-15,28.920000076293945,291700
2016-12-16,28.469999313354492,262900
2016-12-19,28.260000228881836,490900
2016-12-20,27.639999389648438,450700
2016-12-21,27.940000534057617,321700
2016-12-22,27.610000610351562,283000
2016-12-23,27.809999465942383,149500
2016-12-27,27.920000076293945,179200
2016-12-28,28.100000381469727,225100
2016-12-29,28.889999389648438,850400
2016-12-30,29.15999984741211,734600
2017-01-03,28.989999771118164,388000
2017-01-04,29.309999465942383,350200
2017-01-05,29.56999969482422,574600
2017-01-06,29.600000381469727,330600
2017-01-09,30.049999237060547,497200
2017-01-10,29.639999389648438,273000
2017-01-11,29.43000030517578,317900
2017-01-12,29.459999084472656,375100
2017-01-13,29.459999084472656,300300
2017-01-17,29.59000015258789,410900
2017-01-18,29.239999771118164,376400
2017-01-19,29.299999237060547,977600
2017-01-20,28.18000030517578,590300
2017-01-23,29.0,356000
2017-01-24,29.34000015258789,306300
2017-01-25,29.290000915527344,302400
2017-01-26,29.420000076293945,615700
2017-01-27,29.309999465942383,207600
2017-01-30,29.100000381469727,214400
2017-01-31,29.420000076293945,314600
2017-02-01,29.209999084472656,685000
2017-02-02,29.399999618530273,710100
2017-02-03,29.489999771118164,531300
2017-02-06,29.479999542236328,463500
2017-02-07,29.3799991607666,203100
2017-02-08,29.18000030517578,276800
2017-02-09,29.239999771118164,219400
2017-02-10,29.399999618530273,315100
2017-02-13,29.31999969482422,479800
2017-02-14,28.670000076293945,842300
2017-02-15,28.979999542236328,450100
2017-02-16,28.90999984741211,213400
2017-02-17,28.940000534057617,203000
2017-02-21,28.850000381469727,439100
2017-02-22,28.989999771118164,920000
2017-02-23,29.1200008392334,307600
2017-02-24,29.100000381469727,336000
2017-02-27,28.989999771118164,258000
2017-02-28,28.5,337800
2017-03-01,28.65999984741211,496200
2017-03-02,28.25,799300
2017-03-03,28.940000534057617,746900
2017-03-06,29.190000534057617,438900
2017-03-07,29.15999984741211,269300
2017-03-08,28.690000534057617,173600
2017-03-09,29.350000381469727,269000
2017-03-10,29.309999465942383,228500
2017-03-13,29.649999618530273,196900
2017-03-14,29.93000030517578,379500
2017-03-15,30.40999984741211,371500
2017-03-16,30.90999984741211,352000
2017-03-17,30.969999313354492,412100
2017-03-20,30.8700008392334,271200
2017-03-21,30.559999465942383,294100
2017-03-22,30.649999618530273,347500
2017-03-23,30.809999465942383,274500
2017-03-24,30.829999923706055,247700
2017-03-27,30.8700008392334,207400
2017-03-28,30.780000686645508,109800
2017-03-29,31.049999237060547,144800
2017-03-30,31.139999389648438,211800
2017-03-31,31.170000076293945,299900
2017-04-03,31.440000534057617,400700
2017-04-04,31.809999465942383,217000
2017-04-05,31.459999084472656,230100
2017-04-06,30.93000030517578,330500
2017-04-07,31.040000915527344,205800
2017-04-10,30.809999465942383,180000
2017-04-11,30.969999313354492,281300
2017-04-12,31.010000228881836,171700
2017-04-13,30.829999923706055,164100
2017-04-17,30.760000228881836,509900
2017-04-18,30.6299991607666,174200
2017-04-19,30.309999465942383,166000
2017-04-20,30.81999969482422,417400
2017-04-21,32.54999923706055,488300
2017-04-24,32.75,385800
2017-04-25,32.900001525878906,432800
2017-04-26,32.63999938964844,442500
2017-04-27,32.560001373291016,235900
2017-04-28,32.75,454700
2017-05-01,32.650001525878906,146800
2017-05-02,33.189998626708984,287100
2017-05-03,33.08000183105469,306700
2017-05-04,32.52000045776367,252600
2017-05-05,32.52000045776367,338100
2017-05-08,32.400001525878906,128800
2017-05-09,32.380001068115234,251800
2017-05-10,32.70000076293945,168200
2017-05-11,32.63999938964844,139800
2017-05-12,33.15999984741211,250200
2017-05-15,32.79999923706055,207100
2017-05-16,32.540000915527344,304900
2017-05-17,31.969999313354492,299300
2017-05-18,32.13999938964844,313500
2017-05-19,34.25,380500
2017-05-22,33.709999084472656,246100
2017-05-23,33.16999816894531,216500
2017-05-24,33.33000183105469,245200
2017-05-25,33.36000061035156,128000
2017-05-26,33.630001068115234,130800
2017-05-30,32.97999954223633,412600
2017-05-31,32.970001220703125,372500
2017-06-01,33.06999969482422,302900
2017-06-02,33.09000015258789,282900
2017-06-05,32.939998626708984,307100
2017-06-06,32.689998626708984,342100
2017-06-07,32.599998474121094,212800
2017-06-08,32.59000015258789,265100
2017-06-09,32.4900016784668,174000
2017-06-12,32.540000915527344,147300
2017-06-13,32.84000015258789,162000
2017-06-14,32.70000076293945,176000
2017-06-15,32.86000061035156,188900
2017-06-16,33.189998626708984,523300
2017-06-19,33.34000015258789,215300
2017-06-20,33.40999984741211,191900
2017-06-21,33.79999923706055,164900
2017-06-22,33.779998779296875,185200
2017-06-23,33.72999954223633,205900
2017-06-26,33.939998626708984,190600
2017-06-27,33.66999816894531,283500
2017-06-28,34.0,153500
2017-06-29,33.650001525878906,361400
2017-06-30,33.66999816894531,241300
2017-07-03,34.7599983215332,516000
2017-07-05,33.93000030517578,612300
2017-07-06,34.36000061035156,851100
2017-07-07,34.34000015258789,462300
2017-07-10,34.209999084472656,141700
2017-07-11,34.38999938964844,153800
2017-07-12,34.959999084472656,171100
2017-07-13,34.59000015258789,191400
2017-07-14,34.72999954223633,134200
2017-07-17,34.630001068115234,194700
2017-07-18,34.630001068115234,119900
2017-07-19,34.68000030517578,197500
2017-07-20,34.66999816894531,197500
2017-07-21,34.20000076293945,161900
2017-07-24,34.66999816894531,210700
2017-07-25,35.11000061035156,333500
2017-07-26,34.93000030517578,251300
2017-07-27,34.779998779296875,191400
2017-07-28,35.060001373291016,177000
2017-07-31,35.029998779296875,244400
2017-08-01,35.88999938964844,331900
2017-08-02,35.63999938964844,259400
2017-08-03,35.16999816894531,167700
2017-08-04,35.060001373291016,128700
2017-08-07,35.04999923706055,133200
2017-08-08,35.0,181300
2017-08-09,35.11000061035156,181900
2017-08-10,34.810001373291016,292400
2017-08-11,35.31999969482422,175300
2017-08-14,35.540000915527344,190300
2017-08-15,35.439998626708984,119200
2017-08-16,35.84000015258789,136300
2017-08-17,35.43000030517578,126500
2017-08-18,35.45000076293945,283900
2017-08-21,35.77000045776367,175600
2017-08-22,36.119998931884766,173300
2017-08-23,35.9900016784668,175600
2017-08-24,35.720001220703125,175600
2017-08-25,35.709999084472656,126400
2017-08-28,35.709999084472656,113200
2017-08-29,35.560001373291016,149800
2017-08-30,35.43000030517578,145600
2017-08-31,35.31999969482422,159100
2017-09-01,35.41999816894531,152200
2017-09-05,34.849998474121094,290400
2017-09-06,35.43000030517578,206400
2017-09-07,35.40999984741211,224900
2017-09-08,35.47999954223633,169500
2017-09-11,35.720001220703125,224900
2017-09-12,35.47999954223633,182000
2017-09-13,35.209999084472656,254900
2017-09-14,35.040000915527344,259300
2017-09-15,35.5,266100
2017-09-18,35.310001373291016,101300
2017-09-19,35.2599983215332,188600
2017-09-20,34.959999084472656,193600
2017-09-21,35.0,167900
2017-09-22,34.77000045776367,174900
2017-09-25,34.81999969482422,285000
2017-09-26,34.7599983215332,527900
2017-09-27,34.63999938964844,269000
2017-09-28,34.75,203700
2017-09-29,34.29999923706055,478500
2017-10-02,34.29999923706055,504200
2017-10-03,34.439998626708984,226300
2017-10-04,34.400001525878906,295600
2017-10-05,34.43000030517578,243100
2017-10-06,34.25,224800
2017-10-09,34.189998626708984,195100
2017-10-10,33.70000076293945,266100
2017-10-11,32.369998931884766,691100
2017-10-12,32.439998626708984,320800
2017-10-13,32.540000915527344,351000
2017-10-16,32.540000915527344,346100
2017-10-17,32.29999923706055,451300
2017-10-18,31.3799991607666,838300
2017-10-19,31.309999465942383,496400
2017-10-20,31.610000610351562,304500
2017-10-23,31.239999771118164,220200
2017-10-24,30.81999969482422,431600
2017-10-25,30.010000228881836,574700
2017-10-26,30.270000457763672,324600
2017-10-27,30.06999969482422,478300
2017-10-30,30.0,403400
2017-10-31,30.040000915527344,378200
2017-11-01,29.420000076293945,515500
2017-11-02,29.889999389648438,341900
2017-11-03,30.09000015258789,203700
2017-11-06,30.739999771118164,669500
2017-11-07,30.43000030517578,648900
2017-11-08,30.030000686645508,337300
2017-11-09,30.510000228881836,399900
2017-11-10,30.329999923706055,244900
2017-11-13,30.010000228881836,379200
2017-11-14,29.860000610351562,472000
2017-11-15,30.399999618530273,287400
2017-11-16,30.670000076293945,472800
2017-11-17,30.809999465942383,429400
2017-11-20,30.639999389648438,253400
2017-11-21,30.81999969482422,379100
2017-11-22,31.06999969482422,209100
2017-11-24,31.799999237060547,235900
2017-11-27,31.229999542236328,494700
2017-11-28,31.209999084472656,373200
2017-11-29,30.75,233900
2017-11-30,31.079999923706055,334700
2017-12-01,30.639999389648438,259800
2017-12-04,30.850000381469727,168900
2017-12-05,30.979999542236328,294100
2017-12-06,30.829999923706055,159400
2017-12-07,30.889999389648438,243000
2017-12-08,30.739999771118164,268800
2017-12-11,30.799999237060547,323600
2017-12-12,30.6299991607666,170800
2017-12-13,31.200000762939453,422700
2017-12-14,31.079999923706055,267500
2017-12-15,31.1200008392334,286600
2017-12-18,31.190000534057617,173500
2017-12-19,30.780000686645508,175100
2017-12-20,30.6299991607666,171300
2017-12-21,31.040000915527344,274400
2017-12-22,31.350000381469727,188100
2017-12-26,31.479999542236328,142800
2017-12-27,31.360000610351562,171000
2017-12-28,32.029998779296875,267900
2017-12-29,32.220001220703125,265200
2018-01-02,32.459999084472656,326400
2018-01-03,31.209999084472656,399300
2018-01-04,31.110000610351562,309600
2018-01-05,31.670000076293945,231400
2018-01-08,31.760000228881836,225200
2018-01-09,31.139999389648438,304800
2018-01-10,31.0,197000
2018-01-11,31.1200008392334,342400
2018-01-12,31.34000015258789,186100
2018-01-16,31.65999984741211,237600
2018-01-17,31.75,226300
2018-01-18,31.5,379800
2018-01-19,31.260000228881836,430400
2018-01-22,31.25,396300
2018-01-23,30.84000015258789,587300
2018-01-24,30.229999542236328,1480700
2018-01-25,29.809999465942383,1902400
2018-01-26,31.360000610351562,563600
2018-01-29,29.780000686645508,494900
2018-01-30,29.809999465942383,231000
2018-01-31,30.049999237060547,206800
2018-02-01,30.15999984741211,403900
2018-02-02,29.549999237060547,254500
2018-02-05,28.920000076293945,430100
2018-02-06,29.540000915527344,456300
2018-02-07,29.219999313354492,321400
2018-02-08,28.600000381469727,466700
2018-02-09,28.829999923706055,433900
2018-02-12,29.25,385200
2018-02-13,29.770000457763672,303600
2018-02-14,29.84000015258789,510800
2018-02-15,30.100000381469727,255300
2018-02-16,30.229999542236328,302400
2018-02-20,30.06999969482422,174500
2018-02-21,29.84000015258789,312600
2018-02-22,29.6200008392334,535400
2018-02-23,29.690000534057617,393700
2018-02-26,29.770000457763672,311900
2018-02-27,29.06999969482422,349800
2018-02-28,29.030000686645508,333000
2018-03-01,29.329999923706055,485500
2018-03-02,29.450000762939453,202600
2018-03-05,29.450000762939453,198000
2018-03-06,29.389999389648438,187400
2018-03-07,29.549999237060547,236900
2018-03-08,30.06999969482422,264000
2018-03-09,30.15999984741211,242600
2018-03-12,30.15999984741211,182000
2018-03-13,29.549999237060547,348000
2018-03-14,29.350000381469727,393600
2018-03-15,28.809999465942383,398100
2018-03-16,28.139999389648438,429600
2018-03-19,27.65999984741211,444100
2018-03-20,26.510000228881836,528400
2018-03-21,27.25,489000
2018-03-22,26.59000015258789,496600
2018-03-23,26.100000381469727,315200
2018-03-26,26.440000534057617,214900
2018-03-27,26.1299991607666,347200
2018-03-28,26.239999771118164,314400
2018-03-29,26.420000076293945,329500
2018-04-02,26.3799991607666,289500
2018-04-03,26.65999984741211,217700
2018-04-04,26.81999969482422,288100
2018-04-05,26.770000457763672,949200
2018-04-06,26.530000686645508,587900
2018-04-09,26.969999313354492,1634200
2018-04-10,27.770000457763672,763900
2018-04-11,27.899999618530273,293000
2018-04-12,27.030000686645508,380000
2018-04-13,26.68000030517578,280600
2018-04-16,27.040000915527344,253900
2018-04-17,26.8700008392334,504200
2018-04-18,27.219999313354492,433200
2018-04-19,27.149999618530273,529500
2018-04-20,26.790000915527344,311300
2018-04-23,26.959999084472656,426200
2018-04-24,27.610000610351562,507600
2018-04-25,27.239999771118164,304400
2018-04-26,26.829999923706055,394800
2018-04-27,27.18000030517578,205800
2018-04-30,27.25,226800
2018-05-01,27.170000076293945,291300
2018-05-02,27.440000534057617,368900
2018-05-03,26.6299991607666,656400
2018-05-04,26.450000762939453,328600
2018-05-07,26.450000762939453,465500
2018-05-08,25.979999542236328,777700
2018-05-09,26.950000762939453,717600
2018-05-10,27.040000915527344,623500
2018-05-11,25.719999313354492,366600
2018-05-14,25.040000915527344,497900
2018-05-15,23.780000686645508,785000
2018-05-16,24.530000686645508,308600
2018-05-17,24.68000030517578,424200
2018-05-18,24.25,354000
2018-05-21,23.8799991607666,269500
2018-05-22,24.459999084472656,554800
2018-05-23,24.610000610351562,345300
2018-05-24,24.8700008392334,465800
2018-05-25,24.8799991607666,555500
2018-05-29,25.25,630900
2018-05-30,25.280000686645508,688500
2018-05-31,24.709999084472656,577300
2018-06-01,25.010000228881836,386400
2018-06-04,25.920000076293945,757500
2018-06-05,26.690000534057617,1178300
2018-06-06,27.059999465942383,1327500
2018-06-07,26.649999618530273,1332900
2018-06-08,26.200000762939453,1051000
2018-06-11,26.440000534057617,661300
2018-06-12,26.690000534057617,302700
2018-06-13,26.68000030517578,523800
2018-06-14,26.559999465942383,263400
2018-06-15,26.329999923706055,407800
2018-06-18,26.149999618530273,342400
2018-06-19,25.90999984741211,1041100
2018-06-20,26.3700008392334,788000
2018-06-21,25.459999084472656,657800
2018-06-22,25.549999237060547,313100
2018-06-25,25.729999542236328,359200
2018-06-26,25.8799991607666,261000
2018-06-27,25.559999465942383,414300
2018-06-28,25.739999771118164,403200
2018-06-29,26.010000228881836,301700
2018-07-02,25.5,536400
2018-07-03,25.670000076293945,247700
2018-07-05,26.600000381469727,358000
2018-07-06,26.969999313354492,374200
2018-07-09,27.440000534057617,456600
2018-07-10,27.760000228881836,540200
2018-07-11,27.729999542236328,673600
2018-07-12,28.399999618530273,450400
2018-07-13,27.68000030517578,179300
2018-07-16,27.170000076293945,257400
2018-07-17,27.149999618530273,325000
2018-07-18,27.469999313354492,428800
2018-07-19,26.829999923706055,265200
2018-07-20,27.389999389648438,362900
2018-07-23,27.719999313354492,307500
2018-07-24,27.889999389648438,211000
2018-07-25,27.280000686645508,214100
2018-07-26,27.06999969482422,266900
2018-07-27,27.420000076293945,182600
2018-07-30,27.149999618530273,232500
2018-07-31,24.520000457763672,692900
2018-08-01,24.3700008392334,391300
2018-08-02,23.75,1152800
2018-08-03,23.719999313354492,994400
2018-08-06,24.850000381469727,730000
2018-08-07,24.649999618530273,468100
2018-08-08,24.399999618530273,388300
2018-08-09,24.209999084472656,291700
2018-08-10,23.75,332600
2018-08-13,23.030000686645508,323800
2018-08-14,23.040000915527344,249400
2018-08-15,23.1299991607666,371500
2018-08-16,23.010000228881836,289000
2018-08-17,23.15999984741211,229800
2018-08-20,23.219999313354492,142200
2018-08-21,23.049999237060547,182800
2018-08-22,23.09000015258789,221900
2018-08-23,22.25,549300
2018-08-24,22.610000610351562,331200
2018-08-27,23.729999542236328,312900
2018-08-28,24.09000015258789,467900
2018-08-29,24.31999969482422,474800
2018-08-30,23.420000076293945,413500
2018-08-31,23.670000076293945,366500
2018-09-04,22.770000457763672,488200
2018-09-05,21.8799991607666,439600
2018-09-06,22.469999313354492,261200
2018-09-07,22.6200008392334,270900
2018-09-10,22.639999389648438,266700
2018-09-11,22.799999237060547,134400
2018-09-12,22.950000762939453,403600
2018-09-13,23.579999923706055,366900
2018-09-14,23.8799991607666,349700
2018-09-17,23.31999969482422,210800
2018-09-18,24.1299991607666,217400
2018-09-19,24.079999923706055,174200
2018-09-20,24.6299991607666,194400
2018-09-21,24.290000915527344,318400
2018-09-24,23.940000534057617,200000
2018-09-25,24.0,337700
2018-09-26,23.90999984741211,350000
2018-09-27,24.200000762939453,194500
2018-09-28,24.479999542236328,253900
2018-10-01,24.530000686645508,287500
2018-10-02,24.15999984741211,277400
2018-10-03,23.530000686645508,466900
2018-10-04,23.260000228881836,211300
2018-10-05,23.280000686645508,145300
2018-10-08,23.329999923706055,164400
2018-10-09,23.510000228881836,149100
2018-10-10,23.190000534057617,171200
2018-10-11,23.56999969482422,301600
2018-10-12,24.030000686645508,229700
2018-10-15,24.209999084472656,165300
2018-10-16,25.25,299800
2018-10-17,25.510000228881836,435300
2018-10-18,24.309999465942383,244600
2018-10-19,24.579999923706055,210800
2018-10-22,24.90999984741211,145500
2018-10-23,24.68000030517578,187600
2018-10-24,23.3799991607666,303400
2018-10-25,23.8799991607666,278800
2018-10-26,24.020000457763672,238200
2018-10-29,23.649999618530273,241200
2018-10-30,25.34000015258789,237900
2018-10-31,25.200000762939453,223600
2018-11-01,25.950000762939453,254000
2018-11-02,25.799999237060547,226700
2018-11-05,26.100000381469727,108600
2018-11-06,26.290000915527344,203900
2018-11-07,27.110000610351562,193000
2018-11-08,26.860000610351562,182500
2018-11-09,26.219999313354492,228500
2018-11-12,26.190000534057617,171300
2018-11-13,25.979999542236328,199000
2018-11-14,25.950000762939453,280100
2018-11-15,27.290000915527344,236900
2018-11-16,27.93000030517578,191600
2018-11-19,26.860000610351562,234900
2018-11-20,26.40999984741211,165100
2018-11-21,27.100000381469727,199100
2018-11-23,27.290000915527344,103200
2018-11-26,27.579999923706055,177600
2018-11-27,26.829999923706055,244400
2018-11-28,26.190000534057617,443400
2018-11-29,26.030000686645508,169800
2018-11-30,25.899999618530273,203000
2018-12-03,26.020000457763672,220200
2018-12-04,25.780000686645508,211900
2018-12-06,25.6299991607666,198700
2018-12-07,25.170000076293945,239600
2018-12-10,25.030000686645508,251700
2018-12-11,24.90999984741211,288700
2018-12-12,25.3799991607666,254100
2018-12-13,26.81999969482422,1857000
2018-12-14,25.780000686645508,1206000
2018-12-17,25.34000015258789,716700
2018-12-18,26.020000457763672,525900
2018-12-19,26.0,326000
2018-12-20,25.790000915527344,333600
2018-12-21,25.31999969482422,340600
2018-12-24,25.030000686645508,155500
2018-12-26,25.889999389648438,195000
2018-12-27,25.959999084472656,288300
2018-12-28,26.239999771118164,193100
2018-12-31,26.209999084472656,249900
2019-01-02,26.350000381469727,291100
2019-01-03,25.829999923706055,417400
2019-01-04,26.6299991607666,355700
2019-01-07,27.030000686645508,268100
2019-01-08,27.15999984741211,275200
2019-01-09,26.700000762939453,418600
2019-01-10,27.34000015258789,430300
2019-01-11,27.549999237060547,341800
2019-01-14,27.399999618530273,260700
2019-01-15,27.6299991607666,195000
2019-01-16,28.31999969482422,379200
2019-01-17,28.149999618530273,389700
2019-01-18,28.389999389648438,235300
2019-01-22,27.959999084472656,294400
2019-01-23,27.829999923706055,278600
2019-01-24,27.610000610351562,271700
2019-01-25,27.56999969482422,236200
2019-01-28,27.049999237060547,409300
2019-01-29,27.290000915527344,210600
2019-01-30,27.649999618530273,341300
2019-01-31,27.969999313354492,208200
2019-02-01,27.469999313354492,245400
2019-02-04,27.3799991607666,151100
2019-02-05,27.510000228881836,180800
2019-02-06,27.6200008392334,201200
2019-02-07,27.540000915527344,149700
2019-02-08,27.399999618530273,209400
2019-02-11,28.1200008392334,240500
2019-02-12,27.530000686645508,250200
2019-02-13,26.809999465942383,291200
2019-02-14,26.829999923706055,246000
2019-02-15,27.170000076293945,171500
2019-02-19,27.969999313354492,321200
2019-02-20,27.610000610351562,452900
2019-02-21,27.3799991607666,123800
2019-02-22,27.440000534057617,169600
2019-02-25,27.790000915527344,185300
2019-02-26,28.020000457763672,186600
2019-02-27,28.059999465942383,179800
2019-02-28,27.579999923706055,311800
2019-03-01,27.579999923706055,115400
2019-03-04,27.34000015258789,129700
2019-03-05,27.600000381469727,133500
2019-03-06,27.139999389648438,240100
2019-03-07,26.690000534057617,176500
2019-03-08,26.40999984741211,267300
2019-03-11,26.93000030517578,288500
2019-03-12,26.65999984741211,337600
2019-03-13,26.15999984741211,326700
2019-03-14,26.18000030517578,259100
2019-03-15,26.149999618530273,1552500
2019-03-18,26.670000076293945,337500
2019-03-19,26.549999237060547,274700
2019-03-20,26.6200008392334,290300
2019-03-21,26.850000381469727,222500
2019-03-22,26.360000610351562,201000
2019-03-25,26.729999542236328,257600
2019-03-26,26.959999084472656,201200
2019-03-27,26.81999969482422,207200
2019-03-28,27.049999237060547,246600
2019-03-29,27.459999084472656,554900
2019-04-01,27.670000076293945,175700
2019-04-02,27.43000030517578,227400
2019-04-03,27.600000381469727,257400
2019-04-04,28.06999969482422,264200
2019-04-05,28.43000030517578,232700
2019-04-08,27.84000015258789,282600
2019-04-09,27.68000030517578,228100
2019-04-10,27.770000457763672,146600
2019-04-11,27.149999618530273,155900
2019-04-12,27.270000457763672,156200
2019-04-15,27.40999984741211,118900
2019-04-16,27.479999542236328,171600
2019-04-17,27.979999542236328,250200
2019-04-18,27.59000015258789,464500
2019-04-22,26.969999313354492,645500
2019-04-23,27.489999771118164,156800
2019-04-24,26.950000762939453,310300
2019-04-25,26.850000381469727,144900
2019-04-26,27.530000686645508,259000
2019-04-29,27.030000686645508,225400
2019-04-30,26.75,425000
2019-05-01,26.479999542236328,171900
2019-05-02,26.850000381469727,265800
2019-05-03,26.979999542236328,149200
2019-05-06,26.770000457763672,193600
2019-05-07,26.799999237060547,190700
2019-05-08,26.829999923706055,189500
2019-05-09,26.520000457763672,135000
2019-05-10,26.520000457763672,184900
2019-05-13,25.780000686645508,246500
2019-05-14,26.1200008392334,137700
2019-05-15,25.549999237060547,246200
2019-05-16,25.239999771118164,240400
2019-05-17,24.31999969482422,382500
2019-05-20,24.8700008392334,307600
2019-05-21,24.700000762939453,283500
2019-05-22,24.34000015258789,178100
2019-05-23,24.969999313354492,337500
2019-05-24,25.489999771118164,343000
2019-05-28,25.559999465942383,719000
2019-05-29,25.920000076293945,595200
2019-05-30,26.09000015258789,274800
2019-05-31,26.969999313354492,290000
2019-06-03,27.229999542236328,305000
2019-06-04,27.139999389648438,312700
2019-06-05,27.34000015258789,185900
2019-06-06,27.3799991607666,140200
2019-06-07,27.700000762939453,136300
2019-06-10,28.030000686645508,193000
2019-06-11,27.209999084472656,211900
2019-06-12,27.399999618530273,323400
2019-06-13,27.690000534057617,435800
2019-06-14,27.559999465942383,120200
2019-06-17,27.200000762939453,157300
2019-06-18,28.010000228881836,186200
2019-06-19,28.65999984741211,324700
2019-06-20,28.549999237060547,206000
2019-06-21,27.950000762939453,595200
2019-06-24,28.270000457763672,245800
2019-06-25,28.31999969482422,143000
2019-06-26,28.299999237060547,146500
2019-06-27,28.93000030517578,151600
2019-06-28,29.239999771118164,247500
2019-07-01,29.559999465942383,238800
2019-07-02,29.889999389648438,209800
2019-07-03,29.760000228881836,142300
2019-07-05,30.059999465942383,183900
2019-07-08,30.020000457763672,170900
2019-07-09,30.149999618530273,389400
2019-07-10,30.31999969482422,169900
2019-07-11,30.040000915527344,134100
2019-07-12,29.809999465942383,181700
2019-07-15,30.25,460500
2019-07-16,30.209999084472656,191700
2019-07-17,30.1299991607666,123900
2019-07-18,30.290000915527344,207900
2019-07-19,30.190000534057617,482900
2019-07-22,30.209999084472656,300800
2019-07-23,30.010000228881836,704200
2019-07-24,29.639999389648438,481200
2019-07-25,29.649999618530273,252300
2019-07-26,29.68000030517578,195700
2019-07-29,30.049999237060547,152700
2019-07-30,29.899999618530273,221700
2019-07-31,30.1299991607666,372600
2019-08-01,30.139999389648438,240100
2019-08-02,30.049999237060547,158900
2019-08-05,28.780000686645508,319000
2019-08-06,29.360000610351562,180900
2019-08-07,29.770000457763672,205300
2019-08-08,30.200000762939453,146700
2019-08-09,30.280000686645508,224700
2019-08-12,29.649999618530273,132200
2019-08-13,30.030000686645508,148400
2019-08-14,29.729999542236328,179800
2019-08-15,30.219999313354492,213700
2019-08-16,30.479999542236328,169300
2019-08-19,30.65999984741211,134800
2019-08-20,31.020000457763672,194600
2019-08-21,30.719999313354492,185600
2019-08-22,30.90999984741211,111800
2019-08-23,30.31999969482422,139300
2019-08-26,30.559999465942383,129300
2019-08-27,30.93000030517578,130700
2019-08-28,30.889999389648438,85800
2019-08-29,30.979999542236328,144100
2019-08-30,31.420000076293945,130100
2019-09-03,30.770000457763672,317900
2019-09-04,30.690000534057617,224500
2019-09-05,30.809999465942383,161500
2019-09-06,29.940000534057617,233100
2019-09-09,30.329999923706055,123800
2019-09-10,30.399999618530273,77400
2019-09-11,30.299999237060547,122600
2019-09-12,30.219999313354492,190200
2019-09-13,29.780000686645508,158400
2019-09-16,30.040000915527344,185400
2019-09-17,30.639999389648438,201700
2019-09-18,30.229999542236328,216500
2019-09-19,30.139999389648438,328700
2019-09-20,30.3799991607666,413600
2019-09-23,30.239999771118164,121300
2019-09-24,29.780000686645508,139800
2019-09-25,29.709999084472656,294700
2019-09-26,30.579999923706055,178500
2019-09-27,30.079999923706055,142200
2019-09-30,30.110000610351562,175400
2019-10-01,29.81999969482422,162700
2019-10-02,29.6200008392334,83700
2019-10-03,29.8700008392334,87600
2019-10-04,30.010000228881836,108900
2019-10-07,29.139999389648438,163900
2019-10-08,28.84000015258789,286600
2019-10-09,29.309999465942383,320900
2019-10-10,29.329999923706055,142500
2019-10-11,29.639999389648438,110600
2019-10-14,29.510000228881836,70700
2019-10-15,29.399999618530273,168600
2019-10-16,29.3799991607666,87300
2019-10-17,29.280000686645508,69800
2019-10-18,29.540000915527344,116700
2019-10-21,29.719999313354492,83100
2019-10-22,29.75,179100
2019-10-23,30.010000228881836,213000
2019-10-24,30.510000228881836,327500
2019-10-25,30.190000534057617,391900
2019-10-28,30.309999465942383,177000
2019-10-29,30.25,280700
2019-10-30,30.059999465942383,189300
2019-10-31,28.8799991607666,305900
2019-11-01,29.170000076293945,181900
2019-11-04,29.489999771118164,224600
2019-11-05,29.690000534057617,92100
2019-11-06,29.290000915527344,95000
2019-11-07,29.280000686645508,90700
2019-11-08,29.1299991607666,102200
2019-11-11,29.170000076293945,85300
2019-11-12,29.520000457763672,155000
2019-11-13,29.219999313354492,135700
2019-11-14,29.0,180900
2019-11-15,29.1299991607666,119900
2019-11-18,28.510000228881836,403400
2019-11-19,28.559999465942383,120200
2019-11-20,28.790000915527344,129500
2019-11-21,28.5,72900
2019-11-22,28.56999969482422,96700
2019-11-25,27.989999771118164,504300
2019-11-26,27.84000015258789,476200
2019-11-27,27.489999771118164,174600
2019-11-29,27.670000076293945,103600
2019-12-02,27.75,197500
2019-12-03,27.899999618530273,367700
2019-12-04,28.440000534057617,123100
2019-12-05,28.6200008392334,184700
2019-12-06,28.899999618530273,145000
2019-12-09,28.790000915527344,156600
2019-12-10,28.6200008392334,111000
2019-12-11,28.639999389648438,144600
2019-12-12,27.969999313354492,294400
2019-12-13,28.229999542236328,188800
2019-12-16,28.15999984741211,321400
2019-12-17,28.34000015258789,155800
2019-12-18,28.389999389648438,106700
2019-12-19,27.979999542236328,347600
2019-12-20,28.510000228881836,166200
2019-12-23,28.59000015258789,97000
2019-12-24,28.469999313354492,59500
2019-12-26,28.530000686645508,65100
2019-12-27,28.40999984741211,136300
2019-12-30,28.360000610351562,114600
2019-12-31,28.5,280000
2020-01-02,28.530000686645508,86200
2020-01-03,28.40999984741211,125200
2020-01-06,28.40999984741211,109900
2020-01-07,28.139999389648438,106100
2020-01-08,28.3700008392334,71100
2020-01-09,28.40999984741211,100900
2020-01-10,28.850000381469727,82200
2020-01-13,29.290000915527344,174400
2020-01-14,28.639999389648438,97200
2020-01-15,28.1299991607666,187500
2020-01-16,28.149999618530273,300200
2020-01-17,27.93000030517578,181000
2020-01-21,28.149999618530273,240200
2020-01-22,28.09000015258789,132700
2020-01-23,28.329999923706055,106000
2020-01-24,28.530000686645508,197700
2020-01-27,27.860000610351562,139900
2020-01-28,28.280000686645508,86300
2020-01-29,28.459999084472656,81700
2020-01-30,28.079999923706055,97000
2020-01-31,27.56999969482422,119000
2020-02-03,27.34000015258789,151700
2020-02-04,27.360000610351562,633200
2020-02-05,27.719999313354492,206400
2020-02-06,27.6299991607666,56600
2020-02-07,27.440000534057617,59300
2020-02-10,27.68000030517578,92700
2020-02-11,27.6200008392334,227700
2020-02-12,27.780000686645508,182100
2020-02-13,26.860000610351562,184800
2020-02-14,26.579999923706055,95700
2020-02-18,26.34000015258789,123800
2020-02-19,26.579999923706055,141700
2020-02-20,26.440000534057617,132800
2020-02-21,26.809999465942383,144300
2020-02-24,26.100000381469727,171400
2020-02-25,25.579999923706055,243000
2020-02-26,25.31999969482422,185200
2020-02-27,24.5,301900
2020-02-28,24.25,196300
2020-03-02,24.59000015258789,295400
2020-03-03,25.350000381469727,208100
2020-03-04,26.610000610351562,389500
2020-03-05,26.079999923706055,482200
2020-03-06,25.790000915527344,587100
2020-03-09,23.459999084472656,271800
2020-03-10,24.440000534057617,309700
2020-03-11,23.1299991607666,193400
2020-03-12,21.299999237060547,224100
2020-03-13,22.969999313354492,284800
2020-03-16,20.940000534057617,284600
2020-03-17,20.600000381469727,332400
2020-03-18,18.270000457763672,295600
2020-03-19,16.3799991607666,473300
2020-03-20,17.219999313354492,427100
2020-03-23,16.510000228881836,349500
2020-03-24,16.940000534057617,350800
2020-03-25,17.010000228881836,363200
2020-03-26,18.719999313354492,531100
2020-03-27,18.899999618530273,373100
2020-03-30,19.790000915527344,590500
2020-03-31,19.25,280400
2020-04-01,18.450000762939453,299200
2020-04-02,19.280000686645508,405400
2020-04-03,19.25,264100
2020-04-06,20.34000015258789,325900
2020-04-07,20.049999237060547,305300
2020-04-08,19.459999084472656,311400
2020-04-09,19.899999618530273,281200
2020-04-13,20.100000381469727,167900
2020-04-14,20.579999923706055,270700
2020-04-15,19.610000610351562,152500
2020-04-16,19.040000915527344,273000
2020-04-17,20.559999465942383,312200
2020-04-20,19.700000762939453,319200
2020-04-21,19.1299991607666,401400
2020-04-22,20.079999923706055,625000
2020-04-23,19.709999084472656,178900
2020-04-24,19.690000534057617,193200
2020-04-27,20.270000457763672,202000
2020-04-28,20.059999465942383,279500
2020-04-29,21.579999923706055,405100
2020-04-30,21.690000534057617,458000
2020-05-01,21.110000610351562,330400
2020-05-04,21.31999969482422,521500
2020-05-05,21.510000228881836,321400
2020-05-06,20.850000381469727,466400
2020-05-07,21.280000686645508,324700
2020-05-08,21.299999237060547,363400
2020-05-11,21.260000228881836,370900
2020-05-12,20.75,222700
2020-05-13,20.719999313354492,254500
2020-05-14,20.6200008392334,198500
2020-05-15,20.670000076293945,163700
2020-05-18,21.889999389648438,228500
2020-05-19,21.59000015258789,441600
2020-05-20,21.020000457763672,443300
2020-05-21,20.719999313354492,227800
2020-05-22,20.600000381469727,246400
2020-05-26,21.639999389648438,333300
2020-05-27,21.309999465942383,294400
2020-05-28,21.079999923706055,174200
2020-05-29,21.350000381469727,290900
2020-06-01,21.600000381469727,183000
2020-06-02,22.510000228881836,322300
2020-06-03,23.239999771118164,309800
2020-06-04,23.059999465942383,392400
2020-06-05,23.09000015258789,324000
2020-06-08,23.15999984741211,244600
2020-06-09,22.09000015258789,312100
2020-06-10,22.139999389648438,571100
2020-06-11,20.979999542236328,201200
2020-06-12,21.350000381469727,262300
2020-06-15,21.600000381469727,270200
2020-06-16,22.1299991607666,443300
2020-06-17,22.799999237060547,1978600
2020-06-18,22.979999542236328,940100
2020-06-19,22.799999237060547,340500
2020-06-22,22.260000228881836,218900
2020-06-23,22.149999618530273,267500
2020-06-24,22.209999084472656,214000
2020-06-25,22.18000030517578,229900
2020-06-26,21.979999542236328,288400
2020-06-29,22.040000915527344,201300
2020-06-30,21.8799991607666,283300
2020-07-01,21.739999771118164,297500
2020-07-02,22.479999542236328,309800
2020-07-06,22.299999237060547,194000
2020-07-07,22.09000015258789,242000
2020-07-08,22.31999969482422,307600
2020-07-09,21.290000915527344,212700
2020-07-10,21.239999771118164,337900
2020-07-13,21.100000381469727,344300
2020-07-14,21.190000534057617,212200
2020-07-15,21.229999542236328,363000
2020-07-16,21.18000030517578,210400
2020-07-17,20.899999618530273,198600
2020-07-20,20.780000686645508,238600
2020-07-21,20.770000457763672,210900
2020-07-22,20.68000030517578,289700
2020-07-23,20.649999618530273,731600
2020-07-24,20.540000915527344,689800
2020-07-27,20.829999923706055,118700
2020-07-28,20.479999542236328,199200
2020-07-29,20.56999969482422,228800
2020-07-30,20.649999618530273,178300
2020-07-31,20.510000228881836,177500
2020-08-03,19.799999237060547,317300
2020-08-04,20.0,184100
2020-08-05,20.420000076293945,352700
2020-08-06,20.40999984741211,242400
2020-08-07,20.1200008392334,206000
2020-08-10,20.0,164800
2020-08-11,19.860000610351562,199600
2020-08-12,19.940000534057617,136500
2020-08-13,20.020000457763672,269200
2020-08-14,20.079999923706055,115400
2020-08-17,20.3799991607666,258400
2020-08-18,20.309999465942383,172400
2020-08-19,19.989999771118164,205000
2020-08-20,19.889999389648438,137100
2020-08-21,20.0,123900
2020-08-24,20.149999618530273,301700
2020-08-25,20.459999084472656,241100
2020-08-26,20.540000915527344,208000
2020-08-27,20.1299991607666,204400
2020-08-28,20.229999542236328,99800
2020-08-31,19.93000030517578,247400
2020-09-01,19.68000030517578,279800
2020-09-02,19.81999969482422,286400
2020-09-03,19.31999969482422,219700
2020-09-04,19.639999389648438,418400
2020-09-08,19.59000015258789,298400
2020-09-09,19.360000610351562,301100
2020-09-10,18.170000076293945,475400
2020-09-11,18.530000686645508,322200
2020-09-14,19.040000915527344,350700
2020-09-15,18.93000030517578,258900
2020-09-16,18.860000610351562,191100
2020-09-17,19.06999969482422,136600
2020-09-18,19.219999313354492,224200
2020-09-21,18.850000381469727,334400
2020-09-22,18.920000076293945,162800
2020-09-23,18.520000457763672,240400
2020-09-24,18.229999542236328,330500
2020-09-25,18.329999923706055,280300
2020-09-28,18.200000762939453,222400
2020-09-29,17.790000915527344,304300
2020-09-30,17.3700008392334,388600
2020-10-01,18.450000762939453,331400
2020-10-02,18.149999618530273,143000
2020-10-05,18.360000610351562,254200
2020-10-06,18.209999084472656,539100
2020-10-07,18.34000015258789,343500
2020-10-08,18.59000015258789,361100
2020-10-09,18.780000686645508,369600
2020-10-12,18.700000762939453,242000
2020-10-13,18.489999771118164,222600
2020-10-14,18.989999771118164,309700
2020-10-15,18.93000030517578,239700
2020-10-16,18.850000381469727,162000
2020-10-19,18.5,221000
2020-10-20,18.479999542236328,309100
2020-10-21,18.469999313354492,314500
2020-10-22,18.459999084472656,281500
2020-10-23,18.040000915527344,269800
2020-10-26,17.920000076293945,133200
2020-10-27,17.860000610351562,307000
2020-10-28,17.40999984741211,239300
2020-10-29,17.25,186700
2020-10-30,17.09000015258789,220400
2020-11-02,17.350000381469727,185200
2020-11-03,17.690000534057617,137800
2020-11-04,17.68000030517578,212700
2020-11-05,19.219999313354492,232300
2020-11-06,19.520000457763672,231900
2020-11-09,20.489999771118164,224500
2020-11-10,20.15999984741211,239400
2020-11-11,21.5,517200
2020-11-12,21.1299991607666,410000
2020-11-13,20.940000534057617,260400
2020-11-16,21.56999969482422,218800
2020-11-17,22.270000457763672,498900
2020-11-18,22.25,347500
2020-11-19,22.1200008392334,331600
2020-11-20,22.25,501200
2020-11-23,23.110000610351562,385700
2020-11-24,23.3700008392334,439000
2020-11-25,22.950000762939453,672000
2020-11-27,24.31999969482422,234700
2020-11-30,22.450000762939453,311600
2020-12-01,22.719999313354492,312400
2020-12-02,23.280000686645508,182900
2020-12-03,22.969999313354492,310000
2020-12-04,22.889999389648438,152700
2020-12-07,23.290000915527344,198400
2020-12-08,23.100000381469727,114100
2020-12-09,23.110000610351562,159000
2020-12-10,23.020000457763672,119600
2020-12-11,22.959999084472656,164700
2020-12-14,23.059999465942383,289400
2020-12-15,24.18000030517578,253500
2020-12-16,24.969999313354492,604700
2020-12-17,24.81999969482422,381100
2020-12-18,24.649999618530273,198200
2020-12-21,24.6200008392334,232300
2020-12-22,23.700000762939453,127900
2020-12-23,23.420000076293945,361000
2020-12-24,23.610000610351562,55300
2020-12-28,24.329999923706055,168800
2020-12-29,24.139999389648438,192600
2020-12-30,23.559999465942383,174100
2020-12-31,23.520000457763672,211400
2021-01-04,24.719999313354492,273700
2021-01-05,24.530000686645508,235900
2021-01-06,24.290000915527344,162200
2021-01-07,24.760000228881836,598000
2021-01-08,25.520000457763672,1446700
2021-01-11,25.229999542236328,1327100
2021-01-12,24.809999465942383,421700
2021-01-13,24.729999542236328,136100
2021-01-14,25.15999984741211,149800
2021-01-15,24.90999984741211,121600
2021-01-19,24.389999389648438,198200
2021-01-20,24.690000534057617,147100
2021-01-21,24.68000030517578,95100
2021-01-22,24.290000915527344,136500
2021-01-25,24.15999984741211,193500
2021-01-26,23.600000381469727,290400
2021-01-27,23.68000030517578,256100
2021-01-28,23.469999313354492,194300
2021-01-29,22.510000228881836,333300
2021-02-01,23.200000762939453,208700
2021-02-02,23.549999237060547,163400
2021-02-03,23.350000381469727,163200
2021-02-04,23.489999771118164,117300
2021-02-05,23.559999465942383,76300
2021-02-08,23.56999969482422,131400
2021-02-09,23.190000534057617,184100
2021-02-10,22.8799991607666,416100
2021-02-11,23.020000457763672,167400
2021-02-12,23.1200008392334,146400
2021-02-16,23.139999389648438,170400
2021-02-17,22.799999237060547,249100
2021-02-18,22.790000915527344,272300
2021-02-19,22.8799991607666,111300
2021-02-22,22.450000762939453,188400
2021-02-23,24.43000030517578,236300
2021-02-24,24.729999542236328,200000
2021-02-25,24.1200008392334,193300
2021-02-26,23.979999542236328,214200
2021-03-01,24.299999237060547,217700
2021-03-02,24.170000076293945,148100
2021-03-03,24.110000610351562,153200
2021-03-04,23.219999313354492,277600
2021-03-05,23.329999923706055,196900
2021-03-08,23.020000457763672,178300
2021-03-09,23.040000915527344,216600
2021-03-10,23.760000228881836,140000
2021-03-11,23.940000534057617,138500
2021-03-12,24.010000228881836,81900
2021-03-15,23.799999237060547,141800
2021-03-16,23.540000915527344,349400
2021-03-17,23.760000228881836,246000
2021-03-18,23.690000534057617,79400
2021-03-19,23.729999542236328,173200
2021-03-22,23.790000915527344,176100
2021-03-23,23.09000015258789,304000
2021-03-24,23.209999084472656,109900
2021-03-25,23.670000076293945,224400
2021-03-26,24.280000686645508,185200
2021-03-29,23.8700008392334,247200
2021-03-30,23.75,259200
2021-03-31,23.639999389648438,199500
2021-04-01,23.610000610351562,236700
2021-04-05,23.65999984741211,161000
2021-04-06,23.649999618530273,284500
2021-04-07,23.43000030517578,275600
2021-04-08,23.3700008392334,192600
2021-04-09,23.010000228881836,239200
2021-04-12,22.8700008392334,261200
2021-04-13,23.020000457763672,216300
2021-04-14,22.899999618530273,239600
2021-04-15,23.110000610351562,203900
2021-04-16,23.329999923706055,215200
2021-04-19,23.0,204400
2021-04-20,22.799999237060547,120700
2021-04-21,22.889999389648438,123100
2021-04-22,22.739999771118164,113800
2021-04-23,22.739999771118164,152300
2021-04-26,22.479999542236328,127000
2021-04-27,21.729999542236328,314600
2021-04-28,21.799999237060547,238500
2021-04-29,22.459999084472656,279200
2021-04-30,22.059999465942383,219300
2021-05-03,22.149999618530273,161900
2021-05-04,22.299999237060547,158400
2021-05-05,22.350000381469727,220000
2021-05-06,22.549999237060547,350800
2021-05-07,22.799999237060547,180900
2021-05-10,22.540000915527344,331500
2021-05-11,22.510000228881836,184100
2021-05-12,22.260000228881836,158700
2021-05-13,22.649999618530273,223100
2021-05-14,22.739999771118164,185200
2021-05-17,22.40999984741211,853700
2021-05-18,22.25,1300800
2021-05-19,22.299999237060547,1076700
2021-05-20,23.350000381469727,1025300
2021-05-21,22.84000015258789,505800
2021-05-24,22.760000228881836,396800
2021-05-25,23.09000015258789,328100
2021-05-26,23.209999084472656,145200
2021-05-27,23.549999237060547,493800
2021-05-28,23.219999313354492,298900
2021-06-01,23.780000686645508,303800
2021-06-02,24.25,209200
2021-06-03,24.329999923706055,217600
2021-06-04,25.34000015258789,2138900
2021-06-07,25.010000228881836,660900
2021-06-08,24.8799991607666,199900
2021-06-09,25.079999923706055,213000
2021-06-10,25.540000915527344,270600
2021-06-11,24.450000762939453,178700
2021-06-14,24.1299991607666,144900
2021-06-15,24.219999313354492,129900
2021-06-16,23.809999465942383,123500
2021-06-17,23.399999618530273,161500
2021-06-18,23.06999969482422,134300
2021-06-21,23.149999618530273,142600
2021-06-22,23.06999969482422,161700
2021-06-23,23.209999084472656,112800
2021-06-24,22.690000534057617,180200
2021-06-25,22.690000534057617,161800
2021-06-28,22.260000228881836,273700
2021-06-29,21.860000610351562,237500
2021-06-30,21.670000076293945,179400
2021-07-01,21.530000686645508,281600
2021-07-02,21.399999618530273,407400
2021-07-06,20.8700008392334,355000
2021-07-07,20.75,579000
2021-07-08,20.549999237060547,233700
2021-07-09,21.649999618530273,313800
2021-07-12,21.459999084472656,173000
2021-07-13,21.0,187200
2021-07-14,20.950000762939453,261600
2021-07-15,21.350000381469727,325700
2021-07-16,21.739999771118164,266000
2021-07-19,21.860000610351562,913300
2021-07-20,22.010000228881836,175400
2021-07-21,22.229999542236328,586300
2021-07-22,22.229999542236328,311300
2021-07-23,21.90999984741211,177700
2021-07-26,22.229999542236328,165300
2021-07-27,22.280000686645508,175200
2021-07-28,22.209999084472656,143900
2021-07-29,22.610000610351562,128400
2021-07-30,22.350000381469727,137900
2021-08-02,22.639999389648438,247200
2021-08-03,23.100000381469727,328600
2021-08-04,22.979999542236328,365300
2021-08-05,23.149999618530273,406100
2021-08-06,23.139999389648438,385800
2021-08-09,22.639999389648438,256200
2021-08-10,22.790000915527344,126200
2021-08-11,22.8700008392334,133700
2021-08-12,23.170000076293945,130700
2021-08-13,23.190000534057617,95200
2021-08-16,23.200000762939453,79400
2021-08-17,23.139999389648438,65400
2021-08-18,23.3799991607666,204100
2021-08-19,23.299999237060547,110000
2021-08-20,23.440000534057617,169300
2021-08-23,23.600000381469727,184600
2021-08-24,23.40999984741211,92600
2021-08-25,23.360000610351562,97700
2021-08-26,23.200000762939453,112800
2021-08-27,23.3799991607666,113900
2021-08-30,23.75,88400
2021-08-31,23.790000915527344,120100
2021-09-01,23.59000015258789,165000
2021-09-02,23.559999465942383,195900
2021-09-03,23.75,70600
2021-09-07,23.770000457763672,92400
2021-09-08,23.3799991607666,120500
2021-09-09,23.559999465942383,94700
2021-09-10,23.34000015258789,114500
2021-09-13,23.600000381469727,129700
2021-09-14,24.079999923706055,147400
2021-09-15,24.170000076293945,129100
2021-09-16,24.15999984741211,80100
2021-09-17,24.190000534057617,293100
2021-09-20,24.139999389648438,292300
2021-09-21,24.649999618530273,284000
2021-09-22,25.110000610351562,137100
2021-09-23,24.719999313354492,748400
2021-09-24,24.889999389648438,259100
2021-09-27,24.639999389648438,136900
2021-09-28,24.350000381469727,181800
2021-09-29,24.40999984741211,126000
2021-09-30,25.399999618530273,246800
2021-10-01,25.600000381469727,198600
2021-10-04,25.690000534057617,93000
2021-10-05,25.90999984741211,164500
2021-10-06,26.260000228881836,144300
2021-10-07,26.299999237060547,115600
2021-10-08,26.530000686645508,142000
2021-10-11,26.719999313354492,108200
2021-10-12,26.559999465942383,172500
2021-10-13,26.469999313354492,96900
2021-10-14,26.989999771118164,146100
2021-10-15,26.93000030517578,58400
2021-10-18,26.790000915527344,98900
2021-10-19,26.6200008392334,96600
2021-10-20,26.81999969482422,118600
2021-10-21,26.950000762939453,96900
2021-10-22,27.09000015258789,128000
2021-10-25,26.6200008392334,91000
2021-10-26,26.809999465942383,114400
2021-10-27,26.469999313354492,151300
2021-10-28,26.1299991607666,132900
2021-10-29,26.290000915527344,156000
2021-11-01,25.739999771118164,147500
2021-11-02,25.329999923706055,97200
2021-11-03,25.8799991607666,172200
2021-11-04,25.84000015258789,147600
2021-11-05,25.93000030517578,133200
2021-11-08,26.06999969482422,123500
2021-11-09,25.84000015258789,125700
2021-11-10,25.729999542236328,139000
2021-11-11,25.510000228881836,135300
2021-11-12,25.25,113800
2021-11-15,25.34000015258789,91700
2021-11-16,25.709999084472656,138700
2021-11-17,25.229999542236328,111600
2021-11-18,25.31999969482422,153800
2021-11-19,26.920000076293945,972400
2021-11-22,26.3700008392334,143900
2021-11-23,26.520000457763672,98000
2021-11-24,26.59000015258789,148200
2021-11-26,27.559999465942383,178800
2021-11-29,28.420000076293945,464800
2021-11-30,28.06999969482422,254500
2021-12-01,28.510000228881836,318900
2021-12-02,29.010000228881836,156100
2021-12-03,28.260000228881836,161600
2021-12-06,28.790000915527344,201100
2021-12-07,28.700000762939453,105100
2021-12-08,28.40999984741211,148700
2021-12-09,28.459999084472656,217300
2021-12-10,28.479999542236328,166900
2021-12-13,28.149999618530273,143700
2021-12-14,28.200000762939453,120800
2021-12-15,28.420000076293945,146900
2021-12-16,28.360000610351562,168400
2021-12-17,27.969999313354492,208700
2021-12-20,28.299999237060547,146100
2021-12-21,28.549999237060547,211200
2021-12-22,28.719999313354492,108100
2021-12-23,28.84000015258789,167300
2021-12-27,28.959999084472656,186200
2021-12-28,29.219999313354492,198200
2021-12-29,29.6299991607666,327600
2021-12-30,29.489999771118164,267000
2021-12-31,28.989999771118164,198500
2022-01-03,29.190000534057617,115100
2022-01-04,29.450000762939453,106800
2022-01-05,28.389999389648438,337000
2022-01-06,28.760000228881836,103100
2022-01-07,28.989999771118164,104700
2022-01-10,28.989999771118164,130200
2022-01-11,29.020000457763672,122200
2022-01-12,29.010000228881836,79200
2022-01-13,29.260000228881836,105900
2022-01-14,29.68000030517578,385000
2022-01-18,29.489999771118164,457800
2022-01-19,29.799999237060547,361000
2022-01-20,29.40999984741211,410500
2022-01-21,29.540000915527344,162500
2022-01-24,29.3700008392334,265100
2022-01-25,29.860000610351562,279900
2022-01-26,30.0,828900
2022-01-27,29.670000076293945,446000
2022-01-28,29.81999969482422,271800
2022-01-31,29.729999542236328,236600
2022-02-01,29.5,177800
2022-02-02,29.350000381469727,177000
2022-02-03,29.270000457763672,231800
2022-02-04,29.299999237060547,190300
2022-02-07,29.639999389648438,2286800
2022-02-08,29.3799991607666,1534200
2022-02-09,29.690000534057617,199600
2022-02-10,30.290000915527344,1040300
2022-02-11,30.450000762939453,433200
2022-02-14,30.25,269300
2022-02-15,30.81999969482422,191900
2022-02-16,30.850000381469727,151700
2022-02-17,30.469999313354492,160500
2022-02-18,30.459999084472656,162300
2022-02-22,29.940000534057617,185100
2022-02-23,29.93000030517578,251900
2022-02-24,29.299999237060547,475800
2022-02-25,30.229999542236328,171000
2022-02-28,29.709999084472656,170600
2022-03-01,30.040000915527344,190000
2022-03-02,29.81999969482422,178800
2022-03-03,29.899999618530273,130400
2022-03-04,30.459999084472656,174700
2022-03-07,30.84000015258789,207600
2022-03-08,31.3700008392334,399700
2022-03-09,31.469999313354492,227400
2022-03-10,31.65999984741211,295500
2022-03-11,32.189998626708984,201900
2022-03-14,31.989999771118164,237500
2022-03-15,32.45000076293945,279900
2022-03-16,32.66999816894531,255100
2022-03-17,31.639999389648438,273900
2022-03-18,31.989999771118164,231500
2022-03-21,32.15999984741211,209400
2022-03-22,32.02000045776367,170600
2022-03-23,31.940000534057617,190900
2022-03-24,32.06999969482422,134100
2022-03-25,31.959999084472656,176500
2022-03-28,32.150001525878906,122500
2022-03-29,32.099998474121094,210400
2022-03-30,32.310001373291016,121800
2022-03-31,31.950000762939453,572000
2022-04-01,31.829999923706055,550600
2022-04-04,31.43000030517578,320000
2022-04-05,31.350000381469727,179200
2022-04-06,31.200000762939453,383900
2022-04-07,31.3700008392334,221000
2022-04-08,31.649999618530273,1009300
2022-04-11,31.59000015258789,492600
2022-04-12,31.860000610351562,536300
2022-04-13,32.66999816894531,229200
2022-04-14,32.869998931884766,165600
2022-04-18,32.86000061035156,133000
2022-04-19,32.90999984741211,217300
2022-04-20,32.45000076293945,204000
2022-04-21,31.860000610351562,181600
2022-04-22,31.420000076293945,210800
2022-04-25,31.860000610351562,300100
2022-04-26,32.5,395300
2022-04-27,32.5,226300
2022-04-28,32.349998474121094,203300
2022-04-29,31.81999969482422,198000
2022-05-02,31.280000686645508,241800
2022-05-03,31.889999389648438,264300
2022-05-04,32.959999084472656,178200
2022-05-05,32.380001068115234,183700
2022-05-06,31.729999542236328,370200
2022-05-09,29.040000915527344,302000
2022-05-10,29.489999771118164,274000
2022-05-11,29.68000030517578,279100
2022-05-12,29.6299991607666,211000
2022-05-13,29.260000228881836,181000
2022-05-16,29.420000076293945,197800
2022-05-17,28.899999618530273,248000
2022-05-18,28.3700008392334,261900
2022-05-19,28.530000686645508,279400
2022-05-20,28.329999923706055,487900
2022-05-23,28.360000610351562,327200
2022-05-24,28.700000762939453,205000
2022-05-25,28.809999465942383,141700
2022-05-26,28.90999984741211,189100
2022-05-27,29.299999237060547,230000
2022-05-31,29.360000610351562,398500
2022-06-01,29.229999542236328,131500
2022-06-02,29.920000076293945,230800
2022-06-03,29.56999969482422,175300
2022-06-06,29.450000762939453,111500
2022-06-07,29.270000457763672,175100
2022-06-08,28.93000030517578,178200
2022-06-09,28.299999237060547,192300
2022-06-10,27.520000457763672,290700
2022-06-13,27.0,225400
2022-06-14,27.270000457763672,232400
2022-06-15,27.59000015258789,220400
2022-06-16,27.200000762939453,206800
2022-06-17,27.389999389648438,223500
2022-06-21,27.479999542236328,211900
2022-06-22,27.31999969482422,207400
2022-06-23,27.799999237060547,197900
2022-06-24,27.59000015258789,220800
2022-06-27,27.59000015258789,155700
2022-06-28,27.209999084472656,194600
2022-06-29,27.399999618530273,193700
2022-06-30,27.040000915527344,206300
2022-07-01,27.25,182500
2022-07-05,27.0,225900
2022-07-06,26.690000534057617,329400
2022-07-07,26.8799991607666,180000
2022-07-08,26.510000228881836,206300
2022-07-11,26.65999984741211,146900
2022-07-12,26.540000915527344,187500
2022-07-13,26.8700008392334,418700
2022-07-14,26.65999984741211,203800
2022-07-15,27.309999465942383,273100
2022-07-18,27.18000030517578,256300
2022-07-19,27.559999465942383,243400
2022-07-20,27.610000610351562,340100
2022-07-21,27.809999465942383,326700
2022-07-22,27.940000534057617,185800
2022-07-25,27.950000762939453,205900
2022-07-26,28.1299991607666,165600
2022-07-27,28.3799991607666,234200
2022-07-28,28.549999237060547,161900
2022-07-29,28.5,188500
2022-08-01,28.739999771118164,183000
2022-08-02,28.600000381469727,343700
2022-08-03,29.8799991607666,462400
2022-08-04,29.93000030517578,277100
2022-08-05,31.200000762939453,383300
2022-08-08,31.34000015258789,229700
2022-08-09,31.030000686645508,214600
2022-08-10,30.649999618530273,202200
2022-08-11,30.940000534057617,146700
2022-08-12,31.309999465942383,128200
2022-08-15,30.709999084472656,176100
2022-08-16,30.799999237060547,208700
2022-08-17,30.700000762939453,190100
2022-08-18,30.799999237060547,273500
2022-08-19,30.65999984741211,168800
2022-08-22,31.110000610351562,199900
2022-08-23,31.079999923706055,173900
2022-08-24,31.6299991607666,951400
2022-08-25,30.40999984741211,842500
2022-08-26,29.93000030517578,224400
2022-08-29,30.260000228881836,144400
2022-08-30,29.649999618530273,217200
2022-08-31,30.06999969482422,310400
2022-09-01,30.1200008392334,342400
2022-09-02,30.299999237060547,319400
2022-09-06,30.299999237060547,178400
2022-09-07,30.100000381469727,171800
2022-09-08,30.309999465942383,194700
2022-09-09,30.440000534057617,362800
2022-09-12,30.459999084472656,202400
2022-09-13,29.579999923706055,261800
2022-09-14,29.889999389648438,189500
2022-09-15,29.799999237060547,265500
2022-09-16,29.200000762939453,188300
2022-09-19,29.790000915527344,291500
2022-09-20,29.489999771118164,314800
2022-09-21,29.030000686645508,268900
2022-09-22,29.299999237060547,262000
2022-09-23,28.709999084472656,130100
2022-09-26,28.90999984741211,379300
2022-09-27,28.84000015258789,361400
2022-09-28,29.549999237060547,320500
2022-09-29,28.850000381469727,249400
2022-09-30,28.850000381469727,268800
2022-10-03,29.200000762939453,200400
2022-10-04,29.360000610351562,199000
2022-10-05,29.06999969482422,182500
2022-10-06,28.75,210300
2022-10-07,28.290000915527344,224900
2022-10-10,28.729999542236328,191300
2022-10-11,27.90999984741211,264800
2022-10-12,27.649999618530273,351000
2022-10-13,27.760000228881836,252500
2022-10-14,27.43000030517578,246800
2022-10-17,27.950000762939453,348800
2022-10-18,27.200000762939453,419800
2022-10-19,26.959999084472656,235000
2022-10-20,27.520000457763672,332600
2022-10-21,27.700000762939453,251000
2022-10-24,28.25,258400
2022-10-25,28.020000457763672,142700
2022-10-26,28.06999969482422,138200
2022-10-27,28.0,193700
2022-10-28,28.1299991607666,274100
2022-10-31,27.81999969482422,196200
2022-11-01,27.8700008392334,297900
2022-11-02,26.540000915527344,386600
2022-11-03,26.06999969482422,324500
2022-11-04,26.829999923706055,265300
2022-11-07,26.979999542236328,250900
2022-11-08,26.84000015258789,173900
2022-11-09,26.34000015258789,250700
2022-11-10,26.81999969482422,304900
2022-11-11,25.979999542236328,391500
2022-11-14,25.84000015258789,317400
2022-11-15,25.829999923706055,257400
2022-11-16,25.639999389648438,224800
2022-11-17,25.649999618530273,271700
2022-11-18,25.780000686645508,185600
2022-11-21,25.68000030517578,206700
2022-11-22,25.489999771118164,225800
2022-11-23,25.260000228881836,202900
2022-11-25,25.549999237060547,112500
2022-11-28,25.040000915527344,231500
2022-11-29,25.110000610351562,231400
2022-11-30,25.479999542236328,281900
2022-12-01,25.3799991607666,232400
2022-12-02,25.6200008392334,376200
2022-12-05,24.670000076293945,349600
2022-12-06,23.3700008392334,397600
2022-12-07,23.440000534057617,356300
2022-12-08,23.649999618530273,302900
2022-12-09,23.309999465942383,207000
2022-12-12,23.59000015258789,293100
2022-12-13,23.739999771118164,305000
2022-12-14,23.68000030517578,586800
2022-12-15,23.190000534057617,355700
2022-12-16,23.170000076293945,371200
2022-12-19,23.579999923706055,410600
2022-12-20,23.549999237060547,356100
2022-12-21,23.860000610351562,368900
2022-12-22,23.709999084472656,295800
2022-12-23,24.030000686645508,266900
2022-12-27,23.899999618530273,267100
2022-12-28,23.420000076293945,372600
2022-12-29,23.68000030517578,688400
2022-12-30,23.850000381469727,272900
2023-01-03,24.399999618530273,414800
2023-01-04,24.350000381469727,319900
2023-01-05,24.030000686645508,312200
2023-01-06,24.100000381469727,397800
2023-01-09,24.15999984741211,317900
2023-01-10,24.420000076293945,200600
2023-01-11,24.6299991607666,312600
2023-01-12,25.079999923706055,320200
2023-01-13,24.90999984741211,371700
2023-01-17,25.809999465942383,424400
2023-01-18,25.59000015258789,351700
2023-01-19,25.56999969482422,306100
2023-01-20,26.030000686645508,202500
2023-01-23,26.190000534057617,187900
2023-01-24,25.90999984741211,177000
2023-01-25,25.729999542236328,164100
2023-01-26,26.440000534057617,281700
2023-01-27,26.389999389648438,134300
2023-01-30,26.5,139300
2023-01-31,26.020000457763672,262500
2023-02-01,26.139999389648438,188200
2023-02-02,26.18000030517578,100800
2023-02-03,25.600000381469727,148600
2023-02-06,25.420000076293945,115300
2023-02-07,25.34000015258789,156200
2023-02-08,25.459999084472656,168700
2023-02-09,24.780000686645508,237800
2023-02-10,25.170000076293945,164900
2023-02-13,25.309999465942383,243800
2023-02-14,25.389999389648438,167500
2023-02-15,24.959999084472656,157000
2023-02-16,24.8700008392334,139000
2023-02-17,24.860000610351562,156500
2023-02-21,25.09000015258789,272000
2023-02-22,25.540000915527344,297400
2023-02-23,25.860000610351562,297500
2023-02-24,26.149999618530273,325700
2023-02-27,25.940000534057617,148200
2023-02-28,25.760000228881836,340500
2023-03-01,25.8799991607666,184100
2023-03-02,25.709999084472656,252100
2023-03-03,26.020000457763672,246500
2023-03-06,25.68000030517578,376100
2023-03-07,25.350000381469727,272800
2023-03-08,25.700000762939453,247300
2023-03-09,25.670000076293945,161800
2023-03-10,25.989999771118164,170400
2023-03-13,26.09000015258789,311000
2023-03-14,26.3799991607666,184700
2023-03-15,26.040000915527344,197400
2023-03-16,26.809999465942383,526600
2023-03-17,26.399999618530273,544800
2023-03-20,26.290000915527344,293400
2023-03-21,26.670000076293945,202900
2023-03-22,26.59000015258789,143900
2023-03-23,27.010000228881836,176900
2023-03-24,27.040000915527344,146000
2023-03-27,26.969999313354492,165200
2023-03-28,27.18000030517578,177300
2023-03-29,27.399999618530273,148400
2023-03-30,27.43000030517578,127800
2023-03-31,27.270000457763672,178200
2023-04-03,27.5,160800
2023-04-04,27.549999237060547,187700
2023-04-05,28.09000015258789,249900
2023-04-06,28.3700008392334,202900
2023-04-10,28.600000381469727,207500
2023-04-11,28.850000381469727,202100
2023-04-12,28.899999618530273,242500
2023-04-13,29.56999969482422,195900
2023-04-14,29.34000015258789,161900
2023-04-17,28.770000457763672,189400
2023-04-18,28.770000457763672,143500
2023-04-19,28.479999542236328,188800
2023-04-20,28.530000686645508,128400
2023-04-21,28.43000030517578,110900
2023-04-24,28.549999237060547,135700
2023-04-25,28.40999984741211,143400
2023-04-26,29.15999984741211,301300
2023-04-27,29.309999465942383,138000
2023-04-28,28.799999237060547,121700
2023-05-01,28.510000228881836,149000
2023-05-02,28.540000915527344,205700
2023-05-03,28.219999313354492,156500
2023-05-04,28.31999969482422,117600
2023-05-05,28.600000381469727,136700
2023-05-08,27.829999923706055,277100
2023-05-09,27.799999237060547,147100
2023-05-10,28.309999465942383,172700
2023-05-11,27.690000534057617,345200
2023-05-12,27.030000686645508,652200
2023-05-15,27.139999389648438,170200
2023-05-16,26.940000534057617,117600
2023-05-17,26.940000534057617,125600
2023-05-18,26.8799991607666,103400
2023-05-19,26.600000381469727,400700
2023-05-22,27.110000610351562,157500
2023-05-23,27.020000457763672,102800
2023-05-24,27.68000030517578,195000
2023-05-25,27.31999969482422,173100
2023-05-26,27.559999465942383,150400
2023-05-30,27.549999237060547,86200
2023-05-31,27.229999542236328,218200
2023-06-01,27.209999084472656,178200
2023-06-02,27.489999771118164,116400
2023-06-05,27.700000762939453,148000
2023-06-06,27.690000534057617,104400
2023-06-07,27.920000076293945,154000
2023-06-08,28.209999084472656,157400
2023-06-09,28.229999542236328,114400
2023-06-12,28.079999923706055,282400
2023-06-13,27.93000030517578,218500
2023-06-14,26.829999923706055,168200
2023-06-15,27.079999923706055,96800
2023-06-16,26.709999084472656,191200
2023-06-20,26.729999542236328,163200
2023-06-21,26.549999237060547,234400
2023-06-22,26.43000030517578,154000
2023-06-23,26.309999465942383,106800
2023-06-26,26.40999984741211,156900
2023-06-27,26.549999237060547,106800
2023-06-28,26.450000762939453,109600
2023-06-29,26.649999618530273,128200
2023-06-30,26.670000076293945,118400
2023-07-03,26.420000076293945,100700
2023-07-05,26.40999984741211,154400
2023-07-06,26.260000228881836,123500
2023-07-07,26.170000076293945,151200
2023-07-10,25.920000076293945,134500
2023-07-11,26.079999923706055,255700
2023-07-12,26.40999984741211,181200
2023-07-13,26.190000534057617,182900
2023-07-14,26.170000076293945,262800
2023-07-17,25.8799991607666,275800
2023-07-18,25.549999237060547,227000
2023-07-19,25.700000762939453,147400
2023-07-20,25.6299991607666,193700
2023-07-21,25.649999618530273,177200
2023-07-24,25.860000610351562,150300
2023-07-25,25.6299991607666,138400
2023-07-26,25.6299991607666,148300
2023-07-27,24.530000686645508,290100
2023-07-28,24.420000076293945,172000
2023-07-31,24.530000686645508,150100
2023-08-01,24.239999771118164,317000
2023-08-02,24.010000228881836,169300
2023-08-03,24.209999084472656,234700
2023-08-04,24.059999465942383,169700
2023-08-07,24.09000015258789,171200
2023-08-08,24.229999542236328,201700
2023-08-09,24.579999923706055,196300
2023-08-10,24.56999969482422,383300
2023-08-11,24.700000762939453,396100
2023-08-14,24.65999984741211,363200
2023-08-15,24.5,316400
2023-08-16,24.34000015258789,302700
2023-08-17,24.43000030517578,220300
2023-08-18,24.3799991607666,178400
2023-08-21,24.239999771118164,157400
2023-08-22,24.239999771118164,220700
2023-08-23,24.420000076293945,159000
2023-08-24,24.350000381469727,190700
2023-08-25,24.329999923706055,114700
2023-08-28,24.360000610351562,117300
2023-08-29,24.5,147100
2023-08-30,25.059999465942383,179200
2023-08-31,24.270000457763672,250600
2023-09-01,24.170000076293945,259700
2023-09-05,24.270000457763672,187300
2023-09-06,24.579999923706055,243500
2023-09-07,24.469999313354492,158300
2023-09-08,24.190000534057617,185800
2023-09-11,24.18000030517578,184000
2023-09-12,24.229999542236328,162300
2023-09-13,24.149999618530273,300000
2023-09-14,24.0,212200
2023-09-15,24.079999923706055,304900
2023-09-18,24.059999465942383,201400
2023-09-19,24.18000030517578,166300
2023-09-20,24.3799991607666,367800
2023-09-21,24.420000076293945,210200
2023-09-22,24.899999618530273,341500
2023-09-25,24.3700008392334,222100
2023-09-26,24.09000015258789,165000
2023-09-27,23.790000915527344,196400
2023-09-28,23.860000610351562,118000
2023-09-29,24.100000381469727,244400
2023-10-02,23.899999618530273,155000
2023-10-03,24.020000457763672,196900
2023-10-04,24.25,216300
2023-10-05,24.15999984741211,340800
2023-10-06,24.299999237060547,134800
2023-10-09,24.229999542236328,219000
2023-10-10,24.31999969482422,157100
2023-10-11,24.229999542236328,225900
2023-10-12,24.229999542236328,161400
2023-10-13,24.389999389648438,134000
2023-10-16,24.25,236100
2023-10-17,24.239999771118164,192700
2023-10-18,23.639999389648438,261600
2023-10-19,23.690000534057617,241700
2023-10-20,23.530000686645508,242900
2023-10-23,22.920000076293945,296200
2023-10-24,23.18000030517578,275200
2023-10-25,22.75,314100
2023-10-26,22.010000228881836,294900
2023-10-27,22.049999237060547,303700
2023-10-30,21.739999771118164,345400
2023-10-31,22.0,328500
2023-11-01,22.920000076293945,392500
2023-11-02,23.239999771118164,248900
2023-11-03,23.1299991607666,299500
2023-11-06,23.440000534057617,254900
2023-11-07,22.850000381469727,289400
2023-11-08,22.670000076293945,232600
2023-11-09,22.639999389648438,205300
2023-11-10,22.729999542236328,210200
2023-11-13,22.56999969482422,344200
2023-11-14,22.790000915527344,443900
2023-11-15,23.1200008392334,346900
2023-11-16,22.93000030517578,292500
2023-11-17,23.149999618530273,360700
2023-11-20,23.309999465942383,255400
2023-11-21,23.399999618530273,197100
2023-11-22,23.200000762939453,164300
2023-11-24,23.43000030517578,137500
2023-11-27,23.93000030517578,360800
2023-11-28,24.450000762939453,492500
2023-11-29,24.200000762939453,326800
2023-11-30,24.700000762939453,390600
2023-12-01,25.049999237060547,410900
2023-12-04,24.760000228881836,281800
2023-12-05,24.950000762939453,220800
2023-12-06,25.1299991607666,204100
2023-12-07,25.1299991607666,215800
2023-12-08,25.15999984741211,210200
2023-12-11,25.229999542236328,305600
2023-12-12,25.040000915527344,161700
2023-12-13,25.329999923706055,227100
2023-12-14,25.579999923706055,201200
2023-12-15,25.530000686645508,266500
2023-12-18,25.6299991607666,255500
2023-12-19,25.530000686645508,126800
2023-12-20,25.399999618530273,133000
2023-12-21,25.700000762939453,222800
2023-12-22,25.860000610351562,207100
2023-12-26,25.889999389648438,97600
2023-12-27,25.81999969482422,132800
2023-12-28,25.809999465942383,288000
2023-12-29,25.760000228881836,143500
2024-01-02,25.899999618530273,220700
2024-01-03,25.6200008392334,196300
2024-01-04,25.469999313354492,137200
2024-01-05,25.31999969482422,263200
2024-01-08,25.190000534057617,157700
2024-01-09,25.18000030517578,211800
2024-01-10,25.670000076293945,210000
2024-01-11,25.670000076293945,204300
2024-01-12,25.93000030517578,114400
2024-01-16,25.799999237060547,140400
2024-01-17,25.59000015258789,178900
2024-01-18,25.5,173600
2024-01-19,25.3799991607666,233200
2024-01-22,25.530000686645508,148300
2024-01-23,25.549999237060547,331700
2024-01-24,25.299999237060547,330900
2024-01-25,25.110000610351562,181200
2024-01-26,25.469999313354492,156800
2024-01-29,25.549999237060547,207000
2024-01-30,25.329999923706055,128100
2024-01-31,25.15999984741211,148400
2024-02-01,25.81999969482422,213500
2024-02-02,25.290000915527344,199300
2024-02-05,25.1299991607666,165400
2024-02-06,25.389999389648438,130200
2024-02-07,25.510000228881836,121200
2024-02-08,25.329999923706055,96900
2024-02-09,25.5,158500
2024-02-12,25.790000915527344,132300
2024-02-13,25.329999923706055,96600
2024-02-14,25.700000762939453,190200
2024-02-15,26.049999237060547,139300
2024-02-16,26.610000610351562,183400
2024-02-20,26.760000228881836,174600
2024-02-21,26.559999465942383,159300
2024-02-22,26.200000762939453,147900
2024-02-23,26.40999984741211,134800
2024-02-26,26.239999771118164,179000
2024-02-27,25.65999984741211,240200
2024-02-28,25.579999923706055,275800
2024-02-29,25.579999923706055,199600
2024-03-01,25.270000457763672,385600
2024-03-04,25.040000915527344,231800
2024-03-05,24.459999084472656,252400
2024-03-06,24.729999542236328,157300
2024-03-07,24.940000534057617,197100
2024-03-08,24.850000381469727,138900
2024-03-11,25.049999237060547,114200
2024-03-12,24.969999313354492,122600
2024-03-13,25.100000381469727,99100
2024-03-14,25.239999771118164,141300
2024-03-15,25.270000457763672,137800
2024-03-18,25.049999237060547,100200
2024-03-19,25.06999969482422,88600
2024-03-20,25.100000381469727,186500
2024-03-21,24.670000076293945,253100
2024-03-22,24.440000534057617,135200
2024-03-25,23.530000686645508,311600
2024-03-26,22.760000228881836,338100
2024-03-27,22.270000457763672,427200
2024-03-28,22.260000228881836,344900
2024-04-01,21.889999389648438,311000
2024-04-02,21.68000030517578,330000
2024-04-03,21.3799991607666,310400
2024-04-04,21.360000610351562,319400
2024-04-05,21.200000762939453,246200
2024-04-08,21.309999465942383,226100
2024-04-09,21.469999313354492,233400
2024-04-10,21.09000015258789,226300
2024-04-11,21.030000686645508,282800
2024-04-12,20.75,258200
2024-04-15,20.850000381469727,331700
2024-04-16,20.06999969482422,449300
2024-04-17,19.6200008392334,424800
2024-04-18,19.770000457763672,679700
2024-04-19,19.65999984741211,300200
2024-04-22,19.649999618530273,380100
2024-04-23,19.719999313354492,380300
2024-04-24,19.290000915527344,756100
2024-04-25,18.850000381469727,857100
2024-04-26,18.989999771118164,446900
2024-04-29,19.100000381469727,348500
2024-04-30,19.450000762939453,384000
2024-05-01,19.450000762939453,171200
2024-05-02,19.350000381469727,300800
2024-05-03,19.469999313354492,483800
2024-05-06,19.420000076293945,682800
2024-05-07,19.520000457763672,1765700
2024-05-08,19.15999984741211,314800
2024-05-09,19.280000686645508,205800
2024-05-10,19.239999771118164,208800
2024-05-13,19.18000030517578,374300
2024-05-14,19.309999465942383,254000
2024-05-15,19.59000015258789,244700
2024-05-16,19.760000228881836,535700
2024-05-17,18.790000915527344,253500
2024-05-20,18.649999618530273,179400
2024-05-21,18.389999389648438,212200
2024-05-22,18.329999923706055,292200
2024-05-23,18.260000228881836,407000
2024-05-24,18.309999465942383,166700
2024-05-28,18.149999618530273,519300
2024-05-29,17.479999542236328,561300
2024-05-30,17.399999618530273,474400
2024-05-31,17.969999313354492,381100
2024-06-03,18.149999618530273,354900
2024-06-04,18.489999771118164,543200
2024-06-05,18.65999984741211,502200
2024-06-06,18.719999313354492,415000
2024-06-07,18.56999969482422,393500
2024-06-10,18.3799991607666,266500
2024-06-11,17.850000381469727,353800
2024-06-12,18.139999389648438,555300
2024-06-13,17.600000381469727,425700
2024-06-14,17.25,739600
2024-06-17,17.25,423500
2024-06-18,16.84000015258789,2880200
2024-06-20,17.239999771118164,465700
2024-06-21,17.600000381469727,747600
2024-06-24,17.809999465942383,450800
2024-06-25,18.059999465942383,436400
2024-06-26,18.149999618530273,409600
2024-06-27,18.309999465942383,384700
2024-06-28,18.700000762939453,718400
2024-07-01,18.770000457763672,546900
2024-07-02,18.40999984741211,239900
2024-07-03,18.3799991607666,173000
2024-07-05,18.440000534057617,345400
2024-07-08,18.690000534057617,467100
2024-07-09,18.969999313354492,358000
2024-07-10,19.34000015258789,291700
2024-07-11,19.579999923706055,307700
2024-07-12,19.729999542236328,305900
2024-07-15,19.3799991607666,204900
2024-07-16,19.34000015258789,274700
2024-07-17,20.299999237060547,729500
2024-07-18,19.809999465942383,684300
2024-07-19,19.799999237060547,2059200
2024-07-22,19.399999618530273,720700
2024-07-23,19.399999618530273,183300
2024-07-24,18.979999542236328,459500
2024-07-25,19.100000381469727,308900
2024-07-26,19.18000030517578,201400
2024-07-29,18.90999984741211,326400
2024-07-30,17.709999084472656,546500
2024-07-31,17.84000015258789,555000
2024-08-01,17.59000015258789,836200
2024-08-02,17.549999237060547,359200
2024-08-05,17.030000686645508,675200
2024-08-06,17.3799991607666,608700
2024-08-07,17.360000610351562,859600
2024-08-08,17.81999969482422,497900
2024-08-09,17.850000381469727,354600
2024-08-12,18.06999969482422,323500
2024-08-13,18.200000762939453,198800
2024-08-14,18.280000686645508,293800
2024-08-15,18.399999618530273,355900
2024-08-16,18.8799991607666,787800
2024-08-19,19.190000534057617,1050100
2024-08-20,19.219999313354492,480500
2024-08-21,19.030000686645508,1289500
2024-08-22,18.780000686645508,434600
2024-08-23,19.18000030517578,375600
2024-08-26,19.360000610351562,237300
2024-08-27,19.280000686645508,292200
2024-08-28,19.350000381469727,346700
2024-08-29,19.459999084472656,291200
2024-08-30,19.600000381469727,751600
2024-09-03,19.649999618530273,337500
2024-09-04,19.81999969482422,285500
2024-09-05,19.530000686645508,323700
2024-09-06,19.610000610351562,487800
2024-09-09,19.760000228881836,690400
2024-09-10,19.559999465942383,553500
2024-09-11,20.06999969482422,1762700
2024-09-12,20.100000381469727,404700
2024-09-13,20.389999389648438,676900
2024-09-16,20.440000534057617,233500
2024-09-17,20.18000030517578,282000
2024-09-18,20.5,289700
2024-09-19,20.6200008392334,302000
2024-09-20,20.579999923706055,514400
2024-09-23,20.8700008392334,226100
2024-09-24,20.790000915527344,317200
2024-09-25,20.600000381469727,331700
2024-09-26,20.65999984741211,318400
2024-09-27,20.229999542236328,308400
2024-09-30,19.780000686645508,278100
2024-10-01,19.81999969482422,375400
2024-10-02,19.149999618530273,479300
2024-10-03,18.790000915527344,290700
2024-10-04,18.690000534057617,279200
2024-10-07,18.530000686645508,253500
2024-10-08,18.899999618530273,460900
2024-10-09,18.799999237060547,406000
2024-10-10,18.709999084472656,219600
2024-10-11,18.84000015258789,144700
2024-10-14,18.559999465942383,191200
2024-10-15,18.579999923706055,407100
2024-10-16,19.170000076293945,262300
2024-10-17,19.389999389648438,339900
2024-10-18,19.719999313354492,414400
2024-10-21,19.739999771118164,649000
2024-10-22,19.040000915527344,401400
2024-10-23,18.690000534057617,216900
2024-10-24,18.559999465942383,273600
2024-10-25,18.479999542236328,227100
2024-10-28,18.43000030517578,221200
2024-10-29,18.239999771118164,233900
2024-10-30,18.170000076293945,296900
2024-10-31,17.59000015258789,431100
2024-11-01,17.489999771118164,221700
2024-11-04,17.700000762939453,322300
2024-11-05,17.520000457763672,303600
2024-11-06,17.149999618530273,241600
2024-11-07,17.389999389648438,405100
2024-11-08,17.299999237060547,388100
2024-11-11,16.860000610351562,360400
2024-11-12,16.260000228881836,585400
2024-11-13,16.190000534057617,256300
2024-11-14,15.8100004196167,479100
2024-11-15,15.829999923706055,370700
2024-11-18,16.31999969482422,594700
2024-11-19,17.040000915527344,1019800
2024-11-20,16.530000686645508,667600
2024-11-21,16.950000762939453,709900
2024-11-22,17.079999923706055,839800
2024-11-25,17.170000076293945,637300
2024-11-26,16.84000015258789,662800
2024-11-27,16.809999465942383,389900
2024-11-29,17.079999923706055,310300
2024-12-02,16.75,519900
2024-12-03,17.59000015258789,842700
2024-12-04,17.5,632700
2024-12-05,17.15999984741211,481200
2024-12-06,17.209999084472656,258900
2024-12-09,17.1299991607666,559400
2024-12-10,17.260000228881836,348300
2024-12-11,17.6200008392334,762000
2024-12-12,17.270000457763672,491700
2024-12-13,16.829999923706055,373100
2024-12-16,16.5,1726800
2024-12-17,16.3700008392334,535000
2024-12-18,15.449999809265137,822000
2024-12-19,15.529999732971191,498100
2024-12-20,15.680000305175781,438600
2024-12-23,16.1200008392334,666900
2024-12-24,16.3799991607666,511000
2024-12-26,16.40999984741211,467600
2024-12-27,16.59000015258789,419200
2024-12-30,16.43000030517578,459200
2024-12-31,16.450000762939453,311100
2025-01-02,16.579999923706055,288600
2025-01-03,16.989999771118164,355800
2025-01-06,16.780000686645508,635800
2025-01-07,16.059999465942383,728300
2025-01-08,16.299999237060547,358700
2025-01-10,16.229999542236328,759400
2025-01-13,16.469999313354492,760000
2025-01-14,16.3700008392334,416600
2025-01-15,16.420000076293945,486300
2025-01-16,16.190000534057617,1791700
2025-01-17,16.479999542236328,494500
2025-01-21,16.350000381469727,716200
2025-01-22,16.989999771118164,428700
2025-01-23,16.959999084472656,368300
2025-01-24,17.049999237060547,326300
2025-01-27,17.329999923706055,625900
2025-01-28,17.09000015258789,291400
2025-01-29,16.799999237060547,338100
2025-01-30,16.299999237060547,739800
2025-01-31,16.020000457763672,1383000
2025-02-03,15.710000038146973,1915700
2025-02-04,15.960000038146973,1669300
2025-02-05,15.880000114440918,749900
2025-02-06,15.569999694824219,419800
2025-02-07,15.6899995803833,417900
2025-02-10,14.789999961853027,969800
2025-02-11,14.539999961853027,839800
2025-02-12,15.199999809265137,739700
2025-02-13,15.210000038146973,547900
2025-02-14,15.520000457763672,384400
2025-02-18,16.420000076293945,488500
2025-02-19,16.06999969482422,523400
2025-02-20,16.149999618530273,333200
2025-02-21,15.960000038146973,322600
2025-02-24,15.960000038146973,195800
2025-02-25,15.420000076293945,679000
2025-02-26,15.579999923706055,499300
2025-02-27,15.350000381469727,603400
2025-02-28,14.520000457763672,1442400
2025-03-03,14.680000305175781,880500
2025-03-04,14.710000038146973,1068800
2025-03-05,15.4399995803833,660400
2025-03-06,15.149999618530273,1069200
2025-03-07,15.170000076293945,1072300
2025-03-10,14.800000190734863,789900
2025-03-11,14.5600004196167,788800
2025-03-12,15.010000228881836,692100
2025-03-13,14.970000267028809,507200
2025-03-14,14.960000038146973,486900
2025-03-17,15.199999809265137,1271100
2025-03-18,14.869999885559082,1095100
2025-03-19,14.8100004196167,2104300
2025-03-20,14.350000381469727,1012300
2025-03-21,14.210000038146973,3639400
2025-03-24,14.029999732971191,1125800
2025-03-25,14.079999923706055,722200
2025-03-26,14.65999984741211,602300
2025-03-27,14.90999984741211,584100
2025-03-28,14.720000267028809,403900
2025-03-31,14.770000457763672,545400
2025-04-01,14.869999885559082,649500
2025-04-02,14.8100004196167,550200
2025-04-03,14.770000457763672,721100
2025-04-04,13.890000343322754,931300
2025-04-07,13.720000267028809,755100
2025-04-08,13.239999771118164,663900
2025-04-09,14.40999984741211,1100700
2025-04-10,14.119999885559082,488800
2025-04-11,14.300000190734863,715400
2025-04-14,14.619999885559082,577700
2025-04-15,14.680000305175781,529200
2025-04-16,14.640000343322754,657500
2025-04-17,15.289999961853027,635500
2025-04-21,15.279999732971191,1460500
2025-04-22,15.520000457763672,783800
2025-04-23,15.630000114440918,466900
2025-04-24,15.880000114440918,374800
2025-04-25,15.359999656677246,619400
2025-04-28,15.319999694824219,401200
2025-04-29,15.539999961853027,301000
2025-04-30,15.630000114440918,282600
2025-05-01,15.329999923706055,379500
2025-05-02,16.020000457763672,776300
2025-05-05,16.190000534057617,489100
2025-05-06,16.18000030517578,462900
2025-05-07,15.680000305175781,372600
2025-05-08,15.5600004196167,304900
2025-05-09,15.859999656677246,258300
2025-05-12,16.110000610351562,566700
2025-05-13,16.049999237060547,324200
2025-05-14,15.8100004196167,589800
2025-05-15,16.3700008392334,532400
2025-05-16,16.579999923706055,431800
2025-05-19,17.110000610351562,606300
2025-05-20,16.649999618530273,397000
2025-05-21,16.709999084472656,257300
2025-05-22,17.059999465942383,651900
2025-05-23,16.739999771118164,410000
2025-05-27,17.209999084472656,610700
2025-05-28,17.149999618530273,621700
2025-05-29,17.190000534057617,467400
2025-05-30,17.149999618530273,500000
2025-06-02,17.139999389648438,480200
2025-06-03,16.979999542236328,651000
2025-06-04,17.31999969482422,718500
2025-06-05,17.40999984741211,466900
2025-06-06,17.350000381469727,417600
2025-06-09,17.559999465942383,466200
2025-06-10,18.0,960900
2025-06-11,17.969999313354492,824600
2025-06-12,16.84000015258789,562500
2025-06-13,16.649999618530273,1081400
2025-06-16,16.809999465942383,507600
2025-06-17,16.579999923706055,490500
2025-06-18,16.639999389648438,692000
2025-06-20,16.040000915527344,762600
2025-06-23,15.899999618530273,854800
2025-06-24,16.059999465942383,346300
2025-06-25,15.90999984741211,518600
2025-06-26,16.520000457763672,790500
2025-06-27,16.479999542236328,468700
2025-06-30,16.940000534057617,615000
2025-07-01,17.149999618530273,539300
2025-07-02,17.020000457763672,512700
2025-07-03,16.829999923706055,503700
2025-07-07,16.600000381469727,290400
2025-07-08,16.389999389648438,430600
2025-07-09,16.3799991607666,373800
2025-07-10,16.56999969482422,435500
2025-07-11,16.6200008392334,536300
2025-07-14,16.489999771118164,407900
2025-07-15,16.229999542236328,468300
2025-07-16,16.3799991607666,628100
2025-07-17,17.0,665700
2025-07-18,16.940000534057617,449100
2025-07-21,17.18000030517578,393800
2025-07-22,17.469999313354492,551000
2025-07-23,17.56999969482422,474200
2025-07-24,17.399999618530273,439600
2025-07-25,17.350000381469727,596400
2025-07-28,17.299999237060547,967200
2025-07-29,17.549999237060547,396100
2025-07-30,17.549999237060547,865300
2025-07-31,17.600000381469727,818300
2025-08-01,17.84000015258789,876800
2025-08-04,18.219999313354492,574300
2025-08-05,18.079999923706055,906200
2025-08-06,18.0,1337500
2025-08-07,18.110000610351562,729400
2025-08-08,18.399999618530273,981400
2025-08-11,18.309999465942383,626600
2025-08-12,19.309999465942383,1080500
2025-08-13,20.389999389648438,1554800
2025-08-14,20.290000915527344,1886100
2025-08-15,20.06999969482422,1267300
2025-08-18,20.030000686645508,841500
2025-08-19,19.780000686645508,1512300
2025-08-20,19.809999465942383,820400
2025-08-21,19.75,390000
2025-08-22,19.90999984741211,417500
2025-08-25,20.1299991607666,581800
2025-08-26,19.850000381469727,373700
2025-08-27,19.530000686645508,523700
2025-08-28,19.549999237060547,297300
2025-08-29,19.389999389648438,475700
2025-09-02,18.920000076293945,743900
2025-09-03,19.049999237060547,466600
2025-09-04,19.239999771118164,310200
2025-09-05,19.420000076293945,273500
2025-09-08,19.209999084472656,307900
2025-09-09,18.829999923706055,860200
2025-09-10,19.190000534057617,334200
2025-09-11,19.049999237060547,832800
2025-09-12,19.229999542236328,761900
2025-09-15,19.979999542236328,722500
2025-09-16,19.899999618530273,543500
2025-09-17,20.049999237060547,465000
2025-09-18,19.6299991607666,381200
2025-09-19,19.520000457763672,726200
2025-09-22,19.420000076293945,258800
2025-09-23,19.43000030517578,339400
2025-09-24,19.079999923706055,434200
2025-09-25,18.690000534057617,506500
2025-09-26,18.860000610351562,203100
2025-09-29,18.8799991607666,481600
2025-09-30,18.81999969482422,606400
2025-10-01,18.700000762939453,575100
2025-10-02,18.899999618530273,451000
2025-10-03,18.459999084472656,344800
2025-10-06,18.209999084472656,365100
2025-10-07,18.3799991607666,378300
2025-10-08,18.209999084472656,420600
2025-10-09,18.15999984741211,248300
2025-10-10,18.290000915527344,398700
2025-10-13,18.540000915527344,366200
2025-10-14,18.209999084472656,401600
2025-10-15,18.739999771118164,221600
2025-10-16,18.049999237060547,784000
2025-10-17,17.959999084472656,474700
2025-10-20,18.079999923706055,389400
2025-10-21,19.540000915527344,736400
2025-10-22,19.219999313354492,611800
2025-10-23,20.31999969482422,1051000
2025-10-24,20.110000610351562,425900
2025-10-27,20.100000381469727,287500
2025-10-28,20.489999771118164,364900
2025-10-29,19.979999542236328,393300
2025-10-30,19.510000228881836,644600
2025-10-31,19.59000015258789,606000
2025-11-03,20.190000534057617,529500
2025-11-04,20.540000915527344,1113200
2025-11-05,20.940000534057617,646500
2025-11-06,20.479999542236328,419700
2025-11-07,20.68000030517578,329900
2025-11-10,20.709999084472656,294500
2025-11-11,21.149999618530273,339300
2025-11-12,21.209999084472656,418100
2025-11-13,20.56999969482422,349900
2025-11-14,20.979999542236328,637100
2025-11-17,21.06999969482422,967000
2025-11-18,21.299999237060547,788600
2025-11-19,21.34000015258789,797900
2025-11-20,21.110000610351562,595100
2025-11-21,20.920000076293945,361800
2025-11-24,21.899999618530273,755400
2025-11-25,22.18000030517578,517100
2025-11-26,22.360000610351562,278900
2025-11-28,21.549999237060547,407500
2025-12-01,21.959999084472656,540900
2025-12-02,21.56999969482422,361500
2025-12-03,21.780000686645508,331100
2025-12-04,21.920000076293945,342700
2025-12-05,21.829999923706055,362600
2025-12-08,21.719999313354492,303400
2025-12-09,21.479999542236328,382200
2025-12-10,21.959999084472656,274800
2025-12-11,21.59000015258789,286700
2025-12-12,21.469999313354492,356900
2025-12-15,21.170000076293945,453900
2025-12-16,21.329999923706055,498000
2025-12-17,21.299999237060547,547300
2025-12-18,21.0,610100
2025-12-19,20.8799991607666,848400
2025-12-22,20.84000015258789,323200
2025-12-23,20.940000534057617,273500
2025-12-24,21.09000015258789,151600
2025-12-26,21.209999084472656,367400
2025-12-29,21.110000610351562,505500
2025-12-30,21.040000915527344,300200
2025-12-31,21.049999237060547,236900
2026-01-02,21.079999923706055,398100
2026-01-05,21.459999084472656,513900
2026-01-06,21.360000610351562,547500
2026-01-07,21.280000686645508,438600
2026-01-08,21.399999618530273,456000
2026-01-09,20.780000686645508,562400
2026-01-12,21.389999389648438,632100
2026-01-13,21.809999465942383,460300
2026-01-14,21.969999313354492,454000
2026-01-15,21.81999969482422,377200
2026-01-16,21.739999771118164,341000
2026-01-20,21.670000076293945,492300
2026-01-21,21.760000228881836,827700
2026-01-22,22.799999237060547,897100
2026-01-23,22.450000762939453,491100
2026-01-26,22.760000228881836,358200
2026-01-27,23.43000030517578,415300
2026-01-28,20.510000228881836,812300
2026-01-29,20.850000381469727,732100
2026-01-30,21.1200008392334,394900
2026-02-02,20.90999984741211,410900
2026-02-03,21.040000915527344,613200
2026-02-04,20.290000915527344,534100
2026-02-05,19.8799991607666,756900
2026-02-06,20.489999771118164,363300
2026-02-09,20.649999618530273,755300
2026-02-10,20.700000762939453,672800
2026-02-11,21.170000076293945,329000
2026-02-12,21.190000534057617,449400
2026-02-13,20.90999984741211,591600
2026-02-17,21.1299991607666,723800
2026-02-18,20.8799991607666,476100
2026-02-19,20.829999923706055,364100
2026-02-20,21.0,375900
2026-02-23,21.270000457763672,327100
2026-02-24,21.299999237060547,794100
2026-02-25,21.649999618530273,564600
2026-02-26,21.540000915527344,1969300
2026-02-27,21.270000457763672,816600
2026-03-02,20.760000228881836,1005300
2026-03-03,20.700000762939453,1161100
2026-03-04,20.149999618530273,1660300
2026-03-05,19.520000457763672,850600
2026-03-06,19.229999542236328,694200
2026-03-09,19.149999618530273,868000
2026-03-10,18.450000762939453,1364600
2026-03-11,18.139999389648438,1232400
2026-03-12,17.959999084472656,833200
2026-03-13,17.780000686645508,1128500
2026-03-16,17.809999465942383,1015800
2026-03-17,18.239999771118164,822600
2026-03-18,18.079999923706055,441700
2026-03-19,18.260000228881836,324500
2026-03-20,18.1200008392334,831700
2026-03-23,18.639999389648438,760800
2026-03-24,18.670000076293945,779200
2026-03-25,19.110000610351562,540500
2026-03-26,18.770000457763672,468300
2026-03-27,18.1299991607666,929800
2026-03-30,18.15999984741211,708700
2026-03-31,18.68000030517578,494700
2026-04-01,18.799999237060547,740000
2026-04-02,18.770000457763672,408100
2026-04-06,18.610000610351562,370800
2026-04-07,18.520000457763672,632100
2026-04-08,18.93000030517578,582100
2026-04-09,18.920000076293945,573400
2026-04-10,18.780000686645508,580200
2026-04-13,18.649999618530273,732900
2026-04-14,18.420000076293945,851100
2026-04-15,18.40999984741211,742200
2026-04-16,18.479999542236328,517700
2026-04-17,18.510000228881836,839700
2026-04-20,18.170000076293945,1485200
2026-04-21,17.420000076293945,932200
2026-04-22,17.68000030517578,668800
2026-04-23,17.219999313354492,1487100
2026-04-24,16.690000534057617,1302500
2026-04-27,16.84000015258789,1575500
2026-04-28,16.68000030517578,1491700
2026-04-29,16.690000534057617,861100
2026-04-30,16.90999984741211,1203300
2026-05-01,16.639999389648438,1498600
2026-05-04,16.829999923706055,742900
2026-05-05,16.760000228881836,746500
2026-05-06,17.049999237060547,887600
2026-05-07,16.989999771118164,578600
2026-05-08,17.15999984741211,468500
2026-05-11,17.079999923706055,454600
2026-05-12,16.920000076293945,673500
2026-05-13,16.950000762939453,545700
2026-05-14,16.84000015258789,514900
2026-05-15,16.56999969482422,733800
2026-05-18,17.31999969482422,696100
2026-05-19,17.260000228881836,688500
2026-05-20,17.440000534057617,745500
2026-05-21,17.15999984741211,778000
2026-05-22,16.350000381469727,1266200
2026-05-26,16.600000381469727,1008600
2026-05-27,16.649999618530273,796000
2026-05-28,16.639999389648438,1236100
2026-05-29,16.420000076293945,927100
2026-06-01,16.360000610351562,1375700
2026-06-02,16.309999465942383,843000
2026-06-03,15.65999984741211,1180900
2026-06-04,16.020000457763672,682700
2026-06-05,15.539999961853027,1139800
2026-06-08,14.069999694824219,3054100
2026-06-09,14.699999809265137,1193900
2026-06-10,15.329999923706055,1650900
2026-06-11,15.880000114440918,1469700
2026-06-12,15.859999656677246,1890800
2026-06-15,16.09000015258789,1017800
2026-06-16,16.040000915527344,771100
2026-06-17,15.850000381469727,1982800
2026-06-18,14.880000114440918,2069600
2026-06-22,14.119999885559082,1183800
2026-06-23,14.430000305175781,984600
2026-06-24,14.229999542236328,1104300
2026-06-25,14.1899995803833,907800
2026-06-26,14.079999923706055,1404200
2026-06-29,13.670000076293945,1580100
2026-06-30,13.430000305175781,1422400
2026-07-01,13.729999542236328,752700
2026-07-02,13.890000343322754,876100
2026-07-06,13.949999809265137,551300
2026-07-07,13.949999809265137,717900
2026-07-08,14.0600004196167,790000
2026-07-09,14.0600004196167,557000
2026-07-10,13.90999984741211,846100
2026-07-13,13.979999542236328,558300
2026-07-14,14.119999885559082,1040400
2026-07-15,14.140000343322754,682800
2026-07-16,14.270000457763672,612000
2026-07-17,14.619999885559082,954300
2026-07-20,14.960000038146973,970100
2026-07-21,14.949999809265137,1105200
2026-07-22,14.869999885559082,552800
2026-07-23,14.359999656677246,912300
2026-07-24,14.420000076293945,700900
2026-07-27,14.449999809265137,841600
2026-07-28,14.390000343322754,746900
2026-07-29,14.369999885559082,800900
2026-07-30,14.5600004196167,715200
2026-07-31,14.65999984741211,981200
2026-08-03,15.180000305175781,928700
2026-08-04,15.270000457763672,1039600
2026-08-05,14.800000190734863,732400
2026-08-06,14.979999542236328,686500
2026-08-07,15.100000381469727,755900
2026-08-10,14.949999809265137,589000
2026-08-11,14.630000114440918,762000
2026-08-12,14.640000343322754,629100
2026-08-13,14.6899995803833,627300
2026-08-14,14.84000015258789,372800
2026-08-17,14.829999923706055,449300
2026-08-18,14.609999656677246,577000
2026-08-19,14.739999771118164,474000
2026-08-20,14.699999809265137,575700
2026-08-21,14.989999771118164,455800
2026-08-24,15.020000457763672,428100
2026-08-25,15.199999809265137,925900
2026-08-26,14.710000038146973,555300
2026-08-27,14.539999961853027,414500
2026-08-28,14.579999923706055,436100
2026-08-31,14.579999923706055,521000
2026-09-01,14.739999771118164,382900
2026-09-02,14.729999542236328,563900
2026-09-03,14.8100004196167,520200
2026-09-04,14.850000381469727,824200
2026-09-08,15.079999923706055,418100
2026-09-09,15.0,580900
2026-09-10,14.989999771118164,505800
2026-09-11,14.9399995803833,514000
2026-09-14,15.260000228881836,481300
2026-09-15,15.029999732971191,1079800
2026-09-16,14.65999984741211,711400
2026-09-17,14.239999771118164,1162300
2026-09-18,14.170000076293945,1535700
2026-09-21,13.869999885559082,747300
2026-09-22,13.670000076293945,867400
2026-09-23,13.470000267028809,829100
2026-09-24,13.300000190734863,943300
2026-09-25,13.34000015258789,723700
2026-09-28,13.229999542236328,732200
2026-09-29,13.199999809265137,640900
2026-09-30,12.75,1447500
2026-10-01,12.420000076293945,1219100
2026-10-02,12.550000190734863,1068800
