date,close,volume
2004-09-28,825.0,90095000
2004-09-29,825.0,29370000
2004-09-30,830.0,42927500
2004-10-01,840.0,108387500
2004-10-04,870.0,424210000
2004-10-05,880.0,124827500
2004-10-06,860.0,121337500
2004-10-07,855.0,122927500
2004-10-08,855.0,106670000
2004-10-11,870.0,93287500
2004-10-12,855.0,137947500
2004-10-13,870.0,159010000
2004-10-14,860.0,96632500
2004-10-15,860.0,50477500
2004-10-18,855.0,49295000
2004-10-19,880.0,115110000
2004-10-20,865.0,116622500
2004-10-21,850.0,149800000
2004-10-22,870.0,114285000
2004-10-25,860.0,100930000
2004-10-26,835.0,203522500
2004-10-27,840.0,83790000
2004-10-28,860.0,145990000
2004-10-29,870.0,122360000
2004-11-01,870.0,31657500
2004-11-02,915.0,305235000
2004-11-03,945.0,150347500
2004-11-04,920.0,114440000
2004-11-05,930.0,122157500
2004-11-08,925.0,90492500
2004-11-09,935.0,118007500
2004-11-10,950.0,166045000
2004-11-11,940.0,54052500
2004-11-12,945.0,85222500
2004-11-15,945.0,0
2004-11-16,945.0,0
2004-11-17,945.0,0
2004-11-18,945.0,0
2004-11-19,945.0,0
2004-11-22,990.0,220507500
2004-11-23,1000.0,94610000
2004-11-24,1020.0,59635000
2004-11-25,990.0,74615000
2004-11-26,1000.0,52520000
2004-11-29,990.0,44055000
2004-11-30,1000.0,94097500
2004-12-01,1020.0,51862500
2004-12-02,1040.0,126572500
2004-12-03,1000.0,145035000
2004-12-06,1000.0,80417500
2004-12-07,1020.0,93810000
2004-12-08,1010.0,139875000
2004-12-09,980.0,123322500
2004-12-10,940.0,397757500
2004-12-13,940.0,148000000
2004-12-14,920.0,138687500
2004-12-15,950.0,331627500
2004-12-16,975.0,287085000
2004-12-17,990.0,115332500
2004-12-20,985.0,57910000
2004-12-21,980.0,89402500
2004-12-22,975.0,66505000
2004-12-23,965.0,77420000
2004-12-24,965.0,0
2004-12-27,975.0,51010000
2004-12-28,970.0,46560000
2004-12-29,980.0,72965000
2004-12-30,965.0,39220000
2004-12-31,965.0,0
2005-01-03,985.0,52375000
2005-01-04,990.0,136242500
2005-01-05,975.0,115040000
2005-01-06,995.0,188632500
2005-01-07,1025.0,218142500
2005-01-10,990.0,93677500
2005-01-11,970.0,170265000
2005-01-12,965.0,81775000
2005-01-13,995.0,131450000
2005-01-14,1000.0,164037500
2005-01-17,1000.0,66805000
2005-01-18,990.0,59940000
2005-01-19,990.0,104767500
2005-01-20,990.0,84625000
2005-01-24,970.0,105780000
2005-01-25,965.0,189667500
2005-01-26,970.0,84725000
2005-01-27,960.0,134222500
2005-01-28,960.0,100760000
2005-01-31,960.0,137322500
2005-02-01,965.0,69960000
2005-02-02,950.0,103680000
2005-02-03,940.0,125185000
2005-02-04,935.0,66002500
2005-02-07,930.0,48097500
2005-02-08,925.0,60667500
2005-02-11,935.0,60615000
2005-02-14,930.0,110112500
2005-02-15,950.0,103120000
2005-02-16,950.0,82627500
2005-02-17,940.0,178605000
2005-02-18,940.0,70675000
2005-02-21,925.0,203617500
2005-02-22,930.0,181150000
2005-02-23,930.0,61910000
2005-02-24,915.0,81207500
2005-02-25,895.0,254097500
2005-02-28,885.0,92602500
2005-03-01,910.0,221865000
2005-03-02,895.0,172462500
2005-03-03,905.0,195842500
2005-03-04,885.0,158212500
2005-03-07,885.0,100120000
2005-03-08,895.0,160957500
2005-03-09,905.0,49237500
2005-03-10,885.0,159062500
2005-03-14,860.0,553407500
2005-03-15,875.0,233760000
2005-03-16,875.0,163600000
2005-03-17,880.0,74130000
2005-03-18,885.0,129662500
2005-03-21,905.0,141227500
2005-03-22,915.0,135330000
2005-03-23,925.0,173987500
2005-03-24,910.0,200785000
2005-03-28,915.0,70840000
2005-03-29,900.0,179952500
2005-03-30,890.0,183315000
2005-03-31,895.0,70960000
2005-04-01,925.0,95225000
2005-04-04,940.0,105080000
2005-04-05,930.0,53150000
2005-04-06,925.0,25960000
2005-04-07,935.0,43960000
2005-04-08,935.0,112385000
2005-04-11,940.0,52887500
2005-04-12,935.0,35095000
2005-04-13,945.0,34022500
2005-04-14,935.0,30732500
2005-04-15,925.0,95025000
2005-04-18,900.0,109005000
2005-04-19,890.0,37305000
2005-04-20,885.0,24027500
2005-04-21,875.0,106350000
2005-04-25,870.0,60065000
2005-04-26,875.0,100492500
2005-04-27,865.0,76465000
2005-04-28,870.0,82092500
2005-04-29,855.0,68437500
2005-05-02,845.0,38900000
2005-05-03,835.0,136657500
2005-05-04,860.0,98250000
2005-05-06,900.0,231235000
2005-05-09,930.0,192532500
2005-05-10,920.0,54382500
2005-05-11,890.0,100865000
2005-05-12,895.0,34542500
2005-05-13,885.0,52675000
2005-05-16,865.0,74167500
2005-05-17,875.0,96877500
2005-05-18,875.0,100162500
2005-05-19,895.0,87342500
2005-05-20,910.0,43487500
2005-05-23,920.0,72365000
2005-05-25,920.0,133962500
2005-05-26,920.0,80100000
2005-05-27,920.0,27547500
2005-05-30,930.0,41257500
2005-05-31,930.0,148405000
2005-06-01,950.0,46207500
2005-06-02,965.0,126775000
2005-06-03,960.0,98595000
2005-06-06,960.0,39555000
2005-06-07,955.0,31795000
2005-06-08,945.0,41505000
2005-06-09,940.0,31895000
2005-06-10,950.0,72980000
2005-06-13,965.0,76342500
2005-06-14,975.0,51465000
2005-06-15,975.0,116807500
2005-06-16,985.0,99902500
2005-06-17,1040.0,271085000
2005-06-20,1070.0,183512500
2005-06-21,1020.0,109695000
2005-06-22,1000.0,137060000
2005-06-23,990.0,142017500
2005-06-24,995.0,25050000
2005-06-27,980.0,73072500
2005-06-28,1000.0,85602500
2005-06-29,1010.0,50472500
2005-06-30,1000.0,28955000
2005-07-01,1050.0,81627500
2005-07-04,1050.0,79855000
2005-07-05,1040.0,48892500
2005-07-06,1000.0,67390000
2005-07-07,1000.0,102532500
2005-07-08,990.0,32307500
2005-07-11,995.0,66502500
2005-07-12,1000.0,58480000
2005-07-13,1020.0,63970000
2005-07-14,1030.0,47145000
2005-07-15,1050.0,189925000
2005-07-18,1030.0,42960000
2005-07-19,1030.0,57510000
2005-07-20,1050.0,65062500
2005-07-21,1090.0,208367500
2005-07-22,1160.0,147910000
2005-07-25,1130.0,90255000
2005-07-26,1140.0,50425000
2005-07-27,1120.0,47200000
2005-07-28,1140.0,14962500
2005-07-29,1110.0,50232500
2005-08-01,1100.0,79162500
2005-08-02,1140.0,73390000
2005-08-03,1140.0,83367500
2005-08-04,1120.0,37032500
2005-08-05,1100.0,47267500
2005-08-08,1070.0,87077500
2005-08-09,1080.0,60592500
2005-08-10,1130.0,162297500
2005-08-11,1110.0,82445000
2005-08-12,1070.0,100990000
2005-08-15,1040.0,113507500
2005-08-16,1030.0,77502500
2005-08-18,1000.0,266902500
2005-08-19,1010.0,118515000
2005-08-22,1020.0,47407500
2005-08-23,1010.0,76687500
2005-08-24,990.0,227087500
2005-08-25,985.0,120690000
2005-08-26,995.0,70802500
2005-08-29,955.0,239402500
2005-08-30,1005.0,146427500
2005-08-31,1030.0,185155000
2005-09-01,1000.0,167425000
2005-09-05,1020.0,116560000
2005-09-06,1050.0,73235000
2005-09-07,1040.0,82727500
2005-09-08,1090.0,232562500
2005-09-09,1140.0,155595000
2005-09-12,1120.0,120170000
2005-09-13,1060.0,107965000
2005-09-14,1010.0,160237500
2005-09-15,1000.0,123292500
2005-09-16,1030.0,74040000
2005-09-19,1060.0,127490000
2005-09-20,1040.0,110680000
2005-09-21,1020.0,118792500
2005-09-22,980.0,188150000
2005-09-23,985.0,120645000
2005-09-26,1040.0,175392500
2005-09-27,1040.0,58367500
2005-09-28,1030.0,51680000
2005-09-29,1040.0,40087500
2005-09-30,1070.0,213815000
2005-10-03,1060.0,74412500
2005-10-04,1080.0,111667500
2005-10-05,1080.0,74335000
2005-10-06,1060.0,89692500
2005-10-07,1020.0,129562500
2005-10-10,1040.0,76430000
2005-10-11,1040.0,59525000
2005-10-12,1040.0,58775000
2005-10-13,1020.0,39647500
2005-10-14,1040.0,70942500
2005-10-17,1040.0,43922500
2005-10-18,1070.0,51370000
2005-10-19,1040.0,159307500
2005-10-20,1030.0,65602500
2005-10-21,1030.0,107835000
2005-10-24,1030.0,42297500
2005-10-25,1010.0,101735000
2005-10-26,1010.0,113347500
2005-10-27,1010.0,37955000
2005-10-28,1010.0,72397500
2005-10-31,1000.0,94490000
2005-11-01,1010.0,120357500
2005-11-07,1010.0,0
2005-11-08,1010.0,0
2005-11-09,990.0,207817500
2005-11-10,990.0,63140000
2005-11-11,985.0,122067500
2005-11-14,995.0,108035000
2005-11-15,1015.0,69717500
2005-11-16,1010.0,40700000
2005-11-17,1010.0,84372500
2005-11-18,1030.0,48582500
2005-11-21,1040.0,86802500
2005-11-22,1040.0,23877500
2005-11-23,1030.0,36540000
2005-11-24,1060.0,102602500
2005-11-25,1050.0,49202500
2005-11-28,1070.0,29167500
2005-11-29,1070.0,48217500
2005-11-30,1100.0,100872500
2005-12-01,1090.0,80810000
2005-12-02,1110.0,138205000
2005-12-05,1130.0,83407500
2005-12-06,1120.0,121790000
2005-12-07,1160.0,216817500
2005-12-08,1160.0,123595000
2005-12-09,1170.0,89302500
2005-12-12,1200.0,126405000
2005-12-13,1230.0,142257500
2005-12-14,1210.0,91952500
2005-12-15,1180.0,109647500
2005-12-16,1140.0,89197500
2005-12-19,1200.0,171190000
2005-12-20,1200.0,62112500
2005-12-21,1210.0,63852500
2005-12-22,1210.0,70702500
2005-12-23,1190.0,47967500
2005-12-26,1190.0,0
2005-12-27,1190.0,15037500
2005-12-28,1180.0,23317500
2005-12-29,1180.0,52205000
2005-12-30,1180.0,0
2006-01-02,1220.0,22665000
2006-01-03,1230.0,63477500
2006-01-04,1240.0,188270000
2006-01-05,1210.0,40102500
2006-01-06,1210.0,127732500
2006-01-09,1230.0,171552500
2006-01-10,1230.0,0
2006-01-11,1310.0,254795000
2006-01-12,1280.0,173585000
2006-01-13,1240.0,55562500
2006-01-16,1230.0,95342500
2006-01-17,1230.0,58207500
2006-01-18,1210.0,104660000
2006-01-19,1260.0,114482500
2006-01-20,1240.0,85590000
2006-01-23,1220.0,58250000
2006-01-24,1210.0,39202500
2006-01-25,1260.0,106172500
2006-01-26,1230.0,43302500
2006-01-27,1250.0,82735000
2006-01-30,1260.0,93017500
2006-01-31,1260.0,0
2006-02-01,1280.0,138262500
2006-02-02,1270.0,48345000
2006-02-03,1270.0,111765000
2006-02-06,1270.0,47917500
2006-02-07,1270.0,62370000
2006-02-08,1220.0,92862500
2006-02-09,1240.0,67185000
2006-02-10,1230.0,63370000
2006-02-13,1220.0,21177500
2006-02-14,1190.0,159977500
2006-02-15,1220.0,105570000
2006-02-16,1220.0,61615000
2006-02-17,1240.0,61695000
2006-02-20,1250.0,85467500
2006-02-21,1230.0,96247500
2006-02-22,1220.0,112600000
2006-02-23,1210.0,166160000
2006-02-24,1230.0,47345000
2006-02-27,1250.0,131652500
2006-02-28,1240.0,79817500
2006-03-01,1260.0,90897500
2006-03-02,1280.0,112715000
2006-03-03,1290.0,41355000
2006-03-06,1250.0,52280000
2006-03-07,1240.0,67920000
2006-03-08,1250.0,157870000
2006-03-09,1250.0,30415000
2006-03-10,1250.0,20915000
2006-03-13,1250.0,25200000
2006-03-14,1240.0,44685000
2006-03-15,1240.0,54100000
2006-03-16,1280.0,97832500
2006-03-17,1350.0,248335000
2006-03-20,1400.0,228522500
2006-03-21,1370.0,108352500
2006-03-22,1350.0,57942500
2006-03-23,1390.0,109512500
2006-03-24,1390.0,102137500
2006-03-27,1390.0,110040000
2006-03-28,1390.0,82037500
2006-03-29,1380.0,106655000
2006-03-30,1380.0,0
2006-03-31,1380.0,0
2006-04-03,1390.0,109107500
2006-04-04,1380.0,67440000
2006-04-05,1390.0,41282500
2006-04-06,1400.0,96305000
2006-04-07,1390.0,95912500
2006-04-10,1390.0,0
2006-04-11,1400.0,119600000
2006-04-12,1450.0,147642500
2006-04-13,1440.0,130172500
2006-04-14,1440.0,0
2006-04-17,1460.0,15227500
2006-04-18,1490.0,84800000
2006-04-19,1520.0,132272500
2006-04-20,1550.0,100732500
2006-04-21,1530.0,65227500
2006-04-24,1490.0,106245000
2006-04-25,1510.0,49655000
2006-04-26,1530.0,50827500
2006-04-27,1520.0,80895000
2006-04-28,1510.0,99812500
2006-05-01,1540.0,88447500
2006-05-02,1530.0,126777500
2006-05-03,1560.0,249380000
2006-05-04,1520.0,209065000
2006-05-05,1510.0,141060000
2006-05-08,1560.0,165755000
2006-05-09,1650.0,232432500
2006-05-10,1680.0,80720000
2006-05-11,1660.0,52885000
2006-05-12,1650.0,109472500
2006-05-15,1600.0,163642500
2006-05-16,1590.0,201887500
2006-05-17,1580.0,327955000
2006-05-18,1510.0,232210000
2006-05-19,1510.0,218665000
2006-05-22,1440.0,165647500
2006-05-23,1440.0,369375000
2006-05-24,1420.0,235432500
2006-05-25,1420.0,0
2006-05-26,1420.0,0
2006-05-29,1470.0,197197500
2006-05-30,1480.0,48945000
2006-05-31,1410.0,174300000
2006-06-01,1440.0,105927500
2006-06-02,1500.0,94532500
2006-06-05,1530.0,86662500
2006-06-06,1450.0,86035000
2006-06-07,1410.0,97600000
2006-06-08,1350.0,167967500
2006-06-09,1410.0,173485000
2006-06-12,1390.0,85582500
2006-06-13,1350.0,172952500
2006-06-14,1350.0,94732500
2006-06-15,1360.0,158182500
2006-06-16,1500.0,254850000
2006-06-19,1490.0,53205000
2006-06-20,1480.0,166275000
2006-06-21,1480.0,60822500
2006-06-22,1500.0,107627500
2006-06-23,1450.0,61155000
2006-06-26,1450.0,27265000
2006-06-27,1430.0,132327500
2006-06-28,1410.0,138290000
2006-06-29,1390.0,113402500
2006-06-30,1470.0,178420000
2006-07-03,1460.0,110562500
2006-07-04,1480.0,93432500
2006-07-05,1470.0,32527500
2006-07-06,1490.0,66815000
2006-07-07,1480.0,75882500
2006-07-10,1450.0,95840000
2006-07-11,1460.0,30905000
2006-07-12,1460.0,25527500
2006-07-13,1480.0,79087500
2006-07-14,1420.0,156380000
2006-07-17,1430.0,83565000
2006-07-18,1440.0,40625000
2006-07-19,1430.0,79155000
2006-07-20,1490.0,134965000
2006-07-21,1480.0,121882500
2006-07-24,1480.0,108042500
2006-07-25,1470.0,80055000
2006-07-26,1460.0,38785000
2006-07-27,1460.0,94265000
2006-07-28,1480.0,90702500
2006-07-31,1490.0,100757500
2006-08-01,1530.0,138122500
2006-08-02,1590.0,142460000
2006-08-03,1560.0,108802500
2006-08-04,1580.0,44767500
2006-08-07,1610.0,82072500
2006-08-08,1580.0,45305000
2006-08-09,1590.0,53377500
2006-08-10,1550.0,48362500
2006-08-11,1600.0,49792500
2006-08-14,1600.0,49072500
2006-08-15,1590.0,23967500
2006-08-16,1600.0,80077500
2006-08-17,1600.0,0
2006-08-18,1600.0,0
2006-08-21,1600.0,0
2006-08-22,1600.0,127787500
2006-08-23,1580.0,35865000
2006-08-24,1580.0,46907500
2006-08-25,1560.0,50427500
2006-08-28,1570.0,30125000
2006-08-29,1600.0,50182500
2006-08-30,1580.0,57395000
2006-08-31,1580.0,77757500
2006-09-01,1570.0,42950000
2006-09-04,1620.0,70232500
2006-09-05,1610.0,29897500
2006-09-06,1620.0,77147500
2006-09-07,1600.0,89475000
2006-09-08,1590.0,80727500
2006-09-11,1570.0,91622500
2006-09-12,1540.0,114185000
2006-09-13,1560.0,58385000
2006-09-14,1580.0,35270000
2006-09-15,1610.0,123910000
2006-09-18,1640.0,109022500
2006-09-19,1670.0,77475000
2006-09-20,1650.0,110030000
2006-09-21,1660.0,81850000
2006-09-22,1640.0,63947500
2006-09-25,1630.0,18020000
2006-09-26,1630.0,62265000
2006-09-27,1670.0,58997500
2006-09-28,1690.0,83722500
2006-09-29,1690.0,29947500
2006-10-02,1680.0,30047500
2006-10-03,1680.0,48292500
2006-10-04,1690.0,76745000
2006-10-05,1680.0,43862500
2006-10-06,1690.0,106487500
2006-10-09,1680.0,75382500
2006-10-10,1660.0,48142500
2006-10-11,1650.0,80385000
2006-10-12,1640.0,54890000
2006-10-13,1650.0,82652500
2006-10-16,1640.0,71845000
2006-10-17,1650.0,33190000
2006-10-18,1660.0,19685000
2006-10-19,1670.0,40777500
2006-10-20,1670.0,46790000
2006-10-23,1670.0,0
2006-10-24,1670.0,0
2006-10-25,1670.0,0
2006-10-26,1670.0,0
2006-10-27,1670.0,0
2006-10-30,1660.0,188387500
2006-10-31,1680.0,122037500
2006-11-01,1700.0,189875000
2006-11-02,1710.0,145260000
2006-11-03,1700.0,68742500
2006-11-06,1770.0,153592500
2006-11-07,1820.0,93215000
2006-11-08,1810.0,81432500
2006-11-09,1840.0,81432500
2006-11-10,1880.0,71322500
2006-11-13,1840.0,33997500
2006-11-14,1920.0,124927500
2006-11-15,1910.0,91165000
2006-11-16,1890.0,68840000
2006-11-17,1870.0,93207500
2006-11-20,1910.0,177177500
2006-11-21,1890.0,133735000
2006-11-22,1940.0,52745000
2006-11-23,1920.0,28942500
2006-11-24,1970.0,55110000
2006-11-27,2000.0,80955000
2006-11-28,1950.0,79175000
2006-11-29,1970.0,91265000
2006-11-30,1980.0,108440000
2006-12-01,1980.0,42517500
2006-12-04,2000.0,110532500
2006-12-05,2100.0,113215000
2006-12-06,2110.0,189230000
2006-12-07,2090.0,112982500
2006-12-08,2060.0,112787500
2006-12-11,2000.0,211562500
2006-12-12,1940.0,205947500
2006-12-13,1940.0,125470000
2006-12-14,1980.0,131352500
2006-12-15,2050.0,182852500
2006-12-18,2000.0,194985000
2006-12-19,1970.0,245800000
2006-12-20,1990.0,102292500
2006-12-21,2010.0,138247500
2006-12-22,1980.0,66830000
2006-12-26,1980.0,21370000
2006-12-27,2000.0,48075000
2006-12-28,2020.0,113320000
2006-12-29,2020.0,113320000
2007-01-02,2070.0,115235000
2007-01-03,2070.0,72295000
2007-01-04,2030.0,80587500
2007-01-05,2030.0,54030000
2007-01-08,2000.0,32652500
2007-01-09,1990.0,68312500
2007-01-10,1940.0,145862500
2007-01-11,1930.0,81902500
2007-01-12,1920.0,245777500
2007-01-15,1970.0,127295000
2007-01-16,1980.0,82660000
2007-01-17,1980.0,51060000
2007-01-18,1980.0,45422500
2007-01-19,2030.0,100987500
2007-01-22,2030.0,71645000
2007-01-23,2000.0,36275000
2007-01-24,1990.0,53297500
2007-01-25,1950.0,167312500
2007-01-26,1910.0,162115000
2007-01-29,1930.0,75975000
2007-01-30,1910.0,102025000
2007-01-31,1890.0,144560000
2007-02-01,1910.0,112895000
2007-02-02,1910.0,96220000
2007-02-05,1910.0,54545000
2007-02-06,1890.0,39287500
2007-02-07,1870.0,128965000
2007-02-08,1860.0,188895000
2007-02-09,1820.0,133475000
2007-02-12,1810.0,117820000
2007-02-13,1790.0,71117500
2007-02-14,1850.0,254550000
2007-02-15,1900.0,152835000
2007-02-16,1930.0,167342500
2007-02-19,1930.0,22302500
2007-02-20,1930.0,43342500
2007-02-21,1940.0,46720000
2007-02-22,1920.0,68597500
2007-02-23,1860.0,104440000
2007-02-26,1840.0,72825000
2007-02-27,1820.0,92915000
2007-02-28,1780.0,398190000
2007-03-01,1850.0,255862500
2007-03-02,1870.0,74437500
2007-03-05,1800.0,119467500
2007-03-06,1850.0,91640000
2007-03-07,1850.0,79557500
2007-03-08,1860.0,47380000
2007-03-09,1840.0,50887500
2007-03-12,1880.0,88205000
2007-03-13,1880.0,67700000
2007-03-14,1840.0,96100000
2007-03-15,1870.0,60237500
2007-03-16,1860.0,32045000
2007-03-20,1900.0,58877500
2007-03-21,1860.0,50930000
2007-03-22,1910.0,126797500
2007-03-23,1920.0,76317500
2007-03-26,1940.0,89827500
2007-03-27,1960.0,106120000
2007-03-28,1940.0,43050000
2007-03-29,1930.0,41487500
2007-03-30,1970.0,109387500
2007-04-02,1980.0,80462500
2007-04-03,2000.0,102885000
2007-04-04,2040.0,167167500
2007-04-05,2020.0,87732500
2007-04-09,2040.0,56025000
2007-04-10,2060.0,71545000
2007-04-11,2090.0,122502500
2007-04-12,2050.0,86552500
2007-04-13,2080.0,50010000
2007-04-16,2080.0,59530000
2007-04-17,2090.0,91280000
2007-04-18,2050.0,68467500
2007-04-19,2000.0,125080000
2007-04-20,2080.0,54530000
2007-04-23,2110.0,130387500
2007-04-24,2100.0,46327500
2007-04-25,2100.0,56915000
2007-04-26,2160.0,157845000
2007-04-27,2150.0,71480000
2007-04-30,2100.0,60482500
2007-05-01,2070.0,34377500
2007-05-02,2050.0,176360000
2007-05-03,2070.0,60040000
2007-05-04,2060.0,74222500
2007-05-07,2040.0,137507500
2007-05-08,1990.0,157807500
2007-05-09,1980.0,136847500
2007-05-10,1980.0,75005000
2007-05-11,1920.0,266442500
2007-05-14,1950.0,123517500
2007-05-15,1920.0,104872500
2007-05-16,1920.0,77072500
2007-05-21,1900.0,260162500
2007-05-22,1880.0,146685000
2007-05-23,1940.0,258477500
2007-05-24,1940.0,87515000
2007-05-25,1920.0,106712500
2007-05-28,1930.0,47110000
2007-05-29,1900.0,139137500
2007-05-30,1910.0,145185000
2007-05-31,1910.0,93415000
2007-06-04,1950.0,233867500
2007-06-05,1940.0,112865000
2007-06-06,1930.0,129310000
2007-06-07,1940.0,126467500
2007-06-08,1930.0,113095000
2007-06-11,1940.0,116230000
2007-06-12,1970.0,136617500
2007-06-13,1940.0,70592500
2007-06-14,1960.0,129385000
2007-06-15,1950.0,176792500
2007-06-18,1940.0,136572500
2007-06-19,1940.0,30130000
2007-06-20,1960.0,88277500
2007-06-21,1950.0,61165000
2007-06-22,1940.0,91842500
2007-06-25,1930.0,70452500
2007-06-26,1950.0,91390000
2007-06-27,1950.0,85802500
2007-06-28,1940.0,151407500
2007-06-29,1970.0,95740000
2007-07-02,1980.0,50480000
2007-07-03,2000.0,93505000
2007-07-04,2070.0,213470000
2007-07-05,2110.0,203522500
2007-07-06,2080.0,82042500
2007-07-09,2100.0,96015000
2007-07-10,2100.0,143855000
2007-07-11,2120.0,134290000
2007-07-12,2180.0,171495000
2007-07-13,2290.0,166197500
2007-07-16,2290.0,79435000
2007-07-17,2260.0,79922500
2007-07-18,2200.0,140627500
2007-07-19,2260.0,46835000
2007-07-20,2270.0,81465000
2007-07-23,2210.0,114797500
2007-07-24,2200.0,62470000
2007-07-25,2190.0,97025000
2007-07-26,2150.0,177137500
2007-07-27,2090.0,157387500
2007-07-30,2130.0,89540000
2007-07-31,2240.0,164210000
2007-08-01,2140.0,145082500
2007-08-02,2170.0,89842500
2007-08-03,2180.0,51155000
2007-08-06,2120.0,84297500
2007-08-07,2130.0,60382500
2007-08-08,2210.0,85442500
2007-08-09,2180.0,74157500
2007-08-10,2180.0,115902500
2007-08-13,2170.0,64997500
2007-08-14,2170.0,36430000
2007-08-15,2030.0,107010000
2007-08-16,1970.0,228095000
2007-08-20,2100.0,142365000
2007-08-21,2030.0,78260000
2007-08-22,2100.0,62735000
2007-08-23,2100.0,96522500
2007-08-24,2170.0,72797500
2007-08-27,2190.0,55165000
2007-08-28,2160.0,33070000
2007-08-29,2120.0,49832500
2007-08-30,2140.0,42942500
2007-08-31,2170.0,64590000
2007-09-03,2230.0,97987500
2007-09-04,2240.0,63520000
2007-09-05,2200.0,51345000
2007-09-06,2190.0,70432500
2007-09-07,2230.0,44680000
2007-09-10,2180.0,47770000
2007-09-11,2160.0,39400000
2007-09-12,2170.0,101792500
2007-09-13,2160.0,23955000
2007-09-14,2130.0,104785000
2007-09-17,2140.0,65100000
2007-09-18,2140.0,51957500
2007-09-19,2250.0,164710000
2007-09-20,2200.0,127687500
2007-09-21,2230.0,81187500
2007-09-24,2190.0,134990000
2007-09-25,2160.0,92862500
2007-09-26,2170.0,95155000
2007-09-27,2180.0,100377500
2007-09-28,2200.0,104130000
2007-10-01,2270.0,172815000
2007-10-02,2400.0,359642500
2007-10-03,2390.0,174840000
2007-10-04,2420.0,80400000
2007-10-05,2490.0,91495000
2007-10-08,2500.0,64122500
2007-10-09,2460.0,127312500
2007-10-10,2470.0,75465000
2007-10-11,2530.0,67147500
2007-10-17,2430.0,225465000
2007-10-18,2430.0,91537500
2007-10-19,2360.0,116842500
2007-10-22,2260.0,81105000
2007-10-23,2380.0,139642500
2007-10-24,2310.0,152705000
2007-10-25,2350.0,137387500
2007-10-26,2380.0,104477500
2007-10-29,2370.0,139820000
2007-10-30,2270.0,150692500
2007-10-31,2150.0,808005000
2007-11-01,2230.0,393045000
2007-11-02,2280.0,258605000
2007-11-05,2240.0,156805000
2007-11-06,2270.0,59542500
2007-11-07,2320.0,95007500
2007-11-08,2280.0,85877500
2007-11-09,2260.0,72167500
2007-11-12,2200.0,140007500
2007-11-13,2170.0,172897500
2007-11-14,2140.0,321707500
2007-11-15,2130.0,171982500
2007-11-16,2100.0,160800000
2007-11-19,2090.0,106970000
2007-11-20,2020.0,383862500
2007-11-21,2020.0,137125000
2007-11-22,2040.0,138442500
2007-11-23,2010.0,66492500
2007-11-26,2040.0,105340000
2007-11-27,2000.0,197382500
2007-11-28,2020.0,143595000
2007-11-29,2100.0,170655000
2007-11-30,2030.0,181037500
2007-12-03,2100.0,89817500
2007-12-04,2100.0,72092500
2007-12-05,2180.0,182352500
2007-12-06,2220.0,270822500
2007-12-07,2190.0,133190000
2007-12-10,2200.0,100477500
2007-12-11,2220.0,77365000
2007-12-12,2190.0,121747500
2007-12-13,2120.0,181740000
2007-12-14,2080.0,252170000
2007-12-17,2010.0,271225000
2007-12-18,2010.0,265552500
2007-12-19,2000.0,75177500
2007-12-26,2010.0,96315000
2007-12-27,2000.0,151777500
2007-12-28,2030.0,64912500
2007-12-31,2030.0,0
2008-01-02,2000.0,48080000
2008-01-03,1980.0,67850000
2008-01-04,2000.0,85595000
2008-01-07,2040.0,123282500
2008-01-08,2050.0,157245000
2008-01-09,2010.0,121412500
2008-01-14,1970.0,277205000
2008-01-15,1860.0,385150000
2008-01-16,1790.0,520420000
2008-01-17,1840.0,212545000
2008-01-18,1840.0,194337500
2008-01-21,1780.0,180100000
2008-01-22,1680.0,294207500
2008-01-23,1770.0,346427500
2008-01-24,1810.0,234542500
2008-01-25,1870.0,183605000
2008-01-28,1820.0,88810000
2008-01-29,1790.0,96037500
2008-01-30,1780.0,80135000
2008-01-31,1850.0,194432500
2008-02-01,1860.0,95197500
2008-02-04,1940.0,231207500
2008-02-05,2000.0,299095000
2008-02-06,1950.0,159657500
2008-02-11,1910.0,57782500
2008-02-12,1950.0,94977500
2008-02-13,1980.0,130535000
2008-02-14,1990.0,113197500
2008-02-15,2000.0,71305000
2008-02-18,1990.0,115525000
2008-02-19,2020.0,124117500
2008-02-20,2010.0,67712500
2008-02-21,2030.0,89442500
2008-02-22,2020.0,66392500
2008-02-25,2000.0,57920000
2008-02-26,1990.0,63317500
2008-02-27,2020.0,91142500
2008-02-28,2050.0,142785000
2008-02-29,1960.0,112767500
2008-03-03,1890.0,164360000
2008-03-04,1890.0,78220000
2008-03-05,1880.0,32247500
2008-03-06,1940.0,126287500
2008-03-10,1850.0,175367500
2008-03-11,1850.0,216492500
2008-03-12,1900.0,179610000
2008-03-13,1850.0,163975000
2008-03-14,1840.0,107817500
2008-03-17,1850.0,120880000
2008-03-18,1880.0,133947500
2008-03-19,1920.0,121872500
2008-03-24,1950.0,74502500
2008-03-25,1960.0,79437500
2008-03-26,1960.0,43702500
2008-03-27,1920.0,57460000
2008-03-28,1950.0,58750000
2008-03-31,1930.0,67790000
2008-04-01,1940.0,152712500
2008-04-02,1940.0,85470000
2008-04-03,1880.0,176325000
2008-04-04,1880.0,177092500
2008-04-07,1890.0,71905000
2008-04-08,1850.0,97782500
2008-04-09,1800.0,50470000
2008-04-10,1810.0,61485000
2008-04-11,1830.0,51562500
2008-04-14,1800.0,103662500
2008-04-15,1820.0,47482500
2008-04-16,1820.0,48012500
2008-04-17,1840.0,75855000
2008-04-18,1820.0,73647500
2008-04-21,1800.0,54567500
2008-04-22,1770.0,118557500
2008-04-23,1750.0,146790000
2008-04-24,1730.0,105367500
2008-04-25,1730.0,120222500
2008-04-28,1780.0,103245000
2008-04-29,1790.0,90660000
2008-04-30,1770.0,86547500
2008-05-05,1800.0,93442500
2008-05-06,1780.0,137897500
2008-05-07,1750.0,143750000
2008-05-08,1700.0,165842500
2008-05-09,1720.0,80790000
2008-05-12,1730.0,85990000
2008-05-13,1730.0,77542500
2008-05-14,1740.0,109587500
2008-05-15,1700.0,91412500
2008-05-16,1700.0,48412500
2008-05-21,1710.0,74015000
2008-05-22,1730.0,103390000
2008-05-23,1720.0,91675000
2008-05-26,1660.0,91242500
2008-05-27,1610.0,91947500
2008-05-28,1580.0,298847500
2008-05-29,1590.0,76090000
2008-05-30,1620.0,202675000
2008-06-02,1590.0,68375000
2008-06-03,1590.0,118465000
2008-06-04,1570.0,74052500
2008-06-05,1630.0,293010000
2008-06-06,1590.0,98270000
2008-06-09,1580.0,110190000
2008-06-10,1590.0,110332500
2008-06-11,1550.0,95870000
2008-06-12,1510.0,123225000
2008-06-13,1510.0,93660000
2008-06-16,1500.0,86357500
2008-06-17,1470.0,142322500
2008-06-18,1500.0,323470000
2008-06-19,1510.0,60777500
2008-06-20,1550.0,215330000
2008-06-23,1550.0,161502500
2008-06-24,1540.0,89147500
2008-06-25,1500.0,83642500
2008-06-26,1480.0,82010000
2008-06-27,1460.0,196435000
2008-06-30,1460.0,109245000
2008-07-01,1510.0,144515000
2008-07-02,1530.0,105832500
2008-07-03,1470.0,144345000
2008-07-04,1470.0,76632500
2008-07-07,1480.0,63027500
2008-07-08,1460.0,115682500
2008-07-09,1480.0,128350000
2008-07-10,1500.0,109992500
2008-07-11,1540.0,139935000
2008-07-14,1470.0,88872500
2008-07-15,1380.0,128937500
2008-07-16,1390.0,98695000
2008-07-17,1340.0,121510000
2008-07-18,1350.0,123222500
2008-07-21,1420.0,151102500
2008-07-22,1530.0,441747500
2008-07-23,1540.0,216007500
2008-07-24,1570.0,242442500
2008-07-25,1550.0,89795000
2008-07-28,1600.0,158505000
2008-07-29,1580.0,91742500
2008-07-31,1540.0,172130000
2008-08-01,1530.0,204630000
2008-08-04,1590.0,310542500
2008-08-05,1570.0,296482500
2008-08-06,1570.0,183977500
2008-08-07,1570.0,197245000
2008-08-08,1550.0,130040000
2008-08-11,1550.0,85955000
2008-08-12,1500.0,111702500
2008-08-13,1480.0,74242500
2008-08-14,1490.0,114190000
2008-08-15,1490.0,150682500
2008-08-19,1470.0,207105000
2008-08-20,1460.0,61492500
2008-08-21,1480.0,67607500
2008-08-22,1570.0,128267500
2008-08-25,1590.0,69787500
2008-08-26,1550.0,46677500
2008-08-27,1560.0,47277500
2008-08-28,1570.0,50252500
2008-08-29,1600.0,88925000
2008-09-01,1570.0,64752500
2008-09-02,1580.0,95555000
2008-09-03,1560.0,90337500
2008-09-04,1510.0,102292500
2008-09-05,1520.0,135237500
2008-09-08,1530.0,86707500
2008-09-09,1500.0,66835000
2008-09-10,1470.0,115515000
2008-09-11,1440.0,122705000
2008-09-12,1370.0,152987500
2008-09-15,1250.0,56870000
2008-09-16,1320.0,239567500
2008-09-17,1340.0,150770000
2008-09-18,1340.0,99710000
2008-09-19,1380.0,189027500
2008-09-22,1380.0,135545000
2008-09-23,1350.0,105715000
2008-09-24,1380.0,210402500
2008-09-25,1400.0,98527500
2008-09-26,1420.0,140920000
2008-10-06,1420.0,254337500
2008-10-07,1430.0,201885000
2008-10-08,1290.0,90782500
2008-10-09,1290.0,0
2008-10-10,1290.0,0
2008-10-13,1320.0,311842500
2008-10-14,1450.0,56212500
2008-10-15,1430.0,187507500
2008-10-16,1340.0,150862500
2008-10-17,1240.0,165107500
2008-10-20,1360.0,83027500
2008-10-21,1420.0,145865000
2008-10-22,1320.0,115367500
2008-10-23,1310.0,68607500
2008-10-24,1180.0,180715000
2008-10-27,1070.0,85570000
2008-10-28,1000.0,364310000
2008-10-29,1020.0,177340000
2008-10-30,1080.0,324315000
2008-10-31,1080.0,245085000
2008-11-03,1060.0,246682500
2008-11-04,1080.0,256577500
2008-11-05,1130.0,275320000
2008-11-06,1140.0,157095000
2008-11-07,1220.0,125995000
2008-11-10,1230.0,91605000
2008-11-11,1220.0,86725000
2008-11-12,1200.0,104022500
2008-11-13,1140.0,154852500
2008-11-14,1160.0,108947500
2008-11-17,1180.0,98937500
2008-11-18,1110.0,140955000
2008-11-19,1120.0,114875000
2008-11-20,1150.0,96652500
2008-11-21,1100.0,104642500
2008-11-24,1120.0,46672500
2008-11-25,1090.0,107152500
2008-11-26,1150.0,77602500
2008-11-27,1140.0,50432500
2008-11-28,1170.0,123615000
2008-12-01,1200.0,223867500
2008-12-02,1150.0,27852500
2008-12-03,1160.0,43007500
2008-12-04,1160.0,26277500
2008-12-05,1200.0,57990000
2008-12-09,1320.0,181710000
2008-12-10,1380.0,133810000
2008-12-11,1320.0,133435000
2008-12-12,1320.0,87105000
2008-12-15,1450.0,124907500
2008-12-16,1390.0,77055000
2008-12-17,1430.0,98555000
2008-12-18,1350.0,86097500
2008-12-19,1360.0,53525000
2008-12-22,1410.0,47302500
2008-12-23,1390.0,34290000
2008-12-24,1370.0,29170000
2008-12-30,1380.0,23657500
2008-12-31,1380.0,0
2009-01-05,1460.0,77242500
2009-01-06,1440.0,103442500
2009-01-07,1380.0,66135000
2009-01-08,1400.0,45320000
2009-01-09,1420.0,92242500
2009-01-12,1390.0,45145000
2009-01-13,1350.0,62777500
2009-01-14,1380.0,38152500
2009-01-15,1290.0,83650000
2009-01-16,1310.0,66600000
2009-01-19,1280.0,53065000
2009-01-20,1290.0,42935000
2009-01-21,1260.0,50027500
2009-01-22,1290.0,40370000
2009-01-23,1290.0,23522500
2009-01-27,1300.0,49187500
2009-01-28,1270.0,29930000
2009-01-29,1260.0,91380000
2009-01-30,1260.0,62255000
2009-02-02,1200.0,115127500
2009-02-03,1170.0,108997500
2009-02-04,1230.0,75357500
2009-02-05,1260.0,93057500
2009-02-06,1280.0,55035000
2009-02-09,1270.0,26160000
2009-02-10,1290.0,70347500
2009-02-11,1290.0,32070000
2009-02-12,1300.0,31227500
2009-02-13,1300.0,32005000
2009-02-16,1300.0,29085000
2009-02-17,1270.0,39035000
2009-02-18,1280.0,47347500
2009-02-19,1280.0,20102500
2009-02-20,1250.0,34325000
2009-02-23,1300.0,36962500
2009-02-24,1300.0,54377500
2009-02-25,1300.0,44472500
2009-02-26,1280.0,14862500
2009-02-27,1260.0,54935000
2009-03-02,1250.0,34617500
2009-03-03,1250.0,46400000
2009-03-04,1260.0,30850000
2009-03-05,1280.0,50442500
2009-03-06,1280.0,20285000
2009-03-10,1270.0,35100000
2009-03-11,1290.0,38052500
2009-03-12,1300.0,43332500
2009-03-13,1320.0,57930000
2009-03-16,1320.0,25397500
2009-03-17,1290.0,43955000
2009-03-18,1300.0,18322500
2009-03-19,1340.0,75855000
2009-03-20,1420.0,82827500
2009-03-23,1470.0,142245000
2009-03-24,1480.0,126082500
2009-03-25,1420.0,81507500
2009-03-27,1520.0,109927500
2009-03-30,1490.0,48945000
2009-03-31,1510.0,137190000
2009-04-01,1460.0,103242500
2009-04-02,1460.0,202452500
2009-04-03,1430.0,190527500
2009-04-06,1460.0,158455000
2009-04-07,1410.0,266940000
2009-04-08,1380.0,151377500
2009-04-09,1380.0,0
2009-04-13,1480.0,183567500
2009-04-14,1490.0,192455000
2009-04-15,1520.0,151740000
2009-04-16,1570.0,156345000
2009-04-17,1550.0,110445000
2009-04-20,1580.0,70600000
2009-04-22,1490.0,87860000
2009-04-23,1470.0,35282500
2009-04-24,1440.0,82115000
2009-04-27,1420.0,115482500
2009-04-28,1490.0,157425000
2009-04-29,1530.0,61057500
2009-04-30,1570.0,130495000
2009-05-01,1550.0,56762500
2009-05-04,1590.0,129637500
2009-05-05,1540.0,82570000
2009-05-06,1570.0,95367500
2009-05-07,1550.0,146512500
2009-05-08,1520.0,99885000
2009-05-11,1480.0,186382500
2009-05-12,1500.0,70605000
2009-05-13,1450.0,117047500
2009-05-14,1420.0,100465000
2009-05-15,1410.0,151445000
2009-05-18,1440.0,112555000
2009-05-19,1480.0,87320000
2009-05-20,1460.0,72505000
2009-05-21,1460.0,0
2009-05-22,1480.0,105732500
2009-05-25,1470.0,69522500
2009-05-26,1480.0,87700000
2009-05-27,1510.0,157952500
2009-05-28,1490.0,71885000
2009-05-29,1490.0,152920000
2009-06-01,1520.0,58370000
2009-06-02,1520.0,133152500
2009-06-03,1560.0,100887500
2009-06-04,1560.0,71892500
2009-06-05,1550.0,123192500
2009-06-08,1540.0,150090000
2009-06-09,1560.0,86805000
2009-06-10,1550.0,93437500
2009-06-11,1510.0,95757500
2009-06-12,1530.0,92647500
2009-06-15,1550.0,84657500
2009-06-16,1510.0,74740000
2009-06-17,1490.0,89907500
2009-06-18,1460.0,63680000
2009-06-19,1490.0,132255000
2009-06-22,1500.0,50505000
2009-06-23,1470.0,109410000
2009-06-24,1480.0,61122500
2009-06-25,1520.0,156455000
2009-06-26,1520.0,84577500
2009-06-29,1480.0,112600000
2009-06-30,1500.0,142837500
2009-07-01,1580.0,155137500
2009-07-02,1640.0,252257500
2009-07-03,1720.0,206132500
2009-07-06,1690.0,119385000
2009-07-07,1710.0,110925000
2009-07-08,1710.0,0
2009-07-09,1620.0,213530000
2009-07-10,1590.0,232175000
2009-07-13,1580.0,137802500
2009-07-14,1600.0,64642500
2009-07-15,1610.0,50242500
2009-07-16,1570.0,96327500
2009-07-17,1600.0,92767500
2009-07-20,1600.0,0
2009-07-21,1640.0,116847500
2009-07-22,1620.0,70242500
2009-07-23,1650.0,81845000
2009-07-24,1710.0,127192500
2009-07-27,1760.0,115597500
2009-07-28,1790.0,138512500
2009-07-29,1770.0,90822500
2009-07-30,1880.0,156980000
2009-07-31,1790.0,149007500
2009-08-03,1780.0,70237500
2009-08-04,1760.0,126772500
2009-08-05,1720.0,113145000
2009-08-06,1750.0,146250000
2009-08-07,1760.0,104525000
2009-08-10,1800.0,188015000
2009-08-11,1780.0,34572500
2009-08-12,1710.0,118017500
2009-08-13,1750.0,87392500
2009-08-14,1740.0,95557500
2009-08-18,1700.0,139157500
2009-08-19,1670.0,101917500
2009-08-20,1690.0,69427500
2009-08-21,1690.0,48890000
2009-08-24,1690.0,97572500
2009-08-25,1730.0,138570000
2009-08-26,1710.0,106905000
2009-08-27,1720.0,88642500
2009-08-28,1730.0,79362500
2009-08-31,1680.0,77355000
2009-09-01,1670.0,87412500
2009-09-02,1650.0,77600000
2009-09-03,1680.0,48757500
2009-09-04,1680.0,32535000
2009-09-07,1710.0,49617500
2009-09-08,1690.0,35425000
2009-09-09,1670.0,51980000
2009-09-10,1690.0,104465000
2009-09-11,1690.0,57032500
2009-09-14,1660.0,66745000
2009-09-15,1680.0,51187500
2009-09-16,1670.0,69462500
2009-09-17,1680.0,107460000
2009-09-24,1750.0,278962500
2009-09-25,1730.0,51820000
2009-09-28,1700.0,40272500
2009-09-29,1710.0,74990000
2009-09-30,1730.0,67777500
2009-10-01,1740.0,65262500
2009-10-02,1710.0,44497500
2009-10-05,1700.0,63765000
2009-10-06,1720.0,137310000
2009-10-07,1730.0,80985000
2009-10-08,1730.0,72322500
2009-10-09,1710.0,55090000
2009-10-12,1740.0,65362500
2009-10-13,1760.0,173707500
2009-10-14,1740.0,95772500
2009-10-15,1730.0,109602500
2009-10-16,1740.0,68830000
2009-10-19,1740.0,73050000
2009-10-20,1740.0,81722500
2009-10-21,1730.0,42000000
2009-10-22,1720.0,35460000
2009-10-23,1730.0,69537500
2009-10-26,1700.0,38392500
2009-10-27,1690.0,54797500
2009-10-28,1670.0,68672500
2009-10-29,1650.0,107672500
2009-10-30,1680.0,135192500
2009-11-02,1650.0,87045000
2009-11-03,1670.0,96067500
2009-11-04,1720.0,61460000
2009-11-05,1740.0,80942500
2009-11-06,1740.0,55437500
2009-11-09,1730.0,56095000
2009-11-10,1750.0,72085000
2009-11-11,1750.0,75492500
2009-11-12,1760.0,41547500
2009-11-13,1750.0,15945000
2009-11-16,1770.0,28570000
2009-11-17,1780.0,50835000
2009-11-18,1780.0,17312500
2009-11-19,1800.0,64730000
2009-11-20,1800.0,107047500
2009-11-23,1790.0,38630000
2009-11-24,1800.0,43020000
2009-11-25,1810.0,59050000
2009-11-26,1750.0,71255000
2009-11-30,1800.0,72997500
2009-12-01,1800.0,23530000
2009-12-02,1800.0,44452500
2009-12-03,1840.0,62647500
2009-12-04,1850.0,43960000
2009-12-07,1860.0,62722500
2009-12-08,1880.0,53132500
2009-12-09,1840.0,57280000
2009-12-10,1890.0,35512500
2009-12-11,1960.0,79832500
2009-12-14,1900.0,84440000
2009-12-15,1920.0,66430000
2009-12-16,1970.0,103087500
2009-12-17,2020.0,146767500
2009-12-21,1900.0,138622500
2009-12-22,1940.0,105755000
2009-12-23,1920.0,55715000
2009-12-28,1920.0,79710000
2009-12-29,1900.0,32882500
2009-12-30,1890.0,80427500
2010-01-04,1910.0,44820000
2010-01-05,1920.0,56250000
2010-01-06,1900.0,67870000
2010-01-07,1850.0,145440000
2010-01-08,1870.0,88070000
2010-01-11,1890.0,61937500
2010-01-12,1900.0,99952500
2010-01-13,1880.0,48640000
2010-01-14,1870.0,44995000
2010-01-15,1900.0,53277500
2010-01-18,1880.0,34142500
2010-01-19,1890.0,59772500
2010-01-20,1900.0,58915000
2010-01-21,1890.0,67865000
2010-01-22,1860.0,78792500
2010-01-25,1850.0,61735000
2010-01-26,1860.0,43147500
2010-01-27,1850.0,36557500
2010-01-28,1860.0,20957500
2010-01-29,1870.0,91855000
2010-02-01,1860.0,73317500
2010-02-02,1860.0,43560000
2010-02-03,1870.0,13107500
2010-02-04,1850.0,45420000
2010-02-05,1790.0,98077500
2010-02-08,1740.0,97730000
2010-02-09,1710.0,98800000
2010-02-10,1710.0,62095000
2010-02-11,1750.0,71675000
2010-02-12,1740.0,89482500
2010-02-15,1740.0,17917500
2010-02-16,1760.0,16820000
2010-02-17,1750.0,72675000
2010-02-18,1740.0,66007500
2010-02-19,1720.0,50370000
2010-02-22,1700.0,133095000
2010-02-23,1700.0,243412500
2010-02-24,1690.0,93800000
2010-02-25,1660.0,96325000
2010-03-01,1630.0,81395000
2010-03-02,1690.0,134415000
2010-03-03,1670.0,96232500
2010-03-04,1650.0,60312500
2010-03-05,1660.0,46935000
2010-03-08,1720.0,134775000
2010-03-09,1750.0,235157500
2010-03-10,1720.0,52527500
2010-03-11,1720.0,68742500
2010-03-12,1680.0,97317500
2010-03-15,1670.0,95375000
2010-03-17,1720.0,182625000
2010-03-18,1670.0,180522500
2010-03-19,1650.0,461007500
2010-03-22,1610.0,174180000
2010-03-23,1600.0,170802500
2010-03-24,1640.0,134160000
2010-03-25,1660.0,149527500
2010-03-26,1640.0,141862500
2010-03-29,1620.0,91955000
2010-03-30,1620.0,42850000
2010-03-31,1610.0,136295000
2010-04-01,1630.0,84730000
2010-04-05,1670.0,144465000
2010-04-06,1640.0,110077500
2010-04-07,1610.0,113160000
2010-04-08,1620.0,103585000
2010-04-09,1620.0,183240000
2010-04-12,1610.0,122215000
2010-04-13,1610.0,155710000
2010-04-14,1590.0,107027500
2010-04-15,1600.0,93820000
2010-04-16,1600.0,159105000
2010-04-19,1580.0,80790000
2010-04-20,1590.0,149502500
2010-04-21,1620.0,79605000
2010-04-22,1620.0,50817500
2010-04-23,1610.0,72540000
2010-04-26,1580.0,138492500
2010-04-27,1560.0,197725000
2010-04-28,1530.0,129830000
2010-04-29,1540.0,285885000
2010-04-30,1570.0,272292500
2010-05-03,1600.0,323207500
2010-05-04,1570.0,117785000
2010-05-05,1530.0,211457500
2010-05-06,1550.0,156880000
2010-05-07,1520.0,241697500
2010-05-10,1560.0,167937500
2010-05-11,1530.0,118790000
2010-05-12,1520.0,134945000
2010-05-14,1530.0,82460000
2010-05-17,1530.0,112267500
2010-05-18,1540.0,66232500
2010-05-19,1510.0,145535000
2010-05-20,1520.0,87810000
2010-05-21,1490.0,185030000
2010-05-24,1420.0,98112500
2010-05-25,1440.0,198502500
2010-05-26,1500.0,223737500
2010-05-27,1520.0,74380000
2010-05-31,1550.0,166760000
2010-06-01,1490.0,56027500
2010-06-02,1570.0,101245000
2010-06-03,1600.0,354002500
2010-06-04,1580.0,76130000
2010-06-07,1550.0,78080000
2010-06-08,1590.0,60625000
2010-06-09,1570.0,81970000
2010-06-10,1550.0,71970000
2010-06-11,1570.0,78447500
2010-06-14,1600.0,43595000
2010-06-15,1590.0,56482500
2010-06-16,1590.0,30322500
2010-06-17,1600.0,59652500
2010-06-18,1610.0,143712500
2010-06-21,1580.0,145770000
2010-06-22,1580.0,67435000
2010-06-23,1600.0,96117500
2010-06-24,1600.0,55475000
2010-06-25,1590.0,26352500
2010-06-28,1580.0,59405000
2010-06-29,1540.0,122752500
2010-06-30,1540.0,138830000
2010-07-01,1540.0,52985000
2010-07-02,1530.0,72885000
2010-07-05,1550.0,82317500
2010-07-06,1570.0,93985000
2010-07-07,1580.0,75302500
2010-07-08,1550.0,163485000
2010-07-09,1560.0,69332500
2010-07-12,1570.0,106002500
2010-07-13,1560.0,62742500
2010-07-14,1580.0,178402500
2010-07-15,1600.0,95152500
2010-07-16,1620.0,86515000
2010-07-19,1620.0,201235000
2010-07-20,1620.0,51780000
2010-07-21,1630.0,93035000
2010-07-22,1620.0,37187500
2010-07-23,1630.0,143130000
2010-07-26,1610.0,52370000
2010-07-27,1640.0,78830000
2010-07-28,1650.0,86217500
2010-07-29,1650.0,50775000
2010-07-30,1690.0,159087500
2010-08-02,1680.0,144015000
2010-08-03,1600.0,126880000
2010-08-04,1620.0,94730000
2010-08-05,1640.0,89250000
2010-08-06,1680.0,104825000
2010-08-09,1700.0,214937500
2010-08-10,1680.0,122272500
2010-08-11,1690.0,32895000
2010-08-12,1680.0,102602500
2010-08-13,1700.0,52675000
2010-08-16,1710.0,73695000
2010-08-18,1720.0,129182500
2010-08-19,1800.0,296430000
2010-08-20,1760.0,64770000
2010-08-23,1740.0,41192500
2010-08-24,1740.0,68545000
2010-08-25,1780.0,79782500
2010-08-26,1800.0,56525000
2010-08-27,1750.0,82460000
2010-08-30,1740.0,51980000
2010-08-31,1730.0,67170000
2010-09-01,1800.0,124780000
2010-09-02,1790.0,73915000
2010-09-03,1810.0,67727500
2010-09-06,1800.0,75725000
2010-09-07,1800.0,148842500
2010-09-15,1860.0,211322500
2010-09-16,1840.0,135592500
2010-09-17,1850.0,105375000
2010-09-20,1850.0,21440000
2010-09-21,1800.0,73087500
2010-09-22,1790.0,88235000
2010-09-23,1760.0,119935000
2010-09-24,1780.0,68325000
2010-09-27,1800.0,64050000
2010-09-28,1810.0,120967500
2010-09-29,1860.0,157927500
2010-09-30,1840.0,86947500
2010-10-01,1880.0,56667500
2010-10-04,1910.0,82442500
2010-10-05,1960.0,122117500
2010-10-06,1900.0,132577500
2010-10-07,1840.0,145185000
2010-10-08,1820.0,119357500
2010-10-11,1830.0,71230000
2010-10-12,1830.0,43775000
2010-10-13,1810.0,145587500
2010-10-14,1810.0,193185000
2010-10-15,1810.0,81187500
2010-10-18,1810.0,39442500
2010-10-19,1840.0,56730000
2010-10-20,1830.0,47835000
2010-10-21,1800.0,50257500
2010-10-22,1800.0,111915000
2010-10-25,1780.0,90910000
2010-10-26,1810.0,72735000
2010-10-27,1820.0,108617500
2010-10-28,1850.0,107455000
2010-10-29,1820.0,74590000
2010-11-01,1730.0,593432500
2010-11-02,1660.0,441262500
2010-11-03,1610.0,433372500
2010-11-04,1620.0,403395000
2010-11-05,1570.0,463475000
2010-11-08,1630.0,368107500
2010-11-09,1630.0,255045000
2010-11-10,1690.0,456532500
2010-11-11,1700.0,248085000
2010-11-12,1650.0,204247500
2010-11-15,1640.0,129820000
2010-11-16,1630.0,135845000
2010-11-18,1680.0,228335000
2010-11-19,1660.0,154247500
2010-11-22,1680.0,121612500
2010-11-23,1660.0,87492500
2010-11-24,1630.0,141680000
2010-11-25,1630.0,104947500
2010-11-26,1600.0,130367500
2010-11-29,1610.0,93222500
2010-11-30,1590.0,189900000
2010-12-01,1630.0,92272500
2010-12-02,1650.0,114770000
2010-12-03,1620.0,57412500
2010-12-06,1610.0,70200000
2010-12-08,1600.0,239792500
2010-12-09,1600.0,63427500
2010-12-10,1570.0,179310000
2010-12-13,1560.0,192145000
2010-12-14,1560.0,108977500
2010-12-15,1560.0,136837500
2010-12-16,1550.0,105917500
2010-12-17,1570.0,54750000
2010-12-20,1570.0,87912500
2010-12-21,1600.0,61752500
2010-12-22,1580.0,55150000
2010-12-23,1580.0,34067500
2010-12-27,1600.0,25307500
2010-12-28,1600.0,16062500
2010-12-29,1600.0,47305000
2010-12-30,1590.0,53695000
2011-01-03,1600.0,34922500
2011-01-04,1580.0,50385000
2011-01-05,1600.0,84900000
2011-01-06,1540.0,198480000
2011-01-07,1470.0,284375000
2011-01-10,1440.0,147192500
2011-01-11,1440.0,307800000
2011-01-12,1500.0,197247500
2011-01-13,1470.0,175577500
2011-01-14,1500.0,126762500
2011-01-17,1520.0,72877500
2011-01-18,1560.0,123230000
2011-01-19,1560.0,93122500
2011-01-20,1510.0,54402500
2011-01-21,1510.0,189377500
2011-01-24,1540.0,79722500
2011-01-25,1530.0,77597500
2011-01-26,1550.0,97275000
2011-01-27,1530.0,102720000
2011-01-28,1550.0,66007500
2011-01-31,1510.0,131725000
2011-02-01,1510.0,71630000
2011-02-02,1530.0,60857500
2011-02-04,1550.0,40702500
2011-02-07,1540.0,65187500
2011-02-08,1540.0,57955000
2011-02-09,1560.0,97870000
2011-02-10,1530.0,84107500
2011-02-11,1520.0,62812500
2011-02-14,1490.0,54655000
2011-02-16,1490.0,119327500
2011-02-17,1490.0,58967500
2011-02-18,1490.0,58102500
2011-02-21,1520.0,60460000
2011-02-22,1490.0,37900000
2011-02-23,1490.0,80302500
2011-02-24,1470.0,77310000
2011-02-25,1490.0,52902500
2011-02-28,1490.0,49137500
2011-03-01,1500.0,35747500
2011-03-02,1470.0,46565000
2011-03-03,1470.0,56752500
2011-03-04,1460.0,103097500
2011-03-07,1470.0,77145000
2011-03-08,1460.0,29065000
2011-03-09,1490.0,101040000
2011-03-10,1480.0,57452500
2011-03-11,1460.0,95785000
2011-03-14,1470.0,82050000
2011-03-15,1430.0,85177500
2011-03-16,1410.0,122272500
2011-03-17,1360.0,218442500
2011-03-18,1340.0,250607500
2011-03-21,1350.0,117315000
2011-03-22,1320.0,124460000
2011-03-23,1550.0,110445000
2011-03-24,1430.0,257115000
2011-03-25,1430.0,163332500
2011-03-28,1420.0,33502500
2011-03-29,1400.0,72307500
2011-03-30,1440.0,171987500
2011-03-31,1470.0,166390000
2011-04-01,1460.0,72657500
2011-04-04,1460.0,42830000
2011-04-05,1450.0,47285000
2011-04-06,1450.0,82392500
2011-04-07,1420.0,85887500
2011-04-08,1400.0,136977500
2011-04-11,1420.0,77822500
2011-04-12,1420.0,39932500
2011-04-13,1400.0,54695000
2011-04-14,1440.0,148222500
2011-04-15,1450.0,151732500
2011-04-18,1470.0,82662500
2011-04-19,1530.0,231732500
2011-04-20,1560.0,261367500
2011-04-21,1550.0,67332500
2011-04-25,1510.0,37020000
2011-04-26,1490.0,45570000
2011-04-27,1540.0,59295000
2011-04-28,1530.0,31717500
2011-04-29,1540.0,67155000
2011-05-02,1550.0,40600000
2011-05-03,1540.0,43042500
2011-05-04,1530.0,66977500
2011-05-05,1500.0,143775000
2011-05-06,1510.0,88710000
2011-05-09,1510.0,41785000
2011-05-10,1510.0,32100000
2011-05-11,1520.0,46222500
2011-05-12,1540.0,75617500
2011-05-13,1540.0,36745000
2011-05-16,1540.0,32897500
2011-05-18,1550.0,75915000
2011-05-19,1520.0,79327500
2011-05-20,1530.0,68770000
2011-05-23,1510.0,47165000
2011-05-24,1530.0,76772500
2011-05-25,1540.0,28617500
2011-05-26,1540.0,68022500
2011-05-27,1540.0,68710000
2011-05-30,1520.0,49680000
2011-05-31,1540.0,60117500
2011-06-01,1550.0,42402500
2011-06-03,1530.0,78920000
2011-06-06,1520.0,91342500
2011-06-07,1500.0,148577500
2011-06-08,1500.0,98942500
2011-06-09,1490.0,107070000
2011-06-10,1490.0,99352500
2011-06-13,1490.0,100185000
2011-06-14,1460.0,134890000
2011-06-15,1450.0,70747500
2011-06-16,1420.0,89272500
2011-06-17,1370.0,120882500
2011-06-20,1390.0,61725000
2011-06-21,1420.0,62607500
2011-06-22,1430.0,47617500
2011-06-23,1430.0,29465000
2011-06-24,1450.0,75432500
2011-06-27,1420.0,43732500
2011-06-28,1450.0,60070000
2011-06-30,1470.0,129097500
2011-07-01,1440.0,75635000
2011-07-04,1440.0,0
2011-07-05,1440.0,72345000
2011-07-06,1430.0,38207500
2011-07-07,1430.0,43170000
2011-07-08,1440.0,44697500
2011-07-11,1410.0,55782500
2011-07-12,1400.0,91820000
2011-07-13,1410.0,82730000
2011-07-14,1410.0,74537500
2011-07-15,1430.0,62892500
2011-07-18,1420.0,51292500
2011-07-19,1410.0,36195000
2011-07-20,1420.0,31760000
2011-07-21,1460.0,117302500
2011-07-22,1480.0,68407500
2011-07-25,1460.0,70447500
2011-07-26,1460.0,57402500
2011-07-27,1470.0,34665000
2011-07-28,1460.0,98107500
2011-07-29,1470.0,98597500
2011-08-01,1500.0,86795000
2011-08-02,1520.0,214512500
2011-08-03,1510.0,140755000
2011-08-04,1560.0,367465000
2011-08-05,1510.0,178427500
2011-08-08,1500.0,161515000
2011-08-09,1440.0,254767500
2011-08-10,1420.0,185112500
2011-08-11,1470.0,207872500
2011-08-12,1460.0,107122500
2011-08-15,1450.0,87812500
2011-08-16,1440.0,58585000
2011-08-18,1490.0,144920000
2011-08-19,1480.0,189235000
2011-08-22,1460.0,43952500
2011-08-23,1460.0,35397500
2011-08-24,1450.0,77350000
2011-08-25,1440.0,78785000
2011-08-26,1450.0,61390000
2011-09-05,1510.0,326287500
2011-09-06,1530.0,144587500
2011-09-07,1580.0,145980000
2011-09-08,1530.0,89195000
2011-09-09,1520.0,95535000
2011-09-12,1480.0,68055000
2011-09-13,1470.0,37370000
2011-09-14,1470.0,81275000
2011-09-15,1500.0,84030000
2011-09-16,1470.0,44705000
2011-09-19,1490.0,43740000
2011-09-20,1490.0,53552500
2011-09-21,1510.0,70102500
2011-09-22,1380.0,192072500
2011-09-23,1440.0,124692500
2011-09-26,1440.0,266987500
2011-09-27,1450.0,104615000
2011-09-28,1470.0,81737500
2011-09-29,1490.0,66902500
2011-09-30,1520.0,115465000
2011-10-03,1480.0,92305000
2011-10-04,1490.0,189500000
2011-10-05,1540.0,150012500
2011-10-06,1520.0,82517500
2011-10-07,1450.0,142665000
2011-10-10,1440.0,83495000
2011-10-11,1460.0,83342500
2011-10-12,1470.0,119385000
2011-10-13,1450.0,128810000
2011-10-14,1420.0,172262500
2011-10-17,1420.0,124752500
2011-10-18,1430.0,87912500
2011-10-19,1440.0,56372500
2011-10-20,1450.0,72300000
2011-10-21,1450.0,56487500
2011-10-24,1450.0,126362500
2011-10-25,1470.0,94677500
2011-10-26,1480.0,73162500
2011-10-27,1500.0,115000000
2011-10-28,1490.0,105927500
2011-10-31,1480.0,55060000
2011-11-01,1480.0,45562500
2011-11-02,1510.0,85812500
2011-11-03,1500.0,41752500
2011-11-04,1520.0,37442500
2011-11-07,1500.0,39105000
2011-11-08,1500.0,27047500
2011-11-09,1500.0,76982500
2011-11-10,1480.0,45880000
2011-11-11,1480.0,49905000
2011-11-14,1500.0,30280000
2011-11-15,1490.0,54720000
2011-11-16,1510.0,43035000
2011-11-17,1510.0,32660000
2011-11-18,1500.0,46627500
2011-11-21,1490.0,69502500
2011-11-22,1490.0,43945000
2011-11-23,1510.0,50435000
2011-11-24,1500.0,21920000
2011-11-25,1460.0,46137500
2011-11-28,1460.0,50772500
2011-11-29,1430.0,77692500
2011-11-30,1470.0,95785000
2011-12-01,1470.0,0
2011-12-02,1470.0,38050000
2011-12-05,1450.0,49020000
2011-12-06,1470.0,49255000
2011-12-07,1460.0,70710000
2011-12-08,1450.0,51580000
2011-12-09,1440.0,142575000
2011-12-12,1450.0,27750000
2011-12-13,1430.0,78060000
2011-12-14,1420.0,36120000
2011-12-15,1430.0,106532500
2011-12-16,1430.0,32912500
2011-12-19,1410.0,60082500
2011-12-20,1400.0,126252500
2011-12-21,1420.0,121340000
2011-12-22,1430.0,24495000
2011-12-23,1430.0,17587500
2011-12-27,1440.0,18727500
2011-12-28,1410.0,67402500
2011-12-29,1430.0,46610000
2011-12-30,1410.0,54420000
2012-01-02,1410.0,15267500
2012-01-03,1410.0,64482500
2012-01-04,1420.0,73910000
2012-01-05,1410.0,65095000
2012-01-06,1390.0,136315000
2012-01-09,1410.0,82305000
2012-01-10,1420.0,100222500
2012-01-11,1400.0,82470000
2012-01-12,1400.0,43985000
2012-01-13,1390.0,15
2012-01-16,1400.0,56037500
2012-01-17,1400.0,74382500
2012-01-18,1400.0,71217500
2012-01-19,1380.0,220512500
2012-01-20,1380.0,109682500
2012-01-24,1390.0,42942500
2012-01-25,1380.0,57047500
2012-01-26,1400.0,63132500
2012-01-27,1400.0,28427500
2012-01-30,1380.0,132527500
2012-01-31,1370.0,94415000
2012-02-01,1350.0,145167500
2012-02-02,1380.0,122345000
2012-02-03,1380.0,77127500
2012-02-06,1360.0,90827500
2012-02-07,1370.0,129415000
2012-02-08,1380.0,85507500
2012-02-09,1360.0,150692500
2012-02-10,1350.0,118210000
2012-02-13,1370.0,68445000
2012-02-14,1380.0,104205000
2012-02-15,1360.0,103975000
2012-02-16,1370.0,40842500
2012-02-17,1390.0,97060000
2012-02-20,1400.0,59212500
2012-02-21,1410.0,74907500
2012-02-22,1410.0,45770000
2012-02-23,1400.0,49932500
2012-02-24,1380.0,101375000
2012-02-27,1370.0,38507500
2012-02-28,1390.0,32827500
2012-02-29,1410.0,109472500
2012-03-01,1400.0,56207500
2012-03-02,1430.0,107120000
2012-03-05,1430.0,43917500
2012-03-06,1420.0,68977500
2012-03-07,1400.0,84565000
2012-03-08,1390.0,62115000
2012-03-09,1400.0,10
2012-03-12,1360.0,105605000
2012-03-13,1370.0,143502500
2012-03-14,1380.0,128567500
2012-03-15,1360.0,82217500
2012-03-16,1350.0,54997500
2012-03-19,1360.0,72287500
2012-03-20,1390.0,78645000
2012-03-21,1400.0,87135000
2012-03-22,1390.0,51082500
2012-03-26,1410.0,107672500
2012-03-27,1410.0,46832500
2012-03-28,1400.0,61962500
2012-03-29,1410.0,80780000
2012-03-30,1400.0,91352500
2012-04-02,1410.0,108317500
2012-04-03,1410.0,0
2012-04-04,1460.0,143855000
2012-04-05,1510.0,172987500
2012-04-09,1510.0,59612500
2012-04-10,1520.0,86227500
2012-04-11,1500.0,77632500
2012-04-12,1520.0,40885000
2012-04-13,1520.0,60145000
2012-04-16,1520.0,76235000
2012-04-17,1510.0,132980000
2012-04-18,1530.0,83562500
2012-04-19,1550.0,134335000
2012-04-20,1560.0,92950000
2012-04-23,1560.0,67147500
2012-04-24,1590.0,135052500
2012-04-25,1580.0,185182500
2012-04-26,1600.0,132945000
2012-04-27,1700.0,386080000
2012-04-30,1700.0,171157500
2012-05-01,1650.0,58107500
2012-05-02,1650.0,15
2012-05-03,1670.0,181720000
2012-05-04,1670.0,206402500
2012-05-07,1660.0,165125000
2012-05-08,1660.0,165465000
2012-05-09,1580.0,139045000
2012-05-10,1640.0,132372500
2012-05-11,1640.0,80067500
2012-05-14,1600.0,61930000
2012-05-15,1630.0,89595000
2012-05-16,1580.0,155052500
2012-05-21,1570.0,170145000
2012-05-22,1570.0,70700000
2012-05-23,1550.0,76872500
2012-05-24,1500.0,175320000
2012-05-25,1450.0,125352500
2012-05-28,1480.0,113907500
2012-05-29,1520.0,61792500
2012-05-30,1580.0,162582500
2012-05-31,1560.0,200920000
2012-06-01,1520.0,69610000
2012-06-04,1520.0,68332500
2012-06-05,1540.0,26472500
2012-06-06,1510.0,53875000
2012-06-07,1500.0,116607500
2012-06-08,1470.0,44205000
2012-06-11,1480.0,67165000
2012-06-12,1520.0,41552500
2012-06-13,1570.0,109347500
2012-06-14,1540.0,78670000
2012-06-15,1580.0,173430000
2012-06-18,1500.0,96255000
2012-06-19,1520.0,58010000
2012-06-20,1600.0,117700000
2012-06-21,1570.0,72670000
2012-06-22,1550.0,58017500
2012-06-25,1560.0,39497500
2012-06-26,1560.0,54175000
2012-06-27,1600.0,120740000
2012-06-28,1580.0,85480000
2012-06-29,1630.0,139292500
2012-07-02,1620.0,39347500
2012-07-03,1670.0,90200000
2012-07-04,1680.0,84615000
2012-07-05,1680.0,41415000
2012-07-06,1640.0,84372500
2012-07-09,1600.0,69512500
2012-07-10,1650.0,52312500
2012-07-11,1690.0,99737500
2012-07-12,1690.0,113602500
2012-07-13,1730.0,133937500
2012-07-16,1770.0,103310000
2012-07-17,1790.0,160252500
2012-07-18,1790.0,55447500
2012-07-19,1760.0,75285000
2012-07-20,1800.0,70005000
2012-07-23,1790.0,54100000
2012-07-24,1750.0,78095000
2012-07-25,1770.0,85185000
2012-07-26,1780.0,62037500
2012-07-27,1860.0,122620000
2012-07-30,1810.0,68580000
2012-07-31,1820.0,164680000
2012-08-01,1850.0,98672500
2012-08-02,1780.0,81985000
2012-08-03,1790.0,52335000
2012-08-06,1770.0,67300000
2012-08-07,1790.0,86267500
2012-08-08,1800.0,119872500
2012-08-09,1830.0,124382500
2012-08-10,1840.0,81207500
2012-08-13,1790.0,78530000
2012-08-14,1770.0,87465000
2012-08-15,1850.0,107300000
2012-08-16,1960.0,213665000
2012-08-23,1920.0,166172500
2012-08-24,1900.0,75392500
2012-08-27,1890.0,8240000
2012-08-28,1860.0,61510000
2012-08-29,1860.0,103322500
2012-08-30,1860.0,59417500
2012-08-31,1860.0,78742500
2012-09-03,1910.0,80640000
2012-09-04,1930.0,78130000
2012-09-05,1920.0,88485000
2012-09-06,1910.0,36550000
2012-09-07,1930.0,101200000
2012-09-10,1880.0,93445000
2012-09-11,1890.0,40230000
2012-09-12,1890.0,31547500
2012-09-13,1890.0,34427500
2012-09-14,1930.0,143777500
2012-09-17,1850.0,93355000
2012-09-18,1880.0,72222500
2012-09-19,1880.0,117850000
2012-09-20,1880.0,56595000
2012-09-21,1880.0,56237500
2012-09-24,1850.0,54650000
2012-09-25,1870.0,27470000
2012-09-26,1840.0,61522500
2012-09-27,1870.0,81632500
2012-09-28,1890.0,89755000
2012-10-01,1880.0,52527500
2012-10-02,1900.0,70050000
2012-10-03,1900.0,72790000
2012-10-04,1900.0,77155000
2012-10-05,1900.0,63187500
2012-10-08,1920.0,85082500
2012-10-09,1930.0,66767500
2012-10-10,1930.0,63307500
2012-10-11,1950.0,91525000
2012-10-12,1930.0,110005000
2012-10-15,1920.0,94040000
2012-10-16,1970.0,95815000
2012-10-17,1950.0,133372500
2012-10-18,1930.0,64702500
2012-10-19,1930.0,71067500
2012-10-22,1910.0,62315000
2012-10-23,1930.0,88507500
2012-10-24,1960.0,309980000
2012-10-25,1930.0,105362500
2012-10-29,1930.0,98112500
2012-10-30,1920.0,61515000
2012-10-31,1950.0,104925000
2012-11-01,1950.0,124140000
2012-11-02,1910.0,135580000
2012-11-05,1880.0,82187500
2012-11-06,1880.0,82652500
2012-11-07,1880.0,44255000
2012-11-08,1870.0,83842500
2012-11-09,1880.0,67277500
2012-11-12,1870.0,28595000
2012-11-13,1880.0,54072500
2012-11-14,1890.0,70562500
2012-11-19,1850.0,89660000
2012-11-20,1870.0,82222500
2012-11-21,1840.0,92085000
2012-11-22,1850.0,151695000
2012-11-23,1840.0,44250000
2012-11-26,1880.0,91917500
2012-11-27,1880.0,54600000
2012-11-28,1860.0,55567500
2012-11-29,1850.0,62972500
2012-11-30,1800.0,162595000
2012-12-03,1770.0,192670000
2012-12-04,1770.0,70100000
2012-12-05,1760.0,118277500
2012-12-06,1780.0,82115000
2012-12-07,1840.0,179717500
2012-12-10,1860.0,87720000
2012-12-11,1830.0,91575000
2012-12-12,1850.0,173002500
2012-12-13,1830.0,99052500
2012-12-14,1770.0,185680000
2012-12-17,1810.0,159475000
2012-12-18,1800.0,97192500
2012-12-19,1780.0,118705000
2012-12-20,1800.0,114527500
2012-12-21,1830.0,91677500
2012-12-26,1820.0,15
2012-12-27,1790.0,67850000
2012-12-28,1810.0,109440000
2013-01-02,1790.0,60222500
2013-01-03,1800.0,121480000
2013-01-04,1820.0,101207500
2013-01-07,1840.0,110077500
2013-01-08,1830.0,77142500
2013-01-09,1790.0,150775000
2013-01-10,1790.0,165842500
2013-01-11,1810.0,93272500
2013-01-14,1830.0,93792500
2013-01-15,1890.0,139172500
2013-01-16,1900.0,80340000
2013-01-17,1910.0,108880000
2013-01-18,1960.0,106495000
2013-01-21,1920.0,92392500
2013-01-22,1920.0,0
2013-01-23,1920.0,54337500
2013-01-25,1960.0,121637500
2013-01-28,1910.0,111172500
2013-01-29,1930.0,149150000
2013-01-30,1940.0,83140000
2013-01-31,1940.0,155020000
2013-02-01,1930.0,92477500
2013-02-04,1940.0,63735000
2013-02-05,1940.0,73387500
2013-02-06,1960.0,72077500
2013-02-07,1930.0,55877500
2013-02-08,1930.0,82810000
2013-02-11,1930.0,55935000
2013-02-12,1930.0,37485000
2013-02-13,1920.0,63552500
2013-02-14,1950.0,282730000
2013-02-15,1990.0,243532500
2013-02-18,1990.0,96120000
2013-02-19,1980.0,56707500
2013-02-20,1970.0,90922500
2013-02-21,1980.0,91987500
2013-02-22,1970.0,77210000
2013-02-25,1980.0,85690000
2013-02-26,1970.0,54930000
2013-02-27,2030.0,243452500
2013-02-28,2150.0,191622500
2013-03-01,2170.0,96047500
2013-03-04,2100.0,93580000
2013-03-05,2100.0,43375000
2013-03-06,2220.0,132065000
2013-03-07,2120.0,126125000
2013-03-08,2150.0,71627500
2013-03-11,2170.0,37515000
2013-03-13,2170.0,122720000
2013-03-14,2120.0,89810000
2013-03-15,2060.0,100502500
2013-03-18,2100.0,100685000
2013-03-19,2110.0,61297500
2013-03-20,2140.0,114347500
2013-03-21,2150.0,85155000
2013-03-22,2110.0,97967500
2013-03-25,2140.0,49620000
2013-03-26,2170.0,86355000
2013-03-27,2170.0,59400000
2013-03-28,2200.0,79535000
2013-04-01,2150.0,30487500
2013-04-02,2180.0,37737500
2013-04-03,2220.0,15
2013-04-04,2170.0,70767500
2013-04-05,2140.0,53055000
2013-04-08,2100.0,105777500
2013-04-09,2160.0,101205000
2013-04-10,2150.0,119377500
2013-04-11,2200.0,126935000
2013-04-12,2230.0,93410000
2013-04-15,2230.0,61885000
2013-04-16,2350.0,15
2013-04-17,2400.0,160735000
2013-04-18,2310.0,160360000
2013-04-19,2340.0,109192500
2013-04-22,2400.0,10
2013-04-23,2340.0,0
2013-04-24,2390.0,93440000
2013-04-25,2360.0,110875000
2013-04-26,2250.0,141757500
2013-04-29,2280.0,62045000
2013-04-30,2340.0,187220000
2013-05-01,2360.0,20460000
2013-05-02,2360.0,68327500
2013-05-03,2260.0,87995000
2013-05-06,2320.0,81867500
2013-05-07,2340.0,79560000
2013-05-08,2360.0,63865000
2013-05-10,2370.0,90800000
2013-05-13,2370.0,86107500
2013-05-14,2370.0,72282500
2013-05-15,2380.0,162527500
2013-05-16,2380.0,100317500
2013-05-17,2390.0,78335000
2013-05-20,2460.0,142417500
2013-05-21,2450.0,129855000
2013-05-22,2470.0,87825000
2013-05-23,2440.0,153887500
2013-05-24,2460.0,69085000
2013-05-27,2440.0,86650000
2013-05-28,2460.0,97247500
2013-05-29,2480.0,111012500
2013-05-30,2370.0,141920000
2013-05-31,2210.0,15
2013-06-03,2280.0,206020000
2013-06-04,2270.0,117660000
2013-06-05,2240.0,118007500
2013-06-07,2200.0,231427500
2013-06-10,2100.0,177525000
2013-06-11,2000.0,248872500
2013-06-12,2060.0,208075000
2013-06-13,2040.0,212940000
2013-06-14,2110.0,147550000
2013-06-17,2080.0,109685000
2013-06-18,2170.0,169845000
2013-06-19,2200.0,107137500
2013-06-20,2100.0,157067500
2013-06-21,1990.0,237425000
2013-06-24,2000.0,147670000
2013-06-25,1950.0,184105000
2013-06-26,2050.0,245915000
2013-06-27,2160.0,208745000
2013-06-28,2250.0,182437500
2013-07-01,2180.0,86265000
2013-07-02,2150.0,92212500
2013-07-03,2110.0,178655000
2013-07-04,2180.0,76065000
2013-07-05,2200.0,60670000
2013-07-08,2180.0,105267500
2013-07-09,2200.0,131332500
2013-07-10,2260.0,190850000
2013-07-11,2330.0,175910000
2013-07-12,2370.0,205670000
2013-07-15,2370.0,99732500
2013-07-16,2300.0,79697500
2013-07-17,2260.0,122885000
2013-07-18,2280.0,196995000
2013-07-19,2330.0,90492500
2013-07-22,2350.0,99952500
2013-07-23,2400.0,105552500
2013-07-24,2360.0,81982500
2013-07-25,2340.0,92747500
2013-07-26,2330.0,71982500
2013-07-29,2280.0,55790000
2013-07-30,2350.0,79955000
2013-07-31,2380.0,86822500
2013-08-01,2400.0,79205000
2013-08-02,2400.0,54575000
2013-08-12,2370.0,108935000
2013-08-13,2340.0,97225000
2013-08-14,2380.0,59555000
2013-08-15,2390.0,99700000
2013-08-16,2270.0,138227500
2013-08-19,2120.0,130175000
2013-08-20,2080.0,229065000
2013-08-21,2190.0,202245000
2013-08-22,2130.0,145652500
2013-08-23,2150.0,84685000
2013-08-26,2130.0,81722500
2013-08-27,2020.0,128692500
2013-08-28,2150.0,140114000
2013-08-29,2225.0,105664500
2013-08-30,2200.0,109446500
2013-09-02,2150.0,63655500
2013-09-03,2200.0,50207000
2013-09-04,2100.0,106755500
2013-09-05,2000.0,147371008
2013-09-06,1990.0,198064000
2013-09-09,2075.0,131547000
2013-09-10,2200.0,218278500
2013-09-11,2175.0,215712000
2013-09-12,2225.0,99842000
2013-09-13,2200.0,113031500
2013-09-16,2225.0,120217000
2013-09-17,2250.0,124701500
2013-09-18,2225.0,65105000
2013-09-19,2375.0,171275500
2013-09-20,2325.0,76113000
2013-09-23,2275.0,85687000
2013-09-24,2200.0,102855000
2013-09-25,2150.0,190404500
2013-09-26,2150.0,124709000
2013-09-27,2175.0,100720500
2013-09-30,2100.0,137816500
2013-10-01,2150.0,69872500
2013-10-02,2200.0,84952000
2013-10-03,2225.0,51035500
2013-10-04,2250.0,67581500
2013-10-07,2250.0,54716000
2013-10-08,2225.0,78668000
2013-10-09,2275.0,134366500
2013-10-10,2325.0,81710500
2013-10-11,2325.0,108595000
2013-10-16,2275.0,105367000
2013-10-17,2325.0,65266000
2013-10-18,2350.0,63748500
2013-10-21,2325.0,84729500
2013-10-22,2250.0,146869500
2013-10-23,2250.0,113433500
2013-10-24,2225.0,123026500
2013-10-25,2175.0,122372000
2013-10-28,2275.0,103357500
2013-10-29,2300.0,81925000
2013-10-30,2300.0,102476000
2013-10-31,2350.0,175641000
2013-11-01,2300.0,93561000
2013-11-04,2325.0,63125500
2013-11-06,2275.0,130402000
2013-11-07,2275.0,109366500
2013-11-08,2275.0,119428500
2013-11-11,2225.0,100433000
2013-11-12,2225.0,65346000
2013-11-13,2125.0,166392500
2013-11-14,2175.0,91585000
2013-11-15,2175.0,91929500
2013-11-18,2225.0,87649500
2013-11-19,2275.0,52449500
2013-11-20,2225.0,136813000
2013-11-21,2225.0,97510500
2013-11-22,2150.0,108121500
2013-11-25,2150.0,70234000
2013-11-26,2025.0,230524000
2013-11-27,2125.0,128729000
2013-11-28,2150.0,60913000
2013-11-29,2175.0,50601000
2013-12-02,2200.0,22662500
2013-12-03,2150.0,82436500
2013-12-04,2100.0,83152500
2013-12-05,2050.0,179661000
2013-12-06,2000.0,207724000
2013-12-09,2025.0,217082500
2013-12-10,2025.0,224616500
2013-12-11,2100.0,182320000
2013-12-12,2075.0,122269500
2013-12-13,2075.0,127414500
2013-12-16,2075.0,83270500
2013-12-17,2050.0,166180500
2013-12-18,2075.0,110170000
2013-12-19,2125.0,115378000
2013-12-20,2100.0,108210500
2013-12-23,2075.0,106619000
2013-12-24,2125.0,55390500
2013-12-27,2125.0,51949500
2013-12-30,2150.0,52862000
2014-01-02,2175.0,44446000
2014-01-03,2125.0,60001000
2014-01-06,2085.0,81736300
2014-01-07,2070.0,73637100
2014-01-08,2100.0,84514500
2014-01-09,2085.0,71932000
2014-01-10,2145.0,95283500
2014-01-13,2220.0,159876500
2014-01-15,2205.0,178597800
2014-01-16,2230.0,93772300
2014-01-17,2225.0,57115800
2014-01-20,2250.0,55963300
2014-01-21,2255.0,53197000
2014-01-22,2230.0,100488800
2014-01-23,2225.0,83549700
2014-01-24,2210.0,85992300
2014-01-27,2150.0,79202500
2014-01-28,2150.0,63022000
2014-01-29,2230.0,98500700
2014-01-30,2275.0,137604700
2014-02-03,2220.0,59464200
2014-02-04,2195.0,84787100
2014-02-05,2235.0,51822100
2014-02-06,2305.0,156438800
2014-02-07,2295.0,89293100
2014-02-10,2295.0,81759000
2014-02-11,2275.0,103091300
2014-02-12,2290.0,132252200
2014-02-13,2265.0,97344200
2014-02-14,2250.0,56708400
2014-02-17,2275.0,119235400
2014-02-18,2305.0,90236800
2014-02-19,2330.0,120156400
2014-02-20,2360.0,160660300
2014-02-21,2400.0,122935900
2014-02-24,2375.0,116059400
2014-02-25,2290.0,109895400
2014-02-26,2285.0,133970000
2014-02-27,2285.0,51654100
2014-02-28,2325.0,77853600
2014-03-03,2300.0,55706500
2014-03-04,2300.0,67568600
2014-03-05,2320.0,81012700
2014-03-06,2310.0,67358000
2014-03-07,2295.0,179233400
2014-03-10,2185.0,302480800
2014-03-11,2180.0,181133900
2014-03-12,2165.0,142736000
2014-03-13,2190.0,174546300
2014-03-14,2280.0,243934500
2014-03-17,2250.0,211329792
2014-03-18,2210.0,184497300
2014-03-19,2260.0,184618800
2014-03-20,2190.0,139017100
2014-03-21,2160.0,204697900
2014-03-24,2230.0,96374000
2014-03-25,2190.0,64711900
2014-03-26,2210.0,108826700
2014-03-27,2175.0,117110500
2014-03-28,2215.0,66329600
2014-04-01,2255.0,155473900
2014-04-02,2250.0,71968500
2014-04-03,2260.0,96763700
2014-04-04,2275.0,129922300
2014-04-07,2320.0,213134600
2014-04-08,2330.0,152506400
2014-04-09,2330.0,0
2014-04-10,2260.0,324276200
2014-04-11,2315.0,140791700
2014-04-14,2340.0,139482300
2014-04-15,2300.0,144011700
2014-04-16,2320.0,56176400
2014-04-17,2325.0,63686500
2014-04-21,2315.0,44750400
2014-04-22,2335.0,76257900
2014-04-23,2340.0,90240700
2014-04-24,2355.0,75315300
2014-04-25,2365.0,86101600
2014-04-28,2330.0,94229600
2014-04-29,2270.0,71114000
2014-04-30,2265.0,127117400
2014-05-02,2300.0,110285500
2014-05-05,2325.0,52538000
2014-05-06,2330.0,27881900
2014-05-07,2350.0,88877700
2014-05-08,2345.0,61622200
2014-05-09,2350.0,66925900
2014-05-12,2350.0,56050200
2014-05-13,2360.0,80149200
2014-05-14,2400.0,96626000
2014-05-16,2535.0,252322400
2014-05-19,2580.0,244436100
2014-05-20,2430.0,262961500
2014-05-21,2480.0,101823600
2014-05-22,2535.0,124011800
2014-05-23,2535.0,59352700
2014-05-26,2565.0,91079700
2014-05-28,2550.0,90559600
2014-05-30,2575.0,373786200
2014-06-02,2520.0,111564400
2014-06-03,2550.0,97705600
2014-06-04,2520.0,80454500
2014-06-05,2520.0,64882300
2014-06-06,2530.0,36933600
2014-06-09,2470.0,59547400
2014-06-10,2525.0,101770500
2014-06-11,2480.0,110613700
2014-06-12,2405.0,328669200
2014-06-13,2440.0,159444900
2014-06-16,2410.0,95196000
2014-06-17,2420.0,68543600
2014-06-18,2420.0,60813100
2014-06-19,2410.0,77751600
2014-06-20,2410.0,71742300
2014-06-23,2455.0,193417000
2014-06-24,2465.0,75033300
2014-06-25,2450.0,98327500
2014-06-26,2465.0,81592000
2014-06-27,2425.0,77788000
2014-06-30,2465.0,90405800
2014-07-01,2480.0,46366400
2014-07-02,2500.0,44555300
2014-07-03,2475.0,72541800
2014-07-04,2525.0,96433200
2014-07-07,2600.0,225720400
2014-07-08,2615.0,151662700
2014-07-09,2615.0,0
2014-07-10,2590.0,203913800
2014-07-11,2575.0,95574900
2014-07-14,2610.0,92353400
2014-07-15,2655.0,57478500
2014-07-16,2650.0,63715000
2014-07-17,2645.0,38558900
2014-07-18,2680.0,54707100
2014-07-21,2695.0,57838800
2014-07-22,2650.0,139581700
2014-07-23,2610.0,93196200
2014-07-24,2640.0,74463900
2014-07-25,2650.0,79928300
2014-08-04,2690.0,212200700
2014-08-05,2710.0,97982300
2014-08-06,2655.0,83111900
2014-08-07,2690.0,80249800
2014-08-08,2700.0,57236300
2014-08-11,2750.0,90542400
2014-08-12,2780.0,60480700
2014-08-13,2785.0,65911700
2014-08-14,2755.0,72099000
2014-08-15,2710.0,84090700
2014-08-18,2725.0,64649900
2014-08-19,2700.0,110696600
2014-08-20,2725.0,105459700
2014-08-21,2715.0,60147200
2014-08-22,2685.0,159319500
2014-08-25,2685.0,54567200
2014-08-26,2705.0,90485600
2014-08-27,2735.0,103161100
2014-08-28,2720.0,82771400
2014-08-29,2665.0,120072300
2014-09-01,2710.0,76898600
2014-09-02,2700.0,63801700
2014-09-03,2725.0,88023500
2014-09-04,2730.0,86470200
2014-09-05,2730.0,74071500
2014-09-08,2835.0,145103200
2014-09-09,2820.0,87934500
2014-09-10,2810.0,57826600
2014-09-11,2795.0,60489000
2014-09-12,2790.0,69321000
2014-09-15,2775.0,69546200
2014-09-16,2795.0,62553100
2014-09-17,2850.0,95342800
2014-09-18,2875.0,75960400
2014-09-19,2945.0,115537500
2014-09-22,2870.0,103910900
2014-09-23,2890.0,94035800
2014-09-24,2870.0,55014300
2014-09-25,2885.0,69377000
2014-09-26,2880.0,71164500
2014-09-29,2910.0,52134000
2014-09-30,2915.0,94734300
2014-10-01,2865.0,94794900
2014-10-02,2760.0,153859200
2014-10-03,2790.0,88591000
2014-10-06,2845.0,50846100
2014-10-07,2860.0,83200800
2014-10-08,2800.0,78467600
2014-10-09,2800.0,60567100
2014-10-10,2775.0,91031000
2014-10-13,2775.0,85519000
2014-10-14,2775.0,65617400
2014-10-15,2855.0,181364400
2014-10-16,2805.0,124799700
2014-10-17,2805.0,156781200
2014-10-20,2845.0,168034000
2014-10-21,2850.0,97679500
2014-10-22,2860.0,91730800
2014-10-23,2880.0,47414900
2014-10-24,2870.0,59625800
2014-10-27,2805.0,74077900
2014-10-28,2685.0,254463000
2014-10-29,2720.0,158998500
2014-10-30,2760.0,111621300
2014-10-31,2750.0,103439800
2014-11-03,2760.0,84382000
2014-11-04,2740.0,68740200
2014-11-05,2740.0,66505800
2014-11-06,2710.0,83250500
2014-11-07,2615.0,178677800
2014-11-10,2630.0,54606100
2014-11-11,2715.0,102320000
2014-11-12,2730.0,70895600
2014-11-13,2735.0,54327800
2014-11-14,2740.0,53677200
2014-11-17,2750.0,85231600
2014-11-18,2755.0,49793900
2014-11-19,2775.0,99747600
2014-11-20,2720.0,136427900
2014-11-21,2765.0,44937600
2014-11-24,2815.0,94476900
2014-11-25,2785.0,86579400
2014-11-26,2815.0,67759400
2014-11-27,2810.0,33290800
2014-11-28,2825.0,43622400
2014-12-01,2880.0,101929900
2014-12-02,2875.0,52989900
2014-12-03,2850.0,41398100
2014-12-04,2845.0,43817900
2014-12-05,2840.0,19174900
2014-12-08,2805.0,48968000
2014-12-09,2795.0,66592500
2014-12-10,2835.0,46563600
2014-12-11,2835.0,95382900
2014-12-12,2825.0,83571700
2014-12-15,2785.0,87239500
2014-12-16,2745.0,98264700
2014-12-17,2725.0,83776100
2014-12-18,2800.0,59245400
2014-12-19,2815.0,83810000
2014-12-22,2825.0,80557400
2014-12-23,2825.0,74379400
2014-12-24,2845.0,37565300
2014-12-29,2850.0,26201100
2014-12-30,2865.0,65397600
2015-01-02,2860.0,18992100
2015-01-05,2835.0,49940700
2015-01-06,2815.0,47892100
2015-01-07,2810.0,70076600
2015-01-08,2835.0,56582500
2015-01-09,2860.0,71331300
2015-01-12,2835.0,62085500
2015-01-13,2840.0,64069900
2015-01-14,2825.0,39651700
2015-01-15,2830.0,42518800
2015-01-16,2845.0,24697100
2015-01-19,2855.0,25072900
2015-01-20,2900.0,64564800
2015-01-21,2915.0,71615600
2015-01-22,2880.0,59087800
2015-01-23,2890.0,86233100
2015-01-26,2820.0,199320200
2015-01-27,2830.0,118430700
2015-01-28,2845.0,104502400
2015-01-29,2860.0,47048700
2015-01-30,2830.0,80087700
2015-02-02,2805.0,125835700
2015-02-03,2825.0,73596500
2015-02-04,2845.0,110119200
2015-02-05,2815.0,127917300
2015-02-06,2830.0,89312200
2015-02-09,2860.0,99107100
2015-02-10,2845.0,70239800
2015-02-11,2860.0,94908700
2015-02-12,2895.0,132387000
2015-02-13,2980.0,183459600
2015-02-16,2890.0,100706300
2015-02-17,2895.0,42045700
2015-02-18,2895.0,57476200
2015-02-20,2890.0,68329800
2015-02-23,2910.0,67998800
2015-02-24,2905.0,65077400
2015-02-25,2970.0,102010900
2015-02-26,2975.0,86738700
2015-02-27,2935.0,88614600
2015-03-02,2950.0,114431500
2015-03-03,2945.0,78333100
2015-03-04,2910.0,58543500
2015-03-05,2910.0,73255400
2015-03-06,2985.0,129544600
2015-03-09,2945.0,85028700
2015-03-10,2945.0,85398800
2015-03-11,2940.0,89149900
2015-03-12,2925.0,54873400
2015-03-13,2955.0,80727100
2015-03-16,2975.0,66012100
2015-03-17,2955.0,98966500
2015-03-18,2950.0,61172400
2015-03-19,2950.0,120859000
2015-03-20,2920.0,122734000
2015-03-23,2920.0,46260000
2015-03-24,2920.0,84436600
2015-03-25,2880.0,90305000
2015-03-26,2810.0,143902100
2015-03-27,2810.0,89433400
2015-03-30,2865.0,94090000
2015-03-31,2890.0,152587300
2015-04-01,2835.0,121823100
2015-04-02,2825.0,58307700
2015-04-06,2835.0,37566400
2015-04-07,2855.0,42248600
2015-04-08,2860.0,75592900
2015-04-09,2840.0,54399400
2015-04-10,2825.0,96568900
2015-04-13,2795.0,100020600
2015-04-14,2795.0,95556600
2015-04-15,2805.0,71986200
2015-04-16,2810.0,68907100
2015-04-17,2805.0,92635400
2015-04-20,2835.0,99750500
2015-04-21,2835.0,64048600
2015-04-22,2830.0,71023000
2015-04-23,2855.0,132575300
2015-04-24,2905.0,139047700
2015-04-27,2810.0,104273400
2015-04-28,2790.0,87476800
2015-04-29,2700.0,162306400
2015-04-30,2615.0,219284700
2015-05-04,2765.0,108362400
2015-05-05,2750.0,111364100
2015-05-06,2770.0,96327600
2015-05-07,2830.0,90057500
2015-05-08,2860.0,85973400
2015-05-11,2845.0,71652100
2015-05-12,2800.0,78810300
2015-05-13,2835.0,55295400
2015-05-15,2840.0,104423300
2015-05-18,2830.0,81337900
2015-05-19,2830.0,85492700
2015-05-20,2835.0,71445300
2015-05-21,2850.0,85759800
2015-05-22,2870.0,44371000
2015-05-25,2830.0,13907600
2015-05-26,2870.0,47703000
2015-05-27,2830.0,46538800
2015-05-28,2855.0,59956100
2015-05-29,2845.0,96994900
2015-06-01,2845.0,27010300
2015-06-03,2875.0,81717400
2015-06-04,2825.0,61656400
2015-06-05,2855.0,50196500
2015-06-08,2855.0,43379600
2015-06-09,2830.0,75284400
2015-06-10,2860.0,100286700
2015-06-11,2870.0,41701100
2015-06-12,2850.0,26165000
2015-06-15,2810.0,29292300
2015-06-16,2870.0,81858300
2015-06-17,2875.0,74970300
2015-06-18,2880.0,44777300
2015-06-19,2890.0,54274000
2015-06-22,2835.0,51148100
2015-06-23,2850.0,61388100
2015-06-24,2880.0,62913100
2015-06-25,2905.0,168574700
2015-06-26,2935.0,77630800
2015-06-29,2905.0,38632500
2015-06-30,2930.0,132127400
2015-07-01,2920.0,53547000
2015-07-02,2930.0,74803300
2015-07-03,2930.0,24948900
2015-07-06,2930.0,32652400
2015-07-07,2870.0,44500500
2015-07-08,2900.0,100674400
2015-07-09,2875.0,45051300
2015-07-10,2875.0,56693900
2015-07-13,2890.0,43617400
2015-07-14,2880.0,35288900
2015-07-15,2825.0,84776900
2015-07-22,2865.0,161757100
2015-07-23,2845.0,43284000
2015-07-24,2855.0,50080200
2015-07-27,2825.0,67065700
2015-07-28,2845.0,56580900
2015-07-29,2855.0,43291300
2015-07-30,2870.0,63805300
2015-07-31,2940.0,87348300
2015-08-03,2920.0,86428100
2015-08-04,2875.0,53123700
2015-08-05,2940.0,75991400
2015-08-06,2930.0,69266700
2015-08-07,2955.0,67858700
2015-08-10,2965.0,53349200
2015-08-11,2940.0,61717200
2015-08-12,2800.0,89375300
2015-08-13,2825.0,77677400
2015-08-14,2875.0,56381100
2015-08-18,2875.0,93592100
2015-08-19,2880.0,62106400
2015-08-20,2870.0,57510300
2015-08-21,2730.0,98927300
2015-08-24,2660.0,92467600
2015-08-25,2705.0,98001800
2015-08-26,2690.0,174946300
2015-08-27,2830.0,116570700
2015-08-28,2865.0,121094900
2015-08-31,2870.0,128880800
2015-09-01,2830.0,47176700
2015-09-02,2775.0,84858200
2015-09-03,2800.0,29988900
2015-09-04,2810.0,38478400
2015-09-07,2700.0,53535900
2015-09-08,2730.0,35420600
2015-09-09,2730.0,77359400
2015-09-10,2765.0,64256500
2015-09-11,2760.0,28864200
2015-09-14,2785.0,34577600
2015-09-15,2710.0,28528700
2015-09-16,2720.0,32023700
2015-09-17,2680.0,110693400
2015-09-18,2690.0,119461900
2015-09-21,2730.0,39502900
2015-09-22,2700.0,52305600
2015-09-23,2655.0,36091900
2015-09-25,2655.0,63639600
2015-09-28,2600.0,20695500
2015-09-29,2605.0,69456600
2015-09-30,2645.0,89608600
2015-10-01,2630.0,53417800
2015-10-02,2620.0,41421500
2015-10-05,2720.0,71562100
2015-10-06,2790.0,119008800
2015-10-07,2740.0,129685800
2015-10-08,2710.0,55225400
2015-10-09,2700.0,75397000
2015-10-12,2695.0,79379100
2015-10-13,2640.0,93278200
2015-10-15,2685.0,87325900
2015-10-16,2680.0,73264100
2015-10-19,2720.0,54806100
2015-10-20,2710.0,68821200
2015-10-21,2730.0,44455600
2015-10-22,2740.0,37608800
2015-10-23,2760.0,84717200
2015-10-26,2805.0,74714100
2015-10-27,2795.0,36482200
2015-10-28,2795.0,46129600
2015-10-29,2730.0,100875400
2015-10-30,2680.0,97802800
2015-11-02,2740.0,47693000
2015-11-03,2740.0,52631300
2015-11-04,2730.0,62262700
2015-11-05,2705.0,40649100
2015-11-06,2735.0,42300300
2015-11-09,2730.0,28610100
2015-11-10,2695.0,71540600
2015-11-11,2665.0,45329300
2015-11-12,2715.0,67582900
2015-11-13,2755.0,85542600
2015-11-16,2720.0,39014100
2015-11-17,2815.0,107165000
2015-11-18,2850.0,83841800
2015-11-19,2815.0,74695200
2015-11-20,2915.0,80693900
2015-11-23,2800.0,58469900
2015-11-24,2870.0,52299500
2015-11-25,2900.0,72999200
2015-11-26,2950.0,79959900
2015-11-27,2960.0,64313600
2015-11-30,2930.0,248674100
2015-12-01,2940.0,114946900
2015-12-02,2970.0,79848900
2015-12-03,3035.0,126393400
2015-12-04,3000.0,94131500
2015-12-07,3030.0,78108300
2015-12-08,3015.0,129096000
2015-12-09,3015.0,0
2015-12-10,3010.0,144523200
2015-12-11,2950.0,77701000
2015-12-14,2930.0,83862900
2015-12-15,2940.0,54346400
2015-12-16,3040.0,96852000
2015-12-17,3125.0,85716700
2015-12-18,3060.0,89447600
2015-12-21,3110.0,80764000
2015-12-22,3135.0,68929200
2015-12-23,3110.0,92014400
2015-12-28,3120.0,47634200
2015-12-29,3095.0,38486500
2015-12-30,3105.0,40956100
2016-01-04,3140.0,53937600
2016-01-05,3195.0,111298000
2016-01-06,3250.0,126669200
2016-01-07,3210.0,106056300
2016-01-08,3145.0,121217800
2016-01-11,3060.0,89758100
2016-01-12,3145.0,116904200
2016-01-13,3190.0,74269100
2016-01-14,3135.0,106684400
2016-01-15,3085.0,88290900
2016-01-18,3085.0,37695300
2016-01-19,3110.0,57336800
2016-01-20,3090.0,65971300
2016-01-21,3095.0,75613700
2016-01-22,3185.0,83961900
2016-01-25,3205.0,85792900
2016-01-26,3225.0,88825300
2016-01-27,3270.0,58542700
2016-01-28,3260.0,76642400
2016-01-29,3340.0,123511400
2016-02-01,3330.0,132389600
2016-02-02,3235.0,85894700
2016-02-03,3275.0,65149900
2016-02-04,3350.0,121904700
2016-02-05,3500.0,110951000
2016-02-09,3375.0,71371200
2016-02-10,3385.0,83792500
2016-02-11,3430.0,109097100
2016-02-12,3285.0,153723600
2016-02-15,3325.0,104800500
2016-02-16,3335.0,43892400
2016-02-17,3335.0,81659100
2016-02-18,3315.0,94576000
2016-02-19,3195.0,179256500
2016-02-22,3180.0,105477300
2016-02-23,3220.0,67743800
2016-02-24,3230.0,69789500
2016-02-25,3300.0,95590800
2016-02-26,3310.0,53507400
2016-02-29,3250.0,102104500
2016-03-01,3295.0,63318600
2016-03-02,3340.0,110289200
2016-03-03,3430.0,107648600
2016-03-04,3415.0,87747700
2016-03-07,3395.0,63623500
2016-03-08,3390.0,109167700
2016-03-10,3315.0,163244500
2016-03-11,3315.0,0
2016-03-14,3315.0,0
2016-03-15,3380.0,95058500
2016-03-16,3440.0,45874600
2016-03-17,3455.0,81984200
2016-03-18,3460.0,141609900
2016-03-21,3470.0,55410700
2016-03-22,3420.0,123088800
2016-03-23,3305.0,201671300
2016-03-24,3325.0,106657100
2016-03-28,3305.0,60692300
2016-03-29,3300.0,117103200
2016-03-30,3345.0,140480200
2016-03-31,3325.0,120747500
2016-04-01,3350.0,79809200
2016-04-04,3380.0,69422300
2016-04-05,3375.0,69798700
2016-04-06,3405.0,63554500
2016-04-07,3400.0,77205400
2016-04-08,3445.0,54809700
2016-04-11,3445.0,0
2016-04-12,3400.0,52196200
2016-04-13,3400.0,0
2016-04-14,3400.0,0
2016-04-15,3400.0,0
2016-04-18,3400.0,0
2016-04-19,3400.0,0
2016-04-20,3585.0,94939200
2016-04-21,3630.0,94208900
2016-04-22,3685.0,145345500
2016-04-25,3780.0,114861000
2016-04-26,3645.0,122013000
2016-04-27,3700.0,74476000
2016-04-28,3595.0,160377500
2016-04-29,3550.0,225310200
2016-05-02,3450.0,175519300
2016-05-03,3440.0,156357700
2016-05-04,3490.0,153451200
2016-05-09,3610.0,157422300
2016-05-10,3700.0,101558100
2016-05-11,3720.0,84834700
2016-05-12,3760.0,142320700
2016-05-13,3690.0,85983800
2016-05-16,3720.0,122085600
2016-05-17,3720.0,64899500
2016-05-18,3740.0,83954800
2016-05-19,3630.0,116976600
2016-05-20,3640.0,90193000
2016-05-23,3710.0,50914600
2016-05-24,3730.0,57819500
2016-05-25,3780.0,58455600
2016-05-26,3770.0,37338500
2016-05-27,3760.0,31023300
2016-05-30,3700.0,23090100
2016-05-31,3700.0,182229000
2016-06-01,3720.0,67998100
2016-06-02,3770.0,87912100
2016-06-03,3800.0,62133700
2016-06-06,3880.0,72380600
2016-06-07,3910.0,86501400
2016-06-08,3790.0,193251000
2016-06-09,3770.0,113035900
2016-06-10,3750.0,53233600
2016-06-13,3760.0,51886300
2016-06-14,3770.0,43865800
2016-06-15,3810.0,59658600
2016-06-16,3880.0,90883500
2016-06-17,3890.0,80835200
2016-06-20,3850.0,54544000
2016-06-21,3870.0,53484100
2016-06-22,3870.0,62121300
2016-06-23,3860.0,37990600
2016-06-24,3820.0,87594500
2016-06-27,3840.0,61613600
2016-06-28,3820.0,169594500
2016-06-29,3970.0,121327700
2016-06-30,3980.0,96453900
2016-07-01,3970.0,98381900
2016-07-11,4070.0,270804800
2016-07-12,4100.0,143787700
2016-07-13,4260.0,95845300
2016-07-14,4110.0,131505700
2016-07-15,4200.0,109258400
2016-07-18,4140.0,53918600
2016-07-19,4160.0,73777600
2016-07-20,4190.0,47233600
2016-07-21,4120.0,69990500
2016-07-22,4110.0,49795000
2016-07-25,4180.0,53817300
2016-07-26,4250.0,85360000
2016-07-27,4340.0,108887200
2016-07-28,4340.0,90945600
2016-07-29,4230.0,123234300
2016-08-01,4550.0,138151900
2016-08-02,4370.0,97621900
2016-08-03,4270.0,108295900
2016-08-04,4320.0,77484900
2016-08-05,4350.0,58295600
2016-08-08,4400.0,64572500
2016-08-09,4370.0,65888400
2016-08-10,4320.0,71874800
2016-08-11,4280.0,91165100
2016-08-12,4230.0,123190100
2016-08-15,4090.0,126444800
2016-08-16,4140.0,125421200
2016-08-18,4250.0,199163900
2016-08-19,4140.0,117134200
2016-08-22,4160.0,90760300
2016-08-23,4220.0,135968200
2016-08-24,4220.0,77672300
2016-08-25,4220.0,85476500
2016-08-26,4210.0,55203100
2016-08-29,4140.0,86940700
2016-08-30,4170.0,89405700
2016-08-31,4210.0,119001300
2016-09-01,4160.0,73019400
2016-09-02,4200.0,67797200
2016-09-05,4200.0,49860400
2016-09-06,4240.0,48004000
2016-09-07,4210.0,80888800
2016-09-08,4160.0,64125200
2016-09-09,4050.0,120404300
2016-09-13,4050.0,123714900
2016-09-14,3970.0,107944800
2016-09-15,4140.0,113131600
2016-09-16,4090.0,138669100
2016-09-19,4200.0,74240200
2016-09-20,4160.0,88244400
2016-09-21,4200.0,97627500
2016-09-22,4230.0,159174700
2016-09-23,4230.0,84251000
2016-09-26,4240.0,78037000
2016-09-27,4280.0,106582800
2016-09-28,4250.0,66963300
2016-09-29,4290.0,130275100
2016-09-30,4310.0,137113000
2016-10-03,4380.0,58639700
2016-10-04,4360.0,69761200
2016-10-05,4300.0,64563500
2016-10-06,4210.0,83690900
2016-10-07,4200.0,50796000
2016-10-10,4160.0,33361000
2016-10-11,4160.0,95073200
2016-10-12,4140.0,77235200
2016-10-13,4180.0,95797800
2016-10-14,4210.0,127750100
2016-10-17,4240.0,62848500
2016-10-18,4230.0,47811100
2016-10-19,4200.0,39787500
2016-10-20,4200.0,49146300
2016-10-21,4210.0,32147200
2016-10-24,4220.0,44928300
2016-10-25,4200.0,70646400
2016-10-26,4190.0,51043000
2016-10-27,4240.0,59171100
2016-10-28,4230.0,63978700
2016-10-31,4220.0,87255800
2016-11-01,4200.0,40526400
2016-11-02,4200.0,65592600
2016-11-03,4150.0,142513800
2016-11-04,4150.0,94570400
2016-11-07,4150.0,56762000
2016-11-08,4280.0,73529000
2016-11-09,4120.0,142550300
2016-11-10,4190.0,197201200
2016-11-11,3960.0,244873100
2016-11-14,3790.0,331538800
2016-11-15,3840.0,214754300
2016-11-16,4000.0,195298100
2016-11-17,4000.0,84236700
2016-11-18,3970.0,98115300
2016-11-21,3930.0,82463000
2016-11-22,3950.0,69602800
2016-11-23,3940.0,108352600
2016-11-24,3810.0,91265600
2016-11-25,3830.0,65999500
2016-11-28,3840.0,61860400
2016-11-29,3840.0,73215900
2016-11-30,3780.0,145322000
2016-12-01,3860.0,96825100
2016-12-02,3910.0,68873200
2016-12-05,3960.0,56831800
2016-12-06,3910.0,67135100
2016-12-07,3850.0,74498300
2016-12-08,3940.0,80253900
2016-12-09,3960.0,73229000
2016-12-13,3970.0,85397800
2016-12-14,3920.0,53216800
2016-12-15,3910.0,58982800
2016-12-16,3820.0,111038700
2016-12-19,3800.0,64957800
2016-12-20,3730.0,88601300
2016-12-21,3780.0,65390700
2016-12-22,3750.0,53482700
2016-12-23,3690.0,46232300
2016-12-27,3730.0,48998200
2016-12-28,3830.0,39654200
2016-12-29,3940.0,126802300
2016-12-30,3980.0,128649100
2017-01-02,3980.0,0
2017-01-03,3950.0,71660600
2017-01-04,3950.0,68494500
2017-01-05,3950.0,74018400
2017-01-06,4000.0,44136900
2017-01-09,4020.0,85713200
2017-01-10,4000.0,44608000
2017-01-11,3960.0,47226300
2017-01-12,3960.0,45738500
2017-01-13,3950.0,64704600
2017-01-16,3950.0,42188800
2017-01-17,3970.0,45793400
2017-01-18,3960.0,56558200
2017-01-19,3970.0,53435400
2017-01-20,3830.0,101523500
2017-01-23,3840.0,77653500
2017-01-24,3910.0,113430200
2017-01-25,3900.0,47799100
2017-01-26,3940.0,60944600
2017-01-27,3890.0,47240400
2017-01-30,3860.0,30060700
2017-01-31,3870.0,57849200
2017-02-01,3940.0,77648400
2017-02-02,3950.0,73895600
2017-02-03,3950.0,59225000
2017-02-06,3960.0,52999700
2017-02-07,3920.0,66017500
2017-02-08,3870.0,115706000
2017-02-09,3870.0,78090700
2017-02-10,3890.0,91636700
2017-02-13,3920.0,54547600
2017-02-14,3860.0,146309400
2017-02-15,3860.0,0
2017-02-16,3870.0,127779400
2017-02-17,3870.0,80814700
2017-02-20,3870.0,26820400
2017-02-21,3880.0,49368500
2017-02-22,3880.0,74260200
2017-02-23,3840.0,122760100
2017-02-24,3840.0,71119600
2017-02-27,3870.0,54712100
2017-02-28,3850.0,65928100
2017-03-01,3850.0,79662500
2017-03-02,3830.0,59748700
2017-03-03,3850.0,92350100
2017-03-06,3920.0,99064100
2017-03-07,3950.0,61945400
2017-03-08,3880.0,31336300
2017-03-09,3960.0,83224900
2017-03-10,3950.0,70318300
2017-03-13,3950.0,54433000
2017-03-14,4050.0,122779100
2017-03-15,4040.0,80434200
2017-03-16,4140.0,123306900
2017-03-17,4110.0,123085600
2017-03-20,4100.0,87628300
2017-03-21,4090.0,75349600
2017-03-22,4070.0,110927600
2017-03-23,4090.0,72319900
2017-03-24,4080.0,71877500
2017-03-27,4080.0,56070700
2017-03-29,4150.0,84076600
2017-03-30,4140.0,61410200
2017-03-31,4130.0,88859000
2017-04-03,4170.0,66564400
2017-04-04,4250.0,108165500
2017-04-05,4250.0,0
2017-04-06,4170.0,79905800
2017-04-07,4130.0,72954300
2017-04-10,4100.0,53211800
2017-04-11,4150.0,54580200
2017-04-12,4150.0,33441400
2017-04-13,4090.0,47225000
2017-04-17,4010.0,51373500
2017-04-18,4070.0,68193500
2017-04-19,4070.0,0
2017-04-20,4110.0,110208600
2017-04-21,4420.0,237062100
2017-04-25,4420.0,213322700
2017-04-26,4400.0,103930700
2017-04-27,4370.0,78695300
2017-04-28,4370.0,124845700
2017-05-02,4410.0,140198900
2017-05-03,4340.0,92896600
2017-05-04,4370.0,100510700
2017-05-05,4340.0,43566800
2017-05-08,4340.0,85508700
2017-05-09,4340.0,90061700
2017-05-10,4370.0,85484500
2017-05-12,4400.0,84813500
2017-05-15,4360.0,88965200
2017-05-16,4340.0,79436500
2017-05-17,4340.0,65470700
2017-05-18,4310.0,78913600
2017-05-19,4530.0,140860000
2017-05-22,4470.0,92800400
2017-05-23,4400.0,70551200
2017-05-24,4360.0,76441800
2017-05-26,4470.0,123903300
2017-05-29,4390.0,69694400
2017-05-30,4330.0,57720500
2017-05-31,4350.0,184808900
2017-06-01,4350.0,0
2017-06-02,4380.0,168414800
2017-06-05,4340.0,88200300
2017-06-06,4310.0,99538800
2017-06-07,4320.0,99176400
2017-06-08,4300.0,88979800
2017-06-09,4330.0,137960200
2017-06-12,4330.0,52481100
2017-06-13,4360.0,61967400
2017-06-14,4360.0,72198600
2017-06-15,4360.0,50887900
2017-06-16,4370.0,267351200
2017-06-19,4400.0,48458800
2017-06-20,4490.0,93396600
2017-06-21,4520.0,116596300
2017-06-22,4520.0,76420700
2017-06-23,4520.0,0
2017-06-26,4520.0,0
2017-06-27,4520.0,0
2017-06-28,4520.0,0
2017-06-29,4520.0,0
2017-06-30,4520.0,0
2017-07-03,4790.0,213322100
2017-07-04,4590.0,126977200
2017-07-05,4580.0,76950600
2017-07-06,4650.0,74712800
2017-07-07,4630.0,74859600
2017-07-10,4570.0,40905200
2017-07-11,4600.0,59015400
2017-07-12,4620.0,42386500
2017-07-13,4600.0,83010800
2017-07-14,4600.0,61198800
2017-07-17,4650.0,53983200
2017-07-18,4630.0,63087200
2017-07-19,4600.0,31882000
2017-07-20,4630.0,65946300
2017-07-21,4560.0,61852600
2017-07-24,4650.0,139361700
2017-07-25,4720.0,82776400
2017-07-26,4700.0,65286900
2017-07-27,4650.0,79556300
2017-07-28,4700.0,77012600
2017-07-31,4690.0,105620500
2017-08-01,4770.0,98006400
2017-08-02,4800.0,76646000
2017-08-03,4700.0,57453500
2017-08-04,4670.0,53596700
2017-08-07,4670.0,50259300
2017-08-08,4690.0,55006100
2017-08-09,4710.0,67040700
2017-08-10,4710.0,36139000
2017-08-11,4680.0,61681900
2017-08-14,4710.0,45942500
2017-08-15,4730.0,62541500
2017-08-16,4770.0,72564900
2017-08-17,4770.0,0
2017-08-18,4780.0,72171800
2017-08-21,4770.0,36963300
2017-08-22,4790.0,45279100
2017-08-23,4800.0,55475800
2017-08-24,4780.0,59747100
2017-08-25,4770.0,34666200
2017-08-28,4750.0,42681600
2017-08-29,4730.0,66770700
2017-08-30,4740.0,41010800
2017-08-31,4690.0,60803000
2017-09-01,4690.0,0
2017-09-04,4680.0,74663400
2017-09-05,4650.0,71280300
2017-09-06,4710.0,60257800
2017-09-07,4700.0,47238900
2017-09-08,4720.0,40939600
2017-09-11,4710.0,45419200
2017-09-12,4720.0,68810000
2017-09-13,4690.0,55115400
2017-09-14,4670.0,53421400
2017-09-15,4690.0,112759200
2017-09-18,4710.0,61345400
2017-09-19,4710.0,54676900
2017-09-20,4690.0,58141200
2017-09-21,4690.0,0
2017-09-22,4640.0,100046700
2017-09-25,4650.0,33070000
2017-09-26,4690.0,83557100
2017-09-27,4700.0,60995800
2017-09-28,4710.0,105241200
2017-09-29,4680.0,202031900
2017-10-02,4680.0,79696400
2017-10-03,4690.0,113933700
2017-10-04,4690.0,101963100
2017-10-05,4660.0,164687600
2017-10-06,4660.0,83595800
2017-10-09,4620.0,73027700
2017-10-10,4530.0,95524700
2017-10-11,4400.0,365951800
2017-10-12,4440.0,163091000
2017-10-13,4430.0,122491000
2017-10-16,4450.0,167517000
2017-10-17,4400.0,286827400
2017-10-18,4300.0,379725700
2017-10-19,4210.0,231274800
2017-10-20,4270.0,107642900
2017-10-23,4250.0,118213500
2017-10-24,4230.0,69942200
2017-10-25,4090.0,308355300
2017-10-26,4160.0,348271000
2017-10-27,4150.0,122923500
2017-10-30,4080.0,140445100
2017-10-31,4030.0,111757900
2017-11-01,3950.0,267366500
2017-11-02,4030.0,154764900
2017-11-03,4090.0,80926400
2017-11-06,4190.0,177511800
2017-11-07,4190.0,84694700
2017-11-08,4100.0,145225500
2017-11-09,4160.0,91933800
2017-11-10,4120.0,56993800
2017-11-13,4100.0,92109100
2017-11-14,4080.0,64809800
2017-11-15,4130.0,96128400
2017-11-16,4200.0,134137000
2017-11-17,4200.0,80261800
2017-11-20,4150.0,48453900
2017-11-21,4200.0,96842900
2017-11-22,4200.0,69602300
2017-11-23,4250.0,62887900
2017-11-24,4320.0,87879900
2017-11-27,4300.0,82769500
2017-11-28,4240.0,99928100
2017-11-29,4200.0,79872900
2017-11-30,4150.0,185905200
2017-12-01,4150.0,0
2017-12-04,4200.0,78040500
2017-12-05,4200.0,96504800
2017-12-06,4200.0,92126500
2017-12-07,4200.0,52703100
2017-12-08,4140.0,88536500
2017-12-11,4140.0,47625800
2017-12-12,4170.0,63036000
2017-12-13,4200.0,49020200
2017-12-14,4250.0,61517800
2017-12-15,4230.0,77110600
2017-12-18,4240.0,47756500
2017-12-19,4190.0,85383600
2017-12-20,4160.0,87778400
2017-12-21,4250.0,83893400
2017-12-22,4300.0,50330400
2017-12-25,4300.0,0
2017-12-26,4300.0,0
2017-12-27,4300.0,32211800
2017-12-28,4390.0,88576700
2017-12-29,4440.0,110053200
2018-01-01,4440.0,0
2018-01-02,4410.0,66075600
2018-01-03,4230.0,129205000
2018-01-04,4220.0,77953300
2018-01-05,4280.0,55863000
2018-01-08,4260.0,42916700
2018-01-09,4200.0,100497400
2018-01-10,4190.0,95004000
2018-01-11,4170.0,80524900
2018-01-12,4130.0,70976800
2018-01-15,4120.0,71388000
2018-01-16,4210.0,84393300
2018-01-17,4200.0,77197700
2018-01-18,4170.0,100089500
2018-01-19,4160.0,70890100
2018-01-22,4130.0,83090400
2018-01-23,4090.0,184176500
2018-01-24,3980.0,241779600
2018-01-25,3970.0,232552500
2018-01-26,4150.0,246067800
2018-01-29,4070.0,156356300
2018-01-30,3970.0,140694300
2018-01-31,3990.0,112276200
2018-02-01,3980.0,102291000
2018-02-02,4000.0,71707200
2018-02-05,4010.0,70792500
2018-02-06,3940.0,146207400
2018-02-07,3980.0,120081100
2018-02-08,4020.0,101865000
2018-02-09,3950.0,78255000
2018-02-12,3960.0,58535200
2018-02-13,4040.0,79288000
2018-02-14,4040.0,63313200
2018-02-15,4010.0,32896000
2018-02-16,4010.0,0
2018-02-19,4050.0,89429500
2018-02-20,4070.0,53466600
2018-02-21,4070.0,74130200
2018-02-22,4010.0,91272600
2018-02-23,4030.0,59706400
2018-02-26,4030.0,56293900
2018-02-27,4020.0,81554100
2018-02-28,4000.0,94528200
2018-03-01,4060.0,84215600
2018-03-02,4070.0,61410200
2018-03-05,4020.0,56394900
2018-03-06,4020.0,59010500
2018-03-07,4000.0,100646000
2018-03-08,4140.0,152547000
2018-03-09,4150.0,97354700
2018-03-12,4200.0,87344000
2018-03-13,4090.0,96605900
2018-03-14,4060.0,74296000
2018-03-15,3930.0,133775500
2018-03-16,3820.0,208216200
2018-03-19,3820.0,111808000
2018-03-20,3660.0,254154700
2018-03-21,3710.0,152085900
2018-03-22,3700.0,132850400
2018-03-23,3660.0,104485500
2018-03-26,3590.0,104993600
2018-03-27,3560.0,106157400
2018-03-28,3570.0,83907700
2018-03-29,3600.0,106930200
2018-03-30,3600.0,0
2018-04-02,3670.0,63944000
2018-04-03,3630.0,57234700
2018-04-04,3600.0,80976000
2018-04-05,3680.0,102973700
2018-04-06,3650.0,62905500
2018-04-09,3770.0,114947800
2018-04-10,3860.0,138847700
2018-04-11,3870.0,58454500
2018-04-12,3750.0,76340800
2018-04-13,3660.0,88313600
2018-04-16,3660.0,0
2018-04-17,3660.0,0
2018-04-18,3770.0,65927000
2018-04-19,3770.0,0
2018-04-20,3770.0,0
2018-04-23,3750.0,72362700
2018-04-24,3830.0,81396500
2018-04-25,3830.0,0
2018-04-26,3830.0,0
2018-04-27,3830.0,0
2018-04-30,3830.0,95418200
2018-05-01,3830.0,0
2018-05-02,3870.0,118872100
2018-05-03,3740.0,91601300
2018-05-04,3730.0,80894300
2018-05-07,3800.0,97351600
2018-05-08,3620.0,107379900
2018-05-09,3700.0,149687500
2018-05-10,3700.0,0
2018-05-11,3630.0,120995700
2018-05-14,3540.0,161018200
2018-05-15,3370.0,230994800
2018-05-16,3480.0,205406800
2018-05-17,3490.0,179026500
2018-05-18,3490.0,75748600
2018-05-21,3420.0,57210900
2018-05-22,3470.0,78667200
2018-05-23,3470.0,110630200
2018-05-24,3560.0,84178300
2018-05-25,3560.0,66374400
2018-05-28,3690.0,90299200
2018-05-29,3690.0,0
2018-05-30,3600.0,148933500
2018-05-31,3520.0,255204300
2018-06-01,3520.0,0
2018-06-04,3640.0,141754800
2018-06-05,3830.0,181376800
2018-06-06,3790.0,143554900
2018-06-07,3770.0,122724300
2018-06-08,3610.0,260396300
2018-06-11,3610.0,0
2018-06-12,3610.0,0
2018-06-13,3610.0,0
2018-06-14,3610.0,0
2018-06-15,3610.0,0
2018-06-18,3610.0,0
2018-06-19,3610.0,0
2018-06-20,3710.0,295386100
2018-06-21,3610.0,123848500
2018-06-22,3580.0,121490900
2018-06-25,3660.0,97826600
2018-06-26,3690.0,91252300
2018-06-27,3710.0,106616500
2018-06-28,3660.0,133779300
2018-06-29,3750.0,79116600
2018-07-02,3750.0,55810800
2018-07-03,3700.0,79439500
2018-07-04,3760.0,54884500
2018-07-05,3830.0,59717900
2018-07-06,3860.0,67655200
2018-07-09,3980.0,68798500
2018-07-10,4030.0,118127300
2018-07-11,4060.0,144055300
2018-07-12,4100.0,114531700
2018-07-13,4020.0,120852800
2018-07-16,3940.0,66229700
2018-07-17,3940.0,53740400
2018-07-18,4010.0,75157800
2018-07-19,3910.0,65340900
2018-07-20,3990.0,66456000
2018-07-23,4060.0,74605900
2018-07-24,4030.0,64353800
2018-07-25,3900.0,55617500
2018-07-26,3930.0,55761900
2018-07-27,3940.0,52506800
2018-07-30,3910.0,49045100
2018-07-31,3570.0,339081700
2018-08-01,3550.0,190720900
2018-08-02,3500.0,171276100
2018-08-03,3460.0,224005400
2018-08-06,3650.0,231846400
2018-08-07,3580.0,111024900
2018-08-08,3550.0,109077400
2018-08-09,3490.0,110452900
2018-08-10,3500.0,79851700
2018-08-13,3370.0,106124800
2018-08-14,3350.0,108189200
2018-08-15,3430.0,95526000
2018-08-16,3350.0,112653900
2018-08-17,3350.0,0
2018-08-20,3390.0,163133800
2018-08-21,3350.0,126746000
2018-08-22,3350.0,0
2018-08-23,3300.0,209401300
2018-08-24,3290.0,103476200
2018-08-27,3460.0,142917000
2018-08-28,3580.0,224122500
2018-08-29,3580.0,126710100
2018-08-30,3510.0,80352300
2018-08-31,3490.0,109920300
2018-09-03,3490.0,46014400
2018-09-04,3420.0,77620800
2018-09-05,3270.0,183864900
2018-09-06,3360.0,172294300
2018-09-07,3390.0,99447200
2018-09-10,3380.0,48741600
2018-09-11,3380.0,0
2018-09-12,3320.0,81217700
2018-09-13,3450.0,115198100
2018-09-14,3590.0,156541000
2018-09-17,3470.0,95431800
2018-09-18,3570.0,132571400
2018-09-19,3550.0,88139600
2018-09-20,3600.0,80194400
2018-09-21,3600.0,98577800
2018-09-24,3540.0,48101000
2018-09-25,3560.0,25350200
2018-09-26,3540.0,51055900
2018-09-27,3580.0,49549400
2018-09-28,3640.0,116695900
2018-10-01,3670.0,45504900
2018-10-02,3620.0,61393800
2018-10-03,3600.0,46611900
2018-10-04,3600.0,82550500
2018-10-05,3530.0,59270300
2018-10-08,3520.0,71886100
2018-10-09,3590.0,58708100
2018-10-10,3600.0,31937500
2018-10-11,3570.0,114418300
2018-10-12,3680.0,87991200
2018-10-15,3660.0,68466400
2018-10-16,3780.0,98103600
2018-10-17,3900.0,122953700
2018-10-18,3760.0,102322600
2018-10-19,3730.0,140162100
2018-10-22,3800.0,57680500
2018-10-23,3700.0,53266800
2018-10-24,3520.0,117672200
2018-10-25,3550.0,120108900
2018-10-26,3630.0,100554100
2018-10-29,3660.0,54304000
2018-10-30,3800.0,158933000
2018-10-31,3850.0,140351400
2018-11-01,3880.0,69586900
2018-11-02,3940.0,98072700
2018-11-05,3890.0,60121700
2018-11-06,3890.0,58088000
2018-11-07,3950.0,98350100
2018-11-08,4000.0,74004300
2018-11-09,3920.0,45243300
2018-11-12,3860.0,57256000
2018-11-13,3830.0,89819400
2018-11-14,3750.0,72968500
2018-11-15,3910.0,71440400
2018-11-16,4050.0,128595600
2018-11-19,3950.0,72785900
2018-11-20,3950.0,0
2018-11-21,3960.0,97525800
2018-11-22,3980.0,52279900
2018-11-23,3990.0,35499400
2018-11-26,3990.0,43879100
2018-11-27,3880.0,116422400
2018-11-28,3720.0,195860500
2018-11-29,3740.0,120921500
2018-11-30,3680.0,151545800
2018-12-03,3700.0,106891000
2018-12-04,3780.0,121586400
2018-12-05,3770.0,58424400
2018-12-06,3710.0,62164100
2018-12-07,3670.0,92902000
2018-12-10,3680.0,70093700
2018-12-11,3620.0,88050700
2018-12-12,3650.0,87333000
2018-12-13,3750.0,118965900
2018-12-14,3730.0,139547100
2018-12-17,3710.0,86251600
2018-12-18,3740.0,79833100
2018-12-19,3810.0,81542500
2018-12-20,3740.0,100129200
2018-12-21,3760.0,114752300
2018-12-24,3760.0,0
2018-12-25,3760.0,0
2018-12-26,3730.0,50416400
2018-12-27,3750.0,49980900
2018-12-28,3750.0,48224400
2018-12-31,3750.0,0
2019-01-01,3750.0,0
2019-01-02,3730.0,31355300
2019-01-03,3740.0,83842400
2019-01-04,3710.0,73936900
2019-01-07,3770.0,83678100
2019-01-08,3800.0,67963700
2019-01-09,3730.0,98529400
2019-01-10,3800.0,126396700
2019-01-11,3860.0,116753700
2019-01-14,3850.0,68487000
2019-01-15,3930.0,83464900
2019-01-16,3990.0,139056700
2019-01-17,3990.0,78766100
2019-01-18,4020.0,76350400
2019-01-21,4030.0,83317600
2019-01-22,4000.0,95420500
2019-01-23,3920.0,72518500
2019-01-24,3860.0,118836500
2019-01-25,3880.0,75844000
2019-01-28,3780.0,168983100
2019-01-29,3840.0,118131200
2019-01-30,3860.0,85903100
2019-01-31,3900.0,110953700
2019-02-01,3870.0,79588900
2019-02-04,3780.0,70070500
2019-02-05,3780.0,0
2019-02-06,3860.0,72180200
2019-02-07,3860.0,39141500
2019-02-08,3850.0,32131700
2019-02-11,3930.0,88628900
2019-02-12,3820.0,92427800
2019-02-13,3790.0,113161100
2019-02-14,3740.0,76939400
2019-02-15,3790.0,67812600
2019-02-18,3900.0,80275800
2019-02-19,3920.0,82962700
2019-02-20,3870.0,87933000
2019-02-21,3870.0,48031100
2019-02-22,3840.0,61392700
2019-02-25,3910.0,53792400
2019-02-26,3930.0,49657300
2019-02-27,3910.0,48788200
2019-02-28,3860.0,161156000
2019-03-01,3910.0,49810100
2019-03-04,3850.0,32250500
2019-03-05,3870.0,41171000
2019-03-06,3820.0,69927600
2019-03-07,3820.0,0
2019-03-08,3740.0,105963500
2019-03-11,3800.0,43971600
2019-03-12,3760.0,43343700
2019-03-13,3720.0,45607600
2019-03-14,3740.0,62094100
2019-03-15,3750.0,68778100
2019-03-18,3820.0,44322600
2019-03-19,3780.0,33156500
2019-03-20,3760.0,42784600
2019-03-21,3790.0,36527500
2019-03-22,3800.0,26772900
2019-03-25,3790.0,49162900
2019-03-26,3820.0,23049100
2019-03-27,3820.0,35521900
2019-03-28,3880.0,55847200
2019-03-29,3960.0,82231400
2019-04-01,3930.0,28246400
2019-04-02,3930.0,35443400
2019-04-03,3930.0,0
2019-04-04,4030.0,96122100
2019-04-05,4060.0,66832600
2019-04-08,3950.0,73208300
2019-04-09,3950.0,88580200
2019-04-10,3930.0,52555500
2019-04-11,3890.0,51480700
2019-04-12,3830.0,45324300
2019-04-15,3830.0,44510600
2019-04-16,3870.0,62572100
2019-04-17,3870.0,0
2019-04-18,3860.0,119263400
2019-04-19,3860.0,0
2019-04-22,3780.0,48671200
2019-04-23,3850.0,86443700
2019-04-24,3840.0,76660900
2019-04-25,3830.0,52775100
2019-04-26,3910.0,66452700
2019-04-29,3860.0,50143700
2019-04-30,3790.0,132318200
2019-05-01,3790.0,0
2019-05-02,3830.0,136768800
2019-05-03,3820.0,101522800
2019-05-06,3840.0,107167400
2019-05-07,3900.0,74814500
2019-05-08,3900.0,77743400
2019-05-09,3800.0,74716500
2019-05-10,3790.0,66672500
2019-05-13,3770.0,47605100
2019-05-14,3760.0,77483200
2019-05-15,3660.0,57596600
2019-05-16,3600.0,107366200
2019-05-17,3510.0,94437400
2019-05-20,3600.0,82354400
2019-05-21,3600.0,106104000
2019-05-22,3540.0,63687000
2019-05-23,3660.0,113281100
2019-05-24,3750.0,87594500
2019-05-27,3820.0,87146600
2019-05-28,3690.0,322246900
2019-05-29,3780.0,122534500
2019-05-30,3780.0,0
2019-05-31,3900.0,194331700
2019-06-03,3900.0,0
2019-06-04,3900.0,0
2019-06-05,3900.0,0
2019-06-06,3900.0,0
2019-06-07,3900.0,0
2019-06-10,4040.0,222522800
2019-06-11,4020.0,88861700
2019-06-12,3940.0,134724400
2019-06-13,3990.0,115734700
2019-06-14,3990.0,92466800
2019-06-17,3900.0,60851700
2019-06-18,3980.0,66112800
2019-06-20,4040.0,57673700
2019-06-21,4040.0,154049700
2019-06-24,3980.0,50525100
2019-06-25,4010.0,42601100
2019-06-26,3980.0,56092200
2019-06-27,4090.0,94221200
2019-06-28,4140.0,130153100
2019-07-01,4220.0,79382300
2019-07-02,4250.0,87999800
2019-07-03,4240.0,63296200
2019-07-04,4250.0,38459300
2019-07-05,4280.0,50332800
2019-07-08,4270.0,57903400
2019-07-09,4350.0,124822400
2019-07-10,4290.0,62529900
2019-07-11,4270.0,25645900
2019-07-12,4180.0,57088600
2019-07-15,4280.0,66960500
2019-07-16,4240.0,45461500
2019-07-17,4230.0,32069800
2019-07-18,4240.0,45408100
2019-07-19,4270.0,60692800
2019-07-22,4260.0,37513700
2019-07-23,4250.0,62628100
2019-07-24,4190.0,73904300
2019-07-25,4210.0,49276300
2019-07-26,4160.0,70952400
2019-07-29,4200.0,54336900
2019-07-30,4270.0,88417200
2019-07-31,4300.0,175741000
2019-08-01,4280.0,94856600
2019-08-02,4280.0,82253800
2019-08-05,4080.0,112253200
2019-08-06,4130.0,108890100
2019-08-07,4210.0,104785500
2019-08-08,4260.0,95204000
2019-08-09,4260.0,89600500
2019-08-12,4260.0,41817800
2019-08-13,4250.0,98757900
2019-08-14,4290.0,84928200
2019-08-15,4290.0,97255500
2019-08-16,4280.0,51853900
2019-08-19,4340.0,86011300
2019-08-20,4470.0,143171600
2019-08-21,4410.0,99649300
2019-08-22,4450.0,110968600
2019-08-23,4380.0,83823900
2019-08-26,4330.0,77603200
2019-08-27,4380.0,168209400
2019-08-28,4370.0,68091100
2019-08-29,4380.0,65718900
2019-08-30,4450.0,95138200
2019-09-02,4410.0,27531000
2019-09-03,4350.0,66884700
2019-09-04,4290.0,78905600
2019-09-05,4320.0,97098300
2019-09-06,4210.0,117223300
2019-09-09,4270.0,47057300
2019-09-10,4270.0,80403000
2019-09-11,4250.0,90211600
2019-09-12,4170.0,70382200
2019-09-13,4160.0,64074800
2019-09-16,4220.0,85284700
2019-09-17,4270.0,86432000
2019-09-18,4250.0,72359600
2019-09-19,4210.0,58720600
2019-09-20,4290.0,132359100
2019-09-23,4250.0,70483600
2019-09-24,4210.0,88979100
2019-09-25,4220.0,84582300
2019-09-26,4360.0,79324000
2019-09-27,4310.0,52305800
2019-09-30,4310.0,111879100
2019-10-01,4250.0,60332400
2019-10-02,4200.0,51606300
2019-10-03,4200.0,56433000
2019-10-04,4190.0,34082000
2019-10-07,4110.0,42996900
2019-10-08,4090.0,74448900
2019-10-09,4120.0,59314500
2019-10-10,4110.0,34345600
2019-10-11,4170.0,42198800
2019-10-14,4190.0,52681800
2019-10-15,4170.0,64670200
2019-10-16,4170.0,70555700
2019-10-17,4170.0,50695300
2019-10-18,4190.0,169540200
2019-10-21,4200.0,63797000
2019-10-22,4230.0,56711100
2019-10-23,4260.0,97971900
2019-10-24,4350.0,99213400
2019-10-25,4280.0,67661500
2019-10-28,4260.0,30710600
2019-10-29,4330.0,68715000
2019-10-30,4270.0,89575600
2019-10-31,4110.0,185713300
2019-11-01,4080.0,107208500
2019-11-04,4150.0,65897700
2019-11-05,4200.0,109276000
2019-11-06,4120.0,134618700
2019-11-07,4070.0,125291200
2019-11-08,4110.0,70404800
2019-11-11,4100.0,57079800
2019-11-12,4180.0,88251100
2019-11-13,4150.0,91925700
2019-11-14,4050.0,123468500
2019-11-15,4080.0,50780500
2019-11-18,4000.0,104978700
2019-11-19,4020.0,113996600
2019-11-20,4090.0,149185500
2019-11-21,4020.0,64005900
2019-11-22,4050.0,76569400
2019-11-25,3950.0,107581200
2019-11-26,3860.0,281002600
2019-11-27,3880.0,97511300
2019-11-28,3820.0,70635000
2019-11-29,3930.0,72146900
2019-12-02,3950.0,74263500
2019-12-03,3920.0,74494000
2019-12-04,3990.0,64948300
2019-12-05,4060.0,118494800
2019-12-06,4100.0,50682100
2019-12-09,4070.0,80864200
2019-12-10,4040.0,54824900
2019-12-11,4050.0,79749500
2019-12-12,3950.0,147627000
2019-12-13,3990.0,81937300
2019-12-16,3970.0,86479200
2019-12-17,3980.0,91747200
2019-12-18,3990.0,101569300
2019-12-19,3900.0,127316000
2019-12-20,4020.0,152132200
2019-12-23,4020.0,58715700
2019-12-26,4000.0,36935300
2019-12-27,3990.0,52812000
2019-12-30,3970.0,67738300
2020-01-02,3910.0,52094000
2020-01-03,3980.0,70032900
2020-01-06,3960.0,42908900
2020-01-07,3940.0,51837600
2020-01-08,3900.0,52402600
2020-01-09,3960.0,37580300
2020-01-10,3980.0,48099000
2020-01-13,4030.0,61913800
2020-01-14,3950.0,95058600
2020-01-15,3880.0,147583300
2020-01-16,3850.0,118903100
2020-01-17,3810.0,119904100
2020-01-20,3810.0,73599200
2020-01-21,3890.0,78014400
2020-01-22,3860.0,45839800
2020-01-23,3880.0,41077400
2020-01-24,3920.0,58524000
2020-01-27,3840.0,33081800
2020-01-28,3830.0,56210000
2020-01-29,3900.0,51929800
2020-01-30,3860.0,60391600
2020-01-31,3800.0,120447900
2020-02-03,3740.0,68360600
2020-02-04,3760.0,77259600
2020-02-05,3770.0,68150800
2020-02-06,3760.0,56261500
2020-02-07,3790.0,53578900
2020-02-10,3810.0,86588500
2020-02-11,3790.0,50248200
2020-02-12,3820.0,73840300
2020-02-13,3730.0,66699800
2020-02-14,3640.0,108793300
2020-02-17,3610.0,94887800
2020-02-18,3620.0,94382900
2020-02-19,3620.0,63717800
2020-02-20,3630.0,53035400
2020-02-21,3690.0,86862600
2020-02-24,3640.0,72610600
2020-02-25,3590.0,73990700
2020-02-26,3510.0,133449900
2020-02-27,3470.0,88389400
2020-02-28,3490.0,151751800
2020-03-02,3440.0,96802900
2020-03-03,3620.0,114698200
2020-03-04,3830.0,136081000
2020-03-05,3830.0,101235000
2020-03-06,3750.0,86476000
2020-03-09,3500.0,109347300
2020-03-10,3490.0,119718000
2020-03-11,3400.0,115486900
2020-03-12,3310.0,84363800
2020-03-13,3310.0,0
2020-03-16,3160.0,115972300
2020-03-17,2940.0,150122700
2020-03-18,2810.0,150147300
2020-03-19,2620.0,138987300
2020-03-20,2880.0,267694700
2020-03-23,2680.0,86157200
2020-03-24,2620.0,243778900
2020-03-26,2980.0,267369500
2020-03-27,3090.0,200952500
2020-03-30,3140.0,134474300
2020-03-31,3160.0,151302900
2020-04-01,3100.0,104550600
2020-04-02,3130.0,92893600
2020-04-03,3200.0,83469200
2020-04-06,3330.0,115495000
2020-04-07,3220.0,166425600
2020-04-08,3110.0,124553900
2020-04-09,3120.0,122622400
2020-04-13,3180.0,45469500
2020-04-14,3240.0,79114600
2020-04-15,3110.0,69832000
2020-04-16,3000.0,109582500
2020-04-17,3230.0,127860400
2020-04-20,3120.0,77306900
2020-04-21,3070.0,43239400
2020-04-22,3160.0,126278300
2020-04-23,3070.0,117391500
2020-04-24,3090.0,84061400
2020-04-27,3150.0,85475400
2020-04-28,3160.0,80212700
2020-04-29,3350.0,154902100
2020-04-30,3500.0,163170100
2020-05-04,3320.0,108988600
2020-05-05,3320.0,74036700
2020-05-06,3240.0,86395000
2020-05-08,3190.0,143584400
2020-05-11,3220.0,58473100
2020-05-12,3150.0,138978700
2020-05-13,3160.0,73238700
2020-05-14,3070.0,101581300
2020-05-15,3100.0,114753900
2020-05-18,3220.0,108828800
2020-05-19,3270.0,97387100
2020-05-20,3180.0,76086600
2020-05-26,3250.0,105792900
2020-05-27,3170.0,128693900
2020-05-28,3130.0,177385100
2020-05-29,3150.0,276092100
2020-06-02,3250.0,174790600
2020-06-03,3290.0,216200900
2020-06-04,3300.0,167708600
2020-06-05,3230.0,188420700
2020-06-08,3230.0,221641600
2020-06-09,3140.0,171214500
2020-06-10,3110.0,263483700
2020-06-11,3080.0,175767800
2020-06-12,3030.0,260087300
2020-06-15,3090.0,241625700
2020-06-16,3200.0,194424800
2020-06-17,3210.0,177784900
2020-06-18,3280.0,235586600
2020-06-19,3280.0,227358800
2020-06-22,3200.0,159776500
2020-06-23,3130.0,167271000
2020-06-24,3180.0,170895600
2020-06-25,3160.0,100882600
2020-06-26,3190.0,100784500
2020-06-29,3180.0,156613200
2020-06-30,3050.0,258068400
2020-07-01,3040.0,148037400
2020-07-02,3140.0,178357900
2020-07-03,3120.0,102033100
2020-07-06,3050.0,248572600
2020-07-07,3120.0,169104200
2020-07-08,3150.0,158166300
2020-07-09,3110.0,125940800
2020-07-10,3110.0,95422400
2020-07-13,3090.0,77733900
2020-07-14,3080.0,111442600
2020-07-15,3090.0,102304100
2020-07-16,3100.0,91951000
2020-07-17,3060.0,112416300
2020-07-20,3060.0,64735500
2020-07-21,3060.0,101283800
2020-07-22,3070.0,69462100
2020-07-23,3070.0,70482100
2020-07-24,3020.0,137265100
2020-07-27,3040.0,58708800
2020-07-28,3020.0,102705300
2020-07-29,3000.0,114352000
2020-07-30,3050.0,95785000
2020-08-03,2920.0,255659800
2020-08-04,2950.0,96018000
2020-08-05,3020.0,120719100
2020-08-06,3020.0,71699000
2020-08-07,2980.0,78347200
2020-08-10,2970.0,65485400
2020-08-11,2930.0,175693000
2020-08-12,2950.0,110934800
2020-08-13,3010.0,160906600
2020-08-14,3030.0,93007500
2020-08-18,3050.0,139358500
2020-08-19,3000.0,103980600
2020-08-24,3000.0,76713900
2020-08-25,2980.0,100013600
2020-08-26,3020.0,122465300
2020-08-27,2990.0,102787800
2020-08-28,2960.0,160569500
2020-08-31,2860.0,204261100
2020-09-01,2900.0,90565400
2020-09-02,2950.0,107589800
2020-09-03,2900.0,123106100
2020-09-04,2860.0,143569100
2020-09-07,2900.0,62206600
2020-09-08,2860.0,80068200
2020-09-09,2800.0,108397400
2020-09-10,2700.0,287496300
2020-09-11,2810.0,197756800
2020-09-14,2890.0,127562700
2020-09-15,2830.0,106215900
2020-09-16,2790.0,68113400
2020-09-17,2820.0,97257400
2020-09-18,2890.0,162116700
2020-09-21,2810.0,100305100
2020-09-22,2780.0,75891600
2020-09-23,2800.0,85953300
2020-09-24,2730.0,74516800
2020-09-25,2690.0,180968900
2020-09-28,2660.0,89256700
2020-09-29,2630.0,155853900
2020-09-30,2560.0,235611600
2020-10-01,2750.0,225006000
2020-10-02,2680.0,140161900
2020-10-05,2650.0,124720200
2020-10-06,2650.0,148977400
2020-10-07,2660.0,110186000
2020-10-08,2700.0,154587800
2020-10-09,2730.0,109122300
2020-10-12,2730.0,77479100
2020-10-13,2730.0,97205500
2020-10-14,2810.0,183236500
2020-10-15,2780.0,138462900
2020-10-16,2750.0,135175000
2020-10-19,2710.0,187840500
2020-10-20,2670.0,168211100
2020-10-21,2680.0,142146300
2020-10-22,2700.0,257179400
2020-10-23,2630.0,166356000
2020-10-26,2650.0,97523200
2020-10-27,2620.0,146366600
2020-11-02,2560.0,391510600
2020-11-03,2580.0,188874000
2020-11-04,2580.0,150678200
2020-11-05,2770.0,369260400
2020-11-06,2830.0,243865800
2020-11-09,2880.0,208192700
2020-11-10,2860.0,195337300
2020-11-11,3080.0,480530200
2020-11-12,3040.0,169609900
2020-11-13,2990.0,186708800
2020-11-16,3070.0,206145500
2020-11-17,3220.0,527501800
2020-11-18,3180.0,239122600
2020-11-19,3170.0,185558800
2020-11-20,3220.0,211892500
2020-11-23,3320.0,260752200
2020-11-24,3350.0,207503900
2020-11-25,3280.0,253156200
2020-11-26,3470.0,374185400
2020-11-27,3460.0,163651600
2020-11-30,3230.0,624142600
2020-12-01,3240.0,277929200
2020-12-02,3330.0,187276600
2020-12-03,3300.0,121434200
2020-12-04,3250.0,170418900
2020-12-07,3330.0,175436900
2020-12-08,3300.0,113775100
2020-12-10,3260.0,229380200
2020-12-11,3280.0,154365400
2020-12-14,3320.0,281474900
2020-12-15,3450.0,410175700
2020-12-16,3610.0,455088400
2020-12-17,3540.0,249797800
2020-12-18,3510.0,187856600
2020-12-21,3520.0,267970200
2020-12-22,3360.0,311860000
2020-12-23,3320.0,240067600
2020-12-28,3430.0,178138100
2020-12-29,3420.0,184525500
2020-12-30,3310.0,150844500
2021-01-04,3490.0,165339800
2021-01-05,3470.0,157800700
2021-01-06,3370.0,177877900
2021-01-07,3390.0,140221900
2021-01-08,3570.0,492643700
2021-01-11,3600.0,271231200
2021-01-12,3510.0,189779500
2021-01-13,3480.0,162329300
2021-01-14,3500.0,187448400
2021-01-15,3480.0,133304300
2021-01-18,3450.0,138913100
2021-01-19,3410.0,144100700
2021-01-20,3470.0,116098100
2021-01-21,3480.0,81801900
2021-01-22,3390.0,165024200
2021-01-25,3370.0,118131800
2021-01-26,3260.0,111414500
2021-01-27,3380.0,159144700
2021-01-28,3240.0,142648800
2021-01-29,3110.0,191915100
2021-02-01,3230.0,133929600
2021-02-02,3270.0,114734600
2021-02-03,3240.0,86433900
2021-02-04,3290.0,80319500
2021-02-05,3290.0,52630500
2021-02-08,3280.0,96635600
2021-02-09,3200.0,157479200
2021-02-10,3190.0,125221400
2021-02-11,3190.0,79940700
2021-02-15,3220.0,88883300
2021-02-16,3210.0,82026300
2021-02-17,3150.0,121105300
2021-02-18,3180.0,151200300
2021-02-19,3210.0,63214600
2021-02-22,3170.0,100425500
2021-02-23,3470.0,354966200
2021-02-24,3480.0,303017100
2021-02-25,3490.0,226833000
2021-02-26,3490.0,230007700
2021-03-01,3490.0,91513500
2021-03-02,3460.0,169061400
2021-03-03,3440.0,82610700
2021-03-04,3360.0,142322100
2021-03-05,3320.0,128546000
2021-03-08,3340.0,80094900
2021-03-09,3290.0,110090800
2021-03-10,3400.0,91631900
2021-03-12,3450.0,100195200
2021-03-15,3380.0,50077300
2021-03-16,3360.0,60111200
2021-03-17,3390.0,61701400
2021-03-18,3450.0,101896400
2021-03-19,3440.0,140000000
2021-03-22,3380.0,53870300
2021-03-23,3360.0,55323200
2021-03-24,3370.0,67173200
2021-03-25,3410.0,107607200
2021-03-26,3490.0,106810400
2021-03-29,3410.0,72214100
2021-03-30,3380.0,66491800
2021-03-31,3420.0,134671900
2021-04-01,3390.0,73332000
2021-04-05,3380.0,36029200
2021-04-06,3370.0,40566400
2021-04-07,3400.0,84754300
2021-04-08,3390.0,59079700
2021-04-09,3360.0,56861400
2021-04-12,3310.0,79003200
2021-04-13,3330.0,51300200
2021-04-14,3340.0,52587500
2021-04-15,3360.0,65669100
2021-04-16,3360.0,52517800
2021-04-19,3340.0,44899700
2021-04-20,3320.0,55700100
2021-04-21,3280.0,47167800
2021-04-22,3330.0,54970000
2021-04-23,3310.0,39798400
2021-04-26,3250.0,55076200
2021-04-27,3160.0,166985400
2021-04-28,3140.0,91596300
2021-04-29,3200.0,111785100
2021-04-30,3200.0,143840800
2021-05-03,3170.0,124724400
2021-05-04,3210.0,60180600
2021-05-05,3200.0,76480300
2021-05-06,3190.0,91955600
2021-05-07,3190.0,98099900
2021-05-10,3170.0,104121900
2021-05-11,3180.0,94281900
2021-05-17,3190.0,114071400
2021-05-18,3180.0,77310400
2021-05-19,3160.0,48958100
2021-05-20,3310.0,197430900
2021-05-21,3270.0,104101400
2021-05-24,3260.0,64347100
2021-05-25,3300.0,62218300
2021-05-27,3380.0,233551300
2021-05-28,3270.0,87439800
2021-05-31,3440.0,155768200
2021-06-02,3450.0,108933400
2021-06-03,3490.0,77627900
2021-06-04,3500.0,70624200
2021-06-07,3550.0,124440300
2021-06-08,3500.0,132409400
2021-06-09,3390.0,112204200
2021-06-10,3480.0,137713700
2021-06-11,3470.0,82336600
2021-06-14,3410.0,46016500
2021-06-15,3440.0,60528600
2021-06-16,3410.0,39149800
2021-06-17,3350.0,50286100
2021-06-18,3350.0,168414300
2021-06-21,3300.0,74248200
2021-06-22,3300.0,89349200
2021-06-23,3370.0,81901000
2021-06-24,3250.0,101334200
2021-06-25,3250.0,58330700
2021-06-28,3170.0,66338900
2021-06-29,3160.0,123411200
2021-06-30,3150.0,142204500
2021-07-01,3110.0,143665900
2021-07-02,3070.0,161855700
2021-07-05,3040.0,133815000
2021-07-06,3010.0,151573500
2021-07-07,3030.0,110215500
2021-07-08,3010.0,132576600
2021-07-09,3160.0,222916400
2021-07-12,3130.0,86268000
2021-07-13,3070.0,82856600
2021-07-14,3060.0,84993400
2021-07-15,3130.0,88092800
2021-07-16,3170.0,63626300
2021-07-19,3220.0,116219500
2021-07-21,3210.0,115099400
2021-07-22,3260.0,48865700
2021-07-23,3170.0,67128400
2021-07-26,3190.0,55525800
2021-07-27,3270.0,62673400
2021-07-28,3190.0,103282300
2021-07-29,3230.0,126542400
2021-07-30,3240.0,95143100
2021-08-02,3310.0,60368200
2021-08-03,3330.0,89712500
2021-08-04,3370.0,63108600
2021-08-05,3340.0,89742800
2021-08-06,3320.0,31664200
2021-08-09,3250.0,70299500
2021-08-10,3230.0,57658000
2021-08-12,3350.0,93133400
2021-08-13,3300.0,59903600
2021-08-16,3340.0,38661800
2021-08-18,3420.0,162921300
2021-08-19,3390.0,100851800
2021-08-20,3400.0,113411000
2021-08-23,3440.0,64122400
2021-08-24,3400.0,69338100
2021-08-25,3370.0,66618200
2021-08-26,3360.0,55756100
2021-08-27,3320.0,62419000
2021-08-30,3400.0,64177700
2021-08-31,3400.0,130019000
2021-09-01,3340.0,85135200
2021-09-02,3370.0,51633800
2021-09-03,3390.0,65479800
2021-09-06,3390.0,52640400
2021-09-07,3380.0,42617400
2021-09-08,3330.0,80636800
2021-09-09,3390.0,82214400
2021-09-10,3330.0,52115300
2021-09-13,3350.0,45547200
2021-09-14,3440.0,166002100
2021-09-15,3450.0,73158300
2021-09-16,3440.0,58318700
2021-09-17,3530.0,117573100
2021-09-20,3520.0,83985100
2021-09-21,3530.0,95848100
2021-09-22,3590.0,66835200
2021-09-23,3560.0,104737500
2021-09-24,3560.0,72224500
2021-09-27,3520.0,87303000
2021-09-28,3530.0,54671700
2021-09-29,3530.0,53170100
2021-09-30,3690.0,153853900
2021-10-01,3660.0,109898400
2021-10-04,3670.0,82205100
2021-10-05,3670.0,140488300
2021-10-06,3760.0,153535700
2021-10-07,3720.0,56837600
2021-10-08,3800.0,91361800
2021-10-11,3810.0,78865000
2021-10-12,3780.0,69866300
2021-10-13,3770.0,87143900
2021-10-14,3830.0,95817900
2021-10-15,3810.0,69707700
2021-10-18,3790.0,78580700
2021-10-19,3740.0,61095700
2021-10-21,3850.0,169659500
2021-10-22,3870.0,59640700
2021-10-25,3780.0,58246300
2021-10-26,3800.0,58615100
2021-10-27,3790.0,52210100
2021-10-28,3750.0,61151100
2021-10-29,3800.0,70430900
2021-11-01,3700.0,65447100
2021-11-02,3660.0,170260000
2021-11-03,3720.0,48810500
2021-11-04,3770.0,53494200
2021-11-05,3770.0,43133000
2021-11-08,3750.0,58758600
2021-11-09,3710.0,92427800
2021-11-10,3700.0,53511200
2021-11-11,3650.0,95789600
2021-11-12,3600.0,115142400
2021-11-15,3600.0,91001800
2021-11-16,3670.0,99590700
2021-11-17,3630.0,82023300
2021-11-18,3630.0,53290400
2021-11-19,3900.0,310615000
2021-11-22,3800.0,206683100
2021-11-23,3800.0,67778800
2021-11-24,3800.0,67303800
2021-11-25,4000.0,264897100
2021-11-26,4010.0,231870300
2021-11-29,4140.0,228774600
2021-11-30,3990.0,435800600
2021-12-01,4080.0,200699200
2021-12-02,4160.0,116093100
2021-12-03,4070.0,96760700
2021-12-06,4170.0,106756900
2021-12-07,4150.0,121543400
2021-12-08,4090.0,113845600
2021-12-09,4150.0,86985800
2021-12-10,4150.0,90725000
2021-12-13,4080.0,65533000
2021-12-14,4100.0,75736900
2021-12-15,4080.0,84424500
2021-12-16,4100.0,98164300
2021-12-17,4100.0,149615800
2021-12-20,4080.0,72794200
2021-12-21,4160.0,98039300
2021-12-22,4110.0,50574500
2021-12-23,4160.0,54508200
2021-12-24,4110.0,29075600
2021-12-27,4080.0,30748000
2021-12-28,4090.0,39443300
2021-12-29,4080.0,25596100
2021-12-30,4040.0,50575100
2022-01-03,4180.0,65937900
2022-01-04,4170.0,42984700
2022-01-05,4050.0,119584700
2022-01-06,4120.0,89197500
2022-01-07,4170.0,68415100
2022-01-10,4100.0,44921200
2022-01-11,4090.0,61890200
2022-01-12,4110.0,45132700
2022-01-13,4180.0,84148400
2022-01-14,4190.0,28193100
2022-01-17,4180.0,39816300
2022-01-18,4250.0,112212200
2022-01-19,4250.0,88713900
2022-01-20,4220.0,100014500
2022-01-21,4330.0,75534800
2022-01-24,4300.0,70404500
2022-01-25,4290.0,116353600
2022-01-26,4390.0,127641400
2022-01-27,4270.0,98613900
2022-01-28,4260.0,61686700
2022-01-31,4190.0,88735900
2022-02-02,4170.0,144006000
2022-02-03,4200.0,58212400
2022-02-04,4230.0,98728700
2022-02-07,4290.0,90285800
2022-02-08,4230.0,71210400
2022-02-09,4280.0,95375000
2022-02-10,4460.0,233984700
2022-02-11,4450.0,130081900
2022-02-14,4400.0,104903700
2022-02-15,4410.0,75305900
2022-02-16,4400.0,90121200
2022-02-17,4410.0,72970200
2022-02-18,4400.0,71111300
2022-02-21,4370.0,58883000
2022-02-22,4300.0,106985800
2022-02-23,4350.0,110562400
2022-02-24,4240.0,126158600
2022-02-25,4340.0,208757000
2022-03-01,4350.0,206416900
2022-03-02,4290.0,152165300
2022-03-04,4400.0,155369100
2022-03-07,4510.0,177360400
2022-03-08,4620.0,234086000
2022-03-09,4440.0,145145900
2022-03-10,4410.0,130830800
2022-03-11,4590.0,143446200
2022-03-14,4580.0,166572700
2022-03-15,4620.0,231077800
2022-03-16,4630.0,109961900
2022-03-17,4480.0,246300800
2022-03-18,4540.0,210266100
2022-03-21,4550.0,79691600
2022-03-22,4550.0,98699900
2022-03-23,4550.0,78299500
2022-03-24,4560.0,89578400
2022-03-25,4520.0,90053700
2022-03-28,4600.0,184131000
2022-03-29,4560.0,77920800
2022-03-30,4580.0,118749100
2022-03-31,4580.0,108109700
2022-04-01,4580.0,86590300
2022-04-04,4540.0,103480300
2022-04-05,4520.0,52172300
2022-04-06,4430.0,108368800
2022-04-07,4540.0,143921800
2022-04-08,4580.0,161974500
2022-04-11,4590.0,90521500
2022-04-12,4630.0,187948000
2022-04-13,4690.0,196864200
2022-04-14,4680.0,112735200
2022-04-18,4710.0,120778200
2022-04-19,4680.0,92268300
2022-04-20,4630.0,88360900
2022-04-21,4620.0,97575800
2022-04-22,4620.0,101299100
2022-04-25,4710.0,92045500
2022-04-26,4760.0,85945800
2022-04-27,4770.0,136485600
2022-04-28,4620.0,198484800
2022-05-09,4310.0,343682000
2022-05-10,4340.0,281386300
2022-05-11,4330.0,154455400
2022-05-12,4300.0,233518500
2022-05-13,4260.0,190889200
2022-05-17,4180.0,170880700
2022-05-18,4250.0,185359500
2022-05-19,4210.0,112679300
2022-05-20,4170.0,141701800
2022-05-23,4110.0,196569900
2022-05-24,4150.0,151693700
2022-05-25,4200.0,166595400
2022-05-27,4300.0,186513500
2022-05-30,4250.0,107614100
2022-05-31,4310.0,469620300
2022-06-02,4290.0,164481100
2022-06-03,4310.0,108852800
2022-06-06,4340.0,79319400
2022-06-07,4250.0,142504000
2022-06-08,4100.0,202555900
2022-06-09,4050.0,148580200
2022-06-10,4020.0,189186700
2022-06-13,4080.0,156054900
2022-06-14,4110.0,117325600
2022-06-15,4060.0,94848800
2022-06-16,4040.0,96042200
2022-06-17,4120.0,169375800
2022-06-20,4040.0,82101200
2022-06-21,4110.0,77489000
2022-06-22,4050.0,60907800
2022-06-23,4160.0,101065400
2022-06-24,4150.0,81050700
2022-06-27,4070.0,71574300
2022-06-28,4030.0,128618800
2022-06-29,4040.0,72888100
2022-06-30,4000.0,116718900
2022-07-01,4020.0,39572500
2022-07-04,3990.0,115885200
2022-07-05,3990.0,72329600
2022-07-06,4020.0,62679000
2022-07-07,4040.0,42393800
2022-07-08,4010.0,64049000
2022-07-11,4040.0,42258000
2022-07-12,4010.0,43399800
2022-07-13,3940.0,96218200
2022-07-14,4020.0,68708500
2022-07-15,4150.0,146093800
2022-07-18,4190.0,84009400
2022-07-19,4160.0,91367900
2022-07-20,4210.0,82344000
2022-07-21,4260.0,107234600
2022-07-22,4230.0,59792300
2022-07-25,4240.0,37218000
2022-07-26,4250.0,49786900
2022-07-27,4300.0,60672300
2022-07-28,4240.0,110767300
2022-07-29,4230.0,108823600
2022-08-01,4300.0,104724300
2022-08-02,4450.0,112228800
2022-08-03,4500.0,251825000
2022-08-04,4550.0,186881500
2022-08-05,4650.0,268967200
2022-08-08,4700.0,191023500
2022-08-09,4640.0,164453900
2022-08-10,4560.0,162061400
2022-08-11,4570.0,123629000
2022-08-12,4550.0,124552500
2022-08-15,4450.0,136882800
2022-08-16,4410.0,127710800
2022-08-18,4550.0,182044300
2022-08-19,4600.0,177623900
2022-08-22,4650.0,202320400
2022-08-23,4660.0,229431400
2022-08-24,4750.0,189007900
2022-08-25,4570.0,179495700
2022-08-26,4490.0,184317100
2022-08-29,4520.0,101529800
2022-08-30,4480.0,118884300
2022-08-31,4560.0,175300400
2022-09-01,4580.0,120871700
2022-09-02,4600.0,106985000
2022-09-05,4620.0,77323800
2022-09-06,4510.0,61970100
2022-09-07,4490.0,106145700
2022-09-08,4560.0,123389200
2022-09-09,4600.0,50307800
2022-09-12,4540.0,74820600
2022-09-13,4520.0,91510200
2022-09-14,4480.0,97919200
2022-09-15,4500.0,125599900
2022-09-16,4410.0,210277300
2022-09-19,4500.0,116164500
2022-09-20,4480.0,100743700
2022-09-21,4430.0,91363200
2022-09-22,4430.0,89922900
2022-09-23,4380.0,95911400
2022-09-26,4460.0,132185400
2022-09-27,4440.0,123113800
2022-09-28,4470.0,104385500
2022-09-29,4440.0,90290400
2022-09-30,4460.0,111482000
2022-10-03,4460.0,77569100
2022-10-04,4440.0,87832800
2022-10-05,4460.0,61888400
2022-10-06,4430.0,60464300
2022-10-07,4350.0,102570000
2022-10-10,4420.0,72389100
2022-10-11,4310.0,108794500
2022-10-12,4340.0,107938600
2022-10-13,4300.0,70034500
2022-10-14,4290.0,68096300
2022-10-17,4330.0,90321700
2022-10-18,4250.0,72516000
2022-10-19,4200.0,65848300
2022-10-20,4350.0,165391500
2022-10-21,4360.0,79825700
2022-10-24,4410.0,76777200
2022-10-25,4390.0,109154300
2022-10-26,4370.0,97320500
2022-10-27,4370.0,80270300
2022-10-28,4450.0,91101500
2022-10-31,4390.0,162753500
2022-11-01,4420.0,108592900
2022-11-02,4220.0,217855200
2022-11-03,4130.0,231475000
2022-11-04,4210.0,201183100
2022-11-07,4280.0,129868800
2022-11-08,4220.0,110546800
2022-11-09,4190.0,145833200
2022-11-10,4170.0,81249200
2022-11-11,4150.0,227799300
2022-11-14,4050.0,188771200
2022-11-15,4050.0,88570400
2022-11-16,4050.0,149512300
2022-11-17,4040.0,68616700
2022-11-18,4010.0,115907900
2022-11-21,4030.0,45277400
2022-11-22,4000.0,83888300
2022-11-23,3970.0,95750400
2022-11-24,4030.0,50741600
2022-11-25,4030.0,73305800
2022-11-28,3980.0,94063100
2022-11-29,3980.0,94389800
2022-11-30,4040.0,585687400
2022-12-01,3960.0,230066600
2022-12-02,4000.0,113336600
2022-12-05,3840.0,148751200
2022-12-06,3600.0,416468700
2022-12-07,3680.0,278572200
2022-12-08,3740.0,245646400
2022-12-09,3650.0,164606100
2022-12-12,3700.0,170545000
2022-12-13,3750.0,231127000
2022-12-14,3750.0,107175700
2022-12-15,3670.0,143233600
2022-12-16,3680.0,310944500
2022-12-19,3720.0,119137700
2022-12-20,3720.0,55351300
2022-12-21,3790.0,98741000
2022-12-22,3750.0,68702100
2022-12-23,3780.0,45179400
2022-12-26,3750.0,19216700
2022-12-27,3810.0,49816500
2022-12-28,3730.0,65006300
2022-12-29,3780.0,51703500
2022-12-30,3750.0,79677300
2023-01-02,3800.0,7959900
2023-01-03,3860.0,64235000
2023-01-04,3820.0,56785600
2023-01-05,3770.0,135167000
2023-01-06,3710.0,65207400
2023-01-09,3790.0,46616400
2023-01-10,3830.0,80009900
2023-01-11,3870.0,75139300
2023-01-12,3860.0,105775500
2023-01-13,3780.0,85780600
2023-01-16,3850.0,58918700
2023-01-17,3950.0,132256600
2023-01-18,3930.0,94772000
2023-01-19,3890.0,109555200
2023-01-20,3870.0,88457800
2023-01-24,3850.0,45504900
2023-01-25,3840.0,80575100
2023-01-26,3970.0,117238000
2023-01-27,3960.0,100769500
2023-01-30,3960.0,59425300
2023-01-31,3850.0,179726700
2023-02-01,3870.0,70997300
2023-02-02,3890.0,78852300
2023-02-03,3880.0,55154800
2023-02-06,3880.0,58861300
2023-02-07,3800.0,76254900
2023-02-08,3840.0,65856500
2023-02-09,3770.0,91337300
2023-02-10,3800.0,88759600
2023-02-13,3790.0,69004400
2023-02-14,3800.0,80331100
2023-02-15,3790.0,59028200
2023-02-16,3770.0,49869900
2023-02-17,3760.0,50369000
2023-02-20,3820.0,57438900
2023-02-21,3840.0,63880300
2023-02-22,3860.0,48505600
2023-02-23,3970.0,109147100
2023-02-24,4040.0,142165700
2023-02-27,3960.0,66461600
2023-02-28,3880.0,115766900
2023-03-01,3930.0,47395200
2023-03-02,3880.0,43208800
2023-03-03,3900.0,49796000
2023-03-06,3880.0,50103800
2023-03-07,3880.0,59086800
2023-03-08,3940.0,78551000
2023-03-09,3970.0,68725500
2023-03-10,4010.0,76136200
2023-03-13,4070.0,104663300
2023-03-14,4020.0,111430100
2023-03-15,4010.0,65025400
2023-03-16,4050.0,96707900
2023-03-17,4050.0,232270900
2023-03-20,3990.0,105982700
2023-03-21,4120.0,88808200
2023-03-24,4070.0,96214700
2023-03-27,4050.0,71556400
2023-03-28,4050.0,87955300
2023-03-29,4100.0,113504700
2023-03-30,4090.0,87690800
2023-03-31,4060.0,93699000
2023-04-03,4080.0,56896200
2023-04-04,4060.0,82969200
2023-04-05,4150.0,70419100
2023-04-06,4250.0,125329700
2023-04-10,4300.0,85757900
2023-04-11,4300.0,84322900
2023-04-12,4310.0,178923700
2023-04-13,4340.0,119431600
2023-04-14,4340.0,117305500
2023-04-17,4270.0,59688000
2023-04-18,4270.0,65644600
2023-04-26,4400.0,198984100
2023-04-27,4320.0,58407000
2023-04-28,4250.0,112116900
2023-05-02,4190.0,117097400
2023-05-03,4150.0,158597800
2023-05-04,4150.0,98421300
2023-05-05,4170.0,113408100
2023-05-08,4060.0,121002600
2023-05-09,4070.0,105907900
2023-05-10,4130.0,84306600
2023-05-11,4090.0,74171300
2023-05-12,3980.0,236777600
2023-05-15,3980.0,113329300
2023-05-16,3980.0,68777200
2023-05-17,3990.0,83183300
2023-05-19,4020.0,95986000
2023-05-22,4040.0,115578100
2023-05-23,4040.0,132751000
2023-05-24,4160.0,194127500
2023-05-25,4120.0,122121000
2023-05-26,4130.0,62211800
2023-05-29,4200.0,77540300
2023-05-30,4120.0,78924700
2023-05-31,4040.0,1155861400
2023-06-05,4080.0,189129300
2023-06-06,4090.0,95792700
2023-06-07,4150.0,127707400
2023-06-08,4170.0,78989700
2023-06-09,4150.0,83014700
2023-06-12,4050.0,94687300
2023-06-13,4030.0,69609000
2023-06-14,4000.0,110730800
2023-06-15,4020.0,85391800
2023-06-16,3970.0,160978900
2023-06-19,3960.0,54934100
2023-06-20,3990.0,55155600
2023-06-21,3980.0,60191300
2023-06-22,3940.0,56150900
2023-06-23,3950.0,41812400
2023-06-26,3990.0,36011500
2023-06-27,4000.0,64879900
2023-07-03,4000.0,75193200
2023-07-04,3970.0,33974300
2023-07-05,3980.0,43303000
2023-07-06,3960.0,68088900
2023-07-07,3960.0,50474800
2023-07-10,3950.0,65643300
2023-07-11,3980.0,89768500
2023-07-12,3980.0,73770400
2023-07-13,3920.0,83009900
2023-07-14,3930.0,64886900
2023-07-17,3910.0,81399700
2023-07-18,3850.0,135860500
2023-07-20,3850.0,88907600
2023-07-21,3860.0,53955100
2023-07-24,3900.0,80710100
2023-07-25,3880.0,66434400
2023-07-26,3880.0,86732900
2023-07-27,3720.0,235026400
2023-07-28,3720.0,181626700
2023-07-31,3720.0,153583300
2023-08-01,3750.0,97680500
2023-08-02,3690.0,121333500
2023-08-03,3720.0,82013300
2023-08-04,3690.0,67746800
2023-08-07,3680.0,94909700
2023-08-08,3730.0,116329400
2023-08-09,3770.0,129416100
2023-08-10,3800.0,140158900
2023-08-11,3810.0,109714400
2023-08-14,3830.0,86871800
2023-08-15,3820.0,80015200
2023-08-16,3830.0,81507800
2023-08-18,3760.0,108780100
2023-08-21,3740.0,64449000
2023-08-22,3750.0,98059600
2023-08-23,3740.0,84842500
2023-08-24,3720.0,82789700
2023-08-25,3720.0,42049200
2023-08-28,3700.0,37727500
2023-08-29,3720.0,53453600
2023-08-30,3810.0,130027200
2023-08-31,3730.0,227635800
2023-09-01,3720.0,82253200
2023-09-04,3730.0,55881900
2023-09-05,3740.0,62933300
2023-09-06,3790.0,98673400
2023-09-07,3760.0,63054500
2023-09-08,3690.0,143090100
2023-09-11,3700.0,76577500
2023-09-12,3710.0,72170600
2023-09-13,3710.0,82635900
2023-09-14,3680.0,55532900
2023-09-15,3720.0,147757300
2023-09-18,3680.0,40645900
2023-09-19,3730.0,38375000
2023-09-20,3810.0,171751900
2023-09-21,3810.0,94880700
2023-09-22,3860.0,101185700
2023-09-25,3770.0,125817700
2023-09-26,3760.0,74734500
2023-09-27,3720.0,83337700
2023-09-29,3750.0,66219300
2023-10-02,3750.0,71945000
2023-10-03,3770.0,61155100
2023-10-04,3780.0,77527700
2023-10-05,3720.0,81258900
2023-10-06,3780.0,60156100
2023-10-09,3760.0,37711400
2023-10-10,3810.0,51167900
2023-10-11,3780.0,83154300
2023-10-12,3830.0,101645100
2023-10-13,3850.0,48856500
2023-10-16,3760.0,117472800
2023-10-17,3790.0,57046900
2023-10-18,3750.0,64910600
2023-10-19,3730.0,62296900
2023-10-20,3700.0,38978200
2023-10-23,3610.0,69428400
2023-10-24,3650.0,67041700
2023-10-25,3600.0,89567900
2023-10-26,3480.0,141139700
2023-10-27,3500.0,99607000
2023-10-30,3420.0,82945500
2023-10-31,3490.0,66801600
2023-11-01,3620.0,154441100
2023-11-02,3620.0,69582500
2023-11-03,3570.0,85146800
2023-11-06,3650.0,66902400
2023-11-07,3570.0,103642200
2023-11-08,3520.0,103415400
2023-11-09,3530.0,96594900
2023-11-10,3550.0,48619500
2023-11-13,3520.0,37975400
2023-11-14,3500.0,45987000
2023-11-15,3550.0,114104500
2023-11-16,3540.0,41789400
2023-11-17,3550.0,55585600
2023-11-20,3590.0,39932700
2023-11-21,3620.0,68255800
2023-11-22,3610.0,34555300
2023-11-23,3600.0,57385100
2023-11-24,3620.0,34583700
2023-11-27,3680.0,73888700
2023-11-28,3770.0,106829100
2023-11-29,3720.0,56467400
2023-11-30,3760.0,258522400
2023-12-01,3830.0,81037200
2023-12-04,3810.0,118483900
2023-12-05,3850.0,74608900
2023-12-06,3920.0,149345100
2023-12-07,3910.0,91076200
2023-12-08,3940.0,61476300
2023-12-11,3980.0,99365500
2023-12-12,3910.0,58707700
2023-12-13,3920.0,54386800
2023-12-14,3940.0,70705300
2023-12-15,3980.0,109064200
2023-12-18,3970.0,60940400
2023-12-19,3970.0,32984500
2023-12-20,3960.0,59574800
2023-12-21,3950.0,48242100
2023-12-22,3960.0,28222700
2023-12-27,3940.0,73157200
2023-12-28,3960.0,34024400
2023-12-29,3950.0,27497600
2024-01-02,3990.0,23774100
2024-01-03,3960.0,22018500
2024-01-04,3970.0,33922400
2024-01-05,3890.0,69268000
2024-01-08,3890.0,61064100
2024-01-09,3960.0,64015400
2024-01-10,4000.0,99083600
2024-01-11,3990.0,36333300
2024-01-12,4010.0,53685600
2024-01-15,4000.0,38339500
2024-01-16,4010.0,44782300
2024-01-17,3990.0,62728400
2024-01-18,3950.0,73029300
2024-01-19,3940.0,67016100
2024-01-22,3980.0,50643700
2024-01-23,3950.0,72595400
2024-01-24,3970.0,38732000
2024-01-25,3980.0,58541300
2024-01-26,3980.0,65272600
2024-01-29,4010.0,59150000
2024-01-30,4000.0,66906900
2024-01-31,3960.0,100403700
2024-02-01,4040.0,105414400
2024-02-02,3990.0,96180000
2024-02-05,3980.0,57789500
2024-02-06,3980.0,65167500
2024-02-07,3980.0,53084600
2024-02-12,4000.0,85763200
2024-02-13,3980.0,52020300
2024-02-15,4030.0,129347900
2024-02-16,4160.0,244064200
2024-02-19,4160.0,82867500
2024-02-20,4210.0,267636700
2024-02-21,4180.0,152787100
2024-02-22,4090.0,93555100
2024-02-23,4100.0,87665800
2024-02-26,4090.0,55761700
2024-02-27,3990.0,119637000
2024-02-28,3990.0,77255300
2024-02-29,4000.0,157431900
2024-03-01,3920.0,139582000
2024-03-04,3940.0,81580800
2024-03-05,3870.0,100671500
2024-03-06,3900.0,83251500
2024-03-07,3900.0,86888100
2024-03-08,3860.0,101556500
2024-03-13,3900.0,106191400
2024-03-14,3960.0,122570700
2024-03-15,3970.0,184885900
2024-03-18,3920.0,57508300
2024-03-19,3940.0,51629700
2024-03-20,3930.0,84777400
2024-03-21,3890.0,81520900
2024-03-22,3900.0,44501700
2024-03-25,3730.0,313394400
2024-03-26,3620.0,354086400
2024-03-27,3490.0,496202800
2024-03-28,3470.0,258985200
2024-04-01,3510.0,248116300
2024-04-02,3490.0,233017700
2024-04-03,3420.0,150265700
2024-04-04,3450.0,205184000
2024-04-05,3430.0,116051700
2024-04-16,3220.0,490658200
2024-04-17,3200.0,187876400
2024-04-18,3250.0,337490100
2024-04-19,3150.0,149997000
2024-04-22,3170.0,140971800
2024-04-23,3100.0,312052300
2024-04-24,3040.0,327330800
2024-04-25,3040.0,369525200
2024-04-26,3030.0,442527900
2024-04-29,3080.0,172773600
2024-04-30,3170.0,273121800
2024-05-02,3120.0,157637100
2024-05-03,3160.0,127945300
2024-05-06,3050.0,221330900
2024-05-07,3090.0,124914600
2024-05-08,3080.0,120622600
2024-05-13,3090.0,133048300
2024-05-14,3120.0,104126800
2024-05-15,3100.0,149143600
2024-05-16,3010.0,196239200
2024-05-17,2990.0,120345300
2024-05-20,2990.0,215877500
2024-05-21,2950.0,138864400
2024-05-22,2940.0,145109200
2024-05-27,2810.0,246979600
2024-05-28,2860.0,113093300
2024-05-29,2810.0,148952900
2024-05-30,2810.0,253471800
2024-05-31,2900.0,411324600
2024-06-03,2930.0,124570400
2024-06-04,3000.0,130203100
2024-06-05,3060.0,141157300
2024-06-06,3050.0,107996900
2024-06-07,3050.0,67191100
2024-06-10,3010.0,66983900
2024-06-11,2880.0,172688100
2024-06-12,2920.0,91584500
2024-06-13,2840.0,95740000
2024-06-14,2720.0,202750500
2024-06-19,2830.0,128843500
2024-06-20,2840.0,55434800
2024-06-21,2950.0,184918000
2024-06-24,2950.0,111618800
2024-06-25,2990.0,89913400
2024-06-26,3000.0,73994000
2024-06-27,3030.0,70154600
2024-06-28,3130.0,213539300
2024-07-01,3090.0,134082800
2024-07-02,3040.0,79024200
2024-07-03,3030.0,51977100
2024-07-04,2960.0,93100500
2024-07-05,3020.0,69339200
2024-07-08,3080.0,125004600
2024-07-09,3080.0,118245600
2024-07-10,3160.0,120007400
2024-07-11,3180.0,126490000
2024-07-12,3220.0,135830300
2024-07-15,3160.0,100918500
2024-07-16,3100.0,78769700
2024-07-17,3250.0,167149300
2024-07-18,3210.0,98903500
2024-07-19,3140.0,138117200
2024-07-22,3100.0,139383000
2024-07-23,3160.0,74338000
2024-07-24,3060.0,98752100
2024-07-25,3090.0,67060000
2024-07-26,3100.0,94900300
2024-07-29,3050.0,90885600
2024-07-30,2880.0,321472800
2024-07-31,2880.0,207440800
2024-08-01,2880.0,121021800
2024-08-02,2850.0,105816800
2024-08-05,2790.0,105246400
2024-08-06,2790.0,98524200
2024-08-07,2820.0,77263000
2024-08-08,2850.0,99533000
2024-08-09,2830.0,80800300
2024-08-12,2870.0,62746600
2024-08-13,2850.0,82063600
2024-08-14,2860.0,70188800
2024-08-15,2870.0,79724100
2024-08-16,2960.0,207060000
2024-08-19,2930.0,68692700
2024-08-20,2980.0,100434600
2024-08-21,2970.0,111842200
2024-08-22,2920.0,90336300
2024-08-23,2950.0,86092500
2024-08-26,2980.0,88941900
2024-08-27,2990.0,71223800
2024-08-28,2980.0,68736300
2024-08-29,3030.0,160714800
2024-08-30,3060.0,195809000
2024-09-02,3140.0,118928500
2024-09-03,3080.0,82172000
2024-09-04,3080.0,81041700
2024-09-05,3020.0,78989400
2024-09-06,3040.0,82391200
2024-09-09,3030.0,69264400
2024-09-10,3030.0,46436100
2024-09-11,3040.0,62899600
2024-09-12,3050.0,85785000
2024-09-13,3110.0,125032200
2024-09-17,3090.0,56181000
2024-09-18,3120.0,87120700
2024-09-19,3140.0,130418300
2024-09-20,3150.0,152477400
2024-09-23,3170.0,82274400
2024-09-24,3160.0,92256900
2024-09-25,3190.0,215241700
2024-09-26,3170.0,120042500
2024-09-27,3050.0,291217300
2024-09-30,2990.0,150844800
2024-10-01,3020.0,77208500
2024-10-02,2920.0,124629400
2024-10-03,2890.0,92510900
2024-10-04,2880.0,76757200
2024-10-07,2900.0,84507100
2024-10-08,2990.0,135357200
2024-10-09,2960.0,69435900
2024-10-10,2950.0,57867000
2024-10-11,2940.0,40454300
2024-10-14,2900.0,66631500
2024-10-15,2940.0,74529600
2024-10-16,3000.0,163988000
2024-10-17,3040.0,107040100
2024-10-18,3100.0,138783600
2024-10-21,3100.0,92240300
2024-10-22,3010.0,93662500
2024-10-23,2940.0,99423700
2024-10-24,2900.0,72559000
2024-10-25,2910.0,50694200
2024-10-28,2920.0,38720700
2024-10-29,2900.0,67727500
2024-10-30,2900.0,123573100
2024-10-31,2820.0,139590300
2024-11-01,2780.0,99364500
2024-11-04,2800.0,63112300
2024-11-05,2770.0,96721100
2024-11-06,2740.0,66808900
2024-11-07,2760.0,79485800
2024-11-08,2750.0,66113200
2024-11-11,2690.0,108153500
2024-11-12,2600.0,215910600
2024-11-13,2580.0,142812600
2024-11-14,2530.0,185269500
2024-11-15,2540.0,103680400
2024-11-18,2590.0,119481300
2024-11-19,2780.0,275670300
2024-11-20,2680.0,150242900
2024-11-21,2770.0,128294600
2024-11-22,2750.0,135265300
2024-11-25,2740.0,358617100
2024-11-26,2710.0,106721000
2024-11-28,2720.0,102808400
2024-11-29,2710.0,103162000
2024-12-02,2680.0,66025900
2024-12-03,2820.0,167603900
2024-12-04,2840.0,83412800
2024-12-05,2770.0,96025400
2024-12-06,2760.0,48179800
2024-12-09,2740.0,63671900
2024-12-10,2770.0,124138200
2024-12-11,2860.0,140611400
2024-12-12,2820.0,66977700
2024-12-13,2790.0,77540100
2024-12-16,2660.0,147655600
2024-12-17,2620.0,113785500
2024-12-18,2570.0,79565300
2024-12-19,2530.0,123504200
2024-12-20,2550.0,110308800
2024-12-23,2650.0,72113700
2024-12-24,2740.0,117582400
2024-12-27,2750.0,92727600
2024-12-30,2710.0,74279200
2025-01-02,2700.0,38776700
2025-01-03,2750.0,49907500
2025-01-06,2690.0,54087800
2025-01-07,2570.0,109758000
2025-01-08,2650.0,100688500
2025-01-09,2620.0,55206700
2025-01-10,2680.0,54496800
2025-01-13,2670.0,90816500
2025-01-14,2620.0,53116800
2025-01-15,2630.0,52867900
2025-01-16,2590.0,118890200
2025-01-17,2660.0,107245400
2025-01-20,2610.0,49752300
2025-01-21,2630.0,86549000
2025-01-22,2730.0,128617700
2025-01-23,2710.0,63216100
2025-01-24,2690.0,49844700
2025-01-30,2640.0,89736900
2025-01-31,2660.0,83736900
2025-02-03,2630.0,91801900
2025-02-04,2640.0,95311100
2025-02-05,2620.0,110400300
2025-02-06,2560.0,90471900
2025-02-07,2590.0,105020200
2025-02-10,2440.0,153328500
2025-02-11,2320.0,254907800
2025-02-12,2480.0,173407600
2025-02-13,2420.0,219425500
2025-02-14,2530.0,156474300
2025-02-17,2650.0,113998200
2025-02-18,2680.0,115881200
2025-02-19,2670.0,119388200
2025-02-20,2670.0,90411700
2025-02-21,2650.0,75110600
2025-02-24,2600.0,42327600
2025-02-25,2460.0,111687700
2025-02-26,2520.0,65752000
2025-02-27,2490.0,88741400
2025-02-28,2350.0,249795300
2025-03-03,2400.0,178833400
2025-03-04,2380.0,131347800
2025-03-05,2450.0,167407400
2025-03-06,2400.0,131136100
2025-03-07,2410.0,182407000
2025-03-10,2390.0,88949400
2025-03-11,2370.0,102235600
2025-03-12,2450.0,98938700
2025-03-13,2430.0,66706500
2025-03-14,2420.0,107627100
2025-03-17,2420.0,58129400
2025-03-18,2420.0,139758600
2025-03-19,2430.0,96825800
2025-03-20,2390.0,94823100
2025-03-21,2310.0,204534000
2025-03-24,2330.0,105865000
2025-03-25,2340.0,107964200
2025-03-26,2440.0,215856700
2025-03-27,2410.0,120411200
2025-04-08,2290.0,409973200
2025-04-09,2320.0,120363300
2025-04-10,2350.0,139327100
2025-04-11,2330.0,60214100
2025-04-14,2430.0,116968600
2025-04-15,2450.0,99064500
2025-04-16,2480.0,121853000
2025-04-17,2550.0,195577900
2025-04-21,2570.0,84209300
2025-04-22,2550.0,44958000
2025-04-23,2630.0,128704200
2025-04-24,2630.0,75733400
2025-04-25,2600.0,93439600
2025-04-28,2560.0,51086400
2025-04-29,2590.0,56546100
2025-04-30,2640.0,96333300
2025-05-02,2680.0,132357600
2025-05-05,2700.0,85592500
2025-05-06,2680.0,76948300
2025-05-07,2620.0,100293700
2025-05-08,2570.0,122965300
2025-05-09,2600.0,59433500
2025-05-14,2590.0,132760900
2025-05-15,2660.0,120039700
2025-05-16,2740.0,101569600
2025-05-19,2820.0,164194700
2025-05-20,2740.0,129805200
2025-05-21,2750.0,120242100
2025-05-22,2800.0,131277300
2025-05-23,2690.0,141199500
2025-05-26,2800.0,186806300
2025-05-27,2830.0,279180500
2025-05-28,2820.0,531309500
2025-06-02,2780.0,211393400
2025-06-03,2800.0,142896600
2025-06-04,2820.0,125006700
2025-06-05,2840.0,95008500
2025-06-10,2910.0,213564000
2025-06-11,2800.0,200609800
2025-06-12,2780.0,97099100
2025-06-13,2740.0,81111300
2025-06-16,2740.0,46641000
2025-06-17,2760.0,59643500
2025-06-18,2770.0,70757600
2025-06-19,2690.0,98911200
2025-06-20,2640.0,243027500
2025-06-23,2580.0,73554200
2025-06-24,2590.0,107300200
2025-06-25,2620.0,79958900
2025-06-26,2710.0,132868200
2025-06-30,2780.0,124299500
2025-07-01,2810.0,73006700
2025-07-02,2780.0,92321600
2025-07-03,2710.0,69094400
2025-07-04,2630.0,53587300
2025-07-07,2700.0,33446600
2025-07-08,2650.0,45926000
2025-07-09,2670.0,44897100
2025-07-10,2690.0,41108700
2025-07-11,2730.0,47851300
2025-07-14,2690.0,60458400
2025-07-15,2640.0,35309100
2025-07-16,2650.0,43385900
2025-07-17,2770.0,102642100
2025-07-18,2770.0,83762800
2025-07-21,2800.0,52553200
2025-07-22,2850.0,108243300
2025-07-23,2850.0,86077600
2025-07-24,2840.0,74224200
2025-07-25,2820.0,41296200
2025-07-28,2860.0,40193800
2025-07-29,2880.0,46357400
2025-07-30,2880.0,99062400
2025-07-31,2880.0,201065700
2025-08-01,2980.0,130977000
2025-08-04,3030.0,96385300
2025-08-05,3030.0,99396900
2025-08-06,2990.0,86215200
2025-08-07,2950.0,46506200
2025-08-08,2940.0,46945800
2025-08-11,2990.0,74978300
2025-08-12,3180.0,217607800
2025-08-13,3360.0,465722400
2025-08-14,3420.0,232557200
2025-08-15,3310.0,182893900
2025-08-19,3250.0,164921000
2025-08-20,3220.0,80084600
2025-08-21,3250.0,63861900
2025-08-22,3240.0,61351700
2025-08-25,3310.0,93221500
2025-08-26,3260.0,227364800
2025-08-27,3170.0,118158900
2025-08-28,3180.0,55940600
2025-08-29,3130.0,72585500
2025-09-01,3110.0,130027900
2025-09-02,3070.0,64402900
2025-09-03,3110.0,113875700
2025-09-04,3150.0,37223800
2025-09-08,3090.0,93725000
2025-09-09,3050.0,104463400
2025-09-10,3150.0,49840200
2025-09-11,3080.0,71919900
2025-09-12,3100.0,61521400
2025-09-15,3260.0,115361300
2025-09-16,3300.0,80642900
2025-09-17,3340.0,73539700
2025-09-18,3250.0,99501600
2025-09-19,3230.0,113834400
2025-09-22,3220.0,53704700
2025-09-23,3190.0,40100300
2025-09-24,3160.0,37086500
2025-09-25,3120.0,37627500
2025-09-26,3110.0,66789300
2025-09-29,3080.0,85911300
2025-09-30,3060.0,117025800
2025-10-01,3060.0,59779700
2025-10-02,3130.0,113431700
2025-10-03,3070.0,59116700
2025-10-06,3010.0,59707600
2025-10-07,3010.0,30353000
2025-10-08,2990.0,66090700
2025-10-09,3010.0,54769300
2025-10-10,3040.0,62254500
2025-10-13,3020.0,46978500
2025-10-14,2960.0,38518800
2025-10-15,3080.0,67503700
2025-10-16,2950.0,103687000
2025-10-17,2880.0,82482200
2025-10-20,2940.0,96029300
2025-10-21,3280.0,223104600
2025-10-22,3150.0,128796800
2025-10-23,3360.0,218967200
2025-10-24,3290.0,115104000
2025-10-27,3330.0,105683900
2025-10-28,3400.0,143082100
2025-10-29,3290.0,93073800
2025-10-30,3250.0,83523100
2025-10-31,3210.0,126790400
2025-11-03,3350.0,107151300
2025-11-04,3500.0,227450800
2025-11-05,3540.0,182624300
2025-11-06,3480.0,71766000
2025-11-07,3470.0,58917900
2025-11-10,3440.0,88941900
2025-11-11,3520.0,63130300
2025-11-12,3560.0,61339600
2025-11-13,3500.0,57467900
2025-11-14,3550.0,55079600
2025-11-17,3610.0,76833800
2025-11-18,3620.0,97747000
2025-11-19,3650.0,109911100
2025-11-20,3640.0,52200700
2025-11-21,3500.0,93181600
2025-11-24,3700.0,241304000
2025-11-25,3650.0,84816600
2025-11-26,3720.0,111114600
2025-11-27,3570.0,48436500
2025-11-28,3510.0,70943000
2025-12-01,3650.0,89045500
2025-12-02,3560.0,62155900
2025-12-03,3580.0,60429900
2025-12-04,3630.0,38947500
2025-12-05,3700.0,50641400
2025-12-08,3630.0,64911000
2025-12-09,3570.0,94381800
2025-12-10,3640.0,68644900
2025-12-11,3570.0,84823100
2025-12-12,3550.0,67076200
2025-12-15,3470.0,121707400
2025-12-16,3520.0,120576700
2025-12-17,3500.0,118452300
2025-12-18,3460.0,111042200
2025-12-19,3410.0,236770700
2025-12-22,3470.0,113720300
2025-12-23,3470.0,39083700
2025-12-24,3460.0,30919800
2025-12-29,3490.0,53079900
2025-12-30,3480.0,48019100
2026-01-02,3470.0,34812500
2026-01-05,3580.0,77224000
2026-01-06,3520.0,77477100
2026-01-07,3540.0,60466200
2026-01-08,3530.0,61219400
2026-01-09,3450.0,82708700
2026-01-12,3520.0,89165400
2026-01-13,3620.0,129812000
2026-01-14,3650.0,98179400
2026-01-15,3660.0,83981800
2026-01-19,3620.0,147127900
2026-01-20,3600.0,89987800
2026-01-21,3600.0,104120400
2026-01-22,3740.0,149259700
2026-01-23,3770.0,109079700
2026-01-26,3850.0,91258600
2026-01-27,3940.0,161704800
2026-01-28,3470.0,439277400
2026-01-29,3450.0,582049700
2026-01-30,3600.0,332372800
2026-02-02,3500.0,157041400
2026-02-03,3450.0,155611200
2026-02-04,3330.0,215692700
2026-02-05,3290.0,148908600
2026-02-06,3380.0,137552600
2026-02-09,3350.0,109053400
2026-02-10,3400.0,129254100
2026-02-11,3530.0,151785400
2026-02-12,3560.0,114656400
2026-02-13,3450.0,102244000
2026-02-18,3490.0,82797000
2026-02-19,3480.0,70690600
2026-02-20,3480.0,75231500
2026-02-23,3550.0,59621900
2026-02-24,3580.0,119024300
2026-02-25,3600.0,66237300
2026-02-26,3650.0,111136200
2026-02-27,3540.0,140862100
2026-03-02,3450.0,80022100
2026-03-03,3450.0,125403800
2026-03-04,3200.0,206478300
2026-03-05,3260.0,137853600
2026-03-06,3190.0,84932600
2026-03-09,3100.0,126776600
2026-03-10,2960.0,288339600
2026-03-11,3000.0,209073500
2026-03-12,3020.0,100856000
2026-03-13,2970.0,102546800
2026-03-16,2960.0,95426400
2026-03-17,3050.0,164842700
2026-03-25,3300.0,228354400
2026-03-26,3170.0,130477500
2026-03-27,3050.0,72337500
2026-03-30,3040.0,115529200
2026-03-31,3060.0,95463800
2026-04-01,3150.0,68303100
2026-04-02,3130.0,56283200
2026-04-06,3160.0,37192400
2026-04-07,3100.0,49528200
2026-04-08,3160.0,78411200
2026-04-09,3190.0,58857300
2026-04-10,3210.0,70335700
2026-04-13,3190.0,77410000
2026-04-14,3120.0,92852900
2026-04-15,3090.0,89181500
2026-04-16,3120.0,57013000
2026-04-17,3100.0,96349500
2026-04-20,3100.0,142308900
2026-04-21,3010.0,137586500
2026-04-22,3000.0,57088500
2026-04-23,2880.0,164145000
2026-04-24,2810.0,254588000
2026-04-27,2830.0,77838700
2026-04-28,2820.0,146311100
2026-04-29,2870.0,144598700
2026-04-30,2810.0,134260800
2026-05-04,2890.0,81120300
2026-05-05,2880.0,71127200
2026-05-06,2900.0,82205900
2026-05-07,2930.0,102205600
2026-05-08,2960.0,102107300
2026-05-11,2960.0,58491000
2026-05-12,2950.0,91619700
2026-05-13,2960.0,62623700
2026-05-14,2960.0,0
2026-05-15,2960.0,0
2026-05-18,3080.0,148994300
2026-05-19,3080.0,147808100
2026-05-20,3100.0,191400600
2026-05-21,3000.0,141907000
2026-05-22,2920.0,138085300
2026-05-25,2930.0,88999600
2026-05-26,3090.0,136083800
2026-05-27,3090.0,0
2026-05-28,3090.0,0
2026-05-29,3030.0,835364400
2026-06-02,2950.0,242446000
2026-06-03,2850.0,168085400
2026-06-04,2900.0,197151900
2026-06-05,2760.0,105040300
2026-06-08,2350.0,331947700
2026-06-09,2620.0,371055600
2026-06-10,2810.0,391732600
2026-06-11,2870.0,274793100
2026-06-12,2860.0,181531900
2026-06-15,2930.0,156789000
2026-06-17,2960.0,200799700
2026-06-18,2780.0,210813900
2026-06-19,2580.0,374544500
2026-06-22,2510.0,194270900
2026-06-23,2540.0,173184800
2026-06-24,2500.0,173348900
2026-06-25,2500.0,94937900
2026-06-26,2480.0,220918000
2026-06-29,2410.0,124858100
2026-06-30,2350.0,318664200
2026-07-01,2440.0,111997100
2026-07-02,2450.0,112046100
2026-07-03,2520.0,83587600
2026-07-06,2480.0,48614200
2026-07-07,2480.0,119404100
2026-07-08,2510.0,98228500
2026-07-09,2510.0,68742100
2026-07-10,2480.0,129033800
2026-07-13,2510.0,80358400
2026-07-14,2560.0,118565500
2026-07-15,2520.0,142706600
2026-07-16,2530.0,56858100
2026-07-17,2660.0,143963900
2026-07-20,2710.0,146905500
2026-07-21,2750.0,140279600
2026-07-22,2700.0,122114100
2026-07-23,2650.0,91296700
2026-07-24,2630.0,92442500
2026-07-27,2590.0,60467000
2026-07-28,2560.0,69694800
2026-07-29,2560.0,76414900
2026-07-30,2670.0,103302600
2026-07-31,2630.0,91987400
2026-08-03,2740.0,112278700
2026-08-04,2790.0,90753600
2026-08-05,2710.0,109494500
2026-08-06,2650.0,138223900
2026-08-07,2710.0,66412400
2026-08-10,2620.0,93974000
2026-08-11,2610.0,84124100
2026-08-12,2590.0,120373100
2026-08-13,2590.0,76115000
2026-08-14,2620.0,80799200
2026-08-18,2600.0,80089000
2026-08-19,2600.0,45580300
2026-08-20,2610.0,86747700
2026-08-21,2610.0,72276500
2026-08-24,2620.0,46321100
2026-08-25,2620.0,0
2026-08-26,2600.0,82579200
2026-08-27,2610.0,115845900
2026-08-28,2570.0,78958600
2026-08-31,2600.0,204591800
2026-09-01,2610.0,82430900
2026-09-02,2590.0,105899600
2026-09-03,2600.0,76989700
2026-09-04,2610.0,84953700
2026-09-07,2610.0,42030200
2026-09-08,2650.0,173160300
2026-09-09,2660.0,119056300
2026-09-10,2630.0,87447500
2026-09-11,2600.0,88455300
2026-09-14,2690.0,139730300
2026-09-15,2700.0,142432700
2026-09-16,2660.0,72687900
2026-09-17,2590.0,90206300
2026-09-18,2560.0,212768300
2026-09-21,2500.0,73848400
2026-09-22,2470.0,111856600
2026-09-23,2440.0,140225800
2026-09-24,2410.0,114511100
2026-09-25,2410.0,170051400
2026-09-28,2370.0,131894200
2026-09-29,2370.0,228706200
2026-09-30,2290.0,346746900
2026-10-01,2250.0,224735400
2026-10-02,2250.0,145636900
2026-10-05,2270.0,53350800
