=== DISCOVERY HARNESS POWER CONTROL ===
seeds=[0, 1, 2, 3, 4, 5, 6, 7, 8, 9, 10, 11, 12, 13, 14, 15, 16, 17, 18, 19] freqs=(600, 2500, 10000) deltas_bp=[30, 50, 80, 150]
control_script_sha256=83b19a8dbf49ae2c0ae849dd06a22ef54db0707e6e9c5e1dfb78e7d74a7df4eb
harness_sprint_lib_sha256=5b5ea2c28721233c77c60e20940f7f9b2fbd0be9e30f909676b9ccc8aedc35dc
eligible pool: 111511 cells, pool mean h5=+0.00213, sd=0.0996

building 2021-24 pseudo-OOS panels ...
  OOS 2021H2-2022: 350 sessions, 98896 cells, base mean=-0.00170
  OOS 2023-2024: 476 sessions, 120440 cells, base mean=-0.00056
m=  600 delta= +30bp: detection=0/20 (0%)  first-gate kills={'G1': 18, 'G2': 0, 'G3': 2, 'G4': 0, 'G5': 0}
m=  600 delta= +50bp: detection=0/20 (0%)  first-gate kills={'G1': 12, 'G2': 0, 'G3': 8, 'G4': 0, 'G5': 0}
m=  600 delta= +80bp: detection=0/20 (0%)  first-gate kills={'G1': 5, 'G2': 0, 'G3': 15, 'G4': 0, 'G5': 0}
m=  600 delta=+150bp: detection=0/20 (0%)  first-gate kills={'G1': 0, 'G2': 0, 'G3': 20, 'G4': 0, 'G5': 0}
m= 2500 delta= +30bp: detection=0/20 (0%)  first-gate kills={'G1': 20, 'G2': 0, 'G3': 0, 'G4': 0, 'G5': 0}
m= 2500 delta= +50bp: detection=2/20 (10%)  first-gate kills={'G1': 18, 'G2': 0, 'G3': 0, 'G4': 0, 'G5': 0}
m= 2500 delta= +80bp: detection=18/20 (90%)  first-gate kills={'G1': 2, 'G2': 0, 'G3': 0, 'G4': 0, 'G5': 0}
m= 2500 delta=+150bp: detection=20/20 (100%)  first-gate kills={'G1': 0, 'G2': 0, 'G3': 0, 'G4': 0, 'G5': 0}
m=10000 delta= +30bp: detection=0/20 (0%)  first-gate kills={'G1': 20, 'G2': 0, 'G3': 0, 'G4': 0, 'G5': 0}
m=10000 delta= +50bp: detection=1/20 (5%)  first-gate kills={'G1': 19, 'G2': 0, 'G3': 0, 'G4': 0, 'G5': 0}
m=10000 delta= +80bp: detection=17/20 (85%)  first-gate kills={'G1': 3, 'G2': 0, 'G3': 0, 'G4': 0, 'G5': 0}
m=10000 delta=+150bp: detection=20/20 (100%)  first-gate kills={'G1': 0, 'G2': 0, 'G3': 0, 'G4': 0, 'G5': 0}

=== MINIMUM RELIABLY DETECTABLE EFFECT (>=80% detection) ===
  freq   600: MDE = >150bp
  freq  2500: MDE = 80bp (or between 50 and 80bp)
  freq 10000: MDE = 80bp (or between 50 and 80bp)
===JSON_BEGIN===
{
 "meta": {
  "script_sha256": "83b19a8dbf49ae2c0ae849dd06a22ef54db0707e6e9c5e1dfb78e7d74a7df4eb",
  "harness_sha256": "5b5ea2c28721233c77c60e20940f7f9b2fbd0be9e30f909676b9ccc8aedc35dc",
  "pool_n": 111511,
  "pool_mean": 0.00213106545996047,
  "seeds": [
   0,
   1,
   2,
   3,
   4,
   5,
   6,
   7,
   8,
   9,
   10,
   11,
   12,
   13,
   14,
   15,
   16,
   17,
   18,
   19
  ],
  "freqs": [
   600,
   2500,
   10000
  ],
  "deltas_bp": [
   30,
   50,
   80,
   150
  ],
  "gate_rule": "G1 net60>=30bp; G2 >=3/4 halves>0; G3 FM beta>0 |t|>=2 (ctrl: ret1,ret5z,volz,ADVterc,flowz); G4 n>=1000 & tickers>=50; G5 OOS both eras mean>0"
 },
 "summary": {
  "m600_d30bp": {
   "detection_rate": 0.0,
   "false_negative_rate": 1.0,
   "gate_kill_first": {
    "G1": 18,
    "G2": 0,
    "G3": 2,
    "G4": 0,
    "G5": 0
   },
   "runs": [
    {
     "freq_m": 600,
     "delta_bp": 30,
     "seed": 0,
     "n_treated": 600,
     "ev_mean": 0.006990083914941801,
     "net60": 0.0009900839149418013,
     "pos_halves": 3,
     "half_means": {
      "2025-H1": 0.0040577057352289515,
      "2025-H2": 0.015559742295059202,
      "2026-H1": -0.010108716263394504,
      "2026-H2": 0.04151398007644635
     },
     "n_tickers": 319,
     "g1": false,
     "g2": true,
     "g3": false,
     "g4": false,
     "g5": true,
     "fm_beta": NaN,
     "fm_t": NaN,
     "day_weighted_mean": 0.007997113219186266,
     "oos_means": {
      "2021H2-2022": 0.0007561430962506623,
      "2023-2024": 0.004491927024652107
     },
     "tier_mean": {
      "bot": 0.011867621867516246,
      "mid": 0.007490556328641506,
      "top": 0.0013863619290313176
     },
     "detected": false
    },
    {
     "freq_m": 600,
     "delta_bp": 30,
     "seed": 1,
     "n_treated": 600,
     "ev_mean": -0.004531626836729338,
     "net60": -0.010531626836729337,
     "pos_halves": 2,
     "half_means": {
      "2025-H1": 0.0012405317374904598,
      "2025-H2": 0.012308859377180185,
      "2026-H1": -0.025057379645096654,
      "2026-H2": -0.003949784201922505
     },
     "n_tickers": 325,
     "g1": false,
     "g2": false,
     "g3": false,
     "g4": false,
     "g5": false,
     "fm_beta": NaN,
     "fm_t": NaN,
     "day_weighted_mean": -0.0060206165909326105,
     "oos_means": {
      "2021H2-2022": 0.003368904620086327,
      "2023-2024": -0.00010776457743266873
     },
     "tier_mean": {
      "bot": 0.009511969091105925,
      "mid": -0.007697572960274253,
      "top": -0.012560390375476535
     },
     "detected": false
    },
    {
     "freq_m": 600,
     "delta_bp": 30,
     "seed": 2,
     "n_treated": 600,
     "ev_mean": 0.00338704097018786,
     "net60": -0.00261295902981214,
     "pos_halves": 3,
     "half_means": {
      "2025-H1": -0.015367218961297148,
      "2025-H2": 0.009253039427106462,
      "2026-H1": 0.002203589996239481,
      "2026-H2": 0.017956637323561096
     },
     "n_tickers": 319,
     "g1": false,
     "g2": true,
     "g3": false,
     "g4": false,
     "g5": true,
     "fm_beta": NaN,
     "fm_t": NaN,
     "day_weighted_mean": 0.0024295721290628247,
     "oos_means": {
      "2021H2-2022": 0.0044819298064076255,
      "2023-2024": 0.004383063546074529
     },
     "tier_mean": {
      "bot": -0.009788532757391577,
      "mid": 0.010604960447578924,
      "top": 0.009553885527028684
     },
     "detected": false
    },
    {
     "freq_m": 600,
     "delta_bp": 30,
     "seed": 3,
     "n_treated": 600,
     "ev_mean": 0.007307121802889373,
     "net60": 0.0013071218028893727,
     "pos_halves": 2,
     "half_means": {
      "2025-H1": -0.004099269345663217,
      "2025-H2": 0.02790523910843401,
      "2026-H1": -0.008635217367215892,
      "2026-H2": 0.00020297210237556933
     },
     "n_tickers": 313,
     "g1": false,
     "g2": false,
     "g3": false,
     "g4": false,
     "g5": true,
     "fm_beta": NaN,
     "fm_t": NaN,
     "day_weighted_mean": 0.006939675037474112,
     "oos_means": {
      "2021H2-2022": 0.0052409235723656165,
      "2023-2024": 0.0031794066752128787
     },
     "tier_mean": {
      "bot": 0.019451486411011097,
      "mid": 0.003440780040975852,
      "top": -0.0004744993436116839
     },
     "detected": false
    },
    {
     "freq_m": 600,
     "delta_bp": 30,
     "seed": 4,
     "n_treated": 600,
     "ev_mean": 0.0022029921583749832,
     "net60": -0.003797007841625017,
     "pos_halves": 3,
     "half_means": {
      "2025-H1": 0.004931778333840795,
      "2025-H2": 0.013159884939722408,
      "2026-H1": -0.015293767313505957,
      "2026-H2": 0.011759767421640246
     },
     "n_tickers": 317,
     "g1": false,
     "g2": true,
     "g3": false,
     "g4": false,
     "g5": false,
     "fm_beta": NaN,
     "fm_t": NaN,
     "day_weighted_mean": 0.003398706606870529,
     "oos_means": {
      "2021H2-2022": 0.0027854304335917456,
      "2023-2024": -0.0018434861858734226
     },
     "tier_mean": {
      "bot": -0.00324095169257742,
      "mid": 0.009962162729724082,
      "top": 0.0006770039354883263
     },
     "detected": false
    },
    {
     "freq_m": 600,
     "delta_bp": 30,
     "seed": 5,
     "n_treated": 600,
     "ev_mean": -0.0010338749901773248,
     "net60": -0.0070338749901773245,
     "pos_halves": 3,
     "half_means": {
      "2025-H1": 0.017867863853956705,
      "2025-H2": 0.012608555247284738,
      "2026-H1": -0.024404582733932867,
      "2026-H2": 0.006188393472726617
     },
     "n_tickers": 325,
     "g1": false,
     "g2": true,
     "g3": false,
     "g4": false,
     "g5": true,
     "fm_beta": NaN,
     "fm_t": NaN,
     "day_weighted_mean": 0.0020747150907607986,
     "oos_means": {
      "2021H2-2022": 0.008720627891598408,
      "2023-2024": 0.0026624487182922234
     },
     "tier_mean": {
      "bot": 0.0025635281227274066,
      "mid": 0.0012446484351673422,
      "top": -0.00694415112780378
     },
     "detected": false
    },
    {
     "freq_m": 600,
     "delta_bp": 30,
     "seed": 6,
     "n_treated": 600,
     "ev_mean": 0.0069053866917516415,
     "net60": 0.0009053866917516414,
     "pos_halves": 3,
     "half_means": {
      "2025-H1": 0.009575933978001166,
      "2025-H2": 0.01567209872764064,
      "2026-H1": -0.0036818492552898375,
      "2026-H2": 0.007005607070724147
     },
     "n_tickers": 309,
     "g1": false,
     "g2": true,
     "g3": false,
     "g4": false,
     "g5": true,
     "fm_beta": NaN,
     "fm_t": NaN,
     "day_weighted_mean": 0.008130035252397659,
     "oos_means": {
      "2021H2-2022": 0.002987638557002408,
      "2023-2024": 0.002303549673436531
     },
     "tier_mean": {
      "bot": 0.008774156270606256,
      "mid": 0.005453164558938398,
      "top": 0.006516073291595173
     },
     "detected": false
    },
    {
     "freq_m": 600,
     "delta_bp": 30,
     "seed": 7,
     "n_treated": 600,
     "ev_mean": 7.688326330337651e-05,
     "net60": -0.005923116736696624,
     "pos_halves": 3,
     "half_means": {
      "2025-H1": 0.0008028434649017171,
      "2025-H2": 0.007433398962209773,
      "2026-H1": -0.011638013487752018,
      "2026-H2": 0.012996345229769007
     },
     "n_tickers": 327,
     "g1": false,
     "g2": true,
     "g3": false,
     "g4": false,
     "g5": false,
     "fm_beta": NaN,
     "fm_t": NaN,
     "day_weighted_mean": 0.005115473579868418,
     "oos_means": {
      "2021H2-2022": -0.0019539928736089533,
      "2023-2024": -0.0009511587698145243
     },
     "tier_mean": {
      "bot": -0.0029805306564256407,
      "mid": -0.00017777597110728104,
      "top": 0.003907961204034264
     },
     "detected": false
    },
    {
     "freq_m": 600,
     "delta_bp": 30,
     "seed": 8,
     "n_treated": 600,
     "ev_mean": 0.004624544138380049,
     "net60": -0.001375455861619951,
     "pos_halves": 2,
     "half_means": {
      "2025-H1": -0.001740874459339073,
      "2025-H2": 0.018617311060162237,
      "2026-H1": -0.012057342129320605,
      "2026-H2": 0.026542798096770716
     },
     "n_tickers": 326,
     "g1": false,
     "g2": false,
     "g3": false,
     "g4": false,
     "g5": false,
     "fm_beta": NaN,
     "fm_t": NaN,
     "day_weighted_mean": 0.0044481409208975,
     "oos_means": {
      "2021H2-2022": -0.0015772000783257677,
      "2023-2024": 0.001710955111199229
     },
     "tier_mean": {
      "bot": 0.007270758772120349,
      "mid": 0.0023936669963704207,
      "top": 0.004258679073769672
     },
     "detected": false
    },
    {
     "freq_m": 600,
     "delta_bp": 30,
     "seed": 9,
     "n_treated": 600,
     "ev_mean": 0.009405562559429939,
     "net60": 0.003405562559429939,
     "pos_halves": 3,
     "half_means": {
      "2025-H1": 0.00886860481709274,
      "2025-H2": 0.020912063234942643,
      "2026-H1": -0.010433030671697333,
      "2026-H2": 0.03914034615397695
     },
     "n_tickers": 315,
     "g1": true,
     "g2": true,
     "g3": false,
     "g4": false,
     "g5": false,
     "fm_beta": NaN,
     "fm_t": NaN,
     "day_weighted_mean": 0.012829877097881895,
     "oos_means": {
      "2021H2-2022": 0.0031885883600631664,
      "2023-2024": -0.00012031444917802794
     },
     "tier_mean": {
      "bot": 0.01617215651196346,
      "mid": 0.0070482084946937775,
      "top": 0.0047360362093995636
     },
     "detected": false
    },
    {
     "freq_m": 600,
     "delta_bp": 30,
     "seed": 10,
     "n_treated": 600,
     "ev_mean": 0.01013817077807642,
     "net60": 0.004138170778076419,
     "pos_halves": 3,
     "half_means": {
      "2025-H1": 0.016141761597256717,
      "2025-H2": 0.014443017492377514,
      "2026-H1": -0.004973345963632208,
      "2026-H2": 0.028598290174735464
     },
     "n_tickers": 324,
     "g1": true,
     "g2": true,
     "g3": false,
     "g4": false,
     "g5": false,
     "fm_beta": NaN,
     "fm_t": NaN,
     "day_weighted_mean": 0.010043841162785224,
     "oos_means": {
      "2021H2-2022": -0.0027361092151298025,
      "2023-2024": 0.005705899979777773
     },
     "tier_mean": {
      "bot": 0.012728794938588825,
      "mid": 0.01579640404104491,
      "top": 0.002072565872814663
     },
     "detected": false
    },
    {
     "freq_m": 600,
     "delta_bp": 30,
     "seed": 11,
     "n_treated": 600,
     "ev_mean": 0.0027651629988871274,
     "net60": -0.0032348370011128728,
     "pos_halves": 2,
     "half_means": {
      "2025-H1": -0.00599264339608407,
      "2025-H2": 0.006519392914100191,
      "2026-H1": -0.0028182638983649602,
      "2026-H2": 0.025071670337045833
     },
     "n_tickers": 334,
     "g1": false,
     "g2": false,
     "g3": false,
     "g4": false,
     "g5": true,
     "fm_beta": NaN,
     "fm_t": NaN,
     "day_weighted_mean": 0.0040798825524864,
     "oos_means": {
      "2021H2-2022": 0.004957106028324438,
      "2023-2024": 0.006379224128614707
     },
     "tier_mean": {
      "bot": -0.0011750670201945204,
      "mid": 0.003515978500486083,
      "top": 0.005659747257682761
     },
     "detected": false
    },
    {
     "freq_m": 600,
     "delta_bp": 30,
     "seed": 12,
     "n_treated": 600,
     "ev_mean": 0.0005608388389590813,
     "net60": -0.005439161161040919,
     "pos_halves": 3,
     "half_means": {
      "2025-H1": 0.01471152542199983,
      "2025-H2": 0.00504029797878348,
      "2026-H1": -0.01841919845224301,
      "2026-H2": 0.020091286895460626
     },
     "n_tickers": 312,
     "g1": false,
     "g2": true,
     "g3": false,
     "g4": false,
     "g5": true,
     "fm_beta": NaN,
     "fm_t": NaN,
     "day_weighted_mean": 0.005226628233121324,
     "oos_means": {
      "2021H2-2022": 0.00239266591820242,
      "2023-2024": 0.007490212218120785
     },
     "tier_mean": {
      "bot": 0.006355240975351127,
      "mid": 0.0002029293352902177,
      "top": -0.0038921555230798737
     },
     "detected": false
    },
    {
     "freq_m": 600,
     "delta_bp": 30,
     "seed": 13,
     "n_treated": 600,
     "ev_mean": 0.006256660216032177,
     "net60": 0.0002566602160321771,
     "pos_halves": 3,
     "half_means": {
      "2025-H1": 0.003998413337793819,
      "2025-H2": 0.014596102443740993,
      "2026-H1": -0.012071830074246457,
      "2026-H2": 0.04190763725132841
     },
     "n_tickers": 314,
     "g1": false,
     "g2": true,
     "g3": false,
     "g4": false,
     "g5": false,
     "fm_beta": NaN,
     "fm_t": NaN,
     "day_weighted_mean": 0.004932746339399929,
     "oos_means": {
      "2021H2-2022": -0.003772150328125767,
      "2023-2024": 0.005694615813483041
     },
     "tier_mean": {
      "bot": 0.012167316285088221,
      "mid": 0.006932494315717116,
      "top": 0.0005260639994293923
     },
     "detected": false
    },
    {
     "freq_m": 600,
     "delta_bp": 30,
     "seed": 14,
     "n_treated": 600,
     "ev_mean": 0.007323637596501079,
     "net60": 0.0013236375965010785,
     "pos_halves": 2,
     "half_means": {
      "2025-H1": -0.004702994690690464,
      "2025-H2": 0.019269159840214784,
      "2026-H1": -0.011767849854033475,
      "2026-H2": 0.05103634952695258
     },
     "n_tickers": 317,
     "g1": false,
     "g2": false,
     "g3": false,
     "g4": false,
     "g5": false,
     "fm_beta": NaN,
     "fm_t": NaN,
     "day_weighted_mean": 0.009071986037111929,
     "oos_means": {
      "2021H2-2022": 0.0019395898378171087,
      "2023-2024": -0.004530115368675243
     },
     "tier_mean": {
      "bot": 0.01917644851504652,
      "mid": -0.0030863314343662265,
      "top": 0.005068569564869106
     },
     "detected": false
    },
    {
     "freq_m": 600,
     "delta_bp": 30,
     "seed": 15,
     "n_treated": 600,
     "ev_mean": 0.007178175144169406,
     "net60": 0.0011781751441694056,
     "pos_halves": 3,
     "half_means": {
      "2025-H1": 0.003733632643334327,
      "2025-H2": 0.01980467616548026,
      "2026-H1": -0.01574106023226771,
      "2026-H2": 0.03640687054738524
     },
     "n_tickers": 329,
     "g1": false,
     "g2": true,
     "g3": false,
     "g4": false,
     "g5": true,
     "fm_beta": NaN,
     "fm_t": NaN,
     "day_weighted_mean": 0.007273805863314353,
     "oos_means": {
      "2021H2-2022": 0.0006146610967232994,
      "2023-2024": 0.005364437520342245
     },
     "tier_mean": {
      "bot": 0.006047504866478707,
      "mid": 0.006242245597963236,
      "top": 0.009187691775796623
     },
     "detected": false
    },
    {
     "freq_m": 600,
     "delta_bp": 30,
     "seed": 16,
     "n_treated": 600,
     "ev_mean": -0.0005561755536568902,
     "net60": -0.00655617555365689,
     "pos_halves": 3,
     "half_means": {
      "2025-H1": 0.006585682951433801,
      "2025-H2": 0.0027575679396592057,
      "2026-H1": -0.015589170307227037,
      "2026-H2": 0.026366511682509686
     },
     "n_tickers": 328,
     "g1": false,
     "g2": true,
     "g3": false,
     "g4": false,
     "g5": false,
     "fm_beta": NaN,
     "fm_t": NaN,
     "day_weighted_mean": -0.0012153826390265375,
     "oos_means": {
      "2021H2-2022": 0.0047939845147400165,
      "2023-2024": -0.0018537171412040358
     },
     "tier_mean": {
      "bot": 0.018863421883817847,
      "mid": -0.008522939547317419,
      "top": -0.011874929403234423
     },
     "detected": false
    },
    {
     "freq_m": 600,
     "delta_bp": 30,
     "seed": 17,
     "n_treated": 600,
     "ev_mean": 0.004426085414087629,
     "net60": -0.0015739145859123707,
     "pos_halves": 2,
     "half_means": {
      "2025-H1": -0.007934472774335125,
      "2025-H2": 0.022349063111171602,
      "2026-H1": -0.006524188616328354,
      "2026-H2": 0.0070727620707136596
     },
     "n_tickers": 308,
     "g1": false,
     "g2": false,
     "g3": false,
     "g4": false,
     "g5": false,
     "fm_beta": NaN,
     "fm_t": NaN,
     "day_weighted_mean": 0.0037056297078099545,
     "oos_means": {
      "2021H2-2022": 0.006270492080231534,
      "2023-2024": -0.00027708206017327836
     },
     "tier_mean": {
      "bot": -0.0014906260923476691,
      "mid": 0.002696327152297473,
      "top": 0.011546316642890525
     },
     "detected": false
    },
    {
     "freq_m": 600,
     "delta_bp": 30,
     "seed": 18,
     "n_treated": 600,
     "ev_mean": -0.0028197033356263186,
     "net60": -0.008819703335626318,
     "pos_halves": 2,
     "half_means": {
      "2025-H1": -0.0032822390859279385,
      "2025-H2": 0.009832315677020951,
      "2026-H1": -0.020819718295043668,
      "2026-H2": 0.013754417889845865
     },
     "n_tickers": 330,
     "g1": false,
     "g2": false,
     "g3": false,
     "g4": false,
     "g5": false,
     "fm_beta": NaN,
     "fm_t": NaN,
     "day_weighted_mean": -0.0020944052809042223,
     "oos_means": {
      "2021H2-2022": -0.004387766787161224,
      "2023-2024": 0.007304518415178307
     },
     "tier_mean": {
      "bot": 0.00380020738440159,
      "mid": -0.00991852172651253,
      "top": -0.0016381951324612265
     },
     "detected": false
    },
    {
     "freq_m": 600,
     "delta_bp": 30,
     "seed": 19,
     "n_treated": 600,
     "ev_mean": 0.007212371919104407,
     "net60": 0.0012123719191044066,
     "pos_halves": 3,
     "half_means": {
      "2025-H1": 0.010550411537539148,
      "2025-H2": 0.018209485833378856,
      "2026-H1": -0.008528113986353603,
      "2026-H2": 0.01806919542619308
     },
     "n_tickers": 318,
     "g1": false,
     "g2": true,
     "g3": false,
     "g4": false,
     "g5": false,
     "fm_beta": NaN,
     "fm_t": NaN,
     "day_weighted_mean": 0.007220208661064239,
     "oos_means": {
      "2021H2-2022": 0.0022744663170218074,
      "2023-2024": -0.0030217297097100432
     },
     "tier_mean": {
      "bot": -0.0004518063271423247,
      "mid": 0.007609990657836496,
      "top": 0.013416270493572977
     },
     "detected": false
    }
   ]
  },
  "m600_d50bp": {
   "detection_rate": 0.0,
   "false_negative_rate": 1.0,
   "gate_kill_first": {
    "G1": 12,
    "G2": 0,
    "G3": 8,
    "G4": 0,
    "G5": 0
   },
   "runs": [
    {
     "freq_m": 600,
     "delta_bp": 50,
     "seed": 0,
     "n_treated": 600,
     "ev_mean": 0.009786037837237289,
     "net60": 0.003786037837237289,
     "pos_halves": 3,
     "half_means": {
      "2025-H1": 0.00447660577372954,
      "2025-H2": 0.03614235089590254,
      "2026-H1": -0.01688482454973939,
      "2026-H2": 0.012248874035943314
     },
     "n_tickers": 314,
     "g1": true,
     "g2": true,
     "g3": false,
     "g4": false,
     "g5": false,
     "fm_beta": NaN,
     "fm_t": NaN,
     "day_weighted_mean": 0.011619270960585537,
     "oos_means": {
      "2021H2-2022": -9.471581230811963e-05,
      "2023-2024": 0.006016001189223911
     },
     "tier_mean": {
      "bot": 0.02251774805398001,
      "mid": -0.0015285609490682845,
      "top": 0.007091744602958258
     },
     "detected": false
    },
    {
     "freq_m": 600,
     "delta_bp": 50,
     "seed": 1,
     "n_treated": 600,
     "ev_mean": 0.003707891718632698,
     "net60": -0.002292108281367302,
     "pos_halves": 3,
     "half_means": {
      "2025-H1": 0.009703368869207864,
      "2025-H2": 0.013044637504550684,
      "2026-H1": -0.0170005980748124,
      "2026-H2": 0.032135094914740286
     },
     "n_tickers": 310,
     "g1": false,
     "g2": true,
     "g3": false,
     "g4": false,
     "g5": true,
     "fm_beta": NaN,
     "fm_t": NaN,
     "day_weighted_mean": 0.0014743328461876558,
     "oos_means": {
      "2021H2-2022": 0.0012055034542239676,
      "2023-2024": 0.0023549942274267025
     },
     "tier_mean": {
      "bot": 0.0028521651172060953,
      "mid": -0.004057003687331233,
      "top": 0.011713484918964517
     },
     "detected": false
    },
    {
     "freq_m": 600,
     "delta_bp": 50,
     "seed": 2,
     "n_treated": 600,
     "ev_mean": 0.008690321531611846,
     "net60": 0.0026903215316118455,
     "pos_halves": 3,
     "half_means": {
      "2025-H1": 0.009899378261031861,
      "2025-H2": 0.020083910613966586,
      "2026-H1": -0.007154630410311414,
      "2026-H2": 0.03063106245400363
     },
     "n_tickers": 306,
     "g1": false,
     "g2": true,
     "g3": false,
     "g4": false,
     "g5": true,
     "fm_beta": NaN,
     "fm_t": NaN,
     "day_weighted_mean": 0.00901743894526658,
     "oos_means": {
      "2021H2-2022": 0.0053903974792003685,
      "2023-2024": 0.006571496059930925
     },
     "tier_mean": {
      "bot": 0.026910461622771404,
      "mid": 0.0026448850825153275,
      "top": -0.0017960951300211344
     },
     "detected": false
    },
    {
     "freq_m": 600,
     "delta_bp": 50,
     "seed": 3,
     "n_treated": 600,
     "ev_mean": 0.011097280674571039,
     "net60": 0.005097280674571039,
     "pos_halves": 3,
     "half_means": {
      "2025-H1": 0.016376476914127372,
      "2025-H2": 0.020070571022632655,
      "2026-H1": -0.002828027087192218,
      "2026-H2": 0.017965079737456334
     },
     "n_tickers": 331,
     "g1": true,
     "g2": true,
     "g3": false,
     "g4": false,
     "g5": false,
     "fm_beta": NaN,
     "fm_t": NaN,
     "day_weighted_mean": 0.009181587713321495,
     "oos_means": {
      "2021H2-2022": 0.004205843563340378,
      "2023-2024": -0.0012260002428494156
     },
     "tier_mean": {
      "bot": 0.021806220811385356,
      "mid": 0.001611483879169167,
      "top": 0.008546241066797801
     },
     "detected": false
    },
    {
     "freq_m": 600,
     "delta_bp": 50,
     "seed": 4,
     "n_treated": 600,
     "ev_mean": 0.006638305512123262,
     "net60": 0.0006383055121232618,
     "pos_halves": 3,
     "half_means": {
      "2025-H1": 0.011476310891017229,
      "2025-H2": 0.015578657146093087,
      "2026-H1": -0.006768051411940761,
      "2026-H2": 0.017490337896290453
     },
     "n_tickers": 311,
     "g1": false,
     "g2": true,
     "g3": false,
     "g4": false,
     "g5": true,
     "fm_beta": NaN,
     "fm_t": NaN,
     "day_weighted_mean": 0.008164003141871686,
     "oos_means": {
      "2021H2-2022": 0.0033324367947630664,
      "2023-2024": 0.003447687432482074
     },
     "tier_mean": {
      "bot": 0.0034282318443328453,
      "mid": 0.003342970615513108,
      "top": 0.013508458584463161
     },
     "detected": false
    },
    {
     "freq_m": 600,
     "delta_bp": 50,
     "seed": 5,
     "n_treated": 600,
     "ev_mean": 0.014371044288766364,
     "net60": 0.008371044288766364,
     "pos_halves": 3,
     "half_means": {
      "2025-H1": 0.011427015039299805,
      "2025-H2": 0.03185760833847853,
      "2026-H1": -0.007846925707392973,
      "2026-H2": 0.04007897688927879
     },
     "n_tickers": 326,
     "g1": true,
     "g2": true,
     "g3": false,
     "g4": false,
     "g5": true,
     "fm_beta": NaN,
     "fm_t": NaN,
     "day_weighted_mean": 0.014229610051689809,
     "oos_means": {
      "2021H2-2022": 0.006980564148232572,
      "2023-2024": 0.002358611365111345
     },
     "tier_mean": {
      "bot": 0.01566958721896282,
      "mid": 0.014097301405552048,
      "top": 0.013440581390588863
     },
     "detected": false
    },
    {
     "freq_m": 600,
     "delta_bp": 50,
     "seed": 6,
     "n_treated": 600,
     "ev_mean": 0.014686784418713596,
     "net60": 0.008686784418713596,
     "pos_halves": 4,
     "half_means": {
      "2025-H1": 0.0032851799765899947,
      "2025-H2": 0.02479059942211439,
      "2026-H1": 0.008280222651418694,
      "2026-H2": 0.020060942943129396
     },
     "n_tickers": 329,
     "g1": true,
     "g2": true,
     "g3": false,
     "g4": false,
     "g5": true,
     "fm_beta": NaN,
     "fm_t": NaN,
     "day_weighted_mean": 0.016086816347956258,
     "oos_means": {
      "2021H2-2022": 0.0035536550100692278,
      "2023-2024": 0.004914226958494928
     },
     "tier_mean": {
      "bot": 0.015863458111409247,
      "mid": 0.003726493414066379,
      "top": 0.024407317692529452
     },
     "detected": false
    },
    {
     "freq_m": 600,
     "delta_bp": 50,
     "seed": 7,
     "n_treated": 600,
     "ev_mean": 0.009440623716354323,
     "net60": 0.0034406237163543234,
     "pos_halves": 3,
     "half_means": {
      "2025-H1": 0.007093475670461468,
      "2025-H2": 0.033491871427717666,
      "2026-H1": -0.00993198987897679,
      "2026-H2": 0.009525277975676188
     },
     "n_tickers": 306,
     "g1": true,
     "g2": true,
     "g3": false,
     "g4": false,
     "g5": false,
     "fm_beta": NaN,
     "fm_t": NaN,
     "day_weighted_mean": 0.013258751680807514,
     "oos_means": {
      "2021H2-2022": 0.002999648230031361,
      "2023-2024": -0.0005143488330216529
     },
     "tier_mean": {
      "bot": 0.01606467134734271,
      "mid": 0.014803559179427436,
      "top": -0.0010501631947920794
     },
     "detected": false
    },
    {
     "freq_m": 600,
     "delta_bp": 50,
     "seed": 8,
     "n_treated": 600,
     "ev_mean": 0.001494443247997903,
     "net60": -0.004505556752002097,
     "pos_halves": 3,
     "half_means": {
      "2025-H1": 0.0024873572579165904,
      "2025-H2": 0.015951919314236722,
      "2026-H1": -0.01608337619469477,
      "2026-H2": 0.0072514859859270754
     },
     "n_tickers": 324,
     "g1": false,
     "g2": true,
     "g3": false,
     "g4": false,
     "g5": true,
     "fm_beta": NaN,
     "fm_t": NaN,
     "day_weighted_mean": 0.0026522176716277973,
     "oos_means": {
      "2021H2-2022": 0.0034101450774868735,
      "2023-2024": 0.006909180586885744
     },
     "tier_mean": {
      "bot": 0.00022340891812640666,
      "mid": 0.0036021755046559707,
      "top": 0.0007104083732907804
     },
     "detected": false
    },
    {
     "freq_m": 600,
     "delta_bp": 50,
     "seed": 9,
     "n_treated": 600,
     "ev_mean": 0.003939229342870773,
     "net60": -0.002060770657129227,
     "pos_halves": 3,
     "half_means": {
      "2025-H1": 0.014179794629427808,
      "2025-H2": 0.0069799644351073225,
      "2026-H1": -0.008088034554409325,
      "2026-H2": 0.023208005479997684
     },
     "n_tickers": 323,
     "g1": false,
     "g2": true,
     "g3": false,
     "g4": false,
     "g5": true,
     "fm_beta": NaN,
     "fm_t": NaN,
     "day_weighted_mean": 0.006567101005581952,
     "oos_means": {
      "2021H2-2022": 0.003562647164627817,
      "2023-2024": 0.002674856667624113
     },
     "tier_mean": {
      "bot": -0.0002075598815427155,
      "mid": 0.002424571699429789,
      "top": 0.008804732259827162
     },
     "detected": false
    },
    {
     "freq_m": 600,
     "delta_bp": 50,
     "seed": 10,
     "n_treated": 600,
     "ev_mean": 0.005443774470278132,
     "net60": -0.0005562255297218684,
     "pos_halves": 3,
     "half_means": {
      "2025-H1": 0.009452746460682794,
      "2025-H2": 0.012217277364993537,
      "2026-H1": -0.00931408867241642,
      "2026-H2": 0.016777468476594504
     },
     "n_tickers": 318,
     "g1": false,
     "g2": true,
     "g3": false,
     "g4": false,
     "g5": true,
     "fm_beta": NaN,
     "fm_t": NaN,
     "day_weighted_mean": 0.006697231472773344,
     "oos_means": {
      "2021H2-2022": 0.002953482841151006,
      "2023-2024": 0.0018158186104942865
     },
     "tier_mean": {
      "bot": 0.0032814736719593393,
      "mid": 0.016971784036076562,
      "top": -0.0037725019661946123
     },
     "detected": false
    },
    {
     "freq_m": 600,
     "delta_bp": 50,
     "seed": 11,
     "n_treated": 600,
     "ev_mean": 0.012579124987171938,
     "net60": 0.006579124987171938,
     "pos_halves": 3,
     "half_means": {
      "2025-H1": 0.018165753828646748,
      "2025-H2": 0.02142578452385713,
      "2026-H1": -0.010110147123804218,
      "2026-H2": 0.039975005906168926
     },
     "n_tickers": 328,
     "g1": true,
     "g2": true,
     "g3": false,
     "g4": false,
     "g5": true,
     "fm_beta": NaN,
     "fm_t": NaN,
     "day_weighted_mean": 0.00872747111294974,
     "oos_means": {
      "2021H2-2022": 0.008540438140702057,
      "2023-2024": 0.00823496599214349
     },
     "tier_mean": {
      "bot": 0.011838268613022574,
      "mid": 0.0203708165969851,
      "top": 0.00655039668702451
     },
     "detected": false
    },
    {
     "freq_m": 600,
     "delta_bp": 50,
     "seed": 12,
     "n_treated": 600,
     "ev_mean": -0.002421783246808449,
     "net60": -0.008421783246808449,
     "pos_halves": 2,
     "half_means": {
      "2025-H1": 0.010989573378473248,
      "2025-H2": 0.014355183721190757,
      "2026-H1": -0.028510369294088688,
      "2026-H2": -0.0004147076321478237
     },
     "n_tickers": 320,
     "g1": false,
     "g2": false,
     "g3": false,
     "g4": false,
     "g5": true,
     "fm_beta": NaN,
     "fm_t": NaN,
     "day_weighted_mean": 0.007135236809609423,
     "oos_means": {
      "2021H2-2022": 0.003675050458285713,
      "2023-2024": 0.0037407857628566415
     },
     "tier_mean": {
      "bot": 0.008544481748407542,
      "mid": -0.00299105726484274,
      "top": -0.014234420808371498
     },
     "detected": false
    },
    {
     "freq_m": 600,
     "delta_bp": 50,
     "seed": 13,
     "n_treated": 600,
     "ev_mean": 0.012700707889293433,
     "net60": 0.0067007078892934325,
     "pos_halves": 4,
     "half_means": {
      "2025-H1": 0.011527344232988087,
      "2025-H2": 0.015728169134717255,
      "2026-H1": 0.004071837344378425,
      "2026-H2": 0.03471140665123637
     },
     "n_tickers": 317,
     "g1": true,
     "g2": true,
     "g3": false,
     "g4": false,
     "g5": true,
     "fm_beta": NaN,
     "fm_t": NaN,
     "day_weighted_mean": 0.012124557393814978,
     "oos_means": {
      "2021H2-2022": 0.006098248437582366,
      "2023-2024": 0.012203618092198804
     },
     "tier_mean": {
      "bot": 0.010834584427248887,
      "mid": 0.019804440807726354,
      "top": 0.008574443892929173
     },
     "detected": false
    },
    {
     "freq_m": 600,
     "delta_bp": 50,
     "seed": 14,
     "n_treated": 600,
     "ev_mean": 0.008258995875840868,
     "net60": 0.0022589958758408683,
     "pos_halves": 3,
     "half_means": {
      "2025-H1": 0.011882564321402415,
      "2025-H2": 0.02096383565688828,
      "2026-H1": -0.010575672865434097,
      "2026-H2": 0.0150037566146291
     },
     "n_tickers": 333,
     "g1": false,
     "g2": true,
     "g3": false,
     "g4": false,
     "g5": false,
     "fm_beta": NaN,
     "fm_t": NaN,
     "day_weighted_mean": 0.0059622152763447065,
     "oos_means": {
      "2021H2-2022": -0.0006902398566046757,
      "2023-2024": -0.0006692908256821688
     },
     "tier_mean": {
      "bot": 0.00922555273359671,
      "mid": 0.012379086998286945,
      "top": 0.003701085306706005
     },
     "detected": false
    },
    {
     "freq_m": 600,
     "delta_bp": 50,
     "seed": 15,
     "n_treated": 600,
     "ev_mean": 0.004894293059834346,
     "net60": -0.0011057069401656542,
     "pos_halves": 3,
     "half_means": {
      "2025-H1": 0.0005239272679896331,
      "2025-H2": 0.013104813477698152,
      "2026-H1": -0.008025157370505827,
      "2026-H2": 0.030493641066233347
     },
     "n_tickers": 340,
     "g1": false,
     "g2": true,
     "g3": false,
     "g4": false,
     "g5": true,
     "fm_beta": NaN,
     "fm_t": NaN,
     "day_weighted_mean": 0.004889192246540925,
     "oos_means": {
      "2021H2-2022": 0.0005232748664579269,
      "2023-2024": 0.006518546349180428
     },
     "tier_mean": {
      "bot": 0.007867029644342308,
      "mid": 0.0041528599768679494,
      "top": 0.0028770461166959765
     },
     "detected": false
    },
    {
     "freq_m": 600,
     "delta_bp": 50,
     "seed": 16,
     "n_treated": 600,
     "ev_mean": 0.008324352353276694,
     "net60": 0.0023243523532766944,
     "pos_halves": 3,
     "half_means": {
      "2025-H1": 0.011864718854084405,
      "2025-H2": 0.009770663196481032,
      "2026-H1": -0.0018816405279306783,
      "2026-H2": 0.030060798497710053
     },
     "n_tickers": 331,
     "g1": false,
     "g2": true,
     "g3": false,
     "g4": false,
     "g5": false,
     "fm_beta": NaN,
     "fm_t": NaN,
     "day_weighted_mean": 0.012364766419393219,
     "oos_means": {
      "2021H2-2022": 0.004192504530878502,
      "2023-2024": -0.0009197651008147215
     },
     "tier_mean": {
      "bot": 0.013697775935017585,
      "mid": 0.004978140319117371,
      "top": 0.0052312298601010524
     },
     "detected": false
    },
    {
     "freq_m": 600,
     "delta_bp": 50,
     "seed": 17,
     "n_treated": 600,
     "ev_mean": 0.007906800316724664,
     "net60": 0.001906800316724664,
     "pos_halves": 3,
     "half_means": {
      "2025-H1": -0.005499124311705467,
      "2025-H2": 0.017546413812033188,
      "2026-H1": 0.0010242349679419182,
      "2026-H2": 0.018969452573609217
     },
     "n_tickers": 329,
     "g1": false,
     "g2": true,
     "g3": false,
     "g4": false,
     "g5": true,
     "fm_beta": NaN,
     "fm_t": NaN,
     "day_weighted_mean": 0.011053968342724362,
     "oos_means": {
      "2021H2-2022": 0.004450863004472329,
      "2023-2024": 0.00018413861197911444
     },
     "tier_mean": {
      "bot": 0.007818554001480415,
      "mid": -0.0020284081493747172,
      "top": 0.017636166947749037
     },
     "detected": false
    },
    {
     "freq_m": 600,
     "delta_bp": 50,
     "seed": 18,
     "n_treated": 600,
     "ev_mean": 0.009344766029130534,
     "net60": 0.003344766029130534,
     "pos_halves": 3,
     "half_means": {
      "2025-H1": 0.009549761830953693,
      "2025-H2": 0.01940276100870166,
      "2026-H1": -0.0021134830793728627,
      "2026-H2": 0.01395997690535812
     },
     "n_tickers": 310,
     "g1": true,
     "g2": true,
     "g3": false,
     "g4": false,
     "g5": true,
     "fm_beta": NaN,
     "fm_t": NaN,
     "day_weighted_mean": 0.00922354420353569,
     "oos_means": {
      "2021H2-2022": 0.004439168612892704,
      "2023-2024": 0.008503874159651023
     },
     "tier_mean": {
      "bot": 0.006031447733749394,
      "mid": 0.010043267429110636,
      "top": 0.011819476232929308
     },
     "detected": false
    },
    {
     "freq_m": 600,
     "delta_bp": 50,
     "seed": 19,
     "n_treated": 600,
     "ev_mean": 0.007321357527565179,
     "net60": 0.0013213575275651786,
     "pos_halves": 3,
     "half_means": {
      "2025-H1": 0.003429490994457889,
      "2025-H2": 0.01507719428842872,
      "2026-H1": -5.7053954246962715e-05,
      "2026-H2": 0.014463569065902989
     },
     "n_tickers": 312,
     "g1": false,
     "g2": true,
     "g3": false,
     "g4": false,
     "g5": true,
     "fm_beta": NaN,
     "fm_t": NaN,
     "day_weighted_mean": 0.005179416752895288,
     "oos_means": {
      "2021H2-2022": 0.007654682340834547,
      "2023-2024": 0.007765340475523415
     },
     "tier_mean": {
      "bot": 0.0175681065395032,
      "mid": -0.0009318062701381947,
      "top": 0.005904910906462371
     },
     "detected": false
    }
   ]
  },
  "m600_d80bp": {
   "detection_rate": 0.0,
   "false_negative_rate": 1.0,
   "gate_kill_first": {
    "G1": 5,
    "G2": 0,
    "G3": 15,
    "G4": 0,
    "G5": 0
   },
   "runs": [
    {
     "freq_m": 600,
     "delta_bp": 80,
     "seed": 0,
     "n_treated": 600,
     "ev_mean": 0.01416236903603614,
     "net60": 0.00816236903603614,
     "pos_halves": 3,
     "half_means": {
      "2025-H1": 0.021275182892261938,
      "2025-H2": 0.021106193778600763,
      "2026-H1": -0.0016504946580359245,
      "2026-H2": 0.022829195153589808
     },
     "n_tickers": 326,
     "g1": true,
     "g2": true,
     "g3": false,
     "g4": false,
     "g5": true,
     "fm_beta": NaN,
     "fm_t": NaN,
     "day_weighted_mean": 0.01463932490453308,
     "oos_means": {
      "2021H2-2022": 0.003301402358235739,
      "2023-2024": 0.007112016381111262
     },
     "tier_mean": {
      "bot": 0.005417079279835296,
      "mid": 0.01832398638917292,
      "top": 0.018422874321704114
     },
     "detected": false
    },
    {
     "freq_m": 600,
     "delta_bp": 80,
     "seed": 1,
     "n_treated": 600,
     "ev_mean": 0.016602022972532104,
     "net60": 0.010602022972532104,
     "pos_halves": 4,
     "half_means": {
      "2025-H1": 0.024863965638405077,
      "2025-H2": 0.024766709214672965,
      "2026-H1": 0.002705335665584141,
      "2026-H2": 0.02813404527006949
     },
     "n_tickers": 328,
     "g1": true,
     "g2": true,
     "g3": false,
     "g4": false,
     "g5": true,
     "fm_beta": NaN,
     "fm_t": NaN,
     "day_weighted_mean": 0.012418892170937727,
     "oos_means": {
      "2021H2-2022": 0.009746362303452539,
      "2023-2024": 0.008299847568240037
     },
     "tier_mean": {
      "bot": 0.02440682121184908,
      "mid": 0.010991141580316402,
      "top": 0.01471741956476558
     },
     "detected": false
    },
    {
     "freq_m": 600,
     "delta_bp": 80,
     "seed": 2,
     "n_treated": 600,
     "ev_mean": 0.0077324516195788505,
     "net60": 0.0017324516195788503,
     "pos_halves": 3,
     "half_means": {
      "2025-H1": 0.009690671900993385,
      "2025-H2": 0.009717305038976607,
      "2026-H1": -0.006796476502728062,
      "2026-H2": 0.04000346947715744
     },
     "n_tickers": 320,
     "g1": false,
     "g2": true,
     "g3": false,
     "g4": false,
     "g5": true,
     "fm_beta": NaN,
     "fm_t": NaN,
     "day_weighted_mean": 0.00865209141805194,
     "oos_means": {
      "2021H2-2022": 0.010453720391694059,
      "2023-2024": 0.0032249982567478094
     },
     "tier_mean": {
      "bot": 0.015215380026326907,
      "mid": 0.009350966919534938,
      "top": -0.0014569582837271706
     },
     "detected": false
    },
    {
     "freq_m": 600,
     "delta_bp": 80,
     "seed": 3,
     "n_treated": 600,
     "ev_mean": 0.012597685243732075,
     "net60": 0.006597685243732075,
     "pos_halves": 3,
     "half_means": {
      "2025-H1": 0.0033797442456749887,
      "2025-H2": 0.03475652975270772,
      "2026-H1": -0.005910531432256215,
      "2026-H2": 0.03289656044063323
     },
     "n_tickers": 320,
     "g1": true,
     "g2": true,
     "g3": false,
     "g4": false,
     "g5": true,
     "fm_beta": NaN,
     "fm_t": NaN,
     "day_weighted_mean": 0.013661481088484945,
     "oos_means": {
      "2021H2-2022": 0.003408206558075817,
      "2023-2024": 0.00865463315742918
     },
     "tier_mean": {
      "bot": 0.01819276252131857,
      "mid": 0.01058919963353577,
      "top": 0.009920176004731808
     },
     "detected": false
    },
    {
     "freq_m": 600,
     "delta_bp": 80,
     "seed": 4,
     "n_treated": 600,
     "ev_mean": 0.011930320933851525,
     "net60": 0.005930320933851525,
     "pos_halves": 4,
     "half_means": {
      "2025-H1": 0.008475682259191746,
      "2025-H2": 0.021273580595512757,
      "2026-H1": 0.0003890076180639541,
      "2026-H2": 0.02642225260383721
     },
     "n_tickers": 321,
     "g1": true,
     "g2": true,
     "g3": false,
     "g4": false,
     "g5": true,
     "fm_beta": NaN,
     "fm_t": NaN,
     "day_weighted_mean": 0.01470965043788583,
     "oos_means": {
      "2021H2-2022": 0.007976766381598164,
      "2023-2024": 0.0047696715591018434
     },
     "tier_mean": {
      "bot": 0.01921390015024367,
      "mid": 0.009018192918538887,
      "top": 0.00810076506908804
     },
     "detected": false
    },
    {
     "freq_m": 600,
     "delta_bp": 80,
     "seed": 5,
     "n_treated": 600,
     "ev_mean": 0.013786538981185235,
     "net60": 0.007786538981185235,
     "pos_halves": 4,
     "half_means": {
      "2025-H1": 0.010964901121852857,
      "2025-H2": 0.02189579520347881,
      "2026-H1": 0.0025667745915787243,
      "2026-H2": 0.025091710665093393
     },
     "n_tickers": 326,
     "g1": true,
     "g2": true,
     "g3": false,
     "g4": false,
     "g5": true,
     "fm_beta": NaN,
     "fm_t": NaN,
     "day_weighted_mean": 0.012782001447233288,
     "oos_means": {
      "2021H2-2022": 0.00427140160493217,
      "2023-2024": 0.008018987430702833
     },
     "tier_mean": {
      "bot": 0.019397706952158904,
      "mid": 0.01442574671084671,
      "top": 0.007528112668945547
     },
     "detected": false
    },
    {
     "freq_m": 600,
     "delta_bp": 80,
     "seed": 6,
     "n_treated": 600,
     "ev_mean": 0.011055834632680032,
     "net60": 0.005055834632680032,
     "pos_halves": 4,
     "half_means": {
      "2025-H1": 0.019230636269111506,
      "2025-H2": 0.012357349074056922,
      "2026-H1": 0.0019012269993255724,
      "2026-H2": 0.02163003532668029
     },
     "n_tickers": 322,
     "g1": true,
     "g2": true,
     "g3": false,
     "g4": false,
     "g5": true,
     "fm_beta": NaN,
     "fm_t": NaN,
     "day_weighted_mean": 0.007161344280571904,
     "oos_means": {
      "2021H2-2022": 0.007035416640908367,
      "2023-2024": 0.00981339844543119
     },
     "tier_mean": {
      "bot": 0.012715809383100128,
      "mid": 0.011681574382420595,
      "top": 0.008801858573677252
     },
     "detected": false
    },
    {
     "freq_m": 600,
     "delta_bp": 80,
     "seed": 7,
     "n_treated": 600,
     "ev_mean": 0.010359058997003475,
     "net60": 0.004359058997003475,
     "pos_halves": 3,
     "half_means": {
      "2025-H1": 0.009425007063740823,
      "2025-H2": 0.015142540088372038,
      "2026-H1": -0.0002358973253567633,
      "2026-H2": 0.02841101456605806
     },
     "n_tickers": 322,
     "g1": true,
     "g2": true,
     "g3": false,
     "g4": false,
     "g5": true,
     "fm_beta": NaN,
     "fm_t": NaN,
     "day_weighted_mean": 0.012595724415405874,
     "oos_means": {
      "2021H2-2022": 0.004377754606819757,
      "2023-2024": 0.009943946863621347
     },
     "tier_mean": {
      "bot": 0.013107465150407109,
      "mid": 0.008450626369035548,
      "top": 0.009493371996299325
     },
     "detected": false
    },
    {
     "freq_m": 600,
     "delta_bp": 80,
     "seed": 8,
     "n_treated": 600,
     "ev_mean": 0.011444698880508372,
     "net60": 0.005444698880508372,
     "pos_halves": 3,
     "half_means": {
      "2025-H1": 0.00010015856873905906,
      "2025-H2": 0.023585345992277743,
      "2026-H1": -0.005338900742450964,
      "2026-H2": 0.035053523811714886
     },
     "n_tickers": 324,
     "g1": true,
     "g2": true,
     "g3": false,
     "g4": false,
     "g5": true,
     "fm_beta": NaN,
     "fm_t": NaN,
     "day_weighted_mean": 0.013131912379251348,
     "oos_means": {
      "2021H2-2022": 0.0032232359297397423,
      "2023-2024": 0.006936606856443636
     },
     "tier_mean": {
      "bot": 0.012168252988046895,
      "mid": 0.008515742030636356,
      "top": 0.01345167550111382
     },
     "detected": false
    },
    {
     "freq_m": 600,
     "delta_bp": 80,
     "seed": 9,
     "n_treated": 600,
     "ev_mean": 0.011270126040160366,
     "net60": 0.005270126040160366,
     "pos_halves": 4,
     "half_means": {
      "2025-H1": 0.0007632419630556425,
      "2025-H2": 0.017674581951826637,
      "2026-H1": 0.008867109843920888,
      "2026-H2": 0.0139898241672134
     },
     "n_tickers": 327,
     "g1": true,
     "g2": true,
     "g3": false,
     "g4": false,
     "g5": true,
     "fm_beta": NaN,
     "fm_t": NaN,
     "day_weighted_mean": 0.0132916391885773,
     "oos_means": {
      "2021H2-2022": 0.007045725043487123,
      "2023-2024": 0.009140449048049348
     },
     "tier_mean": {
      "bot": 0.013628445155977519,
      "mid": 0.009416304916240856,
      "top": 0.010821761717041455
     },
     "detected": false
    },
    {
     "freq_m": 600,
     "delta_bp": 80,
     "seed": 10,
     "n_treated": 600,
     "ev_mean": 0.005838935571106453,
     "net60": -0.00016106442889354724,
     "pos_halves": 3,
     "half_means": {
      "2025-H1": 0.02663213381324712,
      "2025-H2": 0.011454155794695386,
      "2026-H1": -0.01198432593215495,
      "2026-H2": 0.011072380552973682
     },
     "n_tickers": 317,
     "g1": false,
     "g2": true,
     "g3": false,
     "g4": false,
     "g5": true,
     "fm_beta": NaN,
     "fm_t": NaN,
     "day_weighted_mean": 0.008934478709515198,
     "oos_means": {
      "2021H2-2022": 0.005458271920407421,
      "2023-2024": 0.01316929853350952
     },
     "tier_mean": {
      "bot": 0.011305644793333099,
      "mid": 0.0009541509116918958,
      "top": 0.005124053356924728
     },
     "detected": false
    },
    {
     "freq_m": 600,
     "delta_bp": 80,
     "seed": 11,
     "n_treated": 600,
     "ev_mean": 0.008801023181179517,
     "net60": 0.0028010231811795173,
     "pos_halves": 3,
     "half_means": {
      "2025-H1": 0.011328465994730837,
      "2025-H2": 0.02343995862688425,
      "2026-H1": -0.008537034328839024,
      "2026-H2": 0.013857762137771953
     },
     "n_tickers": 311,
     "g1": false,
     "g2": true,
     "g3": false,
     "g4": false,
     "g5": true,
     "fm_beta": NaN,
     "fm_t": NaN,
     "day_weighted_mean": 0.011424604661953176,
     "oos_means": {
      "2021H2-2022": 0.0033903678694720708,
      "2023-2024": 0.011737432642330282
     },
     "tier_mean": {
      "bot": 0.016073992124637185,
      "mid": 0.008809979058094712,
      "top": 0.0011353677977914936
     },
     "detected": false
    },
    {
     "freq_m": 600,
     "delta_bp": 80,
     "seed": 12,
     "n_treated": 600,
     "ev_mean": 0.007696927278357322,
     "net60": 0.0016969272783573216,
     "pos_halves": 3,
     "half_means": {
      "2025-H1": 0.010960700832194562,
      "2025-H2": 0.022086021573795894,
      "2026-H1": -0.010558683260537828,
      "2026-H2": 0.022526428994750256
     },
     "n_tickers": 317,
     "g1": false,
     "g2": true,
     "g3": false,
     "g4": false,
     "g5": true,
     "fm_beta": NaN,
     "fm_t": NaN,
     "day_weighted_mean": 0.010291784002867666,
     "oos_means": {
      "2021H2-2022": 0.0028054808548775576,
      "2023-2024": 0.0055630401243848
     },
     "tier_mean": {
      "bot": 0.0032154894969233867,
      "mid": 0.01049185568622096,
      "top": 0.008936312736659256
     },
     "detected": false
    },
    {
     "freq_m": 600,
     "delta_bp": 80,
     "seed": 13,
     "n_treated": 600,
     "ev_mean": 0.016942572518506543,
     "net60": 0.010942572518506543,
     "pos_halves": 4,
     "half_means": {
      "2025-H1": 0.02200041073223804,
      "2025-H2": 0.02006905536922568,
      "2026-H1": 0.0036633270474338655,
      "2026-H2": 0.033728334191625804
     },
     "n_tickers": 318,
     "g1": true,
     "g2": true,
     "g3": false,
     "g4": false,
     "g5": true,
     "fm_beta": NaN,
     "fm_t": NaN,
     "day_weighted_mean": 0.018566982173444095,
     "oos_means": {
      "2021H2-2022": 0.008344467822991865,
      "2023-2024": 0.010001276043214572
     },
     "tier_mean": {
      "bot": 0.02213762454774706,
      "mid": 0.010436181469745164,
      "top": 0.017688646809457184
     },
     "detected": false
    },
    {
     "freq_m": 600,
     "delta_bp": 80,
     "seed": 14,
     "n_treated": 600,
     "ev_mean": 0.01688048588055635,
     "net60": 0.01088048588055635,
     "pos_halves": 3,
     "half_means": {
      "2025-H1": 0.033356887839588956,
      "2025-H2": 0.01737850650929842,
      "2026-H1": -0.004772438235212351,
      "2026-H2": 0.056094594032615935
     },
     "n_tickers": 334,
     "g1": true,
     "g2": true,
     "g3": false,
     "g4": false,
     "g5": true,
     "fm_beta": NaN,
     "fm_t": NaN,
     "day_weighted_mean": 0.01533522208509698,
     "oos_means": {
      "2021H2-2022": 0.007399386441506395,
      "2023-2024": 0.005641818160391818
     },
     "tier_mean": {
      "bot": 0.017913208858300698,
      "mid": 0.021538066211898542,
      "top": 0.011034483783199793
     },
     "detected": false
    },
    {
     "freq_m": 600,
     "delta_bp": 80,
     "seed": 15,
     "n_treated": 600,
     "ev_mean": 0.016553306818308727,
     "net60": 0.010553306818308726,
     "pos_halves": 4,
     "half_means": {
      "2025-H1": 0.022025196173833715,
      "2025-H2": 0.018284448643076687,
      "2026-H1": 0.012769006836502934,
      "2026-H2": 0.012774402341774776
     },
     "n_tickers": 324,
     "g1": true,
     "g2": true,
     "g3": false,
     "g4": false,
     "g5": true,
     "fm_beta": NaN,
     "fm_t": NaN,
     "day_weighted_mean": 0.013699330193767078,
     "oos_means": {
      "2021H2-2022": 0.010827309909951106,
      "2023-2024": 0.007240600860754957
     },
     "tier_mean": {
      "bot": 0.028049240840739342,
      "mid": 0.008476846390312128,
      "top": 0.013306673463794053
     },
     "detected": false
    },
    {
     "freq_m": 600,
     "delta_bp": 80,
     "seed": 16,
     "n_treated": 600,
     "ev_mean": 0.013768057096874836,
     "net60": 0.007768057096874836,
     "pos_halves": 4,
     "half_means": {
      "2025-H1": 0.005166501005695541,
      "2025-H2": 0.022082487437224574,
      "2026-H1": 0.0015792137926280102,
      "2026-H2": 0.03789559133967223
     },
     "n_tickers": 320,
     "g1": true,
     "g2": true,
     "g3": false,
     "g4": false,
     "g5": true,
     "fm_beta": NaN,
     "fm_t": NaN,
     "day_weighted_mean": 0.008162975721820355,
     "oos_means": {
      "2021H2-2022": 0.006214386369017218,
      "2023-2024": 0.007591165892716368
     },
     "tier_mean": {
      "bot": 0.01926325097008223,
      "mid": 0.009502789907913223,
      "top": 0.012430775997013718
     },
     "detected": false
    },
    {
     "freq_m": 600,
     "delta_bp": 80,
     "seed": 17,
     "n_treated": 600,
     "ev_mean": 0.012817457470646785,
     "net60": 0.006817457470646784,
     "pos_halves": 4,
     "half_means": {
      "2025-H1": 0.006346290167461677,
      "2025-H2": 0.02274600070354696,
      "2026-H1": 0.0013314309879369638,
      "2026-H2": 0.0282565662215698
     },
     "n_tickers": 325,
     "g1": true,
     "g2": true,
     "g3": false,
     "g4": false,
     "g5": true,
     "fm_beta": NaN,
     "fm_t": NaN,
     "day_weighted_mean": 0.008971495669101388,
     "oos_means": {
      "2021H2-2022": 0.0025845200915362585,
      "2023-2024": 0.008778880200209851
     },
     "tier_mean": {
      "bot": 0.017297361275574224,
      "mid": 0.001960377382786873,
      "top": 0.018981419578213844
     },
     "detected": false
    },
    {
     "freq_m": 600,
     "delta_bp": 80,
     "seed": 18,
     "n_treated": 600,
     "ev_mean": 0.012210793623277259,
     "net60": 0.006210793623277259,
     "pos_halves": 3,
     "half_means": {
      "2025-H1": 0.013900533584353001,
      "2025-H2": 0.018803664661195988,
      "2026-H1": -0.001521124912048056,
      "2026-H2": 0.025204028203529415
     },
     "n_tickers": 334,
     "g1": true,
     "g2": true,
     "g3": false,
     "g4": false,
     "g5": true,
     "fm_beta": NaN,
     "fm_t": NaN,
     "day_weighted_mean": 0.011876356111021587,
     "oos_means": {
      "2021H2-2022": 0.002727060233576442,
      "2023-2024": 0.009803004343458755
     },
     "tier_mean": {
      "bot": 0.007173413744931119,
      "mid": 0.01498814143312658,
      "top": 0.01468441733015713
     },
     "detected": false
    },
    {
     "freq_m": 600,
     "delta_bp": 80,
     "seed": 19,
     "n_treated": 600,
     "ev_mean": -0.0007247164736278753,
     "net60": -0.006724716473627875,
     "pos_halves": 3,
     "half_means": {
      "2025-H1": 0.0032497082061339827,
      "2025-H2": 0.002385925503409042,
      "2026-H1": -0.011781806866665112,
      "2026-H2": 0.016632964931341705
     },
     "n_tickers": 331,
     "g1": false,
     "g2": true,
     "g3": false,
     "g4": false,
     "g5": true,
     "fm_beta": NaN,
     "fm_t": NaN,
     "day_weighted_mean": 0.0010789157924521733,
     "oos_means": {
      "2021H2-2022": 0.006316031213791201,
      "2023-2024": 0.004108110424302654
     },
     "tier_mean": {
      "bot": 0.0021148285578251173,
      "mid": -0.0009850446972553412,
      "top": -0.0034388950509040817
     },
     "detected": false
    }
   ]
  },
  "m600_d150bp": {
   "detection_rate": 0.0,
   "false_negative_rate": 1.0,
   "gate_kill_first": {
    "G1": 0,
    "G2": 0,
    "G3": 20,
    "G4": 0,
    "G5": 0
   },
   "runs": [
    {
     "freq_m": 600,
     "delta_bp": 150,
     "seed": 0,
     "n_treated": 600,
     "ev_mean": 0.019047001700647506,
     "net60": 0.013047001700647506,
     "pos_halves": 3,
     "half_means": {
      "2025-H1": 0.023041690925460684,
      "2025-H2": 0.03541471930255242,
      "2026-H1": -0.0039622481403335744,
      "2026-H2": 0.032908061060549075
     },
     "n_tickers": 317,
     "g1": true,
     "g2": true,
     "g3": false,
     "g4": false,
     "g5": true,
     "fm_beta": NaN,
     "fm_t": NaN,
     "day_weighted_mean": 0.021270076631857076,
     "oos_means": {
      "2021H2-2022": 0.017943131363908064,
      "2023-2024": 0.01769517348355374
     },
     "tier_mean": {
      "bot": 0.017046497376123588,
      "mid": 0.01579765287379605,
      "top": 0.024677725450436803
     },
     "detected": false
    },
    {
     "freq_m": 600,
     "delta_bp": 150,
     "seed": 1,
     "n_treated": 600,
     "ev_mean": 0.019774537883828016,
     "net60": 0.013774537883828016,
     "pos_halves": 3,
     "half_means": {
      "2025-H1": 0.029205164399609136,
      "2025-H2": 0.028244153682223386,
      "2026-H1": -0.0063318827858859245,
      "2026-H2": 0.05923371731063337
     },
     "n_tickers": 316,
     "g1": true,
     "g2": true,
     "g3": false,
     "g4": false,
     "g5": true,
     "fm_beta": NaN,
     "fm_t": NaN,
     "day_weighted_mean": 0.022276523386233857,
     "oos_means": {
      "2021H2-2022": 0.014880603356038597,
      "2023-2024": 0.017591822758921048
     },
     "tier_mean": {
      "bot": 0.024424230379373975,
      "mid": 0.014089291809081634,
      "top": 0.020551599168645872
     },
     "detected": false
    },
    {
     "freq_m": 600,
     "delta_bp": 150,
     "seed": 2,
     "n_treated": 600,
     "ev_mean": 0.02743624572680245,
     "net60": 0.02143624572680245,
     "pos_halves": 4,
     "half_means": {
      "2025-H1": 0.027180000418943986,
      "2025-H2": 0.02924631107455393,
      "2026-H1": 0.02057539837901821,
      "2026-H2": 0.040953891071915
     },
     "n_tickers": 312,
     "g1": true,
     "g2": true,
     "g3": false,
     "g4": false,
     "g5": true,
     "fm_beta": NaN,
     "fm_t": NaN,
     "day_weighted_mean": 0.031772543885006624,
     "oos_means": {
      "2021H2-2022": 0.01698293976203768,
      "2023-2024": 0.015078173730039727
     },
     "tier_mean": {
      "bot": 0.030108279588414583,
      "mid": 0.028134540609975046,
      "top": 0.024278458478381785
     },
     "detected": false
    },
    {
     "freq_m": 600,
     "delta_bp": 150,
     "seed": 3,
     "n_treated": 600,
     "ev_mean": 0.023389614514457653,
     "net60": 0.017389614514457655,
     "pos_halves": 4,
     "half_means": {
      "2025-H1": 0.02859841719331679,
      "2025-H2": 0.0362012945568042,
      "2026-H1": 0.00575555851786821,
      "2026-H2": 0.03606506862107588
     },
     "n_tickers": 327,
     "g1": true,
     "g2": true,
     "g3": false,
     "g4": false,
     "g5": true,
     "fm_beta": NaN,
     "fm_t": NaN,
     "day_weighted_mean": 0.030152017923111087,
     "oos_means": {
      "2021H2-2022": 0.015706983111029586,
      "2023-2024": 0.009963455232558864
     },
     "tier_mean": {
      "bot": 0.025143959287362117,
      "mid": 0.017728455212676002,
      "top": 0.027324776025093343
     },
     "detected": false
    },
    {
     "freq_m": 600,
     "delta_bp": 150,
     "seed": 4,
     "n_treated": 600,
     "ev_mean": 0.01625211033546536,
     "net60": 0.01025211033546536,
     "pos_halves": 4,
     "half_means": {
      "2025-H1": 0.010780292176155577,
      "2025-H2": 0.028207657146131132,
      "2026-H1": 0.0016449430681740166,
      "2026-H2": 0.026484583130819927
     },
     "n_tickers": 328,
     "g1": true,
     "g2": true,
     "g3": false,
     "g4": false,
     "g5": true,
     "fm_beta": NaN,
     "fm_t": NaN,
     "day_weighted_mean": 0.01999419418589072,
     "oos_means": {
      "2021H2-2022": 0.009939978876168619,
      "2023-2024": 0.010759985499855435
     },
     "tier_mean": {
      "bot": 0.027209990229521207,
      "mid": 0.009561965107702363,
      "top": 0.011833217933642214
     },
     "detected": false
    },
    {
     "freq_m": 600,
     "delta_bp": 150,
     "seed": 5,
     "n_treated": 600,
     "ev_mean": 0.020175901323001153,
     "net60": 0.014175901323001153,
     "pos_halves": 4,
     "half_means": {
      "2025-H1": 0.01883023787725016,
      "2025-H2": 0.03306153670890565,
      "2026-H1": 0.009293136526707874,
      "2026-H2": 0.0185839159560105
     },
     "n_tickers": 318,
     "g1": true,
     "g2": true,
     "g3": false,
     "g4": false,
     "g5": true,
     "fm_beta": NaN,
     "fm_t": NaN,
     "day_weighted_mean": 0.019852410542540073,
     "oos_means": {
      "2021H2-2022": 0.008093454237717734,
      "2023-2024": 0.015665892161207125
     },
     "tier_mean": {
      "bot": 0.0353508212464757,
      "mid": 0.015173457353380524,
      "top": 0.01149835213503766
     },
     "detected": false
    },
    {
     "freq_m": 600,
     "delta_bp": 150,
     "seed": 6,
     "n_treated": 600,
     "ev_mean": 0.016912960510484958,
     "net60": 0.010912960510484957,
     "pos_halves": 4,
     "half_means": {
      "2025-H1": 0.012800429696747292,
      "2025-H2": 0.02275546341159183,
      "2026-H1": 0.011697238242888828,
      "2026-H2": 0.021259774092971695
     },
     "n_tickers": 325,
     "g1": true,
     "g2": true,
     "g3": false,
     "g4": false,
     "g5": true,
     "fm_beta": NaN,
     "fm_t": NaN,
     "day_weighted_mean": 0.01773883912842763,
     "oos_means": {
      "2021H2-2022": 0.016275752998434638,
      "2023-2024": 0.014168935349135239
     },
     "tier_mean": {
      "bot": 0.022507336412421183,
      "mid": 0.01632248700520712,
      "top": 0.012197722703583588
     },
     "detected": false
    },
    {
     "freq_m": 600,
     "delta_bp": 150,
     "seed": 7,
     "n_treated": 600,
     "ev_mean": 0.015575929788699022,
     "net60": 0.009575929788699021,
     "pos_halves": 4,
     "half_means": {
      "2025-H1": 0.015608853624083603,
      "2025-H2": 0.013078997472545827,
      "2026-H1": 0.01693667422627977,
      "2026-H2": 0.019594123647063283
     },
     "n_tickers": 326,
     "g1": true,
     "g2": true,
     "g3": false,
     "g4": false,
     "g5": true,
     "fm_beta": NaN,
     "fm_t": NaN,
     "day_weighted_mean": 0.012856165940909964,
     "oos_means": {
      "2021H2-2022": 0.010511706743847358,
      "2023-2024": 0.013438533094327297
     },
     "tier_mean": {
      "bot": 0.024585348864775695,
      "mid": 0.002712917285786607,
      "top": 0.019176628763968077
     },
     "detected": false
    },
    {
     "freq_m": 600,
     "delta_bp": 150,
     "seed": 8,
     "n_treated": 600,
     "ev_mean": 0.01784251186345178,
     "net60": 0.01184251186345178,
     "pos_halves": 4,
     "half_means": {
      "2025-H1": 0.019038887216253266,
      "2025-H2": 0.023757281230258918,
      "2026-H1": 0.007081217759315316,
      "2026-H2": 0.029932767914325968
     },
     "n_tickers": 322,
     "g1": true,
     "g2": true,
     "g3": false,
     "g4": false,
     "g5": true,
     "fm_beta": NaN,
     "fm_t": NaN,
     "day_weighted_mean": 0.017436294454072163,
     "oos_means": {
      "2021H2-2022": 0.01584799198265024,
      "2023-2024": 0.016858697326790822
     },
     "tier_mean": {
      "bot": 0.009075568955636626,
      "mid": 0.0184898930237338,
      "top": 0.02505990008348124
     },
     "detected": false
    },
    {
     "freq_m": 600,
     "delta_bp": 150,
     "seed": 9,
     "n_treated": 600,
     "ev_mean": 0.020257108858774468,
     "net60": 0.014257108858774467,
     "pos_halves": 4,
     "half_means": {
      "2025-H1": 0.027252888635688487,
      "2025-H2": 0.029636485770482498,
      "2026-H1": 0.01200036143558218,
      "2026-H2": 0.010728144572489261
     },
     "n_tickers": 334,
     "g1": true,
     "g2": true,
     "g3": false,
     "g4": false,
     "g5": true,
     "fm_beta": NaN,
     "fm_t": NaN,
     "day_weighted_mean": 0.019073580015712566,
     "oos_means": {
      "2021H2-2022": 0.01300908152508606,
      "2023-2024": 0.01448977752079275
     },
     "tier_mean": {
      "bot": 0.023110861250332942,
      "mid": 0.019260898708391486,
      "top": 0.018369611390262306
     },
     "detected": false
    },
    {
     "freq_m": 600,
     "delta_bp": 150,
     "seed": 10,
     "n_treated": 600,
     "ev_mean": 0.019968563261673542,
     "net60": 0.013968563261673542,
     "pos_halves": 4,
     "half_means": {
      "2025-H1": 0.02834215547013897,
      "2025-H2": 0.024952257127992972,
      "2026-H1": 0.009225723027970046,
      "2026-H2": 0.02507425711338947
     },
     "n_tickers": 331,
     "g1": true,
     "g2": true,
     "g3": false,
     "g4": false,
     "g5": true,
     "fm_beta": NaN,
     "fm_t": NaN,
     "day_weighted_mean": 0.01889467821364011,
     "oos_means": {
      "2021H2-2022": 0.017258504714789034,
      "2023-2024": 0.01282055408559617
     },
     "tier_mean": {
      "bot": 0.02177569751545813,
      "mid": 0.01801911030584909,
      "top": 0.020191255865021233
     },
     "detected": false
    },
    {
     "freq_m": 600,
     "delta_bp": 150,
     "seed": 11,
     "n_treated": 600,
     "ev_mean": 0.013471291087828264,
     "net60": 0.0074712910878282635,
     "pos_halves": 4,
     "half_means": {
      "2025-H1": 0.018209491873605523,
      "2025-H2": 0.023698507850347997,
      "2026-H1": 0.000230851741150114,
      "2026-H2": 0.022150270438735877
     },
     "n_tickers": 320,
     "g1": true,
     "g2": true,
     "g3": false,
     "g4": false,
     "g5": true,
     "fm_beta": NaN,
     "fm_t": NaN,
     "day_weighted_mean": 0.014264049850247023,
     "oos_means": {
      "2021H2-2022": 0.02046438106828006,
      "2023-2024": 0.018052129890460563
     },
     "tier_mean": {
      "bot": 0.018763044336188292,
      "mid": 0.02261395899138808,
      "top": -0.0029714539530985014
     },
     "detected": false
    },
    {
     "freq_m": 600,
     "delta_bp": 150,
     "seed": 12,
     "n_treated": 600,
     "ev_mean": 0.01886583280429925,
     "net60": 0.012865832804299251,
     "pos_halves": 3,
     "half_means": {
      "2025-H1": 0.019757738569488145,
      "2025-H2": 0.03309589276990736,
      "2026-H1": -0.002802256780737033,
      "2026-H2": 0.050517166039565554
     },
     "n_tickers": 327,
     "g1": true,
     "g2": true,
     "g3": false,
     "g4": false,
     "g5": true,
     "fm_beta": NaN,
     "fm_t": NaN,
     "day_weighted_mean": 0.0191787288871862,
     "oos_means": {
      "2021H2-2022": 0.02110235654953793,
      "2023-2024": 0.010996889689499925
     },
     "tier_mean": {
      "bot": 0.026494723407828647,
      "mid": 0.01200124308000524,
      "top": 0.018071182229317303
     },
     "detected": false
    },
    {
     "freq_m": 600,
     "delta_bp": 150,
     "seed": 13,
     "n_treated": 600,
     "ev_mean": 0.01656793555918649,
     "net60": 0.010567935559186491,
     "pos_halves": 4,
     "half_means": {
      "2025-H1": 0.020329108475525975,
      "2025-H2": 0.019294739916634242,
      "2026-H1": 0.007729869230474973,
      "2026-H2": 0.02951202303541247
     },
     "n_tickers": 330,
     "g1": true,
     "g2": true,
     "g3": false,
     "g4": false,
     "g5": true,
     "fm_beta": NaN,
     "fm_t": NaN,
     "day_weighted_mean": 0.017336813729900053,
     "oos_means": {
      "2021H2-2022": 0.010487349307642658,
      "2023-2024": 0.019942400978818765
     },
     "tier_mean": {
      "bot": 0.01878443751490998,
      "mid": 0.011974248165965862,
      "top": 0.018304865668715732
     },
     "detected": false
    },
    {
     "freq_m": 600,
     "delta_bp": 150,
     "seed": 14,
     "n_treated": 600,
     "ev_mean": 0.018505466783707382,
     "net60": 0.012505466783707382,
     "pos_halves": 4,
     "half_means": {
      "2025-H1": 0.026767369251223416,
      "2025-H2": 0.022630906317556678,
      "2026-H1": 0.004617902953394779,
      "2026-H2": 0.030862237677651533
     },
     "n_tickers": 330,
     "g1": true,
     "g2": true,
     "g3": false,
     "g4": false,
     "g5": true,
     "fm_beta": NaN,
     "fm_t": NaN,
     "day_weighted_mean": 0.02165281874615919,
     "oos_means": {
      "2021H2-2022": 0.01680858971678223,
      "2023-2024": 0.01644932862474255
     },
     "tier_mean": {
      "bot": 0.020083224091479057,
      "mid": 0.00969185738927473,
      "top": 0.02566531566119488
     },
     "detected": false
    },
    {
     "freq_m": 600,
     "delta_bp": 150,
     "seed": 15,
     "n_treated": 600,
     "ev_mean": 0.023950080388373613,
     "net60": 0.01795008038837361,
     "pos_halves": 4,
     "half_means": {
      "2025-H1": 0.002094022590635762,
      "2025-H2": 0.03328583511566521,
      "2026-H1": 0.02050553440407179,
      "2026-H2": 0.03322990805367918
     },
     "n_tickers": 332,
     "g1": true,
     "g2": true,
     "g3": false,
     "g4": false,
     "g5": true,
     "fm_beta": NaN,
     "fm_t": NaN,
     "day_weighted_mean": 0.0230905410621305,
     "oos_means": {
      "2021H2-2022": 0.013299668280944687,
      "2023-2024": 0.009360259006187192
     },
     "tier_mean": {
      "bot": 0.03411960213838694,
      "mid": 0.028602915273835076,
      "top": 0.00985564254082566
     },
     "detected": false
    },
    {
     "freq_m": 600,
     "delta_bp": 150,
     "seed": 16,
     "n_treated": 600,
     "ev_mean": 0.016386333941618557,
     "net60": 0.010386333941618557,
     "pos_halves": 3,
     "half_means": {
      "2025-H1": 0.02346356863657549,
      "2025-H2": 0.03153120838573776,
      "2026-H1": -0.005860584580946944,
      "2026-H2": 0.02166472284978236
     },
     "n_tickers": 309,
     "g1": true,
     "g2": true,
     "g3": false,
     "g4": false,
     "g5": true,
     "fm_beta": NaN,
     "fm_t": NaN,
     "day_weighted_mean": 0.017212746252885977,
     "oos_means": {
      "2021H2-2022": 0.011220384493432798,
      "2023-2024": 0.010225274708149372
     },
     "tier_mean": {
      "bot": 0.013229818815557513,
      "mid": 0.0130761879239107,
      "top": 0.022532768913178364
     },
     "detected": false
    },
    {
     "freq_m": 600,
     "delta_bp": 150,
     "seed": 17,
     "n_treated": 600,
     "ev_mean": 0.014323697042663716,
     "net60": 0.008323697042663716,
     "pos_halves": 3,
     "half_means": {
      "2025-H1": 0.0201428354292642,
      "2025-H2": 0.029534970517320878,
      "2026-H1": -0.007570034888259657,
      "2026-H2": 0.02145388726337673
     },
     "n_tickers": 331,
     "g1": true,
     "g2": true,
     "g3": false,
     "g4": false,
     "g5": true,
     "fm_beta": NaN,
     "fm_t": NaN,
     "day_weighted_mean": 0.015550453623352016,
     "oos_means": {
      "2021H2-2022": 0.012213205922544507,
      "2023-2024": 0.011778388087531101
     },
     "tier_mean": {
      "bot": 0.010928077176256877,
      "mid": 0.017081079991085102,
      "top": 0.014777343876204321
     },
     "detected": false
    },
    {
     "freq_m": 600,
     "delta_bp": 150,
     "seed": 18,
     "n_treated": 600,
     "ev_mean": 0.023289594954700638,
     "net60": 0.017289594954700636,
     "pos_halves": 4,
     "half_means": {
      "2025-H1": 0.027849053541418325,
      "2025-H2": 0.024655457735467116,
      "2026-H1": 0.018984752173099275,
      "2026-H2": 0.024374100986410345
     },
     "n_tickers": 316,
     "g1": true,
     "g2": true,
     "g3": false,
     "g4": false,
     "g5": true,
     "fm_beta": NaN,
     "fm_t": NaN,
     "day_weighted_mean": 0.02636186358667526,
     "oos_means": {
      "2021H2-2022": 0.011899118614389519,
      "2023-2024": 0.008300325235225059
     },
     "tier_mean": {
      "bot": 0.03780722638755805,
      "mid": 0.007407089646884699,
      "top": 0.0250148954119228
     },
     "detected": false
    },
    {
     "freq_m": 600,
     "delta_bp": 150,
     "seed": 19,
     "n_treated": 600,
     "ev_mean": 0.019402362834215713,
     "net60": 0.013402362834215713,
     "pos_halves": 4,
     "half_means": {
      "2025-H1": 0.024112953410225058,
      "2025-H2": 0.026921022376964535,
      "2026-H1": 0.006092235828917959,
      "2026-H2": 0.033306028618542795
     },
     "n_tickers": 325,
     "g1": true,
     "g2": true,
     "g3": false,
     "g4": false,
     "g5": true,
     "fm_beta": NaN,
     "fm_t": NaN,
     "day_weighted_mean": 0.021454729356259392,
     "oos_means": {
      "2021H2-2022": 0.01313850870867444,
      "2023-2024": 0.014029052110868159
     },
     "tier_mean": {
      "bot": 0.01941733171228667,
      "mid": 0.019728295718926328,
      "top": 0.019094751199944915
     },
     "detected": false
    }
   ]
  },
  "m2500_d30bp": {
   "detection_rate": 0.0,
   "false_negative_rate": 1.0,
   "gate_kill_first": {
    "G1": 20,
    "G2": 0,
    "G3": 0,
    "G4": 0,
    "G5": 0
   },
   "runs": [
    {
     "freq_m": 2500,
     "delta_bp": 30,
     "seed": 0,
     "n_treated": 2500,
     "ev_mean": 0.006727149980991885,
     "net60": 0.0007271499809918848,
     "pos_halves": 3,
     "half_means": {
      "2025-H1": 0.0069694889730438124,
      "2025-H2": 0.017775828399617985,
      "2026-H1": -0.007749372873411692,
      "2026-H2": 0.015241638535785026
     },
     "n_tickers": 501,
     "g1": false,
     "g2": true,
     "g3": false,
     "g4": true,
     "g5": true,
     "fm_beta": NaN,
     "fm_t": NaN,
     "day_weighted_mean": 0.006702075049890621,
     "oos_means": {
      "2021H2-2022": 0.001127415969327619,
      "2023-2024": 0.0031590328073954426
     },
     "tier_mean": {
      "bot": 0.01567453457554317,
      "mid": 0.0032649230213385007,
      "top": 0.001781804565783369
     },
     "detected": false
    },
    {
     "freq_m": 2500,
     "delta_bp": 30,
     "seed": 1,
     "n_treated": 2500,
     "ev_mean": 0.003661955091788863,
     "net60": -0.002338044908211137,
     "pos_halves": 2,
     "half_means": {
      "2025-H1": -0.001273041108567693,
      "2025-H2": 0.01643304952566799,
      "2026-H1": -0.010787736493964282,
      "2026-H2": 0.01497848210673066
     },
     "n_tickers": 490,
     "g1": false,
     "g2": false,
     "g3": false,
     "g4": true,
     "g5": false,
     "fm_beta": NaN,
     "fm_t": NaN,
     "day_weighted_mean": 0.005201061912646962,
     "oos_means": {
      "2021H2-2022": -0.001958827628757559,
      "2023-2024": 0.0027069264308712303
     },
     "tier_mean": {
      "bot": 0.005938382407710068,
      "mid": 0.0006971535636442141,
      "top": 0.0044217619040386015
     },
     "detected": false
    },
    {
     "freq_m": 2500,
     "delta_bp": 30,
     "seed": 2,
     "n_treated": 2500,
     "ev_mean": 0.0054260341021717794,
     "net60": -0.0005739658978282207,
     "pos_halves": 3,
     "half_means": {
      "2025-H1": 0.006046310196172314,
      "2025-H2": 0.015934724424027446,
      "2026-H1": -0.010068980318535224,
      "2026-H2": 0.01886973572578575
     },
     "n_tickers": 484,
     "g1": false,
     "g2": true,
     "g3": false,
     "g4": true,
     "g5": true,
     "fm_beta": NaN,
     "fm_t": NaN,
     "day_weighted_mean": 0.00557683431002562,
     "oos_means": {
      "2021H2-2022": 0.0019481203951314226,
      "2023-2024": 0.002268245003550803
     },
     "tier_mean": {
      "bot": 0.009638031248887728,
      "mid": 0.004715418720686525,
      "top": 0.0024889929317760727
     },
     "detected": false
    },
    {
     "freq_m": 2500,
     "delta_bp": 30,
     "seed": 3,
     "n_treated": 2500,
     "ev_mean": 0.003962148754278293,
     "net60": -0.002037851245721707,
     "pos_halves": 3,
     "half_means": {
      "2025-H1": 0.00547024148415666,
      "2025-H2": 0.01519563837009579,
      "2026-H1": -0.013408602376683352,
      "2026-H2": 0.02039805396255612
     },
     "n_tickers": 492,
     "g1": false,
     "g2": true,
     "g3": false,
     "g4": true,
     "g5": true,
     "fm_beta": NaN,
     "fm_t": NaN,
     "day_weighted_mean": 0.005553880312324637,
     "oos_means": {
      "2021H2-2022": 0.0020615299236938734,
      "2023-2024": 0.0022376605968187657
     },
     "tier_mean": {
      "bot": 0.0011432208711541307,
      "mid": 0.004950626674396561,
      "top": 0.005625917065765226
     },
     "detected": false
    },
    {
     "freq_m": 2500,
     "delta_bp": 30,
     "seed": 4,
     "n_treated": 2500,
     "ev_mean": 0.005470580768725528,
     "net60": -0.0005294192312744724,
     "pos_halves": 3,
     "half_means": {
      "2025-H1": 0.008572923067196167,
      "2025-H2": 0.015394179167655153,
      "2026-H1": -0.009422901067914078,
      "2026-H2": 0.01724573251356166
     },
     "n_tickers": 488,
     "g1": false,
     "g2": true,
     "g3": false,
     "g4": true,
     "g5": true,
     "fm_beta": NaN,
     "fm_t": NaN,
     "day_weighted_mean": 0.005874797848389472,
     "oos_means": {
      "2021H2-2022": 0.0011287160220114511,
      "2023-2024": 0.0026124536051514904
     },
     "tier_mean": {
      "bot": 0.00787269028776426,
      "mid": 0.0025262265169609084,
      "top": 0.006004453551896262
     },
     "detected": false
    },
    {
     "freq_m": 2500,
     "delta_bp": 30,
     "seed": 5,
     "n_treated": 2500,
     "ev_mean": 0.004634522213414988,
     "net60": -0.001365477786585012,
     "pos_halves": 3,
     "half_means": {
      "2025-H1": 0.013820480901710596,
      "2025-H2": 0.012310159042674526,
      "2026-H1": -0.011113956231578027,
      "2026-H2": 0.014070413602324128
     },
     "n_tickers": 491,
     "g1": false,
     "g2": true,
     "g3": false,
     "g4": true,
     "g5": true,
     "fm_beta": NaN,
     "fm_t": NaN,
     "day_weighted_mean": 0.005066801516962513,
     "oos_means": {
      "2021H2-2022": 0.0007304257769701616,
      "2023-2024": 0.00011202695209334285
     },
     "tier_mean": {
      "bot": 0.005981909334178797,
      "mid": 0.0020736998063491164,
      "top": 0.005816671722963007
     },
     "detected": false
    },
    {
     "freq_m": 2500,
     "delta_bp": 30,
     "seed": 6,
     "n_treated": 2500,
     "ev_mean": 0.0038394332507972165,
     "net60": -0.0021605667492027836,
     "pos_halves": 3,
     "half_means": {
      "2025-H1": 0.006447534490199907,
      "2025-H2": 0.013470191067361382,
      "2026-H1": -0.010282550435974756,
      "2026-H2": 0.014796466145772416
     },
     "n_tickers": 491,
     "g1": false,
     "g2": true,
     "g3": false,
     "g4": true,
     "g5": true,
     "fm_beta": NaN,
     "fm_t": NaN,
     "day_weighted_mean": 0.0034301503813313804,
     "oos_means": {
      "2021H2-2022": 0.0023310611305738366,
      "2023-2024": 0.0032861467334317994
     },
     "tier_mean": {
      "bot": 0.003700388893595377,
      "mid": 6.7464032729541635e-06,
      "top": 0.007690512023576962
     },
     "detected": false
    },
    {
     "freq_m": 2500,
     "delta_bp": 30,
     "seed": 7,
     "n_treated": 2500,
     "ev_mean": 0.008065737099045477,
     "net60": 0.0020657370990454765,
     "pos_halves": 3,
     "half_means": {
      "2025-H1": 0.006714193898476606,
      "2025-H2": 0.012716398620998598,
      "2026-H1": -0.003209854235932227,
      "2026-H2": 0.02789851609009558
     },
     "n_tickers": 490,
     "g1": false,
     "g2": true,
     "g3": false,
     "g4": true,
     "g5": true,
     "fm_beta": NaN,
     "fm_t": NaN,
     "day_weighted_mean": 0.008105129638316673,
     "oos_means": {
      "2021H2-2022": 0.0017628858676806054,
      "2023-2024": 0.0019653879110571723
     },
     "tier_mean": {
      "bot": 0.011288468570571473,
      "mid": 0.008076260331844536,
      "top": 0.004905538203676932
     },
     "detected": false
    },
    {
     "freq_m": 2500,
     "delta_bp": 30,
     "seed": 8,
     "n_treated": 2500,
     "ev_mean": 0.005561486669895024,
     "net60": -0.0004385133301049761,
     "pos_halves": 3,
     "half_means": {
      "2025-H1": 0.000731397274147616,
      "2025-H2": 0.016862194363387432,
      "2026-H1": -0.00737729139504889,
      "2026-H2": 0.015549478526533158
     },
     "n_tickers": 491,
     "g1": false,
     "g2": true,
     "g3": false,
     "g4": true,
     "g5": true,
     "fm_beta": NaN,
     "fm_t": NaN,
     "day_weighted_mean": 0.0062383251226275005,
     "oos_means": {
      "2021H2-2022": 0.0014799262393341834,
      "2023-2024": 0.0005596249926931884
     },
     "tier_mean": {
      "bot": 0.005976691352883607,
      "mid": 0.00629406070473261,
      "top": 0.004365079647447774
     },
     "detected": false
    },
    {
     "freq_m": 2500,
     "delta_bp": 30,
     "seed": 9,
     "n_treated": 2500,
     "ev_mean": 0.005442693210130112,
     "net60": -0.0005573067898698878,
     "pos_halves": 3,
     "half_means": {
      "2025-H1": 0.005831538547407972,
      "2025-H2": 0.014820034982215643,
      "2026-H1": -0.008204603435040881,
      "2026-H2": 0.016276772028323477
     },
     "n_tickers": 488,
     "g1": false,
     "g2": true,
     "g3": false,
     "g4": true,
     "g5": true,
     "fm_beta": NaN,
     "fm_t": NaN,
     "day_weighted_mean": 0.002520442876514744,
     "oos_means": {
      "2021H2-2022": 0.0014331771396854027,
      "2023-2024": 0.003570384974231062
     },
     "tier_mean": {
      "bot": 0.008961828692212431,
      "mid": 0.007802286336266056,
      "top": -0.0003981984232980834
     },
     "detected": false
    },
    {
     "freq_m": 2500,
     "delta_bp": 30,
     "seed": 10,
     "n_treated": 2500,
     "ev_mean": 0.003673991653229257,
     "net60": -0.0023260083467707433,
     "pos_halves": 3,
     "half_means": {
      "2025-H1": 0.0010482188689996275,
      "2025-H2": 0.01697309905175958,
      "2026-H1": -0.00958382382029988,
      "2026-H2": 0.007678385725345382
     },
     "n_tickers": 491,
     "g1": false,
     "g2": true,
     "g3": false,
     "g4": true,
     "g5": true,
     "fm_beta": NaN,
     "fm_t": NaN,
     "day_weighted_mean": 0.005241433764155085,
     "oos_means": {
      "2021H2-2022": 0.0017984143702502397,
      "2023-2024": 0.0033689750393224574
     },
     "tier_mean": {
      "bot": 0.0062578766903356444,
      "mid": 0.00141172678738827,
      "top": 0.003424545779862747
     },
     "detected": false
    },
    {
     "freq_m": 2500,
     "delta_bp": 30,
     "seed": 11,
     "n_treated": 2500,
     "ev_mean": 0.007754156597856786,
     "net60": 0.0017541565978567856,
     "pos_halves": 3,
     "half_means": {
      "2025-H1": 0.0016813439951805524,
      "2025-H2": 0.020261315655527887,
      "2026-H1": -0.006886033602869913,
      "2026-H2": 0.024627938950509052
     },
     "n_tickers": 481,
     "g1": false,
     "g2": true,
     "g3": false,
     "g4": true,
     "g5": true,
     "fm_beta": NaN,
     "fm_t": NaN,
     "day_weighted_mean": 0.0076098423130193105,
     "oos_means": {
      "2021H2-2022": 0.0022628956870332975,
      "2023-2024": 0.003540542101169728
     },
     "tier_mean": {
      "bot": 0.006629065211342353,
      "mid": 0.006095492837514498,
      "top": 0.010425806884937817
     },
     "detected": false
    },
    {
     "freq_m": 2500,
     "delta_bp": 30,
     "seed": 12,
     "n_treated": 2500,
     "ev_mean": 0.005583322363213455,
     "net60": -0.0004166776367865452,
     "pos_halves": 3,
     "half_means": {
      "2025-H1": 0.010953870458007676,
      "2025-H2": 0.014092672122783078,
      "2026-H1": -0.008301384690161796,
      "2026-H2": 0.01256254706109262
     },
     "n_tickers": 487,
     "g1": false,
     "g2": true,
     "g3": false,
     "g4": true,
     "g5": true,
     "fm_beta": NaN,
     "fm_t": NaN,
     "day_weighted_mean": 0.007638379332239489,
     "oos_means": {
      "2021H2-2022": 0.002818013165562331,
      "2023-2024": 0.0045484747879719995
     },
     "tier_mean": {
      "bot": 0.008409773857309752,
      "mid": 0.0036476737695562244,
      "top": 0.004977342721339145
     },
     "detected": false
    },
    {
     "freq_m": 2500,
     "delta_bp": 30,
     "seed": 13,
     "n_treated": 2500,
     "ev_mean": 0.008424464461218523,
     "net60": 0.002424464461218523,
     "pos_halves": 3,
     "half_means": {
      "2025-H1": 0.008719212553623599,
      "2025-H2": 0.017651486475201757,
      "2026-H1": -0.0062131963375322615,
      "2026-H2": 0.024146716820670367
     },
     "n_tickers": 482,
     "g1": false,
     "g2": true,
     "g3": false,
     "g4": true,
     "g5": true,
     "fm_beta": NaN,
     "fm_t": NaN,
     "day_weighted_mean": 0.009858238608399612,
     "oos_means": {
      "2021H2-2022": 0.0004807790281718114,
      "2023-2024": 0.0023321700212131846
     },
     "tier_mean": {
      "bot": 0.017569423026161983,
      "mid": -0.0017074870967043758,
      "top": 0.01023237093845263
     },
     "detected": false
    },
    {
     "freq_m": 2500,
     "delta_bp": 30,
     "seed": 14,
     "n_treated": 2500,
     "ev_mean": 0.005482901953722963,
     "net60": -0.0005170980462770374,
     "pos_halves": 3,
     "half_means": {
      "2025-H1": 0.0057696254227979325,
      "2025-H2": 0.018080481885399517,
      "2026-H1": -0.010194486186743127,
      "2026-H2": 0.017682982970136814
     },
     "n_tickers": 475,
     "g1": false,
     "g2": true,
     "g3": false,
     "g4": true,
     "g5": true,
     "fm_beta": NaN,
     "fm_t": NaN,
     "day_weighted_mean": 0.007203795158195502,
     "oos_means": {
      "2021H2-2022": 0.003650552384895681,
      "2023-2024": 0.00259482507862944
     },
     "tier_mean": {
      "bot": 0.00572005747059415,
      "mid": 0.0023917945913577124,
      "top": 0.008209902189470502
     },
     "detected": false
    },
    {
     "freq_m": 2500,
     "delta_bp": 30,
     "seed": 15,
     "n_treated": 2500,
     "ev_mean": 0.0034672276444947777,
     "net60": -0.0025327723555052225,
     "pos_halves": 3,
     "half_means": {
      "2025-H1": 0.004327180938351631,
      "2025-H2": 0.01713910856705763,
      "2026-H1": -0.014563054397199102,
      "2026-H2": 0.016794190517805254
     },
     "n_tickers": 493,
     "g1": false,
     "g2": true,
     "g3": false,
     "g4": true,
     "g5": true,
     "fm_beta": NaN,
     "fm_t": NaN,
     "day_weighted_mean": 0.006516510947899045,
     "oos_means": {
      "2021H2-2022": 0.0007081855749773132,
      "2023-2024": 0.001501609045980008
     },
     "tier_mean": {
      "bot": 0.008888449578421729,
      "mid": 0.00018276883867611554,
      "top": 0.001413474174643278
     },
     "detected": false
    },
    {
     "freq_m": 2500,
     "delta_bp": 30,
     "seed": 16,
     "n_treated": 2500,
     "ev_mean": 0.005554010341251656,
     "net60": -0.000445989658748344,
     "pos_halves": 3,
     "half_means": {
      "2025-H1": 0.0003705984047826481,
      "2025-H2": 0.01672922344914069,
      "2026-H1": -0.007377695779077702,
      "2026-H2": 0.019323587922976462
     },
     "n_tickers": 495,
     "g1": false,
     "g2": true,
     "g3": false,
     "g4": true,
     "g5": false,
     "fm_beta": NaN,
     "fm_t": NaN,
     "day_weighted_mean": 0.007703128676778562,
     "oos_means": {
      "2021H2-2022": -0.00047258680578679676,
      "2023-2024": 0.004104881045490699
     },
     "tier_mean": {
      "bot": 0.0076051191854287934,
      "mid": 0.00277047027371041,
      "top": 0.006354630293753058
     },
     "detected": false
    },
    {
     "freq_m": 2500,
     "delta_bp": 30,
     "seed": 17,
     "n_treated": 2500,
     "ev_mean": 0.0070606703079072845,
     "net60": 0.0010606703079072844,
     "pos_halves": 2,
     "half_means": {
      "2025-H1": -0.00020663276078456514,
      "2025-H2": 0.016038474537780425,
      "2026-H1": -0.005311930033502959,
      "2026-H2": 0.02457699532892601
     },
     "n_tickers": 475,
     "g1": false,
     "g2": false,
     "g3": false,
     "g4": true,
     "g5": false,
     "fm_beta": NaN,
     "fm_t": NaN,
     "day_weighted_mean": 0.006851462635915598,
     "oos_means": {
      "2021H2-2022": -0.0004939619834638661,
      "2023-2024": 0.0036860247479441168
     },
     "tier_mean": {
      "bot": 0.011273333046684372,
      "mid": 0.00940444662580504,
      "top": 0.0010185245457683518
     },
     "detected": false
    },
    {
     "freq_m": 2500,
     "delta_bp": 30,
     "seed": 18,
     "n_treated": 2500,
     "ev_mean": 0.0056606689111838365,
     "net60": -0.00033933108881616363,
     "pos_halves": 3,
     "half_means": {
      "2025-H1": 0.006254142082879789,
      "2025-H2": 0.012064170232843027,
      "2026-H1": -0.00423247611904934,
      "2026-H2": 0.015432779253632572
     },
     "n_tickers": 490,
     "g1": false,
     "g2": true,
     "g3": false,
     "g4": true,
     "g5": true,
     "fm_beta": NaN,
     "fm_t": NaN,
     "day_weighted_mean": 0.006297204005352865,
     "oos_means": {
      "2021H2-2022": 0.000525848674962145,
      "2023-2024": 0.004469059777424965
     },
     "tier_mean": {
      "bot": 0.01037994066431448,
      "mid": 0.0014996029223660412,
      "top": 0.005551994185448384
     },
     "detected": false
    },
    {
     "freq_m": 2500,
     "delta_bp": 30,
     "seed": 19,
     "n_treated": 2500,
     "ev_mean": 0.006650955634553024,
     "net60": 0.0006509556345530238,
     "pos_halves": 3,
     "half_means": {
      "2025-H1": 0.001239220458068868,
      "2025-H2": 0.015160295666484415,
      "2026-H1": -0.001393280661726432,
      "2026-H2": 0.013682787738778844
     },
     "n_tickers": 477,
     "g1": false,
     "g2": true,
     "g3": false,
     "g4": true,
     "g5": true,
     "fm_beta": NaN,
     "fm_t": NaN,
     "day_weighted_mean": 0.005739693878937603,
     "oos_means": {
      "2021H2-2022": 0.0019389312260616302,
      "2023-2024": 0.0012419382666543207
     },
     "tier_mean": {
      "bot": 0.012456951841713637,
      "mid": 0.002558438939920724,
      "top": 0.005387110668080696
     },
     "detected": false
    }
   ]
  },
  "m2500_d50bp": {
   "detection_rate": 0.1,
   "false_negative_rate": 0.9,
   "gate_kill_first": {
    "G1": 18,
    "G2": 0,
    "G3": 0,
    "G4": 0,
    "G5": 0
   },
   "runs": [
    {
     "freq_m": 2500,
     "delta_bp": 50,
     "seed": 0,
     "n_treated": 2500,
     "ev_mean": 0.0113240680041626,
     "net60": 0.0053240680041626,
     "pos_halves": 3,
     "half_means": {
      "2025-H1": 0.012470903294679026,
      "2025-H2": 0.017058754365688277,
      "2026-H1": -0.0013381126310756679,
      "2026-H2": 0.028610803655904047
     },
     "n_tickers": 489,
     "g1": true,
     "g2": true,
     "g3": true,
     "g4": true,
     "g5": true,
     "fm_beta": 0.008101397259182129,
     "fm_t": 4.163966419831679,
     "day_weighted_mean": 0.011402636878267553,
     "oos_means": {
      "2021H2-2022": 0.0060141133050834635,
      "2023-2024": 0.002964419158886803
     },
     "tier_mean": {
      "bot": 0.01115055782215017,
      "mid": 0.005588400802917325,
      "top": 0.017181570242923622
     },
     "detected": true
    },
    {
     "freq_m": 2500,
     "delta_bp": 50,
     "seed": 1,
     "n_treated": 2500,
     "ev_mean": 0.008296001197321564,
     "net60": 0.0022960011973215642,
     "pos_halves": 3,
     "half_means": {
      "2025-H1": 0.006191735220682272,
      "2025-H2": 0.021809655179532778,
      "2026-H1": -0.005622284252042765,
      "2026-H2": 0.01569459519207037
     },
     "n_tickers": 488,
     "g1": false,
     "g2": true,
     "g3": false,
     "g4": true,
     "g5": true,
     "fm_beta": NaN,
     "fm_t": NaN,
     "day_weighted_mean": 0.00935669082554484,
     "oos_means": {
      "2021H2-2022": 0.0025542885887550487,
      "2023-2024": 0.00285208214448543
     },
     "tier_mean": {
      "bot": 0.014065202521087868,
      "mid": 0.006812232068052515,
      "top": 0.004290183848062606
     },
     "detected": false
    },
    {
     "freq_m": 2500,
     "delta_bp": 50,
     "seed": 2,
     "n_treated": 2500,
     "ev_mean": 0.007425831015631814,
     "net60": 0.0014258310156318142,
     "pos_halves": 3,
     "half_means": {
      "2025-H1": 0.016770332621133394,
      "2025-H2": 0.011450686674968076,
      "2026-H1": -0.0060367146716154944,
      "2026-H2": 0.023994586767128154
     },
     "n_tickers": 493,
     "g1": false,
     "g2": true,
     "g3": false,
     "g4": true,
     "g5": true,
     "fm_beta": NaN,
     "fm_t": NaN,
     "day_weighted_mean": 0.007982657626672503,
     "oos_means": {
      "2021H2-2022": 0.004259653416235525,
      "2023-2024": 0.005191435172780259
     },
     "tier_mean": {
      "bot": 0.008498860717390462,
      "mid": 0.005583125220814034,
      "top": 0.0082699828421344
     },
     "detected": false
    },
    {
     "freq_m": 2500,
     "delta_bp": 50,
     "seed": 3,
     "n_treated": 2500,
     "ev_mean": 0.006560215128812439,
     "net60": 0.0005602151288124392,
     "pos_halves": 3,
     "half_means": {
      "2025-H1": 0.010220657971783436,
      "2025-H2": 0.015127020540947694,
      "2026-H1": -0.013652923296338389,
      "2026-H2": 0.03727409087375443
     },
     "n_tickers": 492,
     "g1": false,
     "g2": true,
     "g3": false,
     "g4": true,
     "g5": true,
     "fm_beta": NaN,
     "fm_t": NaN,
     "day_weighted_mean": 0.009322730426768667,
     "oos_means": {
      "2021H2-2022": 0.0028994734022080968,
      "2023-2024": 0.004765031992232557
     },
     "tier_mean": {
      "bot": 0.009335174366991177,
      "mid": 0.007312977959575299,
      "top": 0.0030554789293565005
     },
     "detected": false
    },
    {
     "freq_m": 2500,
     "delta_bp": 50,
     "seed": 4,
     "n_treated": 2500,
     "ev_mean": 0.004224376326312556,
     "net60": -0.001775623673687444,
     "pos_halves": 3,
     "half_means": {
      "2025-H1": 0.0007384872978415999,
      "2025-H2": 0.011684853182289725,
      "2026-H1": -0.004558910628616095,
      "2026-H2": 0.01643161059762714
     },
     "n_tickers": 485,
     "g1": false,
     "g2": true,
     "g3": false,
     "g4": true,
     "g5": true,
     "fm_beta": NaN,
     "fm_t": NaN,
     "day_weighted_mean": 0.005106103075141371,
     "oos_means": {
      "2021H2-2022": 0.0055611763794080945,
      "2023-2024": 0.004671993632941316
     },
     "tier_mean": {
      "bot": 0.008449690421670564,
      "mid": 0.0006216616930472853,
      "top": 0.003799984075783557
     },
     "detected": false
    },
    {
     "freq_m": 2500,
     "delta_bp": 50,
     "seed": 5,
     "n_treated": 2500,
     "ev_mean": 0.004560317526544389,
     "net60": -0.001439682473455611,
     "pos_halves": 3,
     "half_means": {
      "2025-H1": 0.00949408423714953,
      "2025-H2": 0.01568632385417234,
      "2026-H1": -0.010650120303064501,
      "2026-H2": 0.013381484912654545
     },
     "n_tickers": 489,
     "g1": false,
     "g2": true,
     "g3": false,
     "g4": true,
     "g5": false,
     "fm_beta": NaN,
     "fm_t": NaN,
     "day_weighted_mean": 0.006110767187543107,
     "oos_means": {
      "2021H2-2022": -0.0004370111019029333,
      "2023-2024": 0.003078315187957345
     },
     "tier_mean": {
      "bot": 0.009222194923470345,
      "mid": 0.004157957921867715,
      "top": 0.00046881132613178826
     },
     "detected": false
    },
    {
     "freq_m": 2500,
     "delta_bp": 50,
     "seed": 6,
     "n_treated": 2500,
     "ev_mean": 0.00817733229380682,
     "net60": 0.0021773322938068197,
     "pos_halves": 3,
     "half_means": {
      "2025-H1": 0.0022152884744718925,
      "2025-H2": 0.018938907722635463,
      "2026-H1": -0.0009266159858469671,
      "2026-H2": 0.015230780843843205
     },
     "n_tickers": 480,
     "g1": false,
     "g2": true,
     "g3": false,
     "g4": true,
     "g5": true,
     "fm_beta": NaN,
     "fm_t": NaN,
     "day_weighted_mean": 0.006591009168829292,
     "oos_means": {
      "2021H2-2022": 0.005886322601225074,
      "2023-2024": 0.004701593071631027
     },
     "tier_mean": {
      "bot": 0.015045570553605449,
      "mid": 0.003314563355141038,
      "top": 0.005881960953191276
     },
     "detected": false
    },
    {
     "freq_m": 2500,
     "delta_bp": 50,
     "seed": 7,
     "n_treated": 2500,
     "ev_mean": 0.006635297821232303,
     "net60": 0.0006352978212323026,
     "pos_halves": 3,
     "half_means": {
      "2025-H1": 0.00751359505466737,
      "2025-H2": 0.016274779332643513,
      "2026-H1": -0.006319537582601066,
      "2026-H2": 0.01700267620706397
     },
     "n_tickers": 487,
     "g1": false,
     "g2": true,
     "g3": false,
     "g4": true,
     "g5": true,
     "fm_beta": NaN,
     "fm_t": NaN,
     "day_weighted_mean": 0.008656417846440922,
     "oos_means": {
      "2021H2-2022": 0.005004537265866726,
      "2023-2024": 0.0030255984680085746
     },
     "tier_mean": {
      "bot": 0.009929208322704145,
      "mid": 0.0031942028131174186,
      "top": 0.006974709435708035
     },
     "detected": false
    },
    {
     "freq_m": 2500,
     "delta_bp": 50,
     "seed": 8,
     "n_treated": 2500,
     "ev_mean": 0.006855979950605669,
     "net60": 0.0008559799506056686,
     "pos_halves": 3,
     "half_means": {
      "2025-H1": 0.007967949618229869,
      "2025-H2": 0.017408703736520974,
      "2026-H1": -0.009290747447544481,
      "2026-H2": 0.020632779431728112
     },
     "n_tickers": 480,
     "g1": false,
     "g2": true,
     "g3": false,
     "g4": true,
     "g5": true,
     "fm_beta": NaN,
     "fm_t": NaN,
     "day_weighted_mean": 0.007849719541183794,
     "oos_means": {
      "2021H2-2022": 0.001845431040986648,
      "2023-2024": 0.00738908290122734
     },
     "tier_mean": {
      "bot": 0.008292430297442532,
      "mid": 0.004150101562829333,
      "top": 0.008112658934364523
     },
     "detected": false
    },
    {
     "freq_m": 2500,
     "delta_bp": 50,
     "seed": 9,
     "n_treated": 2500,
     "ev_mean": 0.008009682065025135,
     "net60": 0.002009682065025135,
     "pos_halves": 3,
     "half_means": {
      "2025-H1": 0.005548847306316988,
      "2025-H2": 0.01693574817778084,
      "2026-H1": -0.0054363846840795186,
      "2026-H2": 0.024511463442782516
     },
     "n_tickers": 487,
     "g1": false,
     "g2": true,
     "g3": false,
     "g4": true,
     "g5": true,
     "fm_beta": NaN,
     "fm_t": NaN,
     "day_weighted_mean": 0.007536107852058542,
     "oos_means": {
      "2021H2-2022": 0.0030513405105220453,
      "2023-2024": 0.00431816916703891
     },
     "tier_mean": {
      "bot": 0.012141478455230066,
      "mid": 0.007675756001822232,
      "top": 0.0042104545551057805
     },
     "detected": false
    },
    {
     "freq_m": 2500,
     "delta_bp": 50,
     "seed": 10,
     "n_treated": 2500,
     "ev_mean": 0.007613967620656652,
     "net60": 0.001613967620656652,
     "pos_halves": 3,
     "half_means": {
      "2025-H1": 0.0032961955986509895,
      "2025-H2": 0.0196967492606903,
      "2026-H1": -0.0034906145858361356,
      "2026-H2": 0.012721785322472135
     },
     "n_tickers": 481,
     "g1": false,
     "g2": true,
     "g3": false,
     "g4": true,
     "g5": true,
     "fm_beta": NaN,
     "fm_t": NaN,
     "day_weighted_mean": 0.006637162179339017,
     "oos_means": {
      "2021H2-2022": 0.0011343178013108008,
      "2023-2024": 0.004052259632304954
     },
     "tier_mean": {
      "bot": 0.010334463252779168,
      "mid": 0.005045169951959398,
      "top": 0.007431400377980443
     },
     "detected": false
    },
    {
     "freq_m": 2500,
     "delta_bp": 50,
     "seed": 11,
     "n_treated": 2500,
     "ev_mean": 0.007243211907803636,
     "net60": 0.0012432119078036362,
     "pos_halves": 3,
     "half_means": {
      "2025-H1": 0.01878865977554364,
      "2025-H2": 0.014945688768374822,
      "2026-H1": -0.007627786174625073,
      "2026-H2": 0.017241778731309117
     },
     "n_tickers": 491,
     "g1": false,
     "g2": true,
     "g3": false,
     "g4": true,
     "g5": true,
     "fm_beta": NaN,
     "fm_t": NaN,
     "day_weighted_mean": 0.01002846066452506,
     "oos_means": {
      "2021H2-2022": 0.0037939748381018543,
      "2023-2024": 0.003600682781238554
     },
     "tier_mean": {
      "bot": 0.006922112931944925,
      "mid": 0.004787900105829048,
      "top": 0.010197374752594668
     },
     "detected": false
    },
    {
     "freq_m": 2500,
     "delta_bp": 50,
     "seed": 12,
     "n_treated": 2500,
     "ev_mean": 0.00960951808726531,
     "net60": 0.0036095180872653104,
     "pos_halves": 3,
     "half_means": {
      "2025-H1": 0.01318223782869137,
      "2025-H2": 0.01803898577096842,
      "2026-H1": -0.004330113051841955,
      "2026-H2": 0.022506562010275236
     },
     "n_tickers": 492,
     "g1": true,
     "g2": true,
     "g3": true,
     "g4": true,
     "g5": true,
     "fm_beta": 0.008323488587324943,
     "fm_t": 4.599936162477162,
     "day_weighted_mean": 0.011636379167381994,
     "oos_means": {
      "2021H2-2022": 0.0007413328780670999,
      "2023-2024": 0.007213676705901611
     },
     "tier_mean": {
      "bot": 0.01385574958339692,
      "mid": 0.006229246584027471,
      "top": 0.00895045413822514
     },
     "detected": true
    },
    {
     "freq_m": 2500,
     "delta_bp": 50,
     "seed": 13,
     "n_treated": 2500,
     "ev_mean": 0.008136578512521385,
     "net60": 0.002136578512521385,
     "pos_halves": 3,
     "half_means": {
      "2025-H1": 0.0064857511090076194,
      "2025-H2": 0.018153197299547195,
      "2026-H1": -0.004249676770872373,
      "2026-H2": 0.02035687546419171
     },
     "n_tickers": 497,
     "g1": false,
     "g2": true,
     "g3": false,
     "g4": true,
     "g5": true,
     "fm_beta": NaN,
     "fm_t": NaN,
     "day_weighted_mean": 0.00881089311210044,
     "oos_means": {
      "2021H2-2022": 0.0011462484204699946,
      "2023-2024": 6.404065833764613e-05
     },
     "tier_mean": {
      "bot": 0.01020895516974818,
      "mid": 0.007492075764325217,
      "top": 0.006731528176957818
     },
     "detected": false
    },
    {
     "freq_m": 2500,
     "delta_bp": 50,
     "seed": 14,
     "n_treated": 2500,
     "ev_mean": 0.004906449960863866,
     "net60": -0.001093550039136134,
     "pos_halves": 3,
     "half_means": {
      "2025-H1": 0.009271115955172637,
      "2025-H2": 0.017925876645078748,
      "2026-H1": -0.010182447938422972,
      "2026-H2": 0.005618197457792694
     },
     "n_tickers": 493,
     "g1": false,
     "g2": true,
     "g3": false,
     "g4": true,
     "g5": true,
     "fm_beta": NaN,
     "fm_t": NaN,
     "day_weighted_mean": 0.006628461923663,
     "oos_means": {
      "2021H2-2022": 0.0029522653886653273,
      "2023-2024": 0.0034000983949501254
     },
     "tier_mean": {
      "bot": 0.003866834676871457,
      "mid": 0.003791259580056338,
      "top": 0.006981229736056504
     },
     "detected": false
    },
    {
     "freq_m": 2500,
     "delta_bp": 50,
     "seed": 15,
     "n_treated": 2500,
     "ev_mean": 0.003555463903321662,
     "net60": -0.0024445360966783383,
     "pos_halves": 3,
     "half_means": {
      "2025-H1": 0.0027729167335842956,
      "2025-H2": 0.014791558527372808,
      "2026-H1": -0.01430627966920662,
      "2026-H2": 0.023360369765998267
     },
     "n_tickers": 486,
     "g1": false,
     "g2": true,
     "g3": false,
     "g4": true,
     "g5": true,
     "fm_beta": NaN,
     "fm_t": NaN,
     "day_weighted_mean": 0.0065382353522390035,
     "oos_means": {
      "2021H2-2022": 0.0049806338971111015,
      "2023-2024": 0.0038733915744278147
     },
     "tier_mean": {
      "bot": 0.005765929660111688,
      "mid": 0.002737245712850805,
      "top": 0.0023143023031275234
     },
     "detected": false
    },
    {
     "freq_m": 2500,
     "delta_bp": 50,
     "seed": 16,
     "n_treated": 2500,
     "ev_mean": 0.0060588424150080375,
     "net60": 5.8842415008037406e-05,
     "pos_halves": 3,
     "half_means": {
      "2025-H1": 0.004999367110470898,
      "2025-H2": 0.015588777349093048,
      "2026-H1": -0.006709501103768344,
      "2026-H2": 0.02163886038339278
     },
     "n_tickers": 492,
     "g1": false,
     "g2": true,
     "g3": false,
     "g4": true,
     "g5": true,
     "fm_beta": NaN,
     "fm_t": NaN,
     "day_weighted_mean": 0.006945015421546038,
     "oos_means": {
      "2021H2-2022": 0.005386863275704877,
      "2023-2024": 0.003340348657066715
     },
     "tier_mean": {
      "bot": 0.0073529077157443185,
      "mid": 0.0067159813284289145,
      "top": 0.004081303715995727
     },
     "detected": false
    },
    {
     "freq_m": 2500,
     "delta_bp": 50,
     "seed": 17,
     "n_treated": 2500,
     "ev_mean": 0.006207882828052864,
     "net60": 0.00020788282805286364,
     "pos_halves": 3,
     "half_means": {
      "2025-H1": 0.011963373586013343,
      "2025-H2": 0.015044862284155913,
      "2026-H1": -0.008095844983984109,
      "2026-H2": 0.013436393968339245
     },
     "n_tickers": 500,
     "g1": false,
     "g2": true,
     "g3": false,
     "g4": true,
     "g5": true,
     "fm_beta": NaN,
     "fm_t": NaN,
     "day_weighted_mean": 0.005306312561361931,
     "oos_means": {
      "2021H2-2022": 0.0032686608109436105,
      "2023-2024": 0.005742304573305556
     },
     "tier_mean": {
      "bot": 0.00709388087594239,
      "mid": 0.004637323563318132,
      "top": 0.006859503619958349
     },
     "detected": false
    },
    {
     "freq_m": 2500,
     "delta_bp": 50,
     "seed": 18,
     "n_treated": 2500,
     "ev_mean": 0.004594945055748919,
     "net60": -0.0014050549442510812,
     "pos_halves": 3,
     "half_means": {
      "2025-H1": 0.004129771784649505,
      "2025-H2": 0.018032528381375007,
      "2026-H1": -0.013607017232406858,
      "2026-H2": 0.020291841821716287
     },
     "n_tickers": 484,
     "g1": false,
     "g2": true,
     "g3": false,
     "g4": true,
     "g5": true,
     "fm_beta": NaN,
     "fm_t": NaN,
     "day_weighted_mean": 0.005473711515118643,
     "oos_means": {
      "2021H2-2022": 0.0009217104738498206,
      "2023-2024": 0.004528285595963799
     },
     "tier_mean": {
      "bot": 0.009058723859059,
      "mid": -0.0009070680453390723,
      "top": 0.0056964387391629885
     },
     "detected": false
    },
    {
     "freq_m": 2500,
     "delta_bp": 50,
     "seed": 19,
     "n_treated": 2500,
     "ev_mean": 0.0048413484282693875,
     "net60": -0.0011586515717306126,
     "pos_halves": 3,
     "half_means": {
      "2025-H1": 0.011002238183699537,
      "2025-H2": 0.011130086116419002,
      "2026-H1": -0.010074760019940803,
      "2026-H2": 0.02217369700380457
     },
     "n_tickers": 490,
     "g1": false,
     "g2": true,
     "g3": false,
     "g4": true,
     "g5": true,
     "fm_beta": NaN,
     "fm_t": NaN,
     "day_weighted_mean": 0.004888839394691301,
     "oos_means": {
      "2021H2-2022": 0.0028743557886753745,
      "2023-2024": 0.006253125305423638
     },
     "tier_mean": {
      "bot": 0.0078848809634373,
      "mid": 0.0035329787980455767,
      "top": 0.0030436383634104636
     },
     "detected": false
    }
   ]
  },
  "m2500_d80bp": {
   "detection_rate": 0.9,
   "false_negative_rate": 0.09999999999999998,
   "gate_kill_first": {
    "G1": 2,
    "G2": 0,
    "G3": 0,
    "G4": 0,
    "G5": 0
   },
   "runs": [
    {
     "freq_m": 2500,
     "delta_bp": 80,
     "seed": 0,
     "n_treated": 2500,
     "ev_mean": 0.010810797333412895,
     "net60": 0.004810797333412895,
     "pos_halves": 3,
     "half_means": {
      "2025-H1": 0.011918285710044321,
      "2025-H2": 0.02197524828126336,
      "2026-H1": -0.004078588607968554,
      "2026-H2": 0.020070286347496805
     },
     "n_tickers": 496,
     "g1": true,
     "g2": true,
     "g3": true,
     "g4": true,
     "g5": true,
     "fm_beta": 0.00819053956226753,
     "fm_t": 4.181230172548821,
     "day_weighted_mean": 0.01158343913294728,
     "oos_means": {
      "2021H2-2022": 0.005829814606266532,
      "2023-2024": 0.007172585405333976
     },
     "tier_mean": {
      "bot": 0.008654007641002043,
      "mid": 0.012461217465655419,
      "top": 0.011241224760517964
     },
     "detected": true
    },
    {
     "freq_m": 2500,
     "delta_bp": 80,
     "seed": 1,
     "n_treated": 2500,
     "ev_mean": 0.01019263053343002,
     "net60": 0.00419263053343002,
     "pos_halves": 3,
     "half_means": {
      "2025-H1": 0.006784533054749403,
      "2025-H2": 0.023197873865400717,
      "2026-H1": -0.005311450860097859,
      "2026-H2": 0.026097039094438376
     },
     "n_tickers": 486,
     "g1": true,
     "g2": true,
     "g3": true,
     "g4": true,
     "g5": true,
     "fm_beta": 0.0062865657182341675,
     "fm_t": 3.5095257529645356,
     "day_weighted_mean": 0.008946530418050892,
     "oos_means": {
      "2021H2-2022": 0.0037677165929695406,
      "2023-2024": 0.0072371412346114794
     },
     "tier_mean": {
      "bot": 0.014304362171528844,
      "mid": 0.005060649337103312,
      "top": 0.011420036836264684
     },
     "detected": true
    },
    {
     "freq_m": 2500,
     "delta_bp": 80,
     "seed": 2,
     "n_treated": 2500,
     "ev_mean": 0.00941347875410907,
     "net60": 0.0034134787541090696,
     "pos_halves": 3,
     "half_means": {
      "2025-H1": 0.009415699366764048,
      "2025-H2": 0.01852612810110766,
      "2026-H1": -0.004081214695187434,
      "2026-H2": 0.02195698163175944
     },
     "n_tickers": 496,
     "g1": true,
     "g2": true,
     "g3": true,
     "g4": true,
     "g5": true,
     "fm_beta": 0.009196213218197982,
     "fm_t": 4.204973739251791,
     "day_weighted_mean": 0.011538282100357344,
     "oos_means": {
      "2021H2-2022": 0.005984827532584776,
      "2023-2024": 0.0078074153108390705
     },
     "tier_mean": {
      "bot": 0.01235372357251559,
      "mid": 0.007088208251823017,
      "top": 0.008852149291844767
     },
     "detected": true
    },
    {
     "freq_m": 2500,
     "delta_bp": 80,
     "seed": 3,
     "n_treated": 2500,
     "ev_mean": 0.013587351324620345,
     "net60": 0.007587351324620345,
     "pos_halves": 4,
     "half_means": {
      "2025-H1": 0.010410963835285766,
      "2025-H2": 0.023170983008713748,
      "2026-H1": 0.0005221238217626357,
      "2026-H2": 0.02964144197276122
     },
     "n_tickers": 482,
     "g1": true,
     "g2": true,
     "g3": true,
     "g4": true,
     "g5": true,
     "fm_beta": 0.010556980017326304,
     "fm_t": 5.2332217965631305,
     "day_weighted_mean": 0.01412684128734175,
     "oos_means": {
      "2021H2-2022": 0.005112661372648415,
      "2023-2024": 0.006346905939276807
     },
     "tier_mean": {
      "bot": 0.01609307357139654,
      "mid": 0.015543037989483388,
      "top": 0.009131724584342896
     },
     "detected": true
    },
    {
     "freq_m": 2500,
     "delta_bp": 80,
     "seed": 4,
     "n_treated": 2500,
     "ev_mean": 0.011120244158855465,
     "net60": 0.005120244158855465,
     "pos_halves": 3,
     "half_means": {
      "2025-H1": 0.01660911566239589,
      "2025-H2": 0.02372649451161935,
      "2026-H1": -0.004705320312015335,
      "2026-H2": 0.013333516868604223
     },
     "n_tickers": 496,
     "g1": true,
     "g2": true,
     "g3": true,
     "g4": true,
     "g5": true,
     "fm_beta": 0.009406517456006031,
     "fm_t": 4.598268721584105,
     "day_weighted_mean": 0.012190833056146804,
     "oos_means": {
      "2021H2-2022": 0.010440169233430057,
      "2023-2024": 0.010248174384556724
     },
     "tier_mean": {
      "bot": 0.015581467901206408,
      "mid": 0.0073300322992732765,
      "top": 0.010203393856394453
     },
     "detected": true
    },
    {
     "freq_m": 2500,
     "delta_bp": 80,
     "seed": 5,
     "n_treated": 2500,
     "ev_mean": 0.014466387093925948,
     "net60": 0.008466387093925947,
     "pos_halves": 3,
     "half_means": {
      "2025-H1": 0.02533962811238264,
      "2025-H2": 0.02705872434056165,
      "2026-H1": -0.005480787962161653,
      "2026-H2": 0.024404488487864563
     },
     "n_tickers": 486,
     "g1": true,
     "g2": true,
     "g3": true,
     "g4": true,
     "g5": true,
     "fm_beta": 0.012777807527538237,
     "fm_t": 5.689163813893771,
     "day_weighted_mean": 0.015665032882185726,
     "oos_means": {
      "2021H2-2022": 0.002789603299868198,
      "2023-2024": 0.007025391792936637
     },
     "tier_mean": {
      "bot": 0.022087567673839324,
      "mid": 0.007336933626715137,
      "top": 0.013829522983704705
     },
     "detected": true
    },
    {
     "freq_m": 2500,
     "delta_bp": 80,
     "seed": 6,
     "n_treated": 2500,
     "ev_mean": 0.011365581217967692,
     "net60": 0.005365581217967692,
     "pos_halves": 3,
     "half_means": {
      "2025-H1": 0.012127815378664019,
      "2025-H2": 0.02265323470093278,
      "2026-H1": -0.005528500072081202,
      "2026-H2": 0.029211707591278755
     },
     "n_tickers": 490,
     "g1": true,
     "g2": true,
     "g3": true,
     "g4": true,
     "g5": true,
     "fm_beta": 0.007735529207947169,
     "fm_t": 4.034644666585377,
     "day_weighted_mean": 0.011549148145366816,
     "oos_means": {
      "2021H2-2022": 0.007947443712148889,
      "2023-2024": 0.008160678114826792
     },
     "tier_mean": {
      "bot": 0.015930768582139536,
      "mid": 0.0129255625210228,
      "top": 0.005240911239801341
     },
     "detected": true
    },
    {
     "freq_m": 2500,
     "delta_bp": 80,
     "seed": 7,
     "n_treated": 2500,
     "ev_mean": 0.01295680589403055,
     "net60": 0.006956805894030549,
     "pos_halves": 3,
     "half_means": {
      "2025-H1": 0.010761952306420445,
      "2025-H2": 0.0219552720836357,
      "2026-H1": -0.0013692559064605331,
      "2026-H2": 0.029975316285003897
     },
     "n_tickers": 493,
     "g1": true,
     "g2": true,
     "g3": true,
     "g4": true,
     "g5": true,
     "fm_beta": 0.008779893367633084,
     "fm_t": 4.439157432669647,
     "day_weighted_mean": 0.01244322032682933,
     "oos_means": {
      "2021H2-2022": 0.004579269316398754,
      "2023-2024": 0.01015461968447199
     },
     "tier_mean": {
      "bot": 0.015239669494846952,
      "mid": 0.012562992305985449,
      "top": 0.011135707903533116
     },
     "detected": true
    },
    {
     "freq_m": 2500,
     "delta_bp": 80,
     "seed": 8,
     "n_treated": 2500,
     "ev_mean": 0.014032630105517557,
     "net60": 0.008032630105517557,
     "pos_halves": 4,
     "half_means": {
      "2025-H1": 0.014948836758181597,
      "2025-H2": 0.019667391848877152,
      "2026-H1": 0.005262617148181904,
      "2026-H2": 0.02433134613111504
     },
     "n_tickers": 493,
     "g1": true,
     "g2": true,
     "g3": true,
     "g4": true,
     "g5": true,
     "fm_beta": 0.01117994887078713,
     "fm_t": 6.049838555753156,
     "day_weighted_mean": 0.014251370255574247,
     "oos_means": {
      "2021H2-2022": 0.007862833157311063,
      "2023-2024": 0.006250085653092167
     },
     "tier_mean": {
      "bot": 0.015840673237557192,
      "mid": 0.012470768990835341,
      "top": 0.013855493140197933
     },
     "detected": true
    },
    {
     "freq_m": 2500,
     "delta_bp": 80,
     "seed": 9,
     "n_treated": 2500,
     "ev_mean": 0.009030539132441057,
     "net60": 0.003030539132441057,
     "pos_halves": 3,
     "half_means": {
      "2025-H1": 0.014821687987576859,
      "2025-H2": 0.020755005007965212,
      "2026-H1": -0.008281664595517274,
      "2026-H2": 0.018554628650501535
     },
     "n_tickers": 475,
     "g1": true,
     "g2": true,
     "g3": true,
     "g4": true,
     "g5": true,
     "fm_beta": 0.006291424346301437,
     "fm_t": 3.4425167052421513,
     "day_weighted_mean": 0.009994362841688084,
     "oos_means": {
      "2021H2-2022": 0.005698958608901426,
      "2023-2024": 0.0041875994972077925
     },
     "tier_mean": {
      "bot": 0.010353094240678385,
      "mid": 0.007062099731041725,
      "top": 0.009689989994965882
     },
     "detected": true
    },
    {
     "freq_m": 2500,
     "delta_bp": 80,
     "seed": 10,
     "n_treated": 2500,
     "ev_mean": 0.008463416124788504,
     "net60": 0.0024634161247885037,
     "pos_halves": 3,
     "half_means": {
      "2025-H1": 0.0029337277193196795,
      "2025-H2": 0.018959128654162893,
      "2026-H1": -0.003782826298062247,
      "2026-H2": 0.021056255272597486
     },
     "n_tickers": 487,
     "g1": false,
     "g2": true,
     "g3": false,
     "g4": true,
     "g5": true,
     "fm_beta": NaN,
     "fm_t": NaN,
     "day_weighted_mean": 0.009515844766113777,
     "oos_means": {
      "2021H2-2022": 0.009847352817850263,
      "2023-2024": 0.006978898871621152
     },
     "tier_mean": {
      "bot": 0.00733024070058228,
      "mid": 0.01174720610111001,
      "top": 0.006373110582835399
     },
     "detected": false
    },
    {
     "freq_m": 2500,
     "delta_bp": 80,
     "seed": 11,
     "n_treated": 2500,
     "ev_mean": 0.0088426111240549,
     "net60": 0.0028426111240549,
     "pos_halves": 3,
     "half_means": {
      "2025-H1": 0.010232886708488684,
      "2025-H2": 0.020173697872026553,
      "2026-H1": -0.004866856835534563,
      "2026-H2": 0.017460760656054407
     },
     "n_tickers": 495,
     "g1": false,
     "g2": true,
     "g3": false,
     "g4": true,
     "g5": true,
     "fm_beta": NaN,
     "fm_t": NaN,
     "day_weighted_mean": 0.008474693723467685,
     "oos_means": {
      "2021H2-2022": 0.007395896953079043,
      "2023-2024": 0.009331999141135245
     },
     "tier_mean": {
      "bot": 0.01482995032170484,
      "mid": 0.004959430041732461,
      "top": 0.006932694436032246
     },
     "detected": false
    },
    {
     "freq_m": 2500,
     "delta_bp": 80,
     "seed": 12,
     "n_treated": 2500,
     "ev_mean": 0.009323411388434687,
     "net60": 0.0033234113884346873,
     "pos_halves": 4,
     "half_means": {
      "2025-H1": 0.005253445015698404,
      "2025-H2": 0.018319075464456557,
      "2026-H1": 0.0020999776289365364,
      "2026-H2": 0.011088745749543083
     },
     "n_tickers": 484,
     "g1": true,
     "g2": true,
     "g3": true,
     "g4": true,
     "g5": true,
     "fm_beta": 0.006576084774257251,
     "fm_t": 3.552446599019205,
     "day_weighted_mean": 0.009469061161996629,
     "oos_means": {
      "2021H2-2022": 0.0033386433918554644,
      "2023-2024": 0.008841938994093265
     },
     "tier_mean": {
      "bot": 0.015572600025523001,
      "mid": 0.0027134332872075814,
      "top": 0.010003914780681586
     },
     "detected": true
    },
    {
     "freq_m": 2500,
     "delta_bp": 80,
     "seed": 13,
     "n_treated": 2500,
     "ev_mean": 0.009540563728942578,
     "net60": 0.0035405637289425782,
     "pos_halves": 3,
     "half_means": {
      "2025-H1": 0.012179389910283429,
      "2025-H2": 0.01767092852896344,
      "2026-H1": -0.0050668545995729555,
      "2026-H2": 0.024805430192167043
     },
     "n_tickers": 489,
     "g1": true,
     "g2": true,
     "g3": true,
     "g4": true,
     "g5": true,
     "fm_beta": 0.006910616813525071,
     "fm_t": 3.396271179492499,
     "day_weighted_mean": 0.009932755217239124,
     "oos_means": {
      "2021H2-2022": 0.006506210450303024,
      "2023-2024": 0.010512361974545597
     },
     "tier_mean": {
      "bot": 0.009494428767094224,
      "mid": 0.006182127561418554,
      "top": 0.012867523107007775
     },
     "detected": true
    },
    {
     "freq_m": 2500,
     "delta_bp": 80,
     "seed": 14,
     "n_treated": 2500,
     "ev_mean": 0.009475878106699942,
     "net60": 0.0034758781066999422,
     "pos_halves": 3,
     "half_means": {
      "2025-H1": 0.005661812974559142,
      "2025-H2": 0.019909726858864975,
      "2026-H1": -0.003345917300757355,
      "2026-H2": 0.021891158894960287
     },
     "n_tickers": 486,
     "g1": true,
     "g2": true,
     "g3": true,
     "g4": true,
     "g5": true,
     "fm_beta": 0.005479659727849252,
     "fm_t": 2.8128315261161227,
     "day_weighted_mean": 0.009089501643479476,
     "oos_means": {
      "2021H2-2022": 0.006842875409333093,
      "2023-2024": 0.008694990885653715
     },
     "tier_mean": {
      "bot": 0.00865019300948169,
      "mid": 0.004552109720899785,
      "top": 0.01507683046757689
     },
     "detected": true
    },
    {
     "freq_m": 2500,
     "delta_bp": 80,
     "seed": 15,
     "n_treated": 2500,
     "ev_mean": 0.010062518743681317,
     "net60": 0.004062518743681317,
     "pos_halves": 3,
     "half_means": {
      "2025-H1": 0.013142502915736678,
      "2025-H2": 0.01689943093817023,
      "2026-H1": -0.0049688555750577726,
      "2026-H2": 0.028019405816379742
     },
     "n_tickers": 499,
     "g1": true,
     "g2": true,
     "g3": true,
     "g4": true,
     "g5": true,
     "fm_beta": 0.008540784192729424,
     "fm_t": 4.328456052206555,
     "day_weighted_mean": 0.01165152891661085,
     "oos_means": {
      "2021H2-2022": 0.0072362469222027,
      "2023-2024": 0.006633547668914776
     },
     "tier_mean": {
      "bot": 0.017416898764418563,
      "mid": 0.004011000369787684,
      "top": 0.009201991024285781
     },
     "detected": true
    },
    {
     "freq_m": 2500,
     "delta_bp": 80,
     "seed": 16,
     "n_treated": 2500,
     "ev_mean": 0.013117349226825033,
     "net60": 0.007117349226825033,
     "pos_halves": 3,
     "half_means": {
      "2025-H1": 0.010759304023764387,
      "2025-H2": 0.02711792726766905,
      "2026-H1": -0.003539953306495039,
      "2026-H2": 0.024515154105332566
     },
     "n_tickers": 487,
     "g1": true,
     "g2": true,
     "g3": true,
     "g4": true,
     "g5": true,
     "fm_beta": 0.010171674437461793,
     "fm_t": 5.277889737579769,
     "day_weighted_mean": 0.012072080003208216,
     "oos_means": {
      "2021H2-2022": 0.006127174295893054,
      "2023-2024": 0.00786771385790415
     },
     "tier_mean": {
      "bot": 0.012778733607779954,
      "mid": 0.016324539915879788,
      "top": 0.010253375474128922
     },
     "detected": true
    },
    {
     "freq_m": 2500,
     "delta_bp": 80,
     "seed": 17,
     "n_treated": 2500,
     "ev_mean": 0.011954571076062745,
     "net60": 0.005954571076062745,
     "pos_halves": 3,
     "half_means": {
      "2025-H1": 0.010649859757922452,
      "2025-H2": 0.02305127554649977,
      "2026-H1": -0.005274300949983558,
      "2026-H2": 0.02982633435031803
     },
     "n_tickers": 487,
     "g1": true,
     "g2": true,
     "g3": true,
     "g4": true,
     "g5": true,
     "fm_beta": 0.008978343636373096,
     "fm_t": 3.9888896905301774,
     "day_weighted_mean": 0.012086514479936677,
     "oos_means": {
      "2021H2-2022": 0.005596664054250136,
      "2023-2024": 0.008984898755630088
     },
     "tier_mean": {
      "bot": 0.011901773578442663,
      "mid": 0.011403696214855314,
      "top": 0.012559262856401533
     },
     "detected": true
    },
    {
     "freq_m": 2500,
     "delta_bp": 80,
     "seed": 18,
     "n_treated": 2500,
     "ev_mean": 0.009482128892055266,
     "net60": 0.0034821288920552657,
     "pos_halves": 3,
     "half_means": {
      "2025-H1": 0.011293736451688463,
      "2025-H2": 0.023584670118595275,
      "2026-H1": -0.010708722311361192,
      "2026-H2": 0.027336362998540118
     },
     "n_tickers": 495,
     "g1": true,
     "g2": true,
     "g3": true,
     "g4": true,
     "g5": true,
     "fm_beta": 0.008383715451250764,
     "fm_t": 4.297313707079053,
     "day_weighted_mean": 0.01013502725236168,
     "oos_means": {
      "2021H2-2022": 0.007581053595812205,
      "2023-2024": 0.004361258279101549
     },
     "tier_mean": {
      "bot": 0.01122592171308345,
      "mid": 0.0077448844402593755,
      "top": 0.00950903629378947
     },
     "detected": true
    },
    {
     "freq_m": 2500,
     "delta_bp": 80,
     "seed": 19,
     "n_treated": 2500,
     "ev_mean": 0.010157627751690206,
     "net60": 0.004157627751690205,
     "pos_halves": 3,
     "half_means": {
      "2025-H1": 0.007721399884209173,
      "2025-H2": 0.01998667024716593,
      "2026-H1": -0.003806858664684701,
      "2026-H2": 0.02942031715198262
     },
     "n_tickers": 499,
     "g1": true,
     "g2": true,
     "g3": true,
     "g4": true,
     "g5": true,
     "fm_beta": 0.007720860494144021,
     "fm_t": 4.0591164991779625,
     "day_weighted_mean": 0.010517778947481267,
     "oos_means": {
      "2021H2-2022": 0.005680024415640767,
      "2023-2024": 0.00470168211094652
     },
     "tier_mean": {
      "bot": 0.01522599656023997,
      "mid": 0.006243085217630134,
      "top": 0.008440130102553877
     },
     "detected": true
    }
   ]
  },
  "m2500_d150bp": {
   "detection_rate": 1.0,
   "false_negative_rate": 0.0,
   "gate_kill_first": {
    "G1": 0,
    "G2": 0,
    "G3": 0,
    "G4": 0,
    "G5": 0
   },
   "runs": [
    {
     "freq_m": 2500,
     "delta_bp": 150,
     "seed": 0,
     "n_treated": 2500,
     "ev_mean": 0.016286307857020434,
     "net60": 0.010286307857020434,
     "pos_halves": 4,
     "half_means": {
      "2025-H1": 0.01647863926405224,
      "2025-H2": 0.02901881504895341,
      "2026-H1": 0.0016756164625269779,
      "2026-H2": 0.02328966956326681
     },
     "n_tickers": 486,
     "g1": true,
     "g2": true,
     "g3": true,
     "g4": true,
     "g5": true,
     "fm_beta": 0.01661996396608941,
     "fm_t": 8.644879929252841,
     "day_weighted_mean": 0.019198373039727733,
     "oos_means": {
      "2021H2-2022": 0.011383264900004419,
      "2023-2024": 0.01582011255332509
     },
     "tier_mean": {
      "bot": 0.01683381504005188,
      "mid": 0.01685316491065422,
      "top": 0.015123099306119712
     },
     "detected": true
    },
    {
     "freq_m": 2500,
     "delta_bp": 150,
     "seed": 1,
     "n_treated": 2500,
     "ev_mean": 0.016456087974418766,
     "net60": 0.010456087974418765,
     "pos_halves": 3,
     "half_means": {
      "2025-H1": 0.017922314838360678,
      "2025-H2": 0.028807414737975635,
      "2026-H1": -0.0024100878294377975,
      "2026-H2": 0.0356201433883938
     },
     "n_tickers": 491,
     "g1": true,
     "g2": true,
     "g3": true,
     "g4": true,
     "g5": true,
     "fm_beta": 0.013320188851555592,
     "fm_t": 6.733101447190326,
     "day_weighted_mean": 0.017203741397006533,
     "oos_means": {
      "2021H2-2022": 0.016530310347538442,
      "2023-2024": 0.009385370397510943
     },
     "tier_mean": {
      "bot": 0.022079485559939768,
      "mid": 0.0136977739461648,
      "top": 0.013554239713437295
     },
     "detected": true
    },
    {
     "freq_m": 2500,
     "delta_bp": 150,
     "seed": 2,
     "n_treated": 2500,
     "ev_mean": 0.01831086816922443,
     "net60": 0.01231086816922443,
     "pos_halves": 4,
     "half_means": {
      "2025-H1": 0.023613749934974764,
      "2025-H2": 0.028837639034078946,
      "2026-H1": 0.002116058324227671,
      "2026-H2": 0.02684392015938902
     },
     "n_tickers": 482,
     "g1": true,
     "g2": true,
     "g3": true,
     "g4": true,
     "g5": true,
     "fm_beta": 0.015662475061587987,
     "fm_t": 8.328505586264024,
     "day_weighted_mean": 0.020749715464284998,
     "oos_means": {
      "2021H2-2022": 0.012260848640404215,
      "2023-2024": 0.014273819614017634
     },
     "tier_mean": {
      "bot": 0.025623103478601025,
      "mid": 0.017211738535130118,
      "top": 0.012750570873948236
     },
     "detected": true
    },
    {
     "freq_m": 2500,
     "delta_bp": 150,
     "seed": 3,
     "n_treated": 2500,
     "ev_mean": 0.01197577179115192,
     "net60": 0.0059757717911519195,
     "pos_halves": 3,
     "half_means": {
      "2025-H1": 0.01360790495967034,
      "2025-H2": 0.019497423043058255,
      "2026-H1": -0.00017401915998788313,
      "2026-H2": 0.025083132388695816
     },
     "n_tickers": 493,
     "g1": true,
     "g2": true,
     "g3": true,
     "g4": true,
     "g5": true,
     "fm_beta": 0.009515915821040787,
     "fm_t": 5.9370328193797,
     "day_weighted_mean": 0.01474953371080312,
     "oos_means": {
      "2021H2-2022": 0.014371882764509576,
      "2023-2024": 0.012261827379327834
     },
     "tier_mean": {
      "bot": 0.011066142842814486,
      "mid": 0.011125078098055874,
      "top": 0.013729081770550827
     },
     "detected": true
    },
    {
     "freq_m": 2500,
     "delta_bp": 150,
     "seed": 4,
     "n_treated": 2500,
     "ev_mean": 0.018016887699713824,
     "net60": 0.012016887699713824,
     "pos_halves": 4,
     "half_means": {
      "2025-H1": 0.022815231763622674,
      "2025-H2": 0.02858999401419072,
      "2026-H1": 0.0008253192410072732,
      "2026-H2": 0.03144727651477682
     },
     "n_tickers": 485,
     "g1": true,
     "g2": true,
     "g3": true,
     "g4": true,
     "g5": true,
     "fm_beta": 0.015822816058696745,
     "fm_t": 7.370953105985813,
     "day_weighted_mean": 0.01909574943196171,
     "oos_means": {
      "2021H2-2022": 0.014660957144840581,
      "2023-2024": 0.012660510172950177
     },
     "tier_mean": {
      "bot": 0.02439432669787851,
      "mid": 0.01894239399780563,
      "top": 0.01074578069840948
     },
     "detected": true
    },
    {
     "freq_m": 2500,
     "delta_bp": 150,
     "seed": 5,
     "n_treated": 2500,
     "ev_mean": 0.016685315390051525,
     "net60": 0.010685315390051525,
     "pos_halves": 4,
     "half_means": {
      "2025-H1": 0.013808533668977479,
      "2025-H2": 0.027170849122273667,
      "2026-H1": 0.004120595994536714,
      "2026-H2": 0.03005002733155578
     },
     "n_tickers": 485,
     "g1": true,
     "g2": true,
     "g3": true,
     "g4": true,
     "g5": true,
     "fm_beta": 0.015782017365473053,
     "fm_t": 7.360719946754599,
     "day_weighted_mean": 0.019611062211449867,
     "oos_means": {
      "2021H2-2022": 0.01307837897784544,
      "2023-2024": 0.015428803385422548
     },
     "tier_mean": {
      "bot": 0.01743896236981281,
      "mid": 0.016868527014764465,
      "top": 0.015790480018597536
     },
     "detected": true
    },
    {
     "freq_m": 2500,
     "delta_bp": 150,
     "seed": 6,
     "n_treated": 2500,
     "ev_mean": 0.01825012281972479,
     "net60": 0.012250122819724788,
     "pos_halves": 4,
     "half_means": {
      "2025-H1": 0.025311608790153,
      "2025-H2": 0.02844871329820232,
      "2026-H1": 0.0006927581062934049,
      "2026-H2": 0.029706073518360205
     },
     "n_tickers": 482,
     "g1": true,
     "g2": true,
     "g3": true,
     "g4": true,
     "g5": true,
     "fm_beta": 0.01475702087910403,
     "fm_t": 7.915545771971768,
     "day_weighted_mean": 0.018345567048059903,
     "oos_means": {
      "2021H2-2022": 0.012871338368379151,
      "2023-2024": 0.01409109497062393
     },
     "tier_mean": {
      "bot": 0.020541227883742783,
      "mid": 0.01609816859662855,
      "top": 0.018133998862187865
     },
     "detected": true
    },
    {
     "freq_m": 2500,
     "delta_bp": 150,
     "seed": 7,
     "n_treated": 2500,
     "ev_mean": 0.02243786615087532,
     "net60": 0.01643786615087532,
     "pos_halves": 4,
     "half_means": {
      "2025-H1": 0.026109342940800518,
      "2025-H2": 0.03341441170107108,
      "2026-H1": 0.009698289440693503,
      "2026-H2": 0.025095064361717632
     },
     "n_tickers": 495,
     "g1": true,
     "g2": true,
     "g3": true,
     "g4": true,
     "g5": true,
     "fm_beta": 0.019732020685328786,
     "fm_t": 10.465945869096975,
     "day_weighted_mean": 0.022942255908370377,
     "oos_means": {
      "2021H2-2022": 0.013341024877624685,
      "2023-2024": 0.017017765656726653
     },
     "tier_mean": {
      "bot": 0.02711820977900463,
      "mid": 0.019707134616086107,
      "top": 0.02060611207817225
     },
     "detected": true
    },
    {
     "freq_m": 2500,
     "delta_bp": 150,
     "seed": 8,
     "n_treated": 2500,
     "ev_mean": 0.017747388574188783,
     "net60": 0.011747388574188783,
     "pos_halves": 3,
     "half_means": {
      "2025-H1": 0.02303783532758119,
      "2025-H2": 0.03212571547823925,
      "2026-H1": -0.004862130487766695,
      "2026-H2": 0.03473869997397792
     },
     "n_tickers": 496,
     "g1": true,
     "g2": true,
     "g3": true,
     "g4": true,
     "g5": true,
     "fm_beta": 0.014661063295541354,
     "fm_t": 7.506478495534475,
     "day_weighted_mean": 0.018456804516303525,
     "oos_means": {
      "2021H2-2022": 0.016635188078680033,
      "2023-2024": 0.015005496810254582
     },
     "tier_mean": {
      "bot": 0.026647878657152447,
      "mid": 0.010184423603311678,
      "top": 0.016782464432917255
     },
     "detected": true
    },
    {
     "freq_m": 2500,
     "delta_bp": 150,
     "seed": 9,
     "n_treated": 2500,
     "ev_mean": 0.015305216480965023,
     "net60": 0.009305216480965023,
     "pos_halves": 4,
     "half_means": {
      "2025-H1": 0.016504490805949446,
      "2025-H2": 0.023887609538725006,
      "2026-H1": 0.002496404095974314,
      "2026-H2": 0.02574714516392756
     },
     "n_tickers": 496,
     "g1": true,
     "g2": true,
     "g3": true,
     "g4": true,
     "g5": true,
     "fm_beta": 0.01444541926783311,
     "fm_t": 7.3426798527368,
     "day_weighted_mean": 0.01721670105726074,
     "oos_means": {
      "2021H2-2022": 0.012370729980973442,
      "2023-2024": 0.013713225287001888
     },
     "tier_mean": {
      "bot": 0.022127202414459167,
      "mid": 0.009929763154892888,
      "top": 0.013521708719515087
     },
     "detected": true
    },
    {
     "freq_m": 2500,
     "delta_bp": 150,
     "seed": 10,
     "n_treated": 2500,
     "ev_mean": 0.01568510454090994,
     "net60": 0.00968510454090994,
     "pos_halves": 4,
     "half_means": {
      "2025-H1": 0.01244560305877387,
      "2025-H2": 0.029879706089629622,
      "2026-H1": 0.00029824599972852575,
      "2026-H2": 0.02347214514767716
     },
     "n_tickers": 492,
     "g1": true,
     "g2": true,
     "g3": true,
     "g4": true,
     "g5": true,
     "fm_beta": 0.013693682873745141,
     "fm_t": 6.453756746620089,
     "day_weighted_mean": 0.01676797731190199,
     "oos_means": {
      "2021H2-2022": 0.01500402658728556,
      "2023-2024": 0.014545626412911137
     },
     "tier_mean": {
      "bot": 0.02031144982300318,
      "mid": 0.015485926076253417,
      "top": 0.011193175264146836
     },
     "detected": true
    },
    {
     "freq_m": 2500,
     "delta_bp": 150,
     "seed": 11,
     "n_treated": 2500,
     "ev_mean": 0.015670190958874397,
     "net60": 0.009670190958874397,
     "pos_halves": 4,
     "half_means": {
      "2025-H1": 0.018303715299558966,
      "2025-H2": 0.022948236959864875,
      "2026-H1": 0.004258783363543513,
      "2026-H2": 0.02461200406619886
     },
     "n_tickers": 496,
     "g1": true,
     "g2": true,
     "g3": true,
     "g4": true,
     "g5": true,
     "fm_beta": 0.012476376459738167,
     "fm_t": 6.951889302977295,
     "day_weighted_mean": 0.015660516737523746,
     "oos_means": {
      "2021H2-2022": 0.013473082759068592,
      "2023-2024": 0.01344255017820192
     },
     "tier_mean": {
      "bot": 0.017674641133698148,
      "mid": 0.016831824993919837,
      "top": 0.012787170002968532
     },
     "detected": true
    },
    {
     "freq_m": 2500,
     "delta_bp": 150,
     "seed": 12,
     "n_treated": 2500,
     "ev_mean": 0.016961506169273225,
     "net60": 0.010961506169273225,
     "pos_halves": 4,
     "half_means": {
      "2025-H1": 0.018681595157732152,
      "2025-H2": 0.02911622943511556,
      "2026-H1": 0.0018411916895658292,
      "2026-H2": 0.02413712778881373
     },
     "n_tickers": 486,
     "g1": true,
     "g2": true,
     "g3": true,
     "g4": true,
     "g5": true,
     "fm_beta": 0.015626692633203043,
     "fm_t": 7.919046203256627,
     "day_weighted_mean": 0.018633879924082622,
     "oos_means": {
      "2021H2-2022": 0.01447664476917327,
      "2023-2024": 0.011394195341701455
     },
     "tier_mean": {
      "bot": 0.020819866993217015,
      "mid": 0.01621352196113643,
      "top": 0.013829908189816543
     },
     "detected": true
    },
    {
     "freq_m": 2500,
     "delta_bp": 150,
     "seed": 13,
     "n_treated": 2500,
     "ev_mean": 0.020381427520142287,
     "net60": 0.014381427520142287,
     "pos_halves": 4,
     "half_means": {
      "2025-H1": 0.01920802362429591,
      "2025-H2": 0.03262700399512305,
      "2026-H1": 0.006117629123447499,
      "2026-H2": 0.032912426767734114
     },
     "n_tickers": 484,
     "g1": true,
     "g2": true,
     "g3": true,
     "g4": true,
     "g5": true,
     "fm_beta": 0.01712524227057512,
     "fm_t": 8.591707863977515,
     "day_weighted_mean": 0.019930337820513788,
     "oos_means": {
      "2021H2-2022": 0.012178791340354907,
      "2023-2024": 0.017152377073429585
     },
     "tier_mean": {
      "bot": 0.027774647128744893,
      "mid": 0.014230499892384589,
      "top": 0.018949201907086335
     },
     "detected": true
    },
    {
     "freq_m": 2500,
     "delta_bp": 150,
     "seed": 14,
     "n_treated": 2500,
     "ev_mean": 0.018912398282765468,
     "net60": 0.012912398282765468,
     "pos_halves": 4,
     "half_means": {
      "2025-H1": 0.020564857684071253,
      "2025-H2": 0.02748647593495873,
      "2026-H1": 0.00733511373547468,
      "2026-H2": 0.026920571890995813
     },
     "n_tickers": 483,
     "g1": true,
     "g2": true,
     "g3": true,
     "g4": true,
     "g5": true,
     "fm_beta": 0.015302422961019232,
     "fm_t": 7.474264114010276,
     "day_weighted_mean": 0.017821771747345234,
     "oos_means": {
      "2021H2-2022": 0.014661241956389142,
      "2023-2024": 0.016462663916256642
     },
     "tier_mean": {
      "bot": 0.021574870448145756,
      "mid": 0.020301200099551005,
      "top": 0.01525835255924529
     },
     "detected": true
    },
    {
     "freq_m": 2500,
     "delta_bp": 150,
     "seed": 15,
     "n_treated": 2500,
     "ev_mean": 0.014571638438038405,
     "net60": 0.008571638438038405,
     "pos_halves": 3,
     "half_means": {
      "2025-H1": 0.020325898419384744,
      "2025-H2": 0.026203059498400814,
      "2026-H1": -0.005494963613070512,
      "2026-H2": 0.030921843794455815
     },
     "n_tickers": 487,
     "g1": true,
     "g2": true,
     "g3": true,
     "g4": true,
     "g5": true,
     "fm_beta": 0.013471084533029597,
     "fm_t": 7.046780874152021,
     "day_weighted_mean": 0.016461335363317814,
     "oos_means": {
      "2021H2-2022": 0.013320776191903983,
      "2023-2024": 0.016017698676403076
     },
     "tier_mean": {
      "bot": 0.016944566069979638,
      "mid": 0.011494010495146856,
      "top": 0.015313324034164888
     },
     "detected": true
    },
    {
     "freq_m": 2500,
     "delta_bp": 150,
     "seed": 16,
     "n_treated": 2500,
     "ev_mean": 0.01563823924262968,
     "net60": 0.009638239242629678,
     "pos_halves": 4,
     "half_means": {
      "2025-H1": 0.01083561385601095,
      "2025-H2": 0.02537334135348684,
      "2026-H1": 0.006384922738659039,
      "2026-H2": 0.02465553660802348
     },
     "n_tickers": 495,
     "g1": true,
     "g2": true,
     "g3": true,
     "g4": true,
     "g5": true,
     "fm_beta": 0.014233711763128553,
     "fm_t": 7.423007437022098,
     "day_weighted_mean": 0.01787417170648596,
     "oos_means": {
      "2021H2-2022": 0.013916639506551599,
      "2023-2024": 0.016036789195613535
     },
     "tier_mean": {
      "bot": 0.017373628959678002,
      "mid": 0.013619098629673728,
      "top": 0.01594913697982105
     },
     "detected": true
    },
    {
     "freq_m": 2500,
     "delta_bp": 150,
     "seed": 17,
     "n_treated": 2500,
     "ev_mean": 0.013236503607821956,
     "net60": 0.007236503607821956,
     "pos_halves": 3,
     "half_means": {
      "2025-H1": 0.010894553683190937,
      "2025-H2": 0.02164887211282017,
      "2026-H1": -0.00016940383439057935,
      "2026-H2": 0.03259170080355319
     },
     "n_tickers": 485,
     "g1": true,
     "g2": true,
     "g3": true,
     "g4": true,
     "g5": true,
     "fm_beta": 0.010504970277206675,
     "fm_t": 5.1758194465812615,
     "day_weighted_mean": 0.013955310138912493,
     "oos_means": {
      "2021H2-2022": 0.015356529891028972,
      "2023-2024": 0.01219300181023595
     },
     "tier_mean": {
      "bot": 0.01310570197956323,
      "mid": 0.01415056963920348,
      "top": 0.012445803911543282
     },
     "detected": true
    },
    {
     "freq_m": 2500,
     "delta_bp": 150,
     "seed": 18,
     "n_treated": 2500,
     "ev_mean": 0.01630001078322415,
     "net60": 0.010300010783224149,
     "pos_halves": 4,
     "half_means": {
      "2025-H1": 0.017633760463634636,
      "2025-H2": 0.02413087123208234,
      "2026-H1": 0.0033345556065945505,
      "2026-H2": 0.03108806371889412
     },
     "n_tickers": 494,
     "g1": true,
     "g2": true,
     "g3": true,
     "g4": true,
     "g5": true,
     "fm_beta": 0.01276728841670468,
     "fm_t": 6.481019013288294,
     "day_weighted_mean": 0.015652713335266157,
     "oos_means": {
      "2021H2-2022": 0.010646197110424072,
      "2023-2024": 0.015240637436421676
     },
     "tier_mean": {
      "bot": 0.017431761623968027,
      "mid": 0.015270537513981084,
      "top": 0.01623341936629791
     },
     "detected": true
    },
    {
     "freq_m": 2500,
     "delta_bp": 150,
     "seed": 19,
     "n_treated": 2500,
     "ev_mean": 0.01847822424725842,
     "net60": 0.01247822424725842,
     "pos_halves": 4,
     "half_means": {
      "2025-H1": 0.021762364397886914,
      "2025-H2": 0.0298849962371414,
      "2026-H1": 0.0010572179565871624,
      "2026-H2": 0.029915260924814426
     },
     "n_tickers": 491,
     "g1": true,
     "g2": true,
     "g3": true,
     "g4": true,
     "g5": true,
     "fm_beta": 0.015265662449006451,
     "fm_t": 7.0847663835130765,
     "day_weighted_mean": 0.019024324870849783,
     "oos_means": {
      "2021H2-2022": 0.015964025197923594,
      "2023-2024": 0.015359827877379916
     },
     "tier_mean": {
      "bot": 0.017321924279367636,
      "mid": 0.018889528945390314,
      "top": 0.01920277553797492
     },
     "detected": true
    }
   ]
  },
  "m10000_d30bp": {
   "detection_rate": 0.0,
   "false_negative_rate": 1.0,
   "gate_kill_first": {
    "G1": 20,
    "G2": 0,
    "G3": 0,
    "G4": 0,
    "G5": 0
   },
   "runs": [
    {
     "freq_m": 10000,
     "delta_bp": 30,
     "seed": 0,
     "n_treated": 10000,
     "ev_mean": 0.005159170017610954,
     "net60": -0.0008408299823890464,
     "pos_halves": 3,
     "half_means": {
      "2025-H1": 0.005623520534815018,
      "2025-H2": 0.014814901951317622,
      "2026-H1": -0.009659049314941852,
      "2026-H2": 0.021187405243407127
     },
     "n_tickers": 548,
     "g1": false,
     "g2": true,
     "g3": false,
     "g4": true,
     "g5": true,
     "fm_beta": NaN,
     "fm_t": NaN,
     "day_weighted_mean": 0.00551240622236561,
     "oos_means": {
      "2021H2-2022": 0.0024484890326831547,
      "2023-2024": 0.0027273268829674712
     },
     "tier_mean": {
      "bot": 0.009716911742009247,
      "mid": 0.001622408891538875,
      "top": 0.0041805144515408565
     },
     "detected": false
    },
    {
     "freq_m": 10000,
     "delta_bp": 30,
     "seed": 1,
     "n_treated": 10000,
     "ev_mean": 0.004720929402144922,
     "net60": -0.0012790705978550782,
     "pos_halves": 3,
     "half_means": {
      "2025-H1": 0.005318326870695694,
      "2025-H2": 0.014271671386889971,
      "2026-H1": -0.00931593187521939,
      "2026-H2": 0.019630798439290116
     },
     "n_tickers": 538,
     "g1": false,
     "g2": true,
     "g3": false,
     "g4": true,
     "g5": true,
     "fm_beta": NaN,
     "fm_t": NaN,
     "day_weighted_mean": 0.005906564873022575,
     "oos_means": {
      "2021H2-2022": 0.00042165611786765126,
      "2023-2024": 0.0021613475438897554
     },
     "tier_mean": {
      "bot": 0.007153998741016646,
      "mid": 0.0032394941188933694,
      "top": 0.0038044653615919113
     },
     "detected": false
    },
    {
     "freq_m": 10000,
     "delta_bp": 30,
     "seed": 2,
     "n_treated": 10000,
     "ev_mean": 0.005483152279110744,
     "net60": -0.0005168477208892562,
     "pos_halves": 3,
     "half_means": {
      "2025-H1": 0.00552905019753541,
      "2025-H2": 0.01349042469525662,
      "2026-H1": -0.007426365317975209,
      "2026-H2": 0.02086446339358012
     },
     "n_tickers": 546,
     "g1": false,
     "g2": true,
     "g3": false,
     "g4": true,
     "g5": true,
     "fm_beta": NaN,
     "fm_t": NaN,
     "day_weighted_mean": 0.005395174491786078,
     "oos_means": {
      "2021H2-2022": 0.0015860573050990464,
      "2023-2024": 0.0019831107894948815
     },
     "tier_mean": {
      "bot": 0.0068833653009443725,
      "mid": 0.0021459809958949126,
      "top": 0.0072788351100492865
     },
     "detected": false
    },
    {
     "freq_m": 10000,
     "delta_bp": 30,
     "seed": 3,
     "n_treated": 10000,
     "ev_mean": 0.007562892098248977,
     "net60": 0.0015628920982489773,
     "pos_halves": 3,
     "half_means": {
      "2025-H1": 0.007046775357800259,
      "2025-H2": 0.01703322671415615,
      "2026-H1": -0.005819907097421087,
      "2026-H2": 0.020970641008849145
     },
     "n_tickers": 546,
     "g1": false,
     "g2": true,
     "g3": false,
     "g4": true,
     "g5": true,
     "fm_beta": NaN,
     "fm_t": NaN,
     "day_weighted_mean": 0.008400719883420584,
     "oos_means": {
      "2021H2-2022": 0.0011029799961913523,
      "2023-2024": 0.0020532785870651517
     },
     "tier_mean": {
      "bot": 0.009238499404125812,
      "mid": 0.007638290011361004,
      "top": 0.0058589224480755046
     },
     "detected": false
    },
    {
     "freq_m": 10000,
     "delta_bp": 30,
     "seed": 4,
     "n_treated": 10000,
     "ev_mean": 0.004826335172162689,
     "net60": -0.0011736648278373113,
     "pos_halves": 3,
     "half_means": {
      "2025-H1": 0.00946209710155428,
      "2025-H2": 0.015563613199519872,
      "2026-H1": -0.012347093540974324,
      "2026-H2": 0.019317202696406445
     },
     "n_tickers": 544,
     "g1": false,
     "g2": true,
     "g3": false,
     "g4": true,
     "g5": true,
     "fm_beta": NaN,
     "fm_t": NaN,
     "day_weighted_mean": 0.0063895679527932615,
     "oos_means": {
      "2021H2-2022": 0.001262692054725646,
      "2023-2024": 0.0019900026859541774
     },
     "tier_mean": {
      "bot": 0.007281876749038073,
      "mid": 0.002375833483047287,
      "top": 0.0049170830323881825
     },
     "detected": false
    },
    {
     "freq_m": 10000,
     "delta_bp": 30,
     "seed": 5,
     "n_treated": 10000,
     "ev_mean": 0.006742980453185413,
     "net60": 0.0007429804531854127,
     "pos_halves": 3,
     "half_means": {
      "2025-H1": 0.00830730389519511,
      "2025-H2": 0.016610689482419578,
      "2026-H1": -0.0071430850407845055,
      "2026-H2": 0.017765502528109326
     },
     "n_tickers": 545,
     "g1": false,
     "g2": true,
     "g3": false,
     "g4": true,
     "g5": false,
     "fm_beta": NaN,
     "fm_t": NaN,
     "day_weighted_mean": 0.007048101619244031,
     "oos_means": {
      "2021H2-2022": -2.276655343150377e-05,
      "2023-2024": 0.002002276234014738
     },
     "tier_mean": {
      "bot": 0.009945679947880178,
      "mid": 0.004739205801803609,
      "top": 0.0056283609498117195
     },
     "detected": false
    },
    {
     "freq_m": 10000,
     "delta_bp": 30,
     "seed": 6,
     "n_treated": 10000,
     "ev_mean": 0.005553566644658682,
     "net60": -0.0004464333553413184,
     "pos_halves": 3,
     "half_means": {
      "2025-H1": 0.008654648356061704,
      "2025-H2": 0.01695402758371343,
      "2026-H1": -0.010870618886186303,
      "2026-H2": 0.01682806980820709
     },
     "n_tickers": 538,
     "g1": false,
     "g2": true,
     "g3": false,
     "g4": true,
     "g5": true,
     "fm_beta": NaN,
     "fm_t": NaN,
     "day_weighted_mean": 0.007351830794366759,
     "oos_means": {
      "2021H2-2022": 0.001091800787067583,
      "2023-2024": 0.0016415825118829169
     },
     "tier_mean": {
      "bot": 0.007920631274756201,
      "mid": 0.0029062209015894356,
      "top": 0.0058980319723147935
     },
     "detected": false
    },
    {
     "freq_m": 10000,
     "delta_bp": 30,
     "seed": 7,
     "n_treated": 10000,
     "ev_mean": 0.005811133284994985,
     "net60": -0.00018886671500501547,
     "pos_halves": 3,
     "half_means": {
      "2025-H1": 0.005401322900089869,
      "2025-H2": 0.016300032095404392,
      "2026-H1": -0.007354311656981869,
      "2026-H2": 0.013965165032479148
     },
     "n_tickers": 552,
     "g1": false,
     "g2": true,
     "g3": false,
     "g4": true,
     "g5": true,
     "fm_beta": NaN,
     "fm_t": NaN,
     "day_weighted_mean": 0.0065040430173050725,
     "oos_means": {
      "2021H2-2022": 0.0009380950875228829,
      "2023-2024": 0.001911167442611607
     },
     "tier_mean": {
      "bot": 0.00984675455625314,
      "mid": 0.0030851735952568556,
      "top": 0.004511419109439547
     },
     "detected": false
    },
    {
     "freq_m": 10000,
     "delta_bp": 30,
     "seed": 8,
     "n_treated": 10000,
     "ev_mean": 0.004752712493607248,
     "net60": -0.001247287506392752,
     "pos_halves": 3,
     "half_means": {
      "2025-H1": 0.00864056454701317,
      "2025-H2": 0.016749005181886822,
      "2026-H1": -0.013071584776438895,
      "2026-H2": 0.0163476282421021
     },
     "n_tickers": 546,
     "g1": false,
     "g2": true,
     "g3": false,
     "g4": true,
     "g5": true,
     "fm_beta": NaN,
     "fm_t": NaN,
     "day_weighted_mean": 0.005908463612742056,
     "oos_means": {
      "2021H2-2022": 0.0025866645900061527,
      "2023-2024": 0.002984729227531329
     },
     "tier_mean": {
      "bot": 0.0075851376859868876,
      "mid": 0.0034653610008288597,
      "top": 0.00322064227421188
     },
     "detected": false
    },
    {
     "freq_m": 10000,
     "delta_bp": 30,
     "seed": 9,
     "n_treated": 10000,
     "ev_mean": 0.00535136523158628,
     "net60": -0.0006486347684137202,
     "pos_halves": 3,
     "half_means": {
      "2025-H1": 0.006554780320719508,
      "2025-H2": 0.01685779301621976,
      "2026-H1": -0.00982984164493988,
      "2026-H2": 0.01657099366516763
     },
     "n_tickers": 542,
     "g1": false,
     "g2": true,
     "g3": false,
     "g4": true,
     "g5": true,
     "fm_beta": NaN,
     "fm_t": NaN,
     "day_weighted_mean": 0.007104218480358819,
     "oos_means": {
      "2021H2-2022": 0.0009660829452177323,
      "2023-2024": 0.0032079932780561438
     },
     "tier_mean": {
      "bot": 0.007277281890965479,
      "mid": 0.004067867883510708,
      "top": 0.004715044992912822
     },
     "detected": false
    },
    {
     "freq_m": 10000,
     "delta_bp": 30,
     "seed": 10,
     "n_treated": 10000,
     "ev_mean": 0.006423843771629794,
     "net60": 0.00042384377162979405,
     "pos_halves": 3,
     "half_means": {
      "2025-H1": 0.007037219499041598,
      "2025-H2": 0.016315936978825423,
      "2026-H1": -0.007302840957329475,
      "2026-H2": 0.01758784732850002
     },
     "n_tickers": 543,
     "g1": false,
     "g2": true,
     "g3": false,
     "g4": true,
     "g5": true,
     "fm_beta": NaN,
     "fm_t": NaN,
     "day_weighted_mean": 0.006902700890959407,
     "oos_means": {
      "2021H2-2022": 0.0017647459625420876,
      "2023-2024": 0.0025503759561133835
     },
     "tier_mean": {
      "bot": 0.009152629148585263,
      "mid": 0.0037629081858306895,
      "top": 0.006388965297253536
     },
     "detected": false
    },
    {
     "freq_m": 10000,
     "delta_bp": 30,
     "seed": 11,
     "n_treated": 10000,
     "ev_mean": 0.0058065040644727905,
     "net60": -0.00019349593552720964,
     "pos_halves": 3,
     "half_means": {
      "2025-H1": 0.0048217083295322705,
      "2025-H2": 0.015698850029691527,
      "2026-H1": -0.007935285090917479,
      "2026-H2": 0.02040132459748608
     },
     "n_tickers": 547,
     "g1": false,
     "g2": true,
     "g3": false,
     "g4": true,
     "g5": true,
     "fm_beta": NaN,
     "fm_t": NaN,
     "day_weighted_mean": 0.006325483047967697,
     "oos_means": {
      "2021H2-2022": 0.0014336062079454166,
      "2023-2024": 0.002245026439026265
     },
     "tier_mean": {
      "bot": 0.008928952957183664,
      "mid": 0.005749196108842213,
      "top": 0.0028373138921738562
     },
     "detected": false
    },
    {
     "freq_m": 10000,
     "delta_bp": 30,
     "seed": 12,
     "n_treated": 10000,
     "ev_mean": 0.005075996819893608,
     "net60": -0.0009240031801063921,
     "pos_halves": 3,
     "half_means": {
      "2025-H1": 0.002071171253435412,
      "2025-H2": 0.015597259564943,
      "2026-H1": -0.009175474565609833,
      "2026-H2": 0.022109512724461204
     },
     "n_tickers": 541,
     "g1": false,
     "g2": true,
     "g3": false,
     "g4": true,
     "g5": true,
     "fm_beta": NaN,
     "fm_t": NaN,
     "day_weighted_mean": 0.006479803778133141,
     "oos_means": {
      "2021H2-2022": 0.001930660816367037,
      "2023-2024": 0.003186970164097102
     },
     "tier_mean": {
      "bot": 0.01108827318005523,
      "mid": 0.0008336024993488764,
      "top": 0.0033616248955827726
     },
     "detected": false
    },
    {
     "freq_m": 10000,
     "delta_bp": 30,
     "seed": 13,
     "n_treated": 10000,
     "ev_mean": 0.005777595199157202,
     "net60": -0.00022240480084279816,
     "pos_halves": 3,
     "half_means": {
      "2025-H1": 0.004195478948314209,
      "2025-H2": 0.016793884902190328,
      "2026-H1": -0.00909430824515781,
      "2026-H2": 0.021199175620080328
     },
     "n_tickers": 548,
     "g1": false,
     "g2": true,
     "g3": false,
     "g4": true,
     "g5": true,
     "fm_beta": NaN,
     "fm_t": NaN,
     "day_weighted_mean": 0.0077961800698014205,
     "oos_means": {
      "2021H2-2022": 0.0005491342226576264,
      "2023-2024": 0.0022618929551065105
     },
     "tier_mean": {
      "bot": 0.008178056751192297,
      "mid": 0.004215474323619935,
      "top": 0.005017145680631873
     },
     "detected": false
    },
    {
     "freq_m": 10000,
     "delta_bp": 30,
     "seed": 14,
     "n_treated": 10000,
     "ev_mean": 0.007156705518941852,
     "net60": 0.0011567055189418522,
     "pos_halves": 3,
     "half_means": {
      "2025-H1": 0.005604221989667546,
      "2025-H2": 0.019713467592261908,
      "2026-H1": -0.008171858667945068,
      "2026-H2": 0.01955224468033899
     },
     "n_tickers": 541,
     "g1": false,
     "g2": true,
     "g3": false,
     "g4": true,
     "g5": true,
     "fm_beta": NaN,
     "fm_t": NaN,
     "day_weighted_mean": 0.007278606534557872,
     "oos_means": {
      "2021H2-2022": 0.0017531090027065382,
      "2023-2024": 0.002107552858997645
     },
     "tier_mean": {
      "bot": 0.010257826932247397,
      "mid": 0.005062310152724148,
      "top": 0.00615546818458744
     },
     "detected": false
    },
    {
     "freq_m": 10000,
     "delta_bp": 30,
     "seed": 15,
     "n_treated": 10000,
     "ev_mean": 0.005471770192586516,
     "net60": -0.000528229807413484,
     "pos_halves": 3,
     "half_means": {
      "2025-H1": 0.003940640409536382,
      "2025-H2": 0.017254020848840767,
      "2026-H1": -0.009331199111121345,
      "2026-H2": 0.018304921464804964
     },
     "n_tickers": 543,
     "g1": false,
     "g2": true,
     "g3": false,
     "g4": true,
     "g5": true,
     "fm_beta": NaN,
     "fm_t": NaN,
     "day_weighted_mean": 0.006538965671878444,
     "oos_means": {
      "2021H2-2022": 4.1353705614422843e-05,
      "2023-2024": 0.0026647292500318817
     },
     "tier_mean": {
      "bot": 0.00849850937909754,
      "mid": 0.002639731389119676,
      "top": 0.0053204134349209165
     },
     "detected": false
    },
    {
     "freq_m": 10000,
     "delta_bp": 30,
     "seed": 16,
     "n_treated": 10000,
     "ev_mean": 0.004678851885927028,
     "net60": -0.0013211481140729718,
     "pos_halves": 3,
     "half_means": {
      "2025-H1": 0.007955643780430174,
      "2025-H2": 0.011811972389679005,
      "2026-H1": -0.009512865687907792,
      "2026-H2": 0.021991064370574437
     },
     "n_tickers": 539,
     "g1": false,
     "g2": true,
     "g3": false,
     "g4": true,
     "g5": true,
     "fm_beta": NaN,
     "fm_t": NaN,
     "day_weighted_mean": 0.0048428324359719365,
     "oos_means": {
      "2021H2-2022": 0.001116185988343473,
      "2023-2024": 0.003485023896626124
     },
     "tier_mean": {
      "bot": 0.005722460763913028,
      "mid": 0.0018984285980141744,
      "top": 0.006437460842688405
     },
     "detected": false
    },
    {
     "freq_m": 10000,
     "delta_bp": 30,
     "seed": 17,
     "n_treated": 10000,
     "ev_mean": 0.004726979140897562,
     "net60": -0.0012730208591024382,
     "pos_halves": 3,
     "half_means": {
      "2025-H1": 0.001553872313293953,
      "2025-H2": 0.016037116219140786,
      "2026-H1": -0.008126599894376547,
      "2026-H2": 0.014687132115694798
     },
     "n_tickers": 545,
     "g1": false,
     "g2": true,
     "g3": false,
     "g4": true,
     "g5": true,
     "fm_beta": NaN,
     "fm_t": NaN,
     "day_weighted_mean": 0.0046958244646099975,
     "oos_means": {
      "2021H2-2022": 0.0008048011137069284,
      "2023-2024": 0.002108898124008908
     },
     "tier_mean": {
      "bot": 0.009807340522974209,
      "mid": 6.905340770258864e-05,
      "top": 0.004542060331986475
     },
     "detected": false
    },
    {
     "freq_m": 10000,
     "delta_bp": 30,
     "seed": 18,
     "n_treated": 10000,
     "ev_mean": 0.004409980071380383,
     "net60": -0.0015900199286196168,
     "pos_halves": 3,
     "half_means": {
      "2025-H1": 0.004369544770896781,
      "2025-H2": 0.015138159298422367,
      "2026-H1": -0.010054094509068051,
      "2026-H2": 0.0173057761310355
     },
     "n_tickers": 539,
     "g1": false,
     "g2": true,
     "g3": false,
     "g4": true,
     "g5": true,
     "fm_beta": NaN,
     "fm_t": NaN,
     "day_weighted_mean": 0.005605352494204584,
     "oos_means": {
      "2021H2-2022": 0.0005953519449381278,
      "2023-2024": 0.003165490298712791
     },
     "tier_mean": {
      "bot": 0.008711282089399454,
      "mid": 0.0011186739700196622,
      "top": 0.0036559699629565238
     },
     "detected": false
    },
    {
     "freq_m": 10000,
     "delta_bp": 30,
     "seed": 19,
     "n_treated": 10000,
     "ev_mean": 0.006397615894525038,
     "net60": 0.00039761589452503784,
     "pos_halves": 3,
     "half_means": {
      "2025-H1": 0.003260328225972973,
      "2025-H2": 0.016191161972056105,
      "2026-H1": -0.006008901927793688,
      "2026-H2": 0.02054021202129891
     },
     "n_tickers": 540,
     "g1": false,
     "g2": true,
     "g3": false,
     "g4": true,
     "g5": true,
     "fm_beta": NaN,
     "fm_t": NaN,
     "day_weighted_mean": 0.006888922400826035,
     "oos_means": {
      "2021H2-2022": 0.0010998217718289913,
      "2023-2024": 0.002477611487314486
     },
     "tier_mean": {
      "bot": 0.011125353468765089,
      "mid": 0.002140598156877403,
      "top": 0.00610105180689394
     },
     "detected": false
    }
   ]
  },
  "m10000_d50bp": {
   "detection_rate": 0.05,
   "false_negative_rate": 0.95,
   "gate_kill_first": {
    "G1": 19,
    "G2": 0,
    "G3": 0,
    "G4": 0,
    "G5": 0
   },
   "runs": [
    {
     "freq_m": 10000,
     "delta_bp": 50,
     "seed": 0,
     "n_treated": 10000,
     "ev_mean": 0.006970946200386757,
     "net60": 0.000970946200386757,
     "pos_halves": 3,
     "half_means": {
      "2025-H1": 0.007358803767142023,
      "2025-H2": 0.018214078960865385,
      "2026-H1": -0.008355456424221305,
      "2026-H2": 0.019830635632162717
     },
     "n_tickers": 547,
     "g1": false,
     "g2": true,
     "g3": false,
     "g4": true,
     "g5": true,
     "fm_beta": NaN,
     "fm_t": NaN,
     "day_weighted_mean": 0.008494416442652468,
     "oos_means": {
      "2021H2-2022": 0.004216539419110171,
      "2023-2024": 0.004005251265845408
     },
     "tier_mean": {
      "bot": 0.009107985510801973,
      "mid": 0.003777794738369743,
      "top": 0.008024970763539838
     },
     "detected": false
    },
    {
     "freq_m": 10000,
     "delta_bp": 50,
     "seed": 1,
     "n_treated": 10000,
     "ev_mean": 0.006962941154321654,
     "net60": 0.0009629411543216537,
     "pos_halves": 3,
     "half_means": {
      "2025-H1": 0.005921341978847468,
      "2025-H2": 0.01690606030970774,
      "2026-H1": -0.006415425948073457,
      "2026-H2": 0.018875912211006797
     },
     "n_tickers": 540,
     "g1": false,
     "g2": true,
     "g3": false,
     "g4": true,
     "g5": true,
     "fm_beta": NaN,
     "fm_t": NaN,
     "day_weighted_mean": 0.007523908188323921,
     "oos_means": {
      "2021H2-2022": 0.0015142860740744923,
      "2023-2024": 0.00458195749391648
     },
     "tier_mean": {
      "bot": 0.010217061213741477,
      "mid": 0.004508756170021466,
      "top": 0.006143776479311749
     },
     "detected": false
    },
    {
     "freq_m": 10000,
     "delta_bp": 50,
     "seed": 2,
     "n_treated": 10000,
     "ev_mean": 0.0074942915996045615,
     "net60": 0.0014942915996045613,
     "pos_halves": 3,
     "half_means": {
      "2025-H1": 0.009699869505477248,
      "2025-H2": 0.01863984125188575,
      "2026-H1": -0.00843205816831021,
      "2026-H2": 0.01879323793936839
     },
     "n_tickers": 537,
     "g1": false,
     "g2": true,
     "g3": false,
     "g4": true,
     "g5": true,
     "fm_beta": NaN,
     "fm_t": NaN,
     "day_weighted_mean": 0.008241086871158043,
     "oos_means": {
      "2021H2-2022": 0.0035615063485808173,
      "2023-2024": 0.004457917726916105
     },
     "tier_mean": {
      "bot": 0.009172502464560243,
      "mid": 0.0060993009914408055,
      "top": 0.0072509151607179165
     },
     "detected": false
    },
    {
     "freq_m": 10000,
     "delta_bp": 50,
     "seed": 3,
     "n_treated": 10000,
     "ev_mean": 0.007932498982845149,
     "net60": 0.0019324989828451485,
     "pos_halves": 3,
     "half_means": {
      "2025-H1": 0.009625208776165206,
      "2025-H2": 0.01681526103691129,
      "2026-H1": -0.006557893495453323,
      "2026-H2": 0.021159698191505597
     },
     "n_tickers": 541,
     "g1": false,
     "g2": true,
     "g3": false,
     "g4": true,
     "g5": true,
     "fm_beta": NaN,
     "fm_t": NaN,
     "day_weighted_mean": 0.008856239498149619,
     "oos_means": {
      "2021H2-2022": 0.002986583300980334,
      "2023-2024": 0.004217334197885307
     },
     "tier_mean": {
      "bot": 0.010343815740151176,
      "mid": 0.004415159161567313,
      "top": 0.00914569640518594
     },
     "detected": false
    },
    {
     "freq_m": 10000,
     "delta_bp": 50,
     "seed": 4,
     "n_treated": 10000,
     "ev_mean": 0.008007778914423657,
     "net60": 0.0020077789144236566,
     "pos_halves": 3,
     "half_means": {
      "2025-H1": 0.008757262800047676,
      "2025-H2": 0.017796882507591597,
      "2026-H1": -0.007192047708989231,
      "2026-H2": 0.02348997972579724
     },
     "n_tickers": 547,
     "g1": false,
     "g2": true,
     "g3": false,
     "g4": true,
     "g5": true,
     "fm_beta": NaN,
     "fm_t": NaN,
     "day_weighted_mean": 0.009153657936658868,
     "oos_means": {
      "2021H2-2022": 0.003058852062224296,
      "2023-2024": 0.002998397416494066
     },
     "tier_mean": {
      "bot": 0.01229649967881696,
      "mid": 0.005980843201837992,
      "top": 0.005827206302802332
     },
     "detected": false
    },
    {
     "freq_m": 10000,
     "delta_bp": 50,
     "seed": 5,
     "n_treated": 10000,
     "ev_mean": 0.007040312056455896,
     "net60": 0.0010403120564558962,
     "pos_halves": 3,
     "half_means": {
      "2025-H1": 0.00700939472361481,
      "2025-H2": 0.017843563738460543,
      "2026-H1": -0.006535556607911003,
      "2026-H2": 0.018899997988194892
     },
     "n_tickers": 540,
     "g1": false,
     "g2": true,
     "g3": false,
     "g4": true,
     "g5": true,
     "fm_beta": NaN,
     "fm_t": NaN,
     "day_weighted_mean": 0.00858109186837237,
     "oos_means": {
      "2021H2-2022": 0.0021542544230307636,
      "2023-2024": 0.005084513686751376
     },
     "tier_mean": {
      "bot": 0.012330812985049087,
      "mid": 0.0018608579469628608,
      "top": 0.007013773342817938
     },
     "detected": false
    },
    {
     "freq_m": 10000,
     "delta_bp": 50,
     "seed": 6,
     "n_treated": 10000,
     "ev_mean": 0.007071026970925041,
     "net60": 0.001071026970925041,
     "pos_halves": 3,
     "half_means": {
      "2025-H1": 0.00876191091776198,
      "2025-H2": 0.01638262024860762,
      "2026-H1": -0.007476795212294157,
      "2026-H2": 0.021109102220277013
     },
     "n_tickers": 546,
     "g1": false,
     "g2": true,
     "g3": false,
     "g4": true,
     "g5": true,
     "fm_beta": NaN,
     "fm_t": NaN,
     "day_weighted_mean": 0.007585917199972795,
     "oos_means": {
      "2021H2-2022": 0.003158263547005643,
      "2023-2024": 0.0053339546224391455
     },
     "tier_mean": {
      "bot": 0.009195010751766774,
      "mid": 0.003952952803791377,
      "top": 0.008233400177094787
     },
     "detected": false
    },
    {
     "freq_m": 10000,
     "delta_bp": 50,
     "seed": 7,
     "n_treated": 10000,
     "ev_mean": 0.008230409769748037,
     "net60": 0.002230409769748037,
     "pos_halves": 3,
     "half_means": {
      "2025-H1": 0.007049994972462334,
      "2025-H2": 0.017959913598585356,
      "2026-H1": -0.0048357230846983405,
      "2026-H2": 0.02034310475736291
     },
     "n_tickers": 543,
     "g1": false,
     "g2": true,
     "g3": false,
     "g4": true,
     "g5": true,
     "fm_beta": NaN,
     "fm_t": NaN,
     "day_weighted_mean": 0.008321665250866759,
     "oos_means": {
      "2021H2-2022": 0.0026206422147137523,
      "2023-2024": 0.00441635498606781
     },
     "tier_mean": {
      "bot": 0.00984923286473965,
      "mid": 0.005627793944460899,
      "top": 0.009203180859616461
     },
     "detected": false
    },
    {
     "freq_m": 10000,
     "delta_bp": 50,
     "seed": 8,
     "n_treated": 10000,
     "ev_mean": 0.00686254213430177,
     "net60": 0.0008625421343017702,
     "pos_halves": 3,
     "half_means": {
      "2025-H1": 0.007022458365974494,
      "2025-H2": 0.01678556080499589,
      "2026-H1": -0.00862821201946177,
      "2026-H2": 0.02410654909451014
     },
     "n_tickers": 548,
     "g1": false,
     "g2": true,
     "g3": false,
     "g4": true,
     "g5": true,
     "fm_beta": NaN,
     "fm_t": NaN,
     "day_weighted_mean": 0.007369392033323233,
     "oos_means": {
      "2021H2-2022": 0.003945941079483121,
      "2023-2024": 0.005248329787378956
     },
     "tier_mean": {
      "bot": 0.010071519579270822,
      "mid": 0.004714709601820766,
      "top": 0.005756192151299341
     },
     "detected": false
    },
    {
     "freq_m": 10000,
     "delta_bp": 50,
     "seed": 9,
     "n_treated": 10000,
     "ev_mean": 0.005996160090293903,
     "net60": -3.839909706097183e-06,
     "pos_halves": 3,
     "half_means": {
      "2025-H1": 0.009071785970494564,
      "2025-H2": 0.014822385754831753,
      "2026-H1": -0.00959615324484119,
      "2026-H2": 0.023532693043112795
     },
     "n_tickers": 540,
     "g1": false,
     "g2": true,
     "g3": false,
     "g4": true,
     "g5": true,
     "fm_beta": NaN,
     "fm_t": NaN,
     "day_weighted_mean": 0.007010179738833496,
     "oos_means": {
      "2021H2-2022": 0.0038036285601583935,
      "2023-2024": 0.00351481706459841
     },
     "tier_mean": {
      "bot": 0.007304037484852477,
      "mid": 0.005622286466336451,
      "top": 0.005062272079860066
     },
     "detected": false
    },
    {
     "freq_m": 10000,
     "delta_bp": 50,
     "seed": 10,
     "n_treated": 10000,
     "ev_mean": 0.0070581601501419865,
     "net60": 0.0010581601501419863,
     "pos_halves": 3,
     "half_means": {
      "2025-H1": 0.008396111012245586,
      "2025-H2": 0.018984834661664028,
      "2026-H1": -0.007591578176873032,
      "2026-H2": 0.014467347500228992
     },
     "n_tickers": 547,
     "g1": false,
     "g2": true,
     "g3": false,
     "g4": true,
     "g5": true,
     "fm_beta": NaN,
     "fm_t": NaN,
     "day_weighted_mean": 0.008776656534109728,
     "oos_means": {
      "2021H2-2022": 0.0024750223426544247,
      "2023-2024": 0.005255395259906483
     },
     "tier_mean": {
      "bot": 0.007860427696074168,
      "mid": 0.006421305552576777,
      "top": 0.006910396319073886
     },
     "detected": false
    },
    {
     "freq_m": 10000,
     "delta_bp": 50,
     "seed": 11,
     "n_treated": 10000,
     "ev_mean": 0.007020875383908621,
     "net60": 0.0010208753839086211,
     "pos_halves": 3,
     "half_means": {
      "2025-H1": 0.009043403400832881,
      "2025-H2": 0.01657748273519698,
      "2026-H1": -0.00844333076425412,
      "2026-H2": 0.0220210551383775
     },
     "n_tickers": 547,
     "g1": false,
     "g2": true,
     "g3": false,
     "g4": true,
     "g5": true,
     "fm_beta": NaN,
     "fm_t": NaN,
     "day_weighted_mean": 0.008479390409288917,
     "oos_means": {
      "2021H2-2022": 0.0021728754291832856,
      "2023-2024": 0.003830571517439798
     },
     "tier_mean": {
      "bot": 0.011721686105474288,
      "mid": 0.005992902483469888,
      "top": 0.003476986498471293
     },
     "detected": false
    },
    {
     "freq_m": 10000,
     "delta_bp": 50,
     "seed": 12,
     "n_treated": 10000,
     "ev_mean": 0.007794133275357861,
     "net60": 0.0017941332753578605,
     "pos_halves": 3,
     "half_means": {
      "2025-H1": 0.010516877326171136,
      "2025-H2": 0.017834196067277288,
      "2026-H1": -0.006643616864989287,
      "2026-H2": 0.01715462986860615
     },
     "n_tickers": 544,
     "g1": false,
     "g2": true,
     "g3": false,
     "g4": true,
     "g5": true,
     "fm_beta": NaN,
     "fm_t": NaN,
     "day_weighted_mean": 0.009591660851199583,
     "oos_means": {
      "2021H2-2022": 0.003118622310503885,
      "2023-2024": 0.006075414585147653
     },
     "tier_mean": {
      "bot": 0.008901739772242654,
      "mid": 0.00745176253348026,
      "top": 0.007045445598193881
     },
     "detected": false
    },
    {
     "freq_m": 10000,
     "delta_bp": 50,
     "seed": 13,
     "n_treated": 10000,
     "ev_mean": 0.008345132694813476,
     "net60": 0.0023451326948134756,
     "pos_halves": 3,
     "half_means": {
      "2025-H1": 0.006213443625466972,
      "2025-H2": 0.020735377588582658,
      "2026-H1": -0.006469862416501259,
      "2026-H2": 0.01739869129085298
     },
     "n_tickers": 539,
     "g1": false,
     "g2": true,
     "g3": false,
     "g4": true,
     "g5": true,
     "fm_beta": NaN,
     "fm_t": NaN,
     "day_weighted_mean": 0.009094507030089188,
     "oos_means": {
      "2021H2-2022": 0.002873979893635425,
      "2023-2024": 0.004509332380188462
     },
     "tier_mean": {
      "bot": 0.01593294187265062,
      "mid": 0.001487739537157105,
      "top": 0.00776771847494876
     },
     "detected": false
    },
    {
     "freq_m": 10000,
     "delta_bp": 50,
     "seed": 14,
     "n_treated": 10000,
     "ev_mean": 0.004667616683173205,
     "net60": -0.0013323833168267952,
     "pos_halves": 3,
     "half_means": {
      "2025-H1": 0.007307674287108925,
      "2025-H2": 0.015846685290334766,
      "2026-H1": -0.011442678789140447,
      "2026-H2": 0.017511674920063395
     },
     "n_tickers": 543,
     "g1": false,
     "g2": true,
     "g3": false,
     "g4": true,
     "g5": true,
     "fm_beta": NaN,
     "fm_t": NaN,
     "day_weighted_mean": 0.00696255016375431,
     "oos_means": {
      "2021H2-2022": 0.004175508949456018,
      "2023-2024": 0.003318453099762385
     },
     "tier_mean": {
      "bot": 0.006068783677142901,
      "mid": 0.0027035680965145463,
      "top": 0.005273951240396321
     },
     "detected": false
    },
    {
     "freq_m": 10000,
     "delta_bp": 50,
     "seed": 15,
     "n_treated": 10000,
     "ev_mean": 0.009092887165005474,
     "net60": 0.0030928871650054736,
     "pos_halves": 3,
     "half_means": {
      "2025-H1": 0.008711760455691749,
      "2025-H2": 0.01842236445118918,
      "2026-H1": -0.005033204275432583,
      "2026-H2": 0.024387347533877366
     },
     "n_tickers": 544,
     "g1": true,
     "g2": true,
     "g3": true,
     "g4": true,
     "g5": true,
     "fm_beta": 0.006699648178212754,
     "fm_t": 7.010817781310417,
     "day_weighted_mean": 0.00949721173947993,
     "oos_means": {
      "2021H2-2022": 0.002658708733368631,
      "2023-2024": 0.0037675437753728327
     },
     "tier_mean": {
      "bot": 0.012067670655480237,
      "mid": 0.0048832404683752636,
      "top": 0.010354221695187793
     },
     "detected": true
    },
    {
     "freq_m": 10000,
     "delta_bp": 50,
     "seed": 16,
     "n_treated": 10000,
     "ev_mean": 0.007873592632122065,
     "net60": 0.001873592632122065,
     "pos_halves": 3,
     "half_means": {
      "2025-H1": 0.006188736700170971,
      "2025-H2": 0.017402498391129045,
      "2026-H1": -0.005037113718864663,
      "2026-H2": 0.020444918169596715
     },
     "n_tickers": 551,
     "g1": false,
     "g2": true,
     "g3": false,
     "g4": true,
     "g5": true,
     "fm_beta": NaN,
     "fm_t": NaN,
     "day_weighted_mean": 0.008617346656914118,
     "oos_means": {
      "2021H2-2022": 0.004253856301179386,
      "2023-2024": 0.00470301420127375
     },
     "tier_mean": {
      "bot": 0.00727076932024285,
      "mid": 0.006368664461476388,
      "top": 0.009921982443257456
     },
     "detected": false
    },
    {
     "freq_m": 10000,
     "delta_bp": 50,
     "seed": 17,
     "n_treated": 10000,
     "ev_mean": 0.007457956547898284,
     "net60": 0.0014579565478982839,
     "pos_halves": 3,
     "half_means": {
      "2025-H1": 0.010555423271627265,
      "2025-H2": 0.018353314831725857,
      "2026-H1": -0.008591602220105153,
      "2026-H2": 0.019515161432367777
     },
     "n_tickers": 545,
     "g1": false,
     "g2": true,
     "g3": false,
     "g4": true,
     "g5": true,
     "fm_beta": NaN,
     "fm_t": NaN,
     "day_weighted_mean": 0.008479253492487992,
     "oos_means": {
      "2021H2-2022": 0.003072275375221986,
      "2023-2024": 0.004966095358493144
     },
     "tier_mean": {
      "bot": 0.009904926308851316,
      "mid": 0.005392547795927339,
      "top": 0.007109901825653012
     },
     "detected": false
    },
    {
     "freq_m": 10000,
     "delta_bp": 50,
     "seed": 18,
     "n_treated": 10000,
     "ev_mean": 0.006698528198375304,
     "net60": 0.0006985281983753035,
     "pos_halves": 3,
     "half_means": {
      "2025-H1": 0.005909062593579056,
      "2025-H2": 0.01762453131032652,
      "2026-H1": -0.007997479409706255,
      "2026-H2": 0.018828491762489966
     },
     "n_tickers": 546,
     "g1": false,
     "g2": true,
     "g3": false,
     "g4": true,
     "g5": true,
     "fm_beta": NaN,
     "fm_t": NaN,
     "day_weighted_mean": 0.007160881477634591,
     "oos_means": {
      "2021H2-2022": 0.0021493320780208145,
      "2023-2024": 0.005022461851204086
     },
     "tier_mean": {
      "bot": 0.01225767698452554,
      "mid": 0.004336500786092251,
      "top": 0.003627400222120657
     },
     "detected": false
    },
    {
     "freq_m": 10000,
     "delta_bp": 50,
     "seed": 19,
     "n_treated": 10000,
     "ev_mean": 0.006909066741950997,
     "net60": 0.0009090667419509972,
     "pos_halves": 3,
     "half_means": {
      "2025-H1": 0.01016701131732228,
      "2025-H2": 0.01727417969012991,
      "2026-H1": -0.00826251508877575,
      "2026-H2": 0.01795464672791261
     },
     "n_tickers": 539,
     "g1": false,
     "g2": true,
     "g3": false,
     "g4": true,
     "g5": true,
     "fm_beta": NaN,
     "fm_t": NaN,
     "day_weighted_mean": 0.009112617662391123,
     "oos_means": {
      "2021H2-2022": 0.003485657674834894,
      "2023-2024": 0.006098023524636431
     },
     "tier_mean": {
      "bot": 0.00746456574351957,
      "mid": 0.008622998347483932,
      "top": 0.004710863828356957
     },
     "detected": false
    }
   ]
  },
  "m10000_d80bp": {
   "detection_rate": 0.85,
   "false_negative_rate": 0.15000000000000002,
   "gate_kill_first": {
    "G1": 3,
    "G2": 0,
    "G3": 0,
    "G4": 0,
    "G5": 0
   },
   "runs": [
    {
     "freq_m": 10000,
     "delta_bp": 80,
     "seed": 0,
     "n_treated": 10000,
     "ev_mean": 0.008382492700941458,
     "net60": 0.0023824927009414576,
     "pos_halves": 3,
     "half_means": {
      "2025-H1": 0.007298318409955136,
      "2025-H2": 0.019020847408130547,
      "2026-H1": -0.006359161385109626,
      "2026-H2": 0.02550665891600127
     },
     "n_tickers": 548,
     "g1": false,
     "g2": true,
     "g3": false,
     "g4": true,
     "g5": true,
     "fm_beta": NaN,
     "fm_t": NaN,
     "day_weighted_mean": 0.010352174453243103,
     "oos_means": {
      "2021H2-2022": 0.005412691301120492,
      "2023-2024": 0.007479051092063238
     },
     "tier_mean": {
      "bot": 0.012112994665372297,
      "mid": 0.005231414747370252,
      "top": 0.00783774797544326
     },
     "detected": false
    },
    {
     "freq_m": 10000,
     "delta_bp": 80,
     "seed": 1,
     "n_treated": 10000,
     "ev_mean": 0.011345573903718115,
     "net60": 0.005345573903718115,
     "pos_halves": 3,
     "half_means": {
      "2025-H1": 0.011423429072761712,
      "2025-H2": 0.021779394225685332,
      "2026-H1": -0.002853088962820787,
      "2026-H2": 0.022558307877345286
     },
     "n_tickers": 544,
     "g1": true,
     "g2": true,
     "g3": true,
     "g4": true,
     "g5": true,
     "fm_beta": 0.009492303567334543,
     "fm_t": 9.632609111543715,
     "day_weighted_mean": 0.012574456649323032,
     "oos_means": {
      "2021H2-2022": 0.0052920834930132755,
      "2023-2024": 0.007574359667430928
     },
     "tier_mean": {
      "bot": 0.01387573048938417,
      "mid": 0.009661262916680463,
      "top": 0.010536707855676682
     },
     "detected": true
    },
    {
     "freq_m": 10000,
     "delta_bp": 80,
     "seed": 2,
     "n_treated": 10000,
     "ev_mean": 0.00869411719353447,
     "net60": 0.002694117193534469,
     "pos_halves": 3,
     "half_means": {
      "2025-H1": 0.008288994743427196,
      "2025-H2": 0.018637056327810875,
      "2026-H1": -0.0052534046630981915,
      "2026-H2": 0.0216915669747816
     },
     "n_tickers": 539,
     "g1": false,
     "g2": true,
     "g3": false,
     "g4": true,
     "g5": true,
     "fm_beta": NaN,
     "fm_t": NaN,
     "day_weighted_mean": 0.009619517633286702,
     "oos_means": {
      "2021H2-2022": 0.006221445243849014,
      "2023-2024": 0.008292538081018302
     },
     "tier_mean": {
      "bot": 0.011500986923490521,
      "mid": 0.005163101218828591,
      "top": 0.009417162034115287
     },
     "detected": false
    },
    {
     "freq_m": 10000,
     "delta_bp": 80,
     "seed": 3,
     "n_treated": 10000,
     "ev_mean": 0.0101285801767508,
     "net60": 0.0041285801767507995,
     "pos_halves": 3,
     "half_means": {
      "2025-H1": 0.01157257378079514,
      "2025-H2": 0.01846811494203002,
      "2026-H1": -0.0041351931643850565,
      "2026-H2": 0.025407327388652076
     },
     "n_tickers": 548,
     "g1": true,
     "g2": true,
     "g3": true,
     "g4": true,
     "g5": true,
     "fm_beta": 0.0076155755978069405,
     "fm_t": 7.773795814389532,
     "day_weighted_mean": 0.010167578041100342,
     "oos_means": {
      "2021H2-2022": 0.007078295979781902,
      "2023-2024": 0.007950202170980109
     },
     "tier_mean": {
      "bot": 0.01378208218837154,
      "mid": 0.007929819741751366,
      "top": 0.008766045695543402
     },
     "detected": true
    },
    {
     "freq_m": 10000,
     "delta_bp": 80,
     "seed": 4,
     "n_treated": 10000,
     "ev_mean": 0.009776331168097603,
     "net60": 0.0037763311680976026,
     "pos_halves": 3,
     "half_means": {
      "2025-H1": 0.010912370265795859,
      "2025-H2": 0.020315774829178013,
      "2026-H1": -0.005913811659766367,
      "2026-H2": 0.023980176129433744
     },
     "n_tickers": 541,
     "g1": true,
     "g2": true,
     "g3": true,
     "g4": true,
     "g5": true,
     "fm_beta": 0.007169438218171913,
     "fm_t": 8.106975422325666,
     "day_weighted_mean": 0.01062835677984043,
     "oos_means": {
      "2021H2-2022": 0.005914155984516251,
      "2023-2024": 0.007573249389496561
     },
     "tier_mean": {
      "bot": 0.013815341657408532,
      "mid": 0.005459789309545227,
      "top": 0.010226564914019892
     },
     "detected": true
    },
    {
     "freq_m": 10000,
     "delta_bp": 80,
     "seed": 5,
     "n_treated": 10000,
     "ev_mean": 0.010331222034697569,
     "net60": 0.004331222034697569,
     "pos_halves": 3,
     "half_means": {
      "2025-H1": 0.010664596398259995,
      "2025-H2": 0.021741539599996102,
      "2026-H1": -0.005319110342443707,
      "2026-H2": 0.022289161290022216
     },
     "n_tickers": 545,
     "g1": true,
     "g2": true,
     "g3": true,
     "g4": true,
     "g5": true,
     "fm_beta": 0.0081638075405797,
     "fm_t": 8.797075408360035,
     "day_weighted_mean": 0.011106956697415672,
     "oos_means": {
      "2021H2-2022": 0.005814024438519143,
      "2023-2024": 0.008024739223354121
     },
     "tier_mean": {
      "bot": 0.013836215255147298,
      "mid": 0.008742123316030357,
      "top": 0.008528611339934085
     },
     "detected": true
    },
    {
     "freq_m": 10000,
     "delta_bp": 80,
     "seed": 6,
     "n_treated": 10000,
     "ev_mean": 0.010124968223326078,
     "net60": 0.004124968223326078,
     "pos_halves": 3,
     "half_means": {
      "2025-H1": 0.01347952828193709,
      "2025-H2": 0.01816492265542918,
      "2026-H1": -0.002900675573190194,
      "2026-H2": 0.01992870821922065
     },
     "n_tickers": 542,
     "g1": true,
     "g2": true,
     "g3": true,
     "g4": true,
     "g5": true,
     "fm_beta": 0.007715380139614803,
     "fm_t": 8.282835703032987,
     "day_weighted_mean": 0.010537198518794103,
     "oos_means": {
      "2021H2-2022": 0.006976837767275623,
      "2023-2024": 0.006101591743181489
     },
     "tier_mean": {
      "bot": 0.0152014174212226,
      "mid": 0.010040877858832264,
      "top": 0.005432263016834166
     },
     "detected": true
    },
    {
     "freq_m": 10000,
     "delta_bp": 80,
     "seed": 7,
     "n_treated": 10000,
     "ev_mean": 0.01205981837119991,
     "net60": 0.006059818371199909,
     "pos_halves": 3,
     "half_means": {
      "2025-H1": 0.012714617595061177,
      "2025-H2": 0.020952889153386806,
      "2026-H1": -0.0015261215600615617,
      "2026-H2": 0.025190419756556396
     },
     "n_tickers": 539,
     "g1": true,
     "g2": true,
     "g3": true,
     "g4": true,
     "g5": true,
     "fm_beta": 0.00908042326363793,
     "fm_t": 9.218813202516234,
     "day_weighted_mean": 0.012268486869530174,
     "oos_means": {
      "2021H2-2022": 0.007009434520753137,
      "2023-2024": 0.008823381355813288
     },
     "tier_mean": {
      "bot": 0.016739274183296748,
      "mid": 0.00900764193370162,
      "top": 0.010579607295081919
     },
     "detected": true
    },
    {
     "freq_m": 10000,
     "delta_bp": 80,
     "seed": 8,
     "n_treated": 10000,
     "ev_mean": 0.009902741301754238,
     "net60": 0.0039027413017542374,
     "pos_halves": 3,
     "half_means": {
      "2025-H1": 0.012270370770463038,
      "2025-H2": 0.02267926079336326,
      "2026-H1": -0.0057228701307346546,
      "2026-H2": 0.016112661575283963
     },
     "n_tickers": 547,
     "g1": true,
     "g2": true,
     "g3": true,
     "g4": true,
     "g5": true,
     "fm_beta": 0.008162357560460638,
     "fm_t": 8.439537436273188,
     "day_weighted_mean": 0.011183879880836974,
     "oos_means": {
      "2021H2-2022": 0.006152318423910029,
      "2023-2024": 0.006729701701027609
     },
     "tier_mean": {
      "bot": 0.011341262454005494,
      "mid": 0.007350900744687233,
      "top": 0.011048393561380673
     },
     "detected": true
    },
    {
     "freq_m": 10000,
     "delta_bp": 80,
     "seed": 9,
     "n_treated": 10000,
     "ev_mean": 0.009324405723094458,
     "net60": 0.0033244057230944583,
     "pos_halves": 3,
     "half_means": {
      "2025-H1": 0.006177368020027316,
      "2025-H2": 0.020896730163802443,
      "2026-H1": -0.0058212767758823785,
      "2026-H2": 0.025494070696666527
     },
     "n_tickers": 542,
     "g1": true,
     "g2": true,
     "g3": true,
     "g4": true,
     "g5": true,
     "fm_beta": 0.007449076244719784,
     "fm_t": 8.30781600173754,
     "day_weighted_mean": 0.01098474784345255,
     "oos_means": {
      "2021H2-2022": 0.006401379897414272,
      "2023-2024": 0.006858120461441372
     },
     "tier_mean": {
      "bot": 0.012699550998185696,
      "mid": 0.006245202606884513,
      "top": 0.009167578226948041
     },
     "detected": true
    },
    {
     "freq_m": 10000,
     "delta_bp": 80,
     "seed": 10,
     "n_treated": 10000,
     "ev_mean": 0.010586128569790848,
     "net60": 0.004586128569790848,
     "pos_halves": 3,
     "half_means": {
      "2025-H1": 0.011679740703486235,
      "2025-H2": 0.019453645959028855,
      "2026-H1": -0.003134570312036072,
      "2026-H2": 0.02359068058163946
     },
     "n_tickers": 547,
     "g1": true,
     "g2": true,
     "g3": true,
     "g4": true,
     "g5": true,
     "fm_beta": 0.007250109135581017,
     "fm_t": 7.482926556505501,
     "day_weighted_mean": 0.01062771676558966,
     "oos_means": {
      "2021H2-2022": 0.007608845313065013,
      "2023-2024": 0.007676019458590388
     },
     "tier_mean": {
      "bot": 0.013612835011839713,
      "mid": 0.007410879223968115,
      "top": 0.010895168700181234
     },
     "detected": true
    },
    {
     "freq_m": 10000,
     "delta_bp": 80,
     "seed": 11,
     "n_treated": 10000,
     "ev_mean": 0.008738237160589555,
     "net60": 0.002738237160589555,
     "pos_halves": 3,
     "half_means": {
      "2025-H1": 0.012006062597336983,
      "2025-H2": 0.018798743976071147,
      "2026-H1": -0.007170045745233269,
      "2026-H2": 0.022275780196498483
     },
     "n_tickers": 543,
     "g1": false,
     "g2": true,
     "g3": false,
     "g4": true,
     "g5": true,
     "fm_beta": NaN,
     "fm_t": NaN,
     "day_weighted_mean": 0.008899532764711424,
     "oos_means": {
      "2021H2-2022": 0.006727995262717909,
      "2023-2024": 0.0064258378383636365
     },
     "tier_mean": {
      "bot": 0.010716324228074534,
      "mid": 0.007568602825676852,
      "top": 0.007950572822703412
     },
     "detected": false
    },
    {
     "freq_m": 10000,
     "delta_bp": 80,
     "seed": 12,
     "n_treated": 10000,
     "ev_mean": 0.010456950352180227,
     "net60": 0.004456950352180227,
     "pos_halves": 3,
     "half_means": {
      "2025-H1": 0.011639549936391273,
      "2025-H2": 0.01868653559306597,
      "2026-H1": -0.004150418482943135,
      "2026-H2": 0.028040088031209852
     },
     "n_tickers": 544,
     "g1": true,
     "g2": true,
     "g3": true,
     "g4": true,
     "g5": true,
     "fm_beta": 0.008331770130599356,
     "fm_t": 8.697986782811508,
     "day_weighted_mean": 0.011476000986019964,
     "oos_means": {
      "2021H2-2022": 0.00514460900610876,
      "2023-2024": 0.00767072396022242
     },
     "tier_mean": {
      "bot": 0.012726600102572289,
      "mid": 0.010165369348293572,
      "top": 0.008556239821917536
     },
     "detected": true
    },
    {
     "freq_m": 10000,
     "delta_bp": 80,
     "seed": 13,
     "n_treated": 10000,
     "ev_mean": 0.010492696647059799,
     "net60": 0.004492696647059799,
     "pos_halves": 3,
     "half_means": {
      "2025-H1": 0.011598258205187471,
      "2025-H2": 0.0210433132522939,
      "2026-H1": -0.0049299269910472,
      "2026-H2": 0.02438577871923712
     },
     "n_tickers": 541,
     "g1": true,
     "g2": true,
     "g3": true,
     "g4": true,
     "g5": true,
     "fm_beta": 0.008903259134728508,
     "fm_t": 9.286649191128944,
     "day_weighted_mean": 0.01180737471268853,
     "oos_means": {
      "2021H2-2022": 0.007122349824940457,
      "2023-2024": 0.007942063232453356
     },
     "tier_mean": {
      "bot": 0.012154708315617773,
      "mid": 0.006486686295735431,
      "top": 0.01289625856439465
     },
     "detected": true
    },
    {
     "freq_m": 10000,
     "delta_bp": 80,
     "seed": 14,
     "n_treated": 10000,
     "ev_mean": 0.01064931509168482,
     "net60": 0.0046493150916848205,
     "pos_halves": 3,
     "half_means": {
      "2025-H1": 0.010509303739142866,
      "2025-H2": 0.02311165430371685,
      "2026-H1": -0.005009272024288396,
      "2026-H2": 0.022878896779800234
     },
     "n_tickers": 544,
     "g1": true,
     "g2": true,
     "g3": true,
     "g4": true,
     "g5": true,
     "fm_beta": 0.00848865138609466,
     "fm_t": 8.831635459624732,
     "day_weighted_mean": 0.011613381412788445,
     "oos_means": {
      "2021H2-2022": 0.007012085999581972,
      "2023-2024": 0.006569172630942646
     },
     "tier_mean": {
      "bot": 0.013269427083295768,
      "mid": 0.0076264629837129,
      "top": 0.011152862396977546
     },
     "detected": true
    },
    {
     "freq_m": 10000,
     "delta_bp": 80,
     "seed": 15,
     "n_treated": 10000,
     "ev_mean": 0.010748292732323037,
     "net60": 0.004748292732323037,
     "pos_halves": 3,
     "half_means": {
      "2025-H1": 0.010472167834573151,
      "2025-H2": 0.02181045002098012,
      "2026-H1": -0.004288536623086234,
      "2026-H2": 0.023097508815810557
     },
     "n_tickers": 542,
     "g1": true,
     "g2": true,
     "g3": true,
     "g4": true,
     "g5": true,
     "fm_beta": 0.007772163646455948,
     "fm_t": 7.983744991949132,
     "day_weighted_mean": 0.010756512906318265,
     "oos_means": {
      "2021H2-2022": 0.0065351674956597725,
      "2023-2024": 0.006459524423969378
     },
     "tier_mean": {
      "bot": 0.013808587343906574,
      "mid": 0.0068141375897812885,
      "top": 0.011687045837149147
     },
     "detected": true
    },
    {
     "freq_m": 10000,
     "delta_bp": 80,
     "seed": 16,
     "n_treated": 10000,
     "ev_mean": 0.009245186671739253,
     "net60": 0.0032451866717392534,
     "pos_halves": 3,
     "half_means": {
      "2025-H1": 0.012862406968068323,
      "2025-H2": 0.021078757300347997,
      "2026-H1": -0.008662731964295872,
      "2026-H2": 0.02168131423311402
     },
     "n_tickers": 536,
     "g1": true,
     "g2": true,
     "g3": true,
     "g4": true,
     "g5": true,
     "fm_beta": 0.007894922452625512,
     "fm_t": 7.987015180941334,
     "day_weighted_mean": 0.010895593352726284,
     "oos_means": {
      "2021H2-2022": 0.0069152252344503425,
      "2023-2024": 0.00809453270372302
     },
     "tier_mean": {
      "bot": 0.011862530458539926,
      "mid": 0.007543016004855868,
      "top": 0.008364374070872382
     },
     "detected": true
    },
    {
     "freq_m": 10000,
     "delta_bp": 80,
     "seed": 17,
     "n_treated": 10000,
     "ev_mean": 0.010246473351702095,
     "net60": 0.004246473351702095,
     "pos_halves": 3,
     "half_means": {
      "2025-H1": 0.009583958746161343,
      "2025-H2": 0.018973882514173635,
      "2026-H1": -0.0019344867710796275,
      "2026-H2": 0.023575826963777434
     },
     "n_tickers": 543,
     "g1": true,
     "g2": true,
     "g3": true,
     "g4": true,
     "g5": true,
     "fm_beta": 0.008110074604135679,
     "fm_t": 7.454540277875353,
     "day_weighted_mean": 0.01130183416784188,
     "oos_means": {
      "2021H2-2022": 0.006636308504491036,
      "2023-2024": 0.007277939182351892
     },
     "tier_mean": {
      "bot": 0.01308245646271837,
      "mid": 0.009279553144667288,
      "top": 0.00854981334682275
     },
     "detected": true
    },
    {
     "freq_m": 10000,
     "delta_bp": 80,
     "seed": 18,
     "n_treated": 10000,
     "ev_mean": 0.009674115219618558,
     "net60": 0.003674115219618558,
     "pos_halves": 3,
     "half_means": {
      "2025-H1": 0.010154328254526291,
      "2025-H2": 0.019199782740557024,
      "2026-H1": -0.004319089649135417,
      "2026-H2": 0.023191967770423164
     },
     "n_tickers": 542,
     "g1": true,
     "g2": true,
     "g3": true,
     "g4": true,
     "g5": true,
     "fm_beta": 0.007584265887957711,
     "fm_t": 8.25518874885797,
     "day_weighted_mean": 0.010558923321137184,
     "oos_means": {
      "2021H2-2022": 0.0058822659900038925,
      "2023-2024": 0.005493248343264388
     },
     "tier_mean": {
      "bot": 0.012605368610729046,
      "mid": 0.009057555282680367,
      "top": 0.0073843494179971205
     },
     "detected": true
    },
    {
     "freq_m": 10000,
     "delta_bp": 80,
     "seed": 19,
     "n_treated": 10000,
     "ev_mean": 0.010145464622863157,
     "net60": 0.004145464622863157,
     "pos_halves": 3,
     "half_means": {
      "2025-H1": 0.00960921184965081,
      "2025-H2": 0.02270477100983465,
      "2026-H1": -0.005304446488098353,
      "2026-H2": 0.020229276710650345
     },
     "n_tickers": 545,
     "g1": true,
     "g2": true,
     "g3": true,
     "g4": true,
     "g5": true,
     "fm_beta": 0.00811641541000707,
     "fm_t": 8.06922018394652,
     "day_weighted_mean": 0.010282385891164869,
     "oos_means": {
      "2021H2-2022": 0.006010776802515105,
      "2023-2024": 0.007261858072039428
     },
     "tier_mean": {
      "bot": 0.014672910891256255,
      "mid": 0.007361720481804888,
      "top": 0.008531407853789657
     },
     "detected": true
    }
   ]
  },
  "m10000_d150bp": {
   "detection_rate": 1.0,
   "false_negative_rate": 0.0,
   "gate_kill_first": {
    "G1": 0,
    "G2": 0,
    "G3": 0,
    "G4": 0,
    "G5": 0
   },
   "runs": [
    {
     "freq_m": 10000,
     "delta_bp": 150,
     "seed": 0,
     "n_treated": 10000,
     "ev_mean": 0.01798798874175806,
     "net60": 0.011987988741758061,
     "pos_halves": 4,
     "half_means": {
      "2025-H1": 0.01997920948078017,
      "2025-H2": 0.02831485394422584,
      "2026-H1": 0.0024576414352806774,
      "2026-H2": 0.03160272318646847
     },
     "n_tickers": 547,
     "g1": true,
     "g2": true,
     "g3": true,
     "g4": true,
     "g5": true,
     "fm_beta": 0.016824947103824577,
     "fm_t": 17.183688637286856,
     "day_weighted_mean": 0.01929095116408624,
     "oos_means": {
      "2021H2-2022": 0.012795378152416718,
      "2023-2024": 0.014134503389907958
     },
     "tier_mean": {
      "bot": 0.022019026942329004,
      "mid": 0.014838668621226401,
      "top": 0.017247165297406615
     },
     "detected": true
    },
    {
     "freq_m": 10000,
     "delta_bp": 150,
     "seed": 1,
     "n_treated": 10000,
     "ev_mean": 0.017396106189925507,
     "net60": 0.011396106189925507,
     "pos_halves": 4,
     "half_means": {
      "2025-H1": 0.02047370927705634,
      "2025-H2": 0.02481447123669513,
      "2026-H1": 0.0034346794344202155,
      "2026-H2": 0.033056470323248724
     },
     "n_tickers": 545,
     "g1": true,
     "g2": true,
     "g3": true,
     "g4": true,
     "g5": true,
     "fm_beta": 0.014731543400920172,
     "fm_t": 15.076243363437051,
     "day_weighted_mean": 0.017388597472280408,
     "oos_means": {
      "2021H2-2022": 0.012835515719027885,
      "2023-2024": 0.014486454868788665
     },
     "tier_mean": {
      "bot": 0.02121792085049593,
      "mid": 0.01604201356604082,
      "top": 0.014923513514864596
     },
     "detected": true
    },
    {
     "freq_m": 10000,
     "delta_bp": 150,
     "seed": 2,
     "n_treated": 10000,
     "ev_mean": 0.016506377269173946,
     "net60": 0.010506377269173946,
     "pos_halves": 4,
     "half_means": {
      "2025-H1": 0.018184908523831585,
      "2025-H2": 0.028296437472635688,
      "2026-H1": 0.0012170705237335496,
      "2026-H2": 0.02610471539721779
     },
     "n_tickers": 542,
     "g1": true,
     "g2": true,
     "g3": true,
     "g4": true,
     "g5": true,
     "fm_beta": 0.014635436569597388,
     "fm_t": 14.69507446747532,
     "day_weighted_mean": 0.017692655438198687,
     "oos_means": {
      "2021H2-2022": 0.013586080216891783,
      "2023-2024": 0.013455847246666486
     },
     "tier_mean": {
      "bot": 0.02156219392898891,
      "mid": 0.012186648779257786,
      "top": 0.016071392332568938
     },
     "detected": true
    },
    {
     "freq_m": 10000,
     "delta_bp": 150,
     "seed": 3,
     "n_treated": 10000,
     "ev_mean": 0.017626469935465072,
     "net60": 0.011626469935465072,
     "pos_halves": 4,
     "half_means": {
      "2025-H1": 0.016319084930929567,
      "2025-H2": 0.027174397756281724,
      "2026-H1": 0.00409573040652706,
      "2026-H2": 0.03202972590616824
     },
     "n_tickers": 542,
     "g1": true,
     "g2": true,
     "g3": true,
     "g4": true,
     "g5": true,
     "fm_beta": 0.01477050952334907,
     "fm_t": 15.078986184480438,
     "day_weighted_mean": 0.01858902140428984,
     "oos_means": {
      "2021H2-2022": 0.013488128305234342,
      "2023-2024": 0.01556776275362995
     },
     "tier_mean": {
      "bot": 0.019981341294382095,
      "mid": 0.015973161632382705,
      "top": 0.016910344538852717
     },
     "detected": true
    },
    {
     "freq_m": 10000,
     "delta_bp": 150,
     "seed": 4,
     "n_treated": 10000,
     "ev_mean": 0.016377830570727628,
     "net60": 0.010377830570727628,
     "pos_halves": 4,
     "half_means": {
      "2025-H1": 0.015166853841043612,
      "2025-H2": 0.02827312199683137,
      "2026-H1": 0.0014085129940611893,
      "2026-H2": 0.0288989073060048
     },
     "n_tickers": 543,
     "g1": true,
     "g2": true,
     "g3": true,
     "g4": true,
     "g5": true,
     "fm_beta": 0.014597387184580842,
     "fm_t": 16.33454635518716,
     "day_weighted_mean": 0.018890681356401543,
     "oos_means": {
      "2021H2-2022": 0.013327442464654709,
      "2023-2024": 0.013870852979226262
     },
     "tier_mean": {
      "bot": 0.02129495312462607,
      "mid": 0.014241226494555488,
      "top": 0.013634870363323082
     },
     "detected": true
    },
    {
     "freq_m": 10000,
     "delta_bp": 150,
     "seed": 5,
     "n_treated": 10000,
     "ev_mean": 0.01573772719621103,
     "net60": 0.00973772719621103,
     "pos_halves": 4,
     "half_means": {
      "2025-H1": 0.018968656268801384,
      "2025-H2": 0.024416664060056555,
      "2026-H1": 0.0016058991171092865,
      "2026-H2": 0.027613837501480876
     },
     "n_tickers": 537,
     "g1": true,
     "g2": true,
     "g3": true,
     "g4": true,
     "g5": true,
     "fm_beta": 0.013840888981813487,
     "fm_t": 15.56507685378942,
     "day_weighted_mean": 0.018515227365400164,
     "oos_means": {
      "2021H2-2022": 0.013514398590985697,
      "2023-2024": 0.014440173941088716
     },
     "tier_mean": {
      "bot": 0.018478462808241163,
      "mid": 0.013808120328913737,
      "top": 0.014960180183885608
     },
     "detected": true
    },
    {
     "freq_m": 10000,
     "delta_bp": 150,
     "seed": 6,
     "n_treated": 10000,
     "ev_mean": 0.01712411974837565,
     "net60": 0.01112411974837565,
     "pos_halves": 4,
     "half_means": {
      "2025-H1": 0.017994668512946062,
      "2025-H2": 0.026121110757586385,
      "2026-H1": 0.002902319900245637,
      "2026-H2": 0.03135791061926539
     },
     "n_tickers": 543,
     "g1": true,
     "g2": true,
     "g3": true,
     "g4": true,
     "g5": true,
     "fm_beta": 0.015250100681797553,
     "fm_t": 14.24057336457572,
     "day_weighted_mean": 0.018550339931940496,
     "oos_means": {
      "2021H2-2022": 0.014321703199791617,
      "2023-2024": 0.014409207571384858
     },
     "tier_mean": {
      "bot": 0.01965273499249592,
      "mid": 0.014906637225423701,
      "top": 0.016884255896367203
     },
     "detected": true
    },
    {
     "freq_m": 10000,
     "delta_bp": 150,
     "seed": 7,
     "n_treated": 10000,
     "ev_mean": 0.018366636735781938,
     "net60": 0.012366636735781937,
     "pos_halves": 4,
     "half_means": {
      "2025-H1": 0.01847122658975395,
      "2025-H2": 0.027536023683037474,
      "2026-H1": 0.004851869074173717,
      "2026-H2": 0.031003488434016704
     },
     "n_tickers": 546,
     "g1": true,
     "g2": true,
     "g3": true,
     "g4": true,
     "g5": true,
     "fm_beta": 0.016363597486639212,
     "fm_t": 15.694078931290633,
     "day_weighted_mean": 0.019888542498694886,
     "oos_means": {
      "2021H2-2022": 0.013150490825454577,
      "2023-2024": 0.015549767826601547
     },
     "tier_mean": {
      "bot": 0.02221830948261398,
      "mid": 0.016136277181389252,
      "top": 0.0167684077791953
     },
     "detected": true
    },
    {
     "freq_m": 10000,
     "delta_bp": 150,
     "seed": 8,
     "n_treated": 10000,
     "ev_mean": 0.0184400296262089,
     "net60": 0.0124400296262089,
     "pos_halves": 4,
     "half_means": {
      "2025-H1": 0.01578345496762602,
      "2025-H2": 0.030382842518632547,
      "2026-H1": 0.004226256036547853,
      "2026-H2": 0.030716621224724436
     },
     "n_tickers": 549,
     "g1": true,
     "g2": true,
     "g3": true,
     "g4": true,
     "g5": true,
     "fm_beta": 0.015857053071427107,
     "fm_t": 16.59112534514476,
     "day_weighted_mean": 0.018687609196978275,
     "oos_means": {
      "2021H2-2022": 0.014879617034045806,
      "2023-2024": 0.013407184839651346
     },
     "tier_mean": {
      "bot": 0.02158174879167066,
      "mid": 0.01445811694497143,
      "top": 0.01933537856499354
     },
     "detected": true
    },
    {
     "freq_m": 10000,
     "delta_bp": 150,
     "seed": 9,
     "n_treated": 10000,
     "ev_mean": 0.016761754252478868,
     "net60": 0.010761754252478868,
     "pos_halves": 4,
     "half_means": {
      "2025-H1": 0.015061428461402567,
      "2025-H2": 0.028392734475769416,
      "2026-H1": 0.002544019210160764,
      "2026-H2": 0.02870162773049502
     },
     "n_tickers": 543,
     "g1": true,
     "g2": true,
     "g3": true,
     "g4": true,
     "g5": true,
     "fm_beta": 0.013956866075552401,
     "fm_t": 13.917757945331912,
     "day_weighted_mean": 0.017751282819634492,
     "oos_means": {
      "2021H2-2022": 0.012408321708832945,
      "2023-2024": 0.015185011901301795
     },
     "tier_mean": {
      "bot": 0.02243735713495844,
      "mid": 0.012444278812724556,
      "top": 0.01570171258677001
     },
     "detected": true
    },
    {
     "freq_m": 10000,
     "delta_bp": 150,
     "seed": 10,
     "n_treated": 10000,
     "ev_mean": 0.01600709185029325,
     "net60": 0.01000709185029325,
     "pos_halves": 4,
     "half_means": {
      "2025-H1": 0.014451999361621306,
      "2025-H2": 0.028092466512812626,
      "2026-H1": 0.0023332803048591922,
      "2026-H2": 0.025102302086616655
     },
     "n_tickers": 544,
     "g1": true,
     "g2": true,
     "g3": true,
     "g4": true,
     "g5": true,
     "fm_beta": 0.014490505962852427,
     "fm_t": 16.70769280794526,
     "day_weighted_mean": 0.016734819303086193,
     "oos_means": {
      "2021H2-2022": 0.014035150569205589,
      "2023-2024": 0.015492920218187156
     },
     "tier_mean": {
      "bot": 0.016216460909324,
      "mid": 0.016180856828001435,
      "top": 0.015618793188723033
     },
     "detected": true
    },
    {
     "freq_m": 10000,
     "delta_bp": 150,
     "seed": 11,
     "n_treated": 10000,
     "ev_mean": 0.017494275623914674,
     "net60": 0.011494275623914673,
     "pos_halves": 4,
     "half_means": {
      "2025-H1": 0.01781235996815115,
      "2025-H2": 0.02589092859127352,
      "2026-H1": 0.0036054863647917153,
      "2026-H2": 0.03318645940852044
     },
     "n_tickers": 539,
     "g1": true,
     "g2": true,
     "g3": true,
     "g4": true,
     "g5": true,
     "fm_beta": 0.015386252866743111,
     "fm_t": 17.173585337891275,
     "day_weighted_mean": 0.01870164134517111,
     "oos_means": {
      "2021H2-2022": 0.011984238884889262,
      "2023-2024": 0.01421247868388921
     },
     "tier_mean": {
      "bot": 0.020011299512118552,
      "mid": 0.01585157002884427,
      "top": 0.016698731465436465
     },
     "detected": true
    },
    {
     "freq_m": 10000,
     "delta_bp": 150,
     "seed": 12,
     "n_treated": 10000,
     "ev_mean": 0.01808002207966731,
     "net60": 0.012080022079667308,
     "pos_halves": 4,
     "half_means": {
      "2025-H1": 0.017358021769145592,
      "2025-H2": 0.028954356256471702,
      "2026-H1": 0.0038324048341338377,
      "2026-H2": 0.031334600298415935
     },
     "n_tickers": 541,
     "g1": true,
     "g2": true,
     "g3": true,
     "g4": true,
     "g5": true,
     "fm_beta": 0.015876350695169496,
     "fm_t": 16.276500819893123,
     "day_weighted_mean": 0.01871786309287058,
     "oos_means": {
      "2021H2-2022": 0.014793483253347527,
      "2023-2024": 0.01439165073453551
     },
     "tier_mean": {
      "bot": 0.019591328180047836,
      "mid": 0.016908543327102628,
      "top": 0.017801471126408175
     },
     "detected": true
    },
    {
     "freq_m": 10000,
     "delta_bp": 150,
     "seed": 13,
     "n_treated": 10000,
     "ev_mean": 0.017336974971397745,
     "net60": 0.011336974971397745,
     "pos_halves": 4,
     "half_means": {
      "2025-H1": 0.01675836921922947,
      "2025-H2": 0.026896280538848245,
      "2026-H1": 0.0036961868602157985,
      "2026-H2": 0.03179817908154939
     },
     "n_tickers": 543,
     "g1": true,
     "g2": true,
     "g3": true,
     "g4": true,
     "g5": true,
     "fm_beta": 0.014699668302489968,
     "fm_t": 14.133938419338149,
     "day_weighted_mean": 0.017868600154171917,
     "oos_means": {
      "2021H2-2022": 0.012397658020693952,
      "2023-2024": 0.015564006042724685
     },
     "tier_mean": {
      "bot": 0.02182777980714634,
      "mid": 0.013787140831358837,
      "top": 0.016475789423287555
     },
     "detected": true
    },
    {
     "freq_m": 10000,
     "delta_bp": 150,
     "seed": 14,
     "n_treated": 10000,
     "ev_mean": 0.01690639567205314,
     "net60": 0.01090639567205314,
     "pos_halves": 4,
     "half_means": {
      "2025-H1": 0.018914942449880366,
      "2025-H2": 0.025629611938001413,
      "2026-H1": 0.0018489661149636064,
      "2026-H2": 0.0320244747915234
     },
     "n_tickers": 543,
     "g1": true,
     "g2": true,
     "g3": true,
     "g4": true,
     "g5": true,
     "fm_beta": 0.014408275332796124,
     "fm_t": 14.834598952967966,
     "day_weighted_mean": 0.017563475486662188,
     "oos_means": {
      "2021H2-2022": 0.012110929588558337,
      "2023-2024": 0.014358113476533704
     },
     "tier_mean": {
      "bot": 0.018331841441793704,
      "mid": 0.015981652322841024,
      "top": 0.01644345108939181
     },
     "detected": true
    },
    {
     "freq_m": 10000,
     "delta_bp": 150,
     "seed": 15,
     "n_treated": 10000,
     "ev_mean": 0.01584897287772818,
     "net60": 0.009848972877728181,
     "pos_halves": 4,
     "half_means": {
      "2025-H1": 0.014601643925173508,
      "2025-H2": 0.025425041712395458,
      "2026-H1": 0.002085834104714467,
      "2026-H2": 0.03041838737625951
     },
     "n_tickers": 541,
     "g1": true,
     "g2": true,
     "g3": true,
     "g4": true,
     "g5": true,
     "fm_beta": 0.01319050020419721,
     "fm_t": 13.59257194486908,
     "day_weighted_mean": 0.016325853610555677,
     "oos_means": {
      "2021H2-2022": 0.012127059941429067,
      "2023-2024": 0.01633226206587713
     },
     "tier_mean": {
      "bot": 0.019980053321867596,
      "mid": 0.013676273844752099,
      "top": 0.013951931087562831
     },
     "detected": true
    },
    {
     "freq_m": 10000,
     "delta_bp": 150,
     "seed": 16,
     "n_treated": 10000,
     "ev_mean": 0.017944061661651647,
     "net60": 0.011944061661651647,
     "pos_halves": 4,
     "half_means": {
      "2025-H1": 0.019568653866559232,
      "2025-H2": 0.0271867074186528,
      "2026-H1": 0.004677879424203294,
      "2026-H2": 0.02884397809833145
     },
     "n_tickers": 544,
     "g1": true,
     "g2": true,
     "g3": true,
     "g4": true,
     "g5": true,
     "fm_beta": 0.015357255025020814,
     "fm_t": 15.586284685782847,
     "day_weighted_mean": 0.017849775309356396,
     "oos_means": {
      "2021H2-2022": 0.013546366716948843,
      "2023-2024": 0.01601138181805752
     },
     "tier_mean": {
      "bot": 0.020156993467057877,
      "mid": 0.01760545574740166,
      "top": 0.016110351698585018
     },
     "detected": true
    },
    {
     "freq_m": 10000,
     "delta_bp": 150,
     "seed": 17,
     "n_treated": 10000,
     "ev_mean": 0.01775460490864728,
     "net60": 0.011754604908647279,
     "pos_halves": 4,
     "half_means": {
      "2025-H1": 0.01878876819916314,
      "2025-H2": 0.027138329864709834,
      "2026-H1": 0.0041083074835481,
      "2026-H2": 0.029387237348229137
     },
     "n_tickers": 534,
     "g1": true,
     "g2": true,
     "g3": true,
     "g4": true,
     "g5": true,
     "fm_beta": 0.015521068217633025,
     "fm_t": 17.305899082976065,
     "day_weighted_mean": 0.01923399628167372,
     "oos_means": {
      "2021H2-2022": 0.014116878836090672,
      "2023-2024": 0.014034229015574667
     },
     "tier_mean": {
      "bot": 0.018956486370611855,
      "mid": 0.016534188405139698,
      "top": 0.01784826690210762
     },
     "detected": true
    },
    {
     "freq_m": 10000,
     "delta_bp": 150,
     "seed": 18,
     "n_treated": 10000,
     "ev_mean": 0.017640120650386806,
     "net60": 0.011640120650386806,
     "pos_halves": 4,
     "half_means": {
      "2025-H1": 0.01701489853350462,
      "2025-H2": 0.02838417680952512,
      "2026-H1": 0.0030115469001646823,
      "2026-H2": 0.032249981260684214
     },
     "n_tickers": 544,
     "g1": true,
     "g2": true,
     "g3": true,
     "g4": true,
     "g5": true,
     "fm_beta": 0.016147774687980718,
     "fm_t": 16.630314624138485,
     "day_weighted_mean": 0.018970715725520827,
     "oos_means": {
      "2021H2-2022": 0.012119581163425139,
      "2023-2024": 0.01471128621928163
     },
     "tier_mean": {
      "bot": 0.02275427390693006,
      "mid": 0.012152225514479139,
      "top": 0.018020567782943236
     },
     "detected": true
    },
    {
     "freq_m": 10000,
     "delta_bp": 150,
     "seed": 19,
     "n_treated": 10000,
     "ev_mean": 0.0164697195853708,
     "net60": 0.010469719585370801,
     "pos_halves": 4,
     "half_means": {
      "2025-H1": 0.01929506633432337,
      "2025-H2": 0.026703435167428177,
      "2026-H1": 0.001666085480939771,
      "2026-H2": 0.02674610446741102
     },
     "n_tickers": 544,
     "g1": true,
     "g2": true,
     "g3": true,
     "g4": true,
     "g5": true,
     "fm_beta": 0.01455923678895877,
     "fm_t": 14.864524299875951,
     "day_weighted_mean": 0.01793967317086799,
     "oos_means": {
      "2021H2-2022": 0.013953234673864863,
      "2023-2024": 0.01556535597452499
     },
     "tier_mean": {
      "bot": 0.020459656183756676,
      "mid": 0.015593012027495254,
      "top": 0.013544776752318757
     },
     "detected": true
    }
   ]
  }
 },
 "mde": {
  "600": ">150bp",
  "2500": "80bp (or between 50 and 80bp)",
  "10000": "80bp (or between 50 and 80bp)"
 },
 "oos_base": {
  "2021H2-2022": {
   "base_mean": null
  },
  "2023-2024": {
   "base_mean": null
  }
 }
}
===JSON_END===
(results printed to stdout; captured by shell redirection)
